﻿<?xml version="1.0" encoding="UTF-8" ?>

<mg:report version="1.0" xmlns:mg="http://www.araxis.com/2002/Merge/Reporting" type="FileComparison">
<mg:metaData>
  <mg:title>Araxis Merge File Comparison Report</mg:title>
  <mg:id show="true">1057</mg:id>
  <mg:date>2019/4/19 20:25:40</mg:date>
<mg:options>
<mg:option name="clIgnoreDifferencesInWhitespaceAtTheStartOfLines">0</mg:option>
<mg:option name="clIgnoreDifferencesInWhitespaceAtTheEndOfLines">0</mg:option>
<mg:option name="clTreatConsecutiveWhitespaceAsASingleSpace">1</mg:option>
<mg:option name="clIgnoreAllDifferencesInWhitespace">0</mg:option>
<mg:option name="clWhitespaceSignificant">0</mg:option>
<mg:option name="clIgnoreCase">0</mg:option>
<mg:option name="clIgnoreLineEndings">1</mg:option>
<mg:option name="clHideCRLF">1</mg:option>
<mg:option name="clShowLineNums">1</mg:option>
<mg:option name="clShowOmittedLinesRow">0</mg:option>

<mg:regexps>
<mg:regexp enabled="false">
<mg:expression>^[ \t]*$</mg:expression>
<mg:description>Blank lines</mg:description>
</mg:regexp>
<mg:regexp enabled="false">
<mg:expression>[ \t]*//[^&quot;]*$</mg:expression>
<mg:description>C++ comments</mg:description>
</mg:regexp>
<mg:regexp enabled="false">
<mg:expression>^[ \t]*//.*\$(Date|Archive|Author|Header|JustDate|Modtime|Revision|Workfile):.*\$.*$</mg:expression>
<mg:description>SourceSafe comments</mg:description>
</mg:regexp>
<mg:regexp enabled="false">
<mg:expression>^[ \t]*//(:(Header|Source):|.*Generated.*Genitor).*\$</mg:expression>
<mg:description>Genitor comments</mg:description>
</mg:regexp>
<mg:regexp enabled="false">
<mg:expression>\$(Archive|Author|Date|Header|JustDate|Logfile|Modtime|Revision|Workfile):[^$]*\$</mg:expression>
<mg:description>SourceSafe keywords</mg:description>
</mg:regexp>
<mg:regexp enabled="false">
<mg:expression>^[ \t]*'.*$</mg:expression>
<mg:description>Visual Basic comments</mg:description>
</mg:regexp>
<mg:regexp enabled="false">
<mg:expression>\$(Author|Date|Header|Id|Locker|Name|RCSfile|Revision|Source|State):[^$]*\$</mg:expression>
<mg:description>CVS comments</mg:description>
</mg:regexp>
<mg:regexp enabled="false">
<mg:expression>\$(ACident|ACheader|AClog|ACpart|ACversion|Author|Date|Header|Line|Locker|Log|Revision|Smsfile|Smspath|Today|Vcfile|Vcpath|Workfile):?[^$]*\$</mg:expression>
<mg:description>AllChange keywords</mg:description>
</mg:regexp>
<mg:regexp enabled="false">
<mg:expression></mg:expression>
<mg:description></mg:description>
</mg:regexp>
<mg:regexp enabled="false">
<mg:expression></mg:expression>
<mg:description></mg:description>
</mg:regexp>
</mg:regexps>
</mg:options>
<mg:fileDetails file="1">
  <mg:name>PLCrashReportBinaryImageInfo.h</mg:name>
  <mg:title></mg:title>
  <mg:location>E:\MA75\Branch_20190409\Prototypes\Sky\Sky\iphoneos\Netease\CrashHunter\CrashReporter.framework\Versions\A\Headers</mg:location>
  <mg:lastModified>Fri Apr 19 11:01:59 2019 UTC</mg:lastModified>
</mg:fileDetails>
<mg:fileDetails file="2">
  <mg:name></mg:name>
  <mg:title></mg:title>
  <mg:location></mg:location>
  <mg:lastModified>Fri Apr 19 12:25:40 2019 UTC</mg:lastModified>
</mg:fileDetails>
<mg:fileDetails file="3">
  <mg:name></mg:name>
  <mg:title></mg:title>
  <mg:location></mg:location>
  <mg:lastModified>Fri Apr 19 12:25:40 2019 UTC</mg:lastModified>
</mg:fileDetails>
<mg:changeSummaries>
  <mg:changeSummary files="1,2">
	  <mg:changeCount type="unchanged" blocks1="0" blocks2="0" blocks="0" lines1="0" lines2="0" lines="0" />
	  <mg:changeCount type="removed" blocks1="1" blocks2="0" blocks="1" lines1="90" lines2="0" lines="90" />
	  <mg:changeCount type="inserted" blocks1="0" blocks2="0" blocks="0" lines1="0" lines2="0" lines="0" />
	  <mg:changeCount type="changed" blocks1="0" blocks2="0" blocks="0" lines1="0" lines2="0" lines="0" />
  </mg:changeSummary>
<mg:changeSummary files="2,3">
	  <mg:changeCount type="unchanged" blocks1="0" blocks2="0" blocks="0" lines1="0" lines2="0" lines="0" />
	  <mg:changeCount type="removed" blocks1="0" blocks2="0" blocks="0" lines1="0" lines2="0" lines="0" />
	  <mg:changeCount type="inserted" blocks1="0" blocks2="0" blocks="0" lines1="0" lines2="0" lines="0" />
	  <mg:changeCount type="changed" blocks1="0" blocks2="0" blocks="0" lines1="0" lines2="0" lines="0" />
  </mg:changeSummary>
<mg:changeSummary files="1,2,3"><mg:changeCount type="removed" blocks="0" lines="0"/><mg:changeCount type="inserted" blocks="1" lines="90"/><mg:changeCount type="changed" blocks="0" lines="0"/><mg:changeCount type="conflicts" count="0"/></mg:changeSummary></mg:changeSummaries>
		<mg:classes file="1">
<mg:class name="U">
<mg:cssAttribute name="color">#000000</mg:cssAttribute>
<mg:cssAttribute name="background-color">#FFFFFF</mg:cssAttribute>
<mg:cssAttribute name="font-family">Consolas</mg:cssAttribute>
<mg:cssAttribute name="font-weight">normal</mg:cssAttribute>
<mg:cssAttribute name="font-style">normal</mg:cssAttribute>
<mg:cssAttribute name="font-size">9pt</mg:cssAttribute>
<mg:cssAttribute name="text-decoration">none</mg:cssAttribute>
</mg:class>
<mg:class name="R">
<mg:cssAttribute name="color">#800000</mg:cssAttribute>
<mg:cssAttribute name="background-color">#F3E6D8</mg:cssAttribute>
<mg:cssAttribute name="font-family">Consolas</mg:cssAttribute>
<mg:cssAttribute name="font-weight">normal</mg:cssAttribute>
<mg:cssAttribute name="font-style">normal</mg:cssAttribute>
<mg:cssAttribute name="font-size">9pt</mg:cssAttribute>
<mg:cssAttribute name="text-decoration">none</mg:cssAttribute>
</mg:class>
<mg:class name="I">
<mg:cssAttribute name="color">#800000</mg:cssAttribute>
<mg:cssAttribute name="background-color">#D1E8CF</mg:cssAttribute>
<mg:cssAttribute name="font-family">Consolas</mg:cssAttribute>
<mg:cssAttribute name="font-weight">normal</mg:cssAttribute>
<mg:cssAttribute name="font-style">normal</mg:cssAttribute>
<mg:cssAttribute name="font-size">9pt</mg:cssAttribute>
<mg:cssAttribute name="text-decoration">none</mg:cssAttribute>
</mg:class>
<mg:class name="C">
<mg:cssAttribute name="color">#800000</mg:cssAttribute>
<mg:cssAttribute name="background-color">#DACDE6</mg:cssAttribute>
<mg:cssAttribute name="font-family">Consolas</mg:cssAttribute>
<mg:cssAttribute name="font-weight">normal</mg:cssAttribute>
<mg:cssAttribute name="font-style">normal</mg:cssAttribute>
<mg:cssAttribute name="font-size">9pt</mg:cssAttribute>
<mg:cssAttribute name="text-decoration">none</mg:cssAttribute>
</mg:class>
		</mg:classes>
		<mg:classes file="2">
<mg:class name="UU">
<mg:cssAttribute name="color">#000000</mg:cssAttribute>
<mg:cssAttribute name="background-color">#FFFFFF</mg:cssAttribute>
<mg:cssAttribute name="font-family">Consolas</mg:cssAttribute>
<mg:cssAttribute name="font-weight">normal</mg:cssAttribute>
<mg:cssAttribute name="font-style">normal</mg:cssAttribute>
<mg:cssAttribute name="font-size">9pt</mg:cssAttribute>
<mg:cssAttribute name="text-decoration">none</mg:cssAttribute>
</mg:class>
<mg:class name="UR">
<mg:cssAttribute name="color">#400000</mg:cssAttribute>
<mg:cssAttribute name="background-color">#F9F2EB</mg:cssAttribute>
<mg:cssAttribute name="font-family">Consolas</mg:cssAttribute>
<mg:cssAttribute name="font-weight">normal</mg:cssAttribute>
<mg:cssAttribute name="font-style">normal</mg:cssAttribute>
<mg:cssAttribute name="font-size">9pt</mg:cssAttribute>
<mg:cssAttribute name="text-decoration">none</mg:cssAttribute>
</mg:class>
<mg:class name="UI">
<mg:cssAttribute name="color">#400000</mg:cssAttribute>
<mg:cssAttribute name="background-color">#E8F3E7</mg:cssAttribute>
<mg:cssAttribute name="font-family">Consolas</mg:cssAttribute>
<mg:cssAttribute name="font-weight">normal</mg:cssAttribute>
<mg:cssAttribute name="font-style">normal</mg:cssAttribute>
<mg:cssAttribute name="font-size">9pt</mg:cssAttribute>
<mg:cssAttribute name="text-decoration">none</mg:cssAttribute>
</mg:class>
<mg:class name="UC">
<mg:cssAttribute name="color">#400000</mg:cssAttribute>
<mg:cssAttribute name="background-color">#ECE6F2</mg:cssAttribute>
<mg:cssAttribute name="font-family">Consolas</mg:cssAttribute>
<mg:cssAttribute name="font-weight">normal</mg:cssAttribute>
<mg:cssAttribute name="font-style">normal</mg:cssAttribute>
<mg:cssAttribute name="font-size">9pt</mg:cssAttribute>
<mg:cssAttribute name="text-decoration">none</mg:cssAttribute>
</mg:class>
<mg:class name="RU">
<mg:cssAttribute name="color">#400000</mg:cssAttribute>
<mg:cssAttribute name="background-color">#F9F2EB</mg:cssAttribute>
<mg:cssAttribute name="font-family">Consolas</mg:cssAttribute>
<mg:cssAttribute name="font-weight">normal</mg:cssAttribute>
<mg:cssAttribute name="font-style">normal</mg:cssAttribute>
<mg:cssAttribute name="font-size">9pt</mg:cssAttribute>
<mg:cssAttribute name="text-decoration">none</mg:cssAttribute>
</mg:class>
<mg:class name="RR">
<mg:cssAttribute name="color">#800000</mg:cssAttribute>
<mg:cssAttribute name="background-color">#F3E6D8</mg:cssAttribute>
<mg:cssAttribute name="font-family">Consolas</mg:cssAttribute>
<mg:cssAttribute name="font-weight">normal</mg:cssAttribute>
<mg:cssAttribute name="font-style">normal</mg:cssAttribute>
<mg:cssAttribute name="font-size">9pt</mg:cssAttribute>
<mg:cssAttribute name="text-decoration">none</mg:cssAttribute>
</mg:class>
<mg:class name="RI">
<mg:cssAttribute name="color">#800000</mg:cssAttribute>
<mg:cssAttribute name="background-color">#E2E7D3</mg:cssAttribute>
<mg:cssAttribute name="font-family">Consolas</mg:cssAttribute>
<mg:cssAttribute name="font-weight">normal</mg:cssAttribute>
<mg:cssAttribute name="font-style">normal</mg:cssAttribute>
<mg:cssAttribute name="font-size">9pt</mg:cssAttribute>
<mg:cssAttribute name="text-decoration">none</mg:cssAttribute>
</mg:class>
<mg:class name="RC">
<mg:cssAttribute name="color">#800000</mg:cssAttribute>
<mg:cssAttribute name="background-color">#E6D9DF</mg:cssAttribute>
<mg:cssAttribute name="font-family">Consolas</mg:cssAttribute>
<mg:cssAttribute name="font-weight">normal</mg:cssAttribute>
<mg:cssAttribute name="font-style">normal</mg:cssAttribute>
<mg:cssAttribute name="font-size">9pt</mg:cssAttribute>
<mg:cssAttribute name="text-decoration">none</mg:cssAttribute>
</mg:class>
<mg:class name="IU">
<mg:cssAttribute name="color">#400000</mg:cssAttribute>
<mg:cssAttribute name="background-color">#E8F3E7</mg:cssAttribute>
<mg:cssAttribute name="font-family">Consolas</mg:cssAttribute>
<mg:cssAttribute name="font-weight">normal</mg:cssAttribute>
<mg:cssAttribute name="font-style">normal</mg:cssAttribute>
<mg:cssAttribute name="font-size">9pt</mg:cssAttribute>
<mg:cssAttribute name="text-decoration">none</mg:cssAttribute>
</mg:class>
<mg:class name="IR">
<mg:cssAttribute name="color">#800000</mg:cssAttribute>
<mg:cssAttribute name="background-color">#E2E7D3</mg:cssAttribute>
<mg:cssAttribute name="font-family">Consolas</mg:cssAttribute>
<mg:cssAttribute name="font-weight">normal</mg:cssAttribute>
<mg:cssAttribute name="font-style">normal</mg:cssAttribute>
<mg:cssAttribute name="font-size">9pt</mg:cssAttribute>
<mg:cssAttribute name="text-decoration">none</mg:cssAttribute>
</mg:class>
<mg:class name="II">
<mg:cssAttribute name="color">#800000</mg:cssAttribute>
<mg:cssAttribute name="background-color">#D1E8CF</mg:cssAttribute>
<mg:cssAttribute name="font-family">Consolas</mg:cssAttribute>
<mg:cssAttribute name="font-weight">normal</mg:cssAttribute>
<mg:cssAttribute name="font-style">normal</mg:cssAttribute>
<mg:cssAttribute name="font-size">9pt</mg:cssAttribute>
<mg:cssAttribute name="text-decoration">none</mg:cssAttribute>
</mg:class>
<mg:class name="IC">
<mg:cssAttribute name="color">#800000</mg:cssAttribute>
<mg:cssAttribute name="background-color">#D5DADA</mg:cssAttribute>
<mg:cssAttribute name="font-family">Consolas</mg:cssAttribute>
<mg:cssAttribute name="font-weight">normal</mg:cssAttribute>
<mg:cssAttribute name="font-style">normal</mg:cssAttribute>
<mg:cssAttribute name="font-size">9pt</mg:cssAttribute>
<mg:cssAttribute name="text-decoration">none</mg:cssAttribute>
</mg:class>
<mg:class name="CU">
<mg:cssAttribute name="color">#400000</mg:cssAttribute>
<mg:cssAttribute name="background-color">#ECE6F2</mg:cssAttribute>
<mg:cssAttribute name="font-family">Consolas</mg:cssAttribute>
<mg:cssAttribute name="font-weight">normal</mg:cssAttribute>
<mg:cssAttribute name="font-style">normal</mg:cssAttribute>
<mg:cssAttribute name="font-size">9pt</mg:cssAttribute>
<mg:cssAttribute name="text-decoration">none</mg:cssAttribute>
</mg:class>
<mg:class name="CR">
<mg:cssAttribute name="color">#800000</mg:cssAttribute>
<mg:cssAttribute name="background-color">#E6D9DF</mg:cssAttribute>
<mg:cssAttribute name="font-family">Consolas</mg:cssAttribute>
<mg:cssAttribute name="font-weight">normal</mg:cssAttribute>
<mg:cssAttribute name="font-style">normal</mg:cssAttribute>
<mg:cssAttribute name="font-size">9pt</mg:cssAttribute>
<mg:cssAttribute name="text-decoration">none</mg:cssAttribute>
</mg:class>
<mg:class name="CI">
<mg:cssAttribute name="color">#800000</mg:cssAttribute>
<mg:cssAttribute name="background-color">#D5DADA</mg:cssAttribute>
<mg:cssAttribute name="font-family">Consolas</mg:cssAttribute>
<mg:cssAttribute name="font-weight">normal</mg:cssAttribute>
<mg:cssAttribute name="font-style">normal</mg:cssAttribute>
<mg:cssAttribute name="font-size">9pt</mg:cssAttribute>
<mg:cssAttribute name="text-decoration">none</mg:cssAttribute>
</mg:class>
<mg:class name="CC">
<mg:cssAttribute name="color">#800000</mg:cssAttribute>
<mg:cssAttribute name="background-color">#DACDE6</mg:cssAttribute>
<mg:cssAttribute name="font-family">Consolas</mg:cssAttribute>
<mg:cssAttribute name="font-weight">normal</mg:cssAttribute>
<mg:cssAttribute name="font-style">normal</mg:cssAttribute>
<mg:cssAttribute name="font-size">9pt</mg:cssAttribute>
<mg:cssAttribute name="text-decoration">none</mg:cssAttribute>
</mg:class>
		</mg:classes>
		<mg:classes file="3">
<mg:class name="U">
<mg:cssAttribute name="color">#000000</mg:cssAttribute>
<mg:cssAttribute name="background-color">#FFFFFF</mg:cssAttribute>
<mg:cssAttribute name="font-family">Consolas</mg:cssAttribute>
<mg:cssAttribute name="font-weight">normal</mg:cssAttribute>
<mg:cssAttribute name="font-style">normal</mg:cssAttribute>
<mg:cssAttribute name="font-size">9pt</mg:cssAttribute>
<mg:cssAttribute name="text-decoration">none</mg:cssAttribute>
</mg:class>
<mg:class name="R">
<mg:cssAttribute name="color">#800000</mg:cssAttribute>
<mg:cssAttribute name="background-color">#F3E6D8</mg:cssAttribute>
<mg:cssAttribute name="font-family">Consolas</mg:cssAttribute>
<mg:cssAttribute name="font-weight">normal</mg:cssAttribute>
<mg:cssAttribute name="font-style">normal</mg:cssAttribute>
<mg:cssAttribute name="font-size">9pt</mg:cssAttribute>
<mg:cssAttribute name="text-decoration">none</mg:cssAttribute>
</mg:class>
<mg:class name="I">
<mg:cssAttribute name="color">#800000</mg:cssAttribute>
<mg:cssAttribute name="background-color">#D1E8CF</mg:cssAttribute>
<mg:cssAttribute name="font-family">Consolas</mg:cssAttribute>
<mg:cssAttribute name="font-weight">normal</mg:cssAttribute>
<mg:cssAttribute name="font-style">normal</mg:cssAttribute>
<mg:cssAttribute name="font-size">9pt</mg:cssAttribute>
<mg:cssAttribute name="text-decoration">none</mg:cssAttribute>
</mg:class>
<mg:class name="C">
<mg:cssAttribute name="color">#800000</mg:cssAttribute>
<mg:cssAttribute name="background-color">#DACDE6</mg:cssAttribute>
<mg:cssAttribute name="font-family">Consolas</mg:cssAttribute>
<mg:cssAttribute name="font-weight">normal</mg:cssAttribute>
<mg:cssAttribute name="font-style">normal</mg:cssAttribute>
<mg:cssAttribute name="font-size">9pt</mg:cssAttribute>
<mg:cssAttribute name="text-decoration">none</mg:cssAttribute>
</mg:class>
		</mg:classes>
</mg:metaData>
<mg:rowData>
<mg:rowGroup>
<mg:row>
<mg:ln file="1" number="1" class="R"><mg:sg class="R">/*<mg:lf/></mg:sg></mg:ln>
</mg:row>
<mg:row>
<mg:ln file="1" number="2" class="R"><mg:sg class="R"><mg:s/>*<mg:s/>Author:</mg:sg><mg:sg class="R"><mg:s/>Landon<mg:s/>Fu</mg:sg><mg:sg class="R">ller<mg:s/>&lt;land</mg:sg><mg:sg class="R">onf@plausi</mg:sg><mg:sg class="R">blelabs.co</mg:sg><mg:sg class="R">m&gt;<mg:lf/></mg:sg></mg:ln>
</mg:row>
<mg:row>
<mg:ln file="1" number="3" class="R"><mg:sg class="R"><mg:s/>*<mg:lf/></mg:sg></mg:ln>
</mg:row>
<mg:row>
<mg:ln file="1" number="4" class="R"><mg:sg class="R"><mg:s/>*<mg:s/>Copyrig</mg:sg><mg:sg class="R">ht<mg:s/>(c)<mg:s/>200</mg:sg><mg:sg class="R">8-2009<mg:s/>Pla</mg:sg><mg:sg class="R">usible<mg:s/>Lab</mg:sg><mg:sg class="R">s<mg:s/>Cooperat</mg:sg><mg:sg class="R">ive,<mg:s/>Inc.<mg:lf/></mg:sg></mg:ln>
</mg:row>
<mg:row>
<mg:ln file="1" number="5" class="R"><mg:sg class="R"><mg:s/>*<mg:s/>All<mg:s/>rig</mg:sg><mg:sg class="R">hts<mg:s/>reserv</mg:sg><mg:sg class="R">ed.<mg:lf/></mg:sg></mg:ln>
</mg:row>
<mg:row>
<mg:ln file="1" number="6" class="R"><mg:sg class="R"><mg:s/>*<mg:lf/></mg:sg></mg:ln>
</mg:row>
<mg:row>
<mg:ln file="1" number="7" class="R"><mg:sg class="R"><mg:s/>*<mg:s/>Permiss</mg:sg><mg:sg class="R">ion<mg:s/>is<mg:s/>her</mg:sg><mg:sg class="R">eby<mg:s/>grante</mg:sg><mg:sg class="R">d,<mg:s/>free<mg:s/>of</mg:sg><mg:sg class="R"><mg:s/>charge,<mg:s/>t</mg:sg><mg:sg class="R">o<mg:s/>any<mg:s/>pers</mg:sg><mg:sg class="R">on<mg:lf/></mg:sg></mg:ln>
</mg:row>
<mg:row>
<mg:ln file="1" number="8" class="R"><mg:sg class="R"><mg:s/>*<mg:s/>obtaini</mg:sg><mg:sg class="R">ng<mg:s/>a<mg:s/>copy<mg:s/></mg:sg><mg:sg class="R">of<mg:s/>this<mg:s/>so</mg:sg><mg:sg class="R">ftware<mg:s/>and</mg:sg><mg:sg class="R"><mg:s/>associate</mg:sg><mg:sg class="R">d<mg:s/>document</mg:sg><mg:sg class="R">ation<mg:lf/></mg:sg></mg:ln>
</mg:row>
<mg:row>
<mg:ln file="1" number="9" class="R"><mg:sg class="R"><mg:s/>*<mg:s/>files<mg:s/>(</mg:sg><mg:sg class="R">the<mg:s/>&quot;Softw</mg:sg><mg:sg class="R">are&quot;),<mg:s/>to<mg:s/></mg:sg><mg:sg class="R">deal<mg:s/>in<mg:s/>th</mg:sg><mg:sg class="R">e<mg:s/>Software</mg:sg><mg:sg class="R"><mg:s/>without<mg:lf/></mg:sg></mg:ln>
</mg:row>
<mg:row>
<mg:ln file="1" number="10" class="R"><mg:sg class="R"><mg:s/>*<mg:s/>restric</mg:sg><mg:sg class="R">tion,<mg:s/>incl</mg:sg><mg:sg class="R">uding<mg:s/>with</mg:sg><mg:sg class="R">out<mg:s/>limita</mg:sg><mg:sg class="R">tion<mg:s/>the<mg:s/>r</mg:sg><mg:sg class="R">ights<mg:s/>to<mg:s/>u</mg:sg><mg:sg class="R">se,<mg:lf/></mg:sg></mg:ln>
</mg:row>
<mg:row>
<mg:ln file="1" number="11" class="R"><mg:sg class="R"><mg:s/>*<mg:s/>copy,<mg:s/>m</mg:sg><mg:sg class="R">odify,<mg:s/>mer</mg:sg><mg:sg class="R">ge,<mg:s/>publis</mg:sg><mg:sg class="R">h,<mg:s/>distrib</mg:sg><mg:sg class="R">ute,<mg:s/>subli</mg:sg><mg:sg class="R">cense,<mg:s/>and</mg:sg><mg:sg class="R">/or<mg:s/>sell<mg:lf/></mg:sg></mg:ln>
</mg:row>
<mg:row>
<mg:ln file="1" number="12" class="R"><mg:sg class="R"><mg:s/>*<mg:s/>copies<mg:s/></mg:sg><mg:sg class="R">of<mg:s/>the<mg:s/>Sof</mg:sg><mg:sg class="R">tware,<mg:s/>and</mg:sg><mg:sg class="R"><mg:s/>to<mg:s/>permit</mg:sg><mg:sg class="R"><mg:s/>persons<mg:s/>t</mg:sg><mg:sg class="R">o<mg:s/>whom<mg:s/>the</mg:sg><mg:sg class="R"><mg:lf/></mg:sg></mg:ln>
</mg:row>
<mg:row>
<mg:ln file="1" number="13" class="R"><mg:sg class="R"><mg:s/>*<mg:s/>Softwar</mg:sg><mg:sg class="R">e<mg:s/>is<mg:s/>furni</mg:sg><mg:sg class="R">shed<mg:s/>to<mg:s/>do</mg:sg><mg:sg class="R"><mg:s/>so,<mg:s/>subje</mg:sg><mg:sg class="R">ct<mg:s/>to<mg:s/>the<mg:s/></mg:sg><mg:sg class="R">following<mg:lf/></mg:sg></mg:ln>
</mg:row>
<mg:row>
<mg:ln file="1" number="14" class="R"><mg:sg class="R"><mg:s/>*<mg:s/>conditi</mg:sg><mg:sg class="R">ons:<mg:lf/></mg:sg></mg:ln>
</mg:row>
<mg:row>
<mg:ln file="1" number="15" class="R"><mg:sg class="R"><mg:s/>*<mg:lf/></mg:sg></mg:ln>
</mg:row>
<mg:row>
<mg:ln file="1" number="16" class="R"><mg:sg class="R"><mg:s/>*<mg:s/>The<mg:s/>abo</mg:sg><mg:sg class="R">ve<mg:s/>copyrig</mg:sg><mg:sg class="R">ht<mg:s/>notice<mg:s/></mg:sg><mg:sg class="R">and<mg:s/>this<mg:s/>p</mg:sg><mg:sg class="R">ermission<mg:s/></mg:sg><mg:sg class="R">notice<mg:s/>sha</mg:sg><mg:sg class="R">ll<mg:s/>be<mg:lf/></mg:sg></mg:ln>
</mg:row>
<mg:row>
<mg:ln file="1" number="17" class="R"><mg:sg class="R"><mg:s/>*<mg:s/>include</mg:sg><mg:sg class="R">d<mg:s/>in<mg:s/>all<mg:s/>c</mg:sg><mg:sg class="R">opies<mg:s/>or<mg:s/>s</mg:sg><mg:sg class="R">ubstantial</mg:sg><mg:sg class="R"><mg:s/>portions<mg:s/></mg:sg><mg:sg class="R">of<mg:s/>the<mg:s/>Sof</mg:sg><mg:sg class="R">tware.<mg:lf/></mg:sg></mg:ln>
</mg:row>
<mg:row>
<mg:ln file="1" number="18" class="R"><mg:sg class="R"><mg:s/>*<mg:lf/></mg:sg></mg:ln>
</mg:row>
<mg:row>
<mg:ln file="1" number="19" class="R"><mg:sg class="R"><mg:s/>*<mg:s/>THE<mg:s/>SOF</mg:sg><mg:sg class="R">TWARE<mg:s/>IS<mg:s/>P</mg:sg><mg:sg class="R">ROVIDED<mg:s/>&quot;A</mg:sg><mg:sg class="R">S<mg:s/>IS&quot;,<mg:s/>WIT</mg:sg><mg:sg class="R">HOUT<mg:s/>WARRA</mg:sg><mg:sg class="R">NTY<mg:s/>OF<mg:s/>ANY</mg:sg><mg:sg class="R"><mg:s/>KIND,<mg:lf/></mg:sg></mg:ln>
</mg:row>
<mg:row>
<mg:ln file="1" number="20" class="R"><mg:sg class="R"><mg:s/>*<mg:s/>EXPRESS</mg:sg><mg:sg class="R"><mg:s/>OR<mg:s/>IMPLIE</mg:sg><mg:sg class="R">D,<mg:s/>INCLUDI</mg:sg><mg:sg class="R">NG<mg:s/>BUT<mg:s/>NOT</mg:sg><mg:sg class="R"><mg:s/>LIMITED<mg:s/>T</mg:sg><mg:sg class="R">O<mg:s/>THE<mg:s/>WARR</mg:sg><mg:sg class="R">ANTIES<mg:lf/></mg:sg></mg:ln>
</mg:row>
<mg:row>
<mg:ln file="1" number="21" class="R"><mg:sg class="R"><mg:s/>*<mg:s/>OF<mg:s/>MERC</mg:sg><mg:sg class="R">HANTABILIT</mg:sg><mg:sg class="R">Y,<mg:s/>FITNESS</mg:sg><mg:sg class="R"><mg:s/>FOR<mg:s/>A<mg:s/>PAR</mg:sg><mg:sg class="R">TICULAR<mg:s/>PU</mg:sg><mg:sg class="R">RPOSE<mg:s/>AND<mg:lf/></mg:sg></mg:ln>
</mg:row>
<mg:row>
<mg:ln file="1" number="22" class="R"><mg:sg class="R"><mg:s/>*<mg:s/>NONINFR</mg:sg><mg:sg class="R">INGEMENT.<mg:s/></mg:sg><mg:sg class="R">IN<mg:s/>NO<mg:s/>EVEN</mg:sg><mg:sg class="R">T<mg:s/>SHALL<mg:s/>TH</mg:sg><mg:sg class="R">E<mg:s/>AUTHORS<mg:s/></mg:sg><mg:sg class="R">OR<mg:s/>COPYRIG</mg:sg><mg:sg class="R">HT<mg:lf/></mg:sg></mg:ln>
</mg:row>
<mg:row>
<mg:ln file="1" number="23" class="R"><mg:sg class="R"><mg:s/>*<mg:s/>HOLDERS</mg:sg><mg:sg class="R"><mg:s/>BE<mg:s/>LIABLE</mg:sg><mg:sg class="R"><mg:s/>FOR<mg:s/>ANY<mg:s/>C</mg:sg><mg:sg class="R">LAIM,<mg:s/>DAMA</mg:sg><mg:sg class="R">GES<mg:s/>OR<mg:s/>OTH</mg:sg><mg:sg class="R">ER<mg:s/>LIABILI</mg:sg><mg:sg class="R">TY,<mg:lf/></mg:sg></mg:ln>
</mg:row>
<mg:row>
<mg:ln file="1" number="24" class="R"><mg:sg class="R"><mg:s/>*<mg:s/>WHETHER</mg:sg><mg:sg class="R"><mg:s/>IN<mg:s/>AN<mg:s/>ACT</mg:sg><mg:sg class="R">ION<mg:s/>OF<mg:s/>CON</mg:sg><mg:sg class="R">TRACT,<mg:s/>TOR</mg:sg><mg:sg class="R">T<mg:s/>OR<mg:s/>OTHER</mg:sg><mg:sg class="R">WISE,<mg:s/>ARIS</mg:sg><mg:sg class="R">ING<mg:lf/></mg:sg></mg:ln>
</mg:row>
<mg:row>
<mg:ln file="1" number="25" class="R"><mg:sg class="R"><mg:s/>*<mg:s/>FROM,<mg:s/>O</mg:sg><mg:sg class="R">UT<mg:s/>OF<mg:s/>OR<mg:s/>I</mg:sg><mg:sg class="R">N<mg:s/>CONNECTI</mg:sg><mg:sg class="R">ON<mg:s/>WITH<mg:s/>TH</mg:sg><mg:sg class="R">E<mg:s/>SOFTWARE</mg:sg><mg:sg class="R"><mg:s/>OR<mg:s/>THE<mg:s/>US</mg:sg><mg:sg class="R">E<mg:s/>OR<mg:lf/></mg:sg></mg:ln>
</mg:row>
<mg:row>
<mg:ln file="1" number="26" class="R"><mg:sg class="R"><mg:s/>*<mg:s/>OTHER<mg:s/>D</mg:sg><mg:sg class="R">EALINGS<mg:s/>IN</mg:sg><mg:sg class="R"><mg:s/>THE<mg:s/>SOFTW</mg:sg><mg:sg class="R">ARE.<mg:lf/></mg:sg></mg:ln>
</mg:row>
<mg:row>
<mg:ln file="1" number="27" class="R"><mg:sg class="R"><mg:s/>*/<mg:lf/></mg:sg></mg:ln>
</mg:row>
<mg:row>
<mg:ln file="1" number="28" class="R"><mg:sg class="R"><mg:lf/></mg:sg></mg:ln>
</mg:row>
<mg:row>
<mg:ln file="1" number="29" class="R"><mg:sg class="R">#import<mg:s/>&lt;F</mg:sg><mg:sg class="R">oundation/</mg:sg><mg:sg class="R">Foundation</mg:sg><mg:sg class="R">.h&gt;<mg:lf/></mg:sg></mg:ln>
</mg:row>
<mg:row>
<mg:ln file="1" number="30" class="R"><mg:sg class="R">#import<mg:s/>&quot;P</mg:sg><mg:sg class="R">LCrashRepo</mg:sg><mg:sg class="R">rtProcesso</mg:sg><mg:sg class="R">rInfo.h&quot;<mg:lf/></mg:sg></mg:ln>
</mg:row>
<mg:row>
<mg:ln file="1" number="31" class="R"><mg:sg class="R"><mg:lf/></mg:sg></mg:ln>
</mg:row>
<mg:row>
<mg:ln file="1" number="32" class="R"><mg:sg class="R">@interface</mg:sg><mg:sg class="R"><mg:s/>PLCrashRe</mg:sg><mg:sg class="R">portBinary</mg:sg><mg:sg class="R">ImageInfo<mg:s/></mg:sg><mg:sg class="R">:<mg:s/>NSObject</mg:sg><mg:sg class="R"><mg:s/>{<mg:lf/></mg:sg></mg:ln>
</mg:row>
<mg:row>
<mg:ln file="1" number="33" class="R"><mg:sg class="R">@private<mg:lf/></mg:sg></mg:ln>
</mg:row>
<mg:row>
<mg:ln file="1" number="34" class="R"><mg:sg class="R"><mg:s/><mg:s/><mg:s/><mg:s/>/**<mg:s/>Co</mg:sg><mg:sg class="R">de<mg:s/>type<mg:s/>*/</mg:sg><mg:sg class="R"><mg:lf/></mg:sg></mg:ln>
</mg:row>
<mg:row>
<mg:ln file="1" number="35" class="R"><mg:sg class="R"><mg:s/><mg:s/><mg:s/><mg:s/>PLCras</mg:sg><mg:sg class="R">hReportPro</mg:sg><mg:sg class="R">cessorInfo</mg:sg><mg:sg class="R"><mg:s/>*_process</mg:sg><mg:sg class="R">orInfo;<mg:lf/></mg:sg></mg:ln>
</mg:row>
<mg:row>
<mg:ln file="1" number="36" class="R"><mg:sg class="R"><mg:lf/></mg:sg></mg:ln>
</mg:row>
<mg:row>
<mg:ln file="1" number="37" class="R"><mg:sg class="R"><mg:s/><mg:s/><mg:s/><mg:s/>/**<mg:s/>Ba</mg:sg><mg:sg class="R">se<mg:s/>image<mg:s/>a</mg:sg><mg:sg class="R">ddress<mg:s/>*/<mg:lf/></mg:sg></mg:ln>
</mg:row>
<mg:row>
<mg:ln file="1" number="38" class="R"><mg:sg class="R"><mg:s/><mg:s/><mg:s/><mg:s/>uint64</mg:sg><mg:sg class="R">_t<mg:s/>_baseAd</mg:sg><mg:sg class="R">dress;<mg:lf/></mg:sg></mg:ln>
</mg:row>
<mg:row>
<mg:ln file="1" number="39" class="R"><mg:sg class="R"><mg:lf/></mg:sg></mg:ln>
</mg:row>
<mg:row>
<mg:ln file="1" number="40" class="R"><mg:sg class="R"><mg:s/><mg:s/><mg:s/><mg:s/>/**<mg:s/>Im</mg:sg><mg:sg class="R">age<mg:s/>segmen</mg:sg><mg:sg class="R">t<mg:s/>size<mg:s/>*/<mg:lf/></mg:sg></mg:ln>
</mg:row>
<mg:row>
<mg:ln file="1" number="41" class="R"><mg:sg class="R"><mg:s/><mg:s/><mg:s/><mg:s/>uint64</mg:sg><mg:sg class="R">_t<mg:s/>_imageS</mg:sg><mg:sg class="R">ize;<mg:lf/></mg:sg></mg:ln>
</mg:row>
<mg:row>
<mg:ln file="1" number="42" class="R"><mg:sg class="R"><mg:lf/></mg:sg></mg:ln>
</mg:row>
<mg:row>
<mg:ln file="1" number="43" class="R"><mg:sg class="R"><mg:s/><mg:s/><mg:s/><mg:s/>/**<mg:s/>Na</mg:sg><mg:sg class="R">me<mg:s/>of<mg:s/>bina</mg:sg><mg:sg class="R">ry<mg:s/>image<mg:s/>*</mg:sg><mg:sg class="R">/<mg:lf/></mg:sg></mg:ln>
</mg:row>
<mg:row>
<mg:ln file="1" number="44" class="R"><mg:sg class="R"><mg:s/><mg:s/><mg:s/><mg:s/>NSStri</mg:sg><mg:sg class="R">ng<mg:s/>*_image</mg:sg><mg:sg class="R">Name;<mg:lf/></mg:sg></mg:ln>
</mg:row>
<mg:row>
<mg:ln file="1" number="45" class="R"><mg:sg class="R"><mg:lf/></mg:sg></mg:ln>
</mg:row>
<mg:row>
<mg:ln file="1" number="46" class="R"><mg:sg class="R"><mg:s/><mg:s/><mg:s/><mg:s/>/**<mg:s/>If</mg:sg><mg:sg class="R"><mg:s/>the<mg:s/>UUID<mg:s/></mg:sg><mg:sg class="R">is<mg:s/>availab</mg:sg><mg:sg class="R">le<mg:s/>*/<mg:lf/></mg:sg></mg:ln>
</mg:row>
<mg:row>
<mg:ln file="1" number="47" class="R"><mg:sg class="R"><mg:s/><mg:s/><mg:s/><mg:s/>BOOL<mg:s/>_</mg:sg><mg:sg class="R">hasImageUU</mg:sg><mg:sg class="R">ID;<mg:lf/></mg:sg></mg:ln>
</mg:row>
<mg:row>
<mg:ln file="1" number="48" class="R"><mg:sg class="R"><mg:lf/></mg:sg></mg:ln>
</mg:row>
<mg:row>
<mg:ln file="1" number="49" class="R"><mg:sg class="R"><mg:s/><mg:s/><mg:s/><mg:s/>/**<mg:s/>12</mg:sg><mg:sg class="R">8-bit<mg:s/>obje</mg:sg><mg:sg class="R">ct<mg:s/>UUID.<mg:s/>M</mg:sg><mg:sg class="R">ay<mg:s/>be<mg:s/>nil.</mg:sg><mg:sg class="R"><mg:s/>*/<mg:lf/></mg:sg></mg:ln>
</mg:row>
<mg:row>
<mg:ln file="1" number="50" class="R"><mg:sg class="R"><mg:s/><mg:s/><mg:s/><mg:s/>NSStri</mg:sg><mg:sg class="R">ng<mg:s/>*_image</mg:sg><mg:sg class="R">UUID;<mg:lf/></mg:sg></mg:ln>
</mg:row>
<mg:row>
<mg:ln file="1" number="51" class="R"><mg:sg class="R">}<mg:lf/></mg:sg></mg:ln>
</mg:row>
<mg:row>
<mg:ln file="1" number="52" class="R"><mg:sg class="R"><mg:lf/></mg:sg></mg:ln>
</mg:row>
<mg:row>
<mg:ln file="1" number="53" class="R"><mg:sg class="R">-<mg:s/>(id)<mg:s/>ini</mg:sg><mg:sg class="R">tWithCodeT</mg:sg><mg:sg class="R">ype:<mg:s/>(PLCr</mg:sg><mg:sg class="R">ashReportP</mg:sg><mg:sg class="R">rocessorIn</mg:sg><mg:sg class="R">fo<mg:s/>*)<mg:s/>proc</mg:sg><mg:sg class="R">essorInfo<mg:lf/></mg:sg></mg:ln>
</mg:row>
<mg:row>
<mg:ln file="1" number="54" class="R"><mg:sg class="R"><mg:s/><mg:s/><mg:s/><mg:s/><mg:s/><mg:s/><mg:s/><mg:s/><mg:s/><mg:s/></mg:sg><mg:sg class="R"><mg:s/><mg:s/>baseAddr</mg:sg><mg:sg class="R">ess:<mg:s/>(uint</mg:sg><mg:sg class="R">64_t)<mg:s/>base</mg:sg><mg:sg class="R">Address<mg:s/><mg:lf/></mg:sg></mg:ln>
</mg:row>
<mg:row>
<mg:ln file="1" number="55" class="R"><mg:sg class="R"><mg:s/><mg:s/><mg:s/><mg:s/><mg:s/><mg:s/><mg:s/><mg:s/><mg:s/><mg:s/></mg:sg><mg:sg class="R"><mg:s/><mg:s/><mg:s/><mg:s/><mg:s/><mg:s/><mg:s/><mg:s/><mg:s/>s</mg:sg><mg:sg class="R">ize:<mg:s/>(uint</mg:sg><mg:sg class="R">64_t)<mg:s/>imag</mg:sg><mg:sg class="R">eSize<mg:lf/></mg:sg></mg:ln>
</mg:row>
<mg:row>
<mg:ln file="1" number="56" class="R"><mg:sg class="R"><mg:s/><mg:s/><mg:s/><mg:s/><mg:s/><mg:s/><mg:s/><mg:s/><mg:s/><mg:s/></mg:sg><mg:sg class="R"><mg:s/><mg:s/><mg:s/><mg:s/><mg:s/><mg:s/><mg:s/><mg:s/><mg:s/>n</mg:sg><mg:sg class="R">ame:<mg:s/>(NSSt</mg:sg><mg:sg class="R">ring<mg:s/>*)<mg:s/>im</mg:sg><mg:sg class="R">ageName<mg:lf/></mg:sg></mg:ln>
</mg:row>
<mg:row>
<mg:ln file="1" number="57" class="R"><mg:sg class="R"><mg:s/><mg:s/><mg:s/><mg:s/><mg:s/><mg:s/><mg:s/><mg:s/><mg:s/><mg:s/></mg:sg><mg:sg class="R"><mg:s/><mg:s/><mg:s/><mg:s/><mg:s/><mg:s/><mg:s/><mg:s/><mg:s/>u</mg:sg><mg:sg class="R">uid:<mg:s/>(NSDa</mg:sg><mg:sg class="R">ta<mg:s/>*)<mg:s/>uuid</mg:sg><mg:sg class="R">;<mg:lf/></mg:sg></mg:ln>
</mg:row>
<mg:row>
<mg:ln file="1" number="58" class="R"><mg:sg class="R"><mg:lf/></mg:sg></mg:ln>
</mg:row>
<mg:row>
<mg:ln file="1" number="59" class="R"><mg:sg class="R">/**<mg:lf/></mg:sg></mg:ln>
</mg:row>
<mg:row>
<mg:ln file="1" number="60" class="R"><mg:sg class="R"><mg:s/>*<mg:s/>Image<mg:s/>c</mg:sg><mg:sg class="R">ode<mg:s/>type,<mg:s/></mg:sg><mg:sg class="R">or<mg:s/>nil<mg:s/>if<mg:s/></mg:sg><mg:sg class="R">unavailabl</mg:sg><mg:sg class="R">e.<mg:lf/></mg:sg></mg:ln>
</mg:row>
<mg:row>
<mg:ln file="1" number="61" class="R"><mg:sg class="R"><mg:s/>*/<mg:lf/></mg:sg></mg:ln>
</mg:row>
<mg:row>
<mg:ln file="1" number="62" class="R"><mg:sg class="R">@property(</mg:sg><mg:sg class="R">nonatomic,</mg:sg><mg:sg class="R"><mg:s/>readonly)</mg:sg><mg:sg class="R"><mg:s/>PLCrashRe</mg:sg><mg:sg class="R">portProces</mg:sg><mg:sg class="R">sorInfo<mg:s/>*c</mg:sg><mg:sg class="R">odeType;<mg:lf/></mg:sg></mg:ln>
</mg:row>
<mg:row>
<mg:ln file="1" number="63" class="R"><mg:sg class="R"><mg:lf/></mg:sg></mg:ln>
</mg:row>
<mg:row>
<mg:ln file="1" number="64" class="R"><mg:sg class="R">/**<mg:lf/></mg:sg></mg:ln>
</mg:row>
<mg:row>
<mg:ln file="1" number="65" class="R"><mg:sg class="R"><mg:s/>*<mg:s/>Image<mg:s/>b</mg:sg><mg:sg class="R">ase<mg:s/>addres</mg:sg><mg:sg class="R">s.<mg:lf/></mg:sg></mg:ln>
</mg:row>
<mg:row>
<mg:ln file="1" number="66" class="R"><mg:sg class="R"><mg:s/>*/<mg:lf/></mg:sg></mg:ln>
</mg:row>
<mg:row>
<mg:ln file="1" number="67" class="R"><mg:sg class="R">@property(</mg:sg><mg:sg class="R">nonatomic,</mg:sg><mg:sg class="R"><mg:s/>readonly)</mg:sg><mg:sg class="R"><mg:s/>uint64_t<mg:s/></mg:sg><mg:sg class="R">imageBaseA</mg:sg><mg:sg class="R">ddress;<mg:lf/></mg:sg></mg:ln>
</mg:row>
<mg:row>
<mg:ln file="1" number="68" class="R"><mg:sg class="R"><mg:lf/></mg:sg></mg:ln>
</mg:row>
<mg:row>
<mg:ln file="1" number="69" class="R"><mg:sg class="R">/**<mg:lf/></mg:sg></mg:ln>
</mg:row>
<mg:row>
<mg:ln file="1" number="70" class="R"><mg:sg class="R"><mg:s/>*<mg:s/>Segment</mg:sg><mg:sg class="R"><mg:s/>size.<mg:lf/></mg:sg></mg:ln>
</mg:row>
<mg:row>
<mg:ln file="1" number="71" class="R"><mg:sg class="R"><mg:s/>*/<mg:lf/></mg:sg></mg:ln>
</mg:row>
<mg:row>
<mg:ln file="1" number="72" class="R"><mg:sg class="R">@property(</mg:sg><mg:sg class="R">nonatomic,</mg:sg><mg:sg class="R"><mg:s/>readonly)</mg:sg><mg:sg class="R"><mg:s/>uint64_t<mg:s/></mg:sg><mg:sg class="R">imageSize;</mg:sg><mg:sg class="R"><mg:lf/></mg:sg></mg:ln>
</mg:row>
<mg:row>
<mg:ln file="1" number="73" class="R"><mg:sg class="R"><mg:lf/></mg:sg></mg:ln>
</mg:row>
<mg:row>
<mg:ln file="1" number="74" class="R"><mg:sg class="R">/**<mg:lf/></mg:sg></mg:ln>
</mg:row>
<mg:row>
<mg:ln file="1" number="75" class="R"><mg:sg class="R"><mg:s/>*<mg:s/>Image<mg:s/>n</mg:sg><mg:sg class="R">ame<mg:s/>(absol</mg:sg><mg:sg class="R">ute<mg:s/>path)<mg:lf/></mg:sg></mg:ln>
</mg:row>
<mg:row>
<mg:ln file="1" number="76" class="R"><mg:sg class="R"><mg:s/>*/<mg:lf/></mg:sg></mg:ln>
</mg:row>
<mg:row>
<mg:ln file="1" number="77" class="R"><mg:sg class="R">@property(</mg:sg><mg:sg class="R">nonatomic,</mg:sg><mg:sg class="R"><mg:s/>readonly)</mg:sg><mg:sg class="R"><mg:s/>NSString<mg:s/></mg:sg><mg:sg class="R">*imageName</mg:sg><mg:sg class="R">;<mg:lf/></mg:sg></mg:ln>
</mg:row>
<mg:row>
<mg:ln file="1" number="78" class="R"><mg:sg class="R"><mg:lf/></mg:sg></mg:ln>
</mg:row>
<mg:row>
<mg:ln file="1" number="79" class="R"><mg:sg class="R"><mg:lf/></mg:sg></mg:ln>
</mg:row>
<mg:row>
<mg:ln file="1" number="80" class="R"><mg:sg class="R">/**<mg:lf/></mg:sg></mg:ln>
</mg:row>
<mg:row>
<mg:ln file="1" number="81" class="R"><mg:sg class="R"><mg:s/>*<mg:s/>YES<mg:s/>if<mg:s/></mg:sg><mg:sg class="R">this<mg:s/>image</mg:sg><mg:sg class="R"><mg:s/>has<mg:s/>an<mg:s/>as</mg:sg><mg:sg class="R">sociated<mg:s/>U</mg:sg><mg:sg class="R">UID.<mg:lf/></mg:sg></mg:ln>
</mg:row>
<mg:row>
<mg:ln file="1" number="82" class="R"><mg:sg class="R"><mg:s/>*/<mg:lf/></mg:sg></mg:ln>
</mg:row>
<mg:row>
<mg:ln file="1" number="83" class="R"><mg:sg class="R">@property(</mg:sg><mg:sg class="R">nonatomic,</mg:sg><mg:sg class="R"><mg:s/>readonly)</mg:sg><mg:sg class="R"><mg:s/>BOOL<mg:s/>hasI</mg:sg><mg:sg class="R">mageUUID;<mg:lf/></mg:sg></mg:ln>
</mg:row>
<mg:row>
<mg:ln file="1" number="84" class="R"><mg:sg class="R"><mg:lf/></mg:sg></mg:ln>
</mg:row>
<mg:row>
<mg:ln file="1" number="85" class="R"><mg:sg class="R">/**<mg:lf/></mg:sg></mg:ln>
</mg:row>
<mg:row>
<mg:ln file="1" number="86" class="R"><mg:sg class="R"><mg:s/>*<mg:s/>128-bit</mg:sg><mg:sg class="R"><mg:s/>object<mg:s/>UU</mg:sg><mg:sg class="R">ID<mg:s/>(matche</mg:sg><mg:sg class="R">s<mg:s/>Mach-O<mg:s/>D</mg:sg><mg:sg class="R">WARF<mg:s/>dSYM<mg:s/></mg:sg><mg:sg class="R">files).<mg:s/>Ma</mg:sg><mg:sg class="R">y<mg:s/>be<mg:s/>nil<mg:s/>i</mg:sg><mg:sg class="R">f<mg:s/>unavaila</mg:sg><mg:sg class="R">ble.<mg:lf/></mg:sg></mg:ln>
</mg:row>
<mg:row>
<mg:ln file="1" number="87" class="R"><mg:sg class="R"><mg:s/>*/<mg:lf/></mg:sg></mg:ln>
</mg:row>
<mg:row>
<mg:ln file="1" number="88" class="R"><mg:sg class="R">@property(</mg:sg><mg:sg class="R">nonatomic,</mg:sg><mg:sg class="R"><mg:s/>readonly)</mg:sg><mg:sg class="R"><mg:s/>NSString<mg:s/></mg:sg><mg:sg class="R">*imageUUID</mg:sg><mg:sg class="R">;<mg:lf/></mg:sg></mg:ln>
</mg:row>
<mg:row>
<mg:ln file="1" number="89" class="R"><mg:sg class="R"><mg:lf/></mg:sg></mg:ln>
</mg:row>
<mg:row>
<mg:ln file="1" number="90" class="R"><mg:sg class="R">@end<mg:lf/></mg:sg></mg:ln>
</mg:row>
</mg:rowGroup>
</mg:rowData>
</mg:report>
