﻿<?xml version="1.0" encoding="UTF-8" ?>

<mg:report version="1.0" xmlns:mg="http://www.araxis.com/2002/Merge/Reporting" type="FileComparison">
<mg:metaData>
  <mg:title>Araxis Merge File Comparison Report</mg:title>
  <mg:id show="true">1111</mg:id>
  <mg:date>2019/4/19 20:25:41</mg:date>
<mg:options>
<mg:option name="clIgnoreDifferencesInWhitespaceAtTheStartOfLines">0</mg:option>
<mg:option name="clIgnoreDifferencesInWhitespaceAtTheEndOfLines">0</mg:option>
<mg:option name="clTreatConsecutiveWhitespaceAsASingleSpace">1</mg:option>
<mg:option name="clIgnoreAllDifferencesInWhitespace">0</mg:option>
<mg:option name="clWhitespaceSignificant">0</mg:option>
<mg:option name="clIgnoreCase">0</mg:option>
<mg:option name="clIgnoreLineEndings">1</mg:option>
<mg:option name="clHideCRLF">1</mg:option>
<mg:option name="clShowLineNums">1</mg:option>
<mg:option name="clShowOmittedLinesRow">0</mg:option>

<mg:regexps>
<mg:regexp enabled="false">
<mg:expression>^[ \t]*$</mg:expression>
<mg:description>Blank lines</mg:description>
</mg:regexp>
<mg:regexp enabled="false">
<mg:expression>[ \t]*//[^&quot;]*$</mg:expression>
<mg:description>C++ comments</mg:description>
</mg:regexp>
<mg:regexp enabled="false">
<mg:expression>^[ \t]*//.*\$(Date|Archive|Author|Header|JustDate|Modtime|Revision|Workfile):.*\$.*$</mg:expression>
<mg:description>SourceSafe comments</mg:description>
</mg:regexp>
<mg:regexp enabled="false">
<mg:expression>^[ \t]*//(:(Header|Source):|.*Generated.*Genitor).*\$</mg:expression>
<mg:description>Genitor comments</mg:description>
</mg:regexp>
<mg:regexp enabled="false">
<mg:expression>\$(Archive|Author|Date|Header|JustDate|Logfile|Modtime|Revision|Workfile):[^$]*\$</mg:expression>
<mg:description>SourceSafe keywords</mg:description>
</mg:regexp>
<mg:regexp enabled="false">
<mg:expression>^[ \t]*'.*$</mg:expression>
<mg:description>Visual Basic comments</mg:description>
</mg:regexp>
<mg:regexp enabled="false">
<mg:expression>\$(Author|Date|Header|Id|Locker|Name|RCSfile|Revision|Source|State):[^$]*\$</mg:expression>
<mg:description>CVS comments</mg:description>
</mg:regexp>
<mg:regexp enabled="false">
<mg:expression>\$(ACident|ACheader|AClog|ACpart|ACversion|Author|Date|Header|Line|Locker|Log|Revision|Smsfile|Smspath|Today|Vcfile|Vcpath|Workfile):?[^$]*\$</mg:expression>
<mg:description>AllChange keywords</mg:description>
</mg:regexp>
<mg:regexp enabled="false">
<mg:expression></mg:expression>
<mg:description></mg:description>
</mg:regexp>
<mg:regexp enabled="false">
<mg:expression></mg:expression>
<mg:description></mg:description>
</mg:regexp>
</mg:regexps>
</mg:options>
<mg:fileDetails file="1">
  <mg:name>View+MASShorthandAdditions.h</mg:name>
  <mg:title></mg:title>
  <mg:location>E:\MA75\Branch_20190409\Prototypes\Sky\Sky\iphoneos\Netease\Masonry</mg:location>
  <mg:lastModified>Fri Apr 19 11:02:13 2019 UTC</mg:lastModified>
</mg:fileDetails>
<mg:fileDetails file="2">
  <mg:name></mg:name>
  <mg:title></mg:title>
  <mg:location></mg:location>
  <mg:lastModified>Fri Apr 19 12:25:41 2019 UTC</mg:lastModified>
</mg:fileDetails>
<mg:fileDetails file="3">
  <mg:name></mg:name>
  <mg:title></mg:title>
  <mg:location></mg:location>
  <mg:lastModified>Fri Apr 19 12:25:41 2019 UTC</mg:lastModified>
</mg:fileDetails>
<mg:changeSummaries>
  <mg:changeSummary files="1,2">
	  <mg:changeCount type="unchanged" blocks1="0" blocks2="0" blocks="0" lines1="0" lines2="0" lines="0" />
	  <mg:changeCount type="removed" blocks1="1" blocks2="0" blocks="1" lines1="138" lines2="0" lines="138" />
	  <mg:changeCount type="inserted" blocks1="0" blocks2="0" blocks="0" lines1="0" lines2="0" lines="0" />
	  <mg:changeCount type="changed" blocks1="0" blocks2="0" blocks="0" lines1="0" lines2="0" lines="0" />
  </mg:changeSummary>
<mg:changeSummary files="2,3">
	  <mg:changeCount type="unchanged" blocks1="0" blocks2="0" blocks="0" lines1="0" lines2="0" lines="0" />
	  <mg:changeCount type="removed" blocks1="0" blocks2="0" blocks="0" lines1="0" lines2="0" lines="0" />
	  <mg:changeCount type="inserted" blocks1="0" blocks2="0" blocks="0" lines1="0" lines2="0" lines="0" />
	  <mg:changeCount type="changed" blocks1="0" blocks2="0" blocks="0" lines1="0" lines2="0" lines="0" />
  </mg:changeSummary>
<mg:changeSummary files="1,2,3"><mg:changeCount type="removed" blocks="0" lines="0"/><mg:changeCount type="inserted" blocks="1" lines="138"/><mg:changeCount type="changed" blocks="0" lines="0"/><mg:changeCount type="conflicts" count="0"/></mg:changeSummary></mg:changeSummaries>
		<mg:classes file="1">
<mg:class name="U">
<mg:cssAttribute name="color">#000000</mg:cssAttribute>
<mg:cssAttribute name="background-color">#FFFFFF</mg:cssAttribute>
<mg:cssAttribute name="font-family">Consolas</mg:cssAttribute>
<mg:cssAttribute name="font-weight">normal</mg:cssAttribute>
<mg:cssAttribute name="font-style">normal</mg:cssAttribute>
<mg:cssAttribute name="font-size">9pt</mg:cssAttribute>
<mg:cssAttribute name="text-decoration">none</mg:cssAttribute>
</mg:class>
<mg:class name="R">
<mg:cssAttribute name="color">#800000</mg:cssAttribute>
<mg:cssAttribute name="background-color">#F3E6D8</mg:cssAttribute>
<mg:cssAttribute name="font-family">Consolas</mg:cssAttribute>
<mg:cssAttribute name="font-weight">normal</mg:cssAttribute>
<mg:cssAttribute name="font-style">normal</mg:cssAttribute>
<mg:cssAttribute name="font-size">9pt</mg:cssAttribute>
<mg:cssAttribute name="text-decoration">none</mg:cssAttribute>
</mg:class>
<mg:class name="I">
<mg:cssAttribute name="color">#800000</mg:cssAttribute>
<mg:cssAttribute name="background-color">#D1E8CF</mg:cssAttribute>
<mg:cssAttribute name="font-family">Consolas</mg:cssAttribute>
<mg:cssAttribute name="font-weight">normal</mg:cssAttribute>
<mg:cssAttribute name="font-style">normal</mg:cssAttribute>
<mg:cssAttribute name="font-size">9pt</mg:cssAttribute>
<mg:cssAttribute name="text-decoration">none</mg:cssAttribute>
</mg:class>
<mg:class name="C">
<mg:cssAttribute name="color">#800000</mg:cssAttribute>
<mg:cssAttribute name="background-color">#DACDE6</mg:cssAttribute>
<mg:cssAttribute name="font-family">Consolas</mg:cssAttribute>
<mg:cssAttribute name="font-weight">normal</mg:cssAttribute>
<mg:cssAttribute name="font-style">normal</mg:cssAttribute>
<mg:cssAttribute name="font-size">9pt</mg:cssAttribute>
<mg:cssAttribute name="text-decoration">none</mg:cssAttribute>
</mg:class>
		</mg:classes>
		<mg:classes file="2">
<mg:class name="UU">
<mg:cssAttribute name="color">#000000</mg:cssAttribute>
<mg:cssAttribute name="background-color">#FFFFFF</mg:cssAttribute>
<mg:cssAttribute name="font-family">Consolas</mg:cssAttribute>
<mg:cssAttribute name="font-weight">normal</mg:cssAttribute>
<mg:cssAttribute name="font-style">normal</mg:cssAttribute>
<mg:cssAttribute name="font-size">9pt</mg:cssAttribute>
<mg:cssAttribute name="text-decoration">none</mg:cssAttribute>
</mg:class>
<mg:class name="UR">
<mg:cssAttribute name="color">#400000</mg:cssAttribute>
<mg:cssAttribute name="background-color">#F9F2EB</mg:cssAttribute>
<mg:cssAttribute name="font-family">Consolas</mg:cssAttribute>
<mg:cssAttribute name="font-weight">normal</mg:cssAttribute>
<mg:cssAttribute name="font-style">normal</mg:cssAttribute>
<mg:cssAttribute name="font-size">9pt</mg:cssAttribute>
<mg:cssAttribute name="text-decoration">none</mg:cssAttribute>
</mg:class>
<mg:class name="UI">
<mg:cssAttribute name="color">#400000</mg:cssAttribute>
<mg:cssAttribute name="background-color">#E8F3E7</mg:cssAttribute>
<mg:cssAttribute name="font-family">Consolas</mg:cssAttribute>
<mg:cssAttribute name="font-weight">normal</mg:cssAttribute>
<mg:cssAttribute name="font-style">normal</mg:cssAttribute>
<mg:cssAttribute name="font-size">9pt</mg:cssAttribute>
<mg:cssAttribute name="text-decoration">none</mg:cssAttribute>
</mg:class>
<mg:class name="UC">
<mg:cssAttribute name="color">#400000</mg:cssAttribute>
<mg:cssAttribute name="background-color">#ECE6F2</mg:cssAttribute>
<mg:cssAttribute name="font-family">Consolas</mg:cssAttribute>
<mg:cssAttribute name="font-weight">normal</mg:cssAttribute>
<mg:cssAttribute name="font-style">normal</mg:cssAttribute>
<mg:cssAttribute name="font-size">9pt</mg:cssAttribute>
<mg:cssAttribute name="text-decoration">none</mg:cssAttribute>
</mg:class>
<mg:class name="RU">
<mg:cssAttribute name="color">#400000</mg:cssAttribute>
<mg:cssAttribute name="background-color">#F9F2EB</mg:cssAttribute>
<mg:cssAttribute name="font-family">Consolas</mg:cssAttribute>
<mg:cssAttribute name="font-weight">normal</mg:cssAttribute>
<mg:cssAttribute name="font-style">normal</mg:cssAttribute>
<mg:cssAttribute name="font-size">9pt</mg:cssAttribute>
<mg:cssAttribute name="text-decoration">none</mg:cssAttribute>
</mg:class>
<mg:class name="RR">
<mg:cssAttribute name="color">#800000</mg:cssAttribute>
<mg:cssAttribute name="background-color">#F3E6D8</mg:cssAttribute>
<mg:cssAttribute name="font-family">Consolas</mg:cssAttribute>
<mg:cssAttribute name="font-weight">normal</mg:cssAttribute>
<mg:cssAttribute name="font-style">normal</mg:cssAttribute>
<mg:cssAttribute name="font-size">9pt</mg:cssAttribute>
<mg:cssAttribute name="text-decoration">none</mg:cssAttribute>
</mg:class>
<mg:class name="RI">
<mg:cssAttribute name="color">#800000</mg:cssAttribute>
<mg:cssAttribute name="background-color">#E2E7D3</mg:cssAttribute>
<mg:cssAttribute name="font-family">Consolas</mg:cssAttribute>
<mg:cssAttribute name="font-weight">normal</mg:cssAttribute>
<mg:cssAttribute name="font-style">normal</mg:cssAttribute>
<mg:cssAttribute name="font-size">9pt</mg:cssAttribute>
<mg:cssAttribute name="text-decoration">none</mg:cssAttribute>
</mg:class>
<mg:class name="RC">
<mg:cssAttribute name="color">#800000</mg:cssAttribute>
<mg:cssAttribute name="background-color">#E6D9DF</mg:cssAttribute>
<mg:cssAttribute name="font-family">Consolas</mg:cssAttribute>
<mg:cssAttribute name="font-weight">normal</mg:cssAttribute>
<mg:cssAttribute name="font-style">normal</mg:cssAttribute>
<mg:cssAttribute name="font-size">9pt</mg:cssAttribute>
<mg:cssAttribute name="text-decoration">none</mg:cssAttribute>
</mg:class>
<mg:class name="IU">
<mg:cssAttribute name="color">#400000</mg:cssAttribute>
<mg:cssAttribute name="background-color">#E8F3E7</mg:cssAttribute>
<mg:cssAttribute name="font-family">Consolas</mg:cssAttribute>
<mg:cssAttribute name="font-weight">normal</mg:cssAttribute>
<mg:cssAttribute name="font-style">normal</mg:cssAttribute>
<mg:cssAttribute name="font-size">9pt</mg:cssAttribute>
<mg:cssAttribute name="text-decoration">none</mg:cssAttribute>
</mg:class>
<mg:class name="IR">
<mg:cssAttribute name="color">#800000</mg:cssAttribute>
<mg:cssAttribute name="background-color">#E2E7D3</mg:cssAttribute>
<mg:cssAttribute name="font-family">Consolas</mg:cssAttribute>
<mg:cssAttribute name="font-weight">normal</mg:cssAttribute>
<mg:cssAttribute name="font-style">normal</mg:cssAttribute>
<mg:cssAttribute name="font-size">9pt</mg:cssAttribute>
<mg:cssAttribute name="text-decoration">none</mg:cssAttribute>
</mg:class>
<mg:class name="II">
<mg:cssAttribute name="color">#800000</mg:cssAttribute>
<mg:cssAttribute name="background-color">#D1E8CF</mg:cssAttribute>
<mg:cssAttribute name="font-family">Consolas</mg:cssAttribute>
<mg:cssAttribute name="font-weight">normal</mg:cssAttribute>
<mg:cssAttribute name="font-style">normal</mg:cssAttribute>
<mg:cssAttribute name="font-size">9pt</mg:cssAttribute>
<mg:cssAttribute name="text-decoration">none</mg:cssAttribute>
</mg:class>
<mg:class name="IC">
<mg:cssAttribute name="color">#800000</mg:cssAttribute>
<mg:cssAttribute name="background-color">#D5DADA</mg:cssAttribute>
<mg:cssAttribute name="font-family">Consolas</mg:cssAttribute>
<mg:cssAttribute name="font-weight">normal</mg:cssAttribute>
<mg:cssAttribute name="font-style">normal</mg:cssAttribute>
<mg:cssAttribute name="font-size">9pt</mg:cssAttribute>
<mg:cssAttribute name="text-decoration">none</mg:cssAttribute>
</mg:class>
<mg:class name="CU">
<mg:cssAttribute name="color">#400000</mg:cssAttribute>
<mg:cssAttribute name="background-color">#ECE6F2</mg:cssAttribute>
<mg:cssAttribute name="font-family">Consolas</mg:cssAttribute>
<mg:cssAttribute name="font-weight">normal</mg:cssAttribute>
<mg:cssAttribute name="font-style">normal</mg:cssAttribute>
<mg:cssAttribute name="font-size">9pt</mg:cssAttribute>
<mg:cssAttribute name="text-decoration">none</mg:cssAttribute>
</mg:class>
<mg:class name="CR">
<mg:cssAttribute name="color">#800000</mg:cssAttribute>
<mg:cssAttribute name="background-color">#E6D9DF</mg:cssAttribute>
<mg:cssAttribute name="font-family">Consolas</mg:cssAttribute>
<mg:cssAttribute name="font-weight">normal</mg:cssAttribute>
<mg:cssAttribute name="font-style">normal</mg:cssAttribute>
<mg:cssAttribute name="font-size">9pt</mg:cssAttribute>
<mg:cssAttribute name="text-decoration">none</mg:cssAttribute>
</mg:class>
<mg:class name="CI">
<mg:cssAttribute name="color">#800000</mg:cssAttribute>
<mg:cssAttribute name="background-color">#D5DADA</mg:cssAttribute>
<mg:cssAttribute name="font-family">Consolas</mg:cssAttribute>
<mg:cssAttribute name="font-weight">normal</mg:cssAttribute>
<mg:cssAttribute name="font-style">normal</mg:cssAttribute>
<mg:cssAttribute name="font-size">9pt</mg:cssAttribute>
<mg:cssAttribute name="text-decoration">none</mg:cssAttribute>
</mg:class>
<mg:class name="CC">
<mg:cssAttribute name="color">#800000</mg:cssAttribute>
<mg:cssAttribute name="background-color">#DACDE6</mg:cssAttribute>
<mg:cssAttribute name="font-family">Consolas</mg:cssAttribute>
<mg:cssAttribute name="font-weight">normal</mg:cssAttribute>
<mg:cssAttribute name="font-style">normal</mg:cssAttribute>
<mg:cssAttribute name="font-size">9pt</mg:cssAttribute>
<mg:cssAttribute name="text-decoration">none</mg:cssAttribute>
</mg:class>
		</mg:classes>
		<mg:classes file="3">
<mg:class name="U">
<mg:cssAttribute name="color">#000000</mg:cssAttribute>
<mg:cssAttribute name="background-color">#FFFFFF</mg:cssAttribute>
<mg:cssAttribute name="font-family">Consolas</mg:cssAttribute>
<mg:cssAttribute name="font-weight">normal</mg:cssAttribute>
<mg:cssAttribute name="font-style">normal</mg:cssAttribute>
<mg:cssAttribute name="font-size">9pt</mg:cssAttribute>
<mg:cssAttribute name="text-decoration">none</mg:cssAttribute>
</mg:class>
<mg:class name="R">
<mg:cssAttribute name="color">#800000</mg:cssAttribute>
<mg:cssAttribute name="background-color">#F3E6D8</mg:cssAttribute>
<mg:cssAttribute name="font-family">Consolas</mg:cssAttribute>
<mg:cssAttribute name="font-weight">normal</mg:cssAttribute>
<mg:cssAttribute name="font-style">normal</mg:cssAttribute>
<mg:cssAttribute name="font-size">9pt</mg:cssAttribute>
<mg:cssAttribute name="text-decoration">none</mg:cssAttribute>
</mg:class>
<mg:class name="I">
<mg:cssAttribute name="color">#800000</mg:cssAttribute>
<mg:cssAttribute name="background-color">#D1E8CF</mg:cssAttribute>
<mg:cssAttribute name="font-family">Consolas</mg:cssAttribute>
<mg:cssAttribute name="font-weight">normal</mg:cssAttribute>
<mg:cssAttribute name="font-style">normal</mg:cssAttribute>
<mg:cssAttribute name="font-size">9pt</mg:cssAttribute>
<mg:cssAttribute name="text-decoration">none</mg:cssAttribute>
</mg:class>
<mg:class name="C">
<mg:cssAttribute name="color">#800000</mg:cssAttribute>
<mg:cssAttribute name="background-color">#DACDE6</mg:cssAttribute>
<mg:cssAttribute name="font-family">Consolas</mg:cssAttribute>
<mg:cssAttribute name="font-weight">normal</mg:cssAttribute>
<mg:cssAttribute name="font-style">normal</mg:cssAttribute>
<mg:cssAttribute name="font-size">9pt</mg:cssAttribute>
<mg:cssAttribute name="text-decoration">none</mg:cssAttribute>
</mg:class>
		</mg:classes>
</mg:metaData>
<mg:rowData>
<mg:rowGroup>
<mg:row>
<mg:ln file="1" number="1" class="R"><mg:sg class="R">//<mg:lf/></mg:sg></mg:ln>
</mg:row>
<mg:row>
<mg:ln file="1" number="2" class="R"><mg:sg class="R">//<mg:s/><mg:s/>UIView</mg:sg><mg:sg class="R">+MASShorth</mg:sg><mg:sg class="R">andAdditio</mg:sg><mg:sg class="R">ns.h<mg:lf/></mg:sg></mg:ln>
</mg:row>
<mg:row>
<mg:ln file="1" number="3" class="R"><mg:sg class="R">//<mg:s/><mg:s/>Masonr</mg:sg><mg:sg class="R">y<mg:lf/></mg:sg></mg:ln>
</mg:row>
<mg:row>
<mg:ln file="1" number="4" class="R"><mg:sg class="R">//<mg:lf/></mg:sg></mg:ln>
</mg:row>
<mg:row>
<mg:ln file="1" number="5" class="R"><mg:sg class="R">//<mg:s/><mg:s/>Create</mg:sg><mg:sg class="R">d<mg:s/>by<mg:s/>Jonas</mg:sg><mg:sg class="R"><mg:s/>Budelmann</mg:sg><mg:sg class="R"><mg:s/>on<mg:s/>22/07/</mg:sg><mg:sg class="R">13.<mg:lf/></mg:sg></mg:ln>
</mg:row>
<mg:row>
<mg:ln file="1" number="6" class="R"><mg:sg class="R">//<mg:s/><mg:s/>Copyri</mg:sg><mg:sg class="R">ght<mg:s/>(c)<mg:s/>20</mg:sg><mg:sg class="R">13<mg:s/>Jonas<mg:s/>B</mg:sg><mg:sg class="R">udelmann.<mg:s/></mg:sg><mg:sg class="R">All<mg:s/>rights</mg:sg><mg:sg class="R"><mg:s/>reserved.</mg:sg><mg:sg class="R"><mg:lf/></mg:sg></mg:ln>
</mg:row>
<mg:row>
<mg:ln file="1" number="7" class="R"><mg:sg class="R">//<mg:lf/></mg:sg></mg:ln>
</mg:row>
<mg:row>
<mg:ln file="1" number="8" class="R"><mg:sg class="R"><mg:lf/></mg:sg></mg:ln>
</mg:row>
<mg:row>
<mg:ln file="1" number="9" class="R"><mg:sg class="R">#import<mg:s/>&quot;V</mg:sg><mg:sg class="R">iew+MASAdd</mg:sg><mg:sg class="R">itions.h&quot;<mg:lf/></mg:sg></mg:ln>
</mg:row>
<mg:row>
<mg:ln file="1" number="10" class="R"><mg:sg class="R"><mg:lf/></mg:sg></mg:ln>
</mg:row>
<mg:row>
<mg:ln file="1" number="11" class="R"><mg:sg class="R">#ifdef<mg:s/>MAS</mg:sg><mg:sg class="R">_SHORTHAND</mg:sg><mg:sg class="R"><mg:lf/></mg:sg></mg:ln>
</mg:row>
<mg:row>
<mg:ln file="1" number="12" class="R"><mg:sg class="R"><mg:lf/></mg:sg></mg:ln>
</mg:row>
<mg:row>
<mg:ln file="1" number="13" class="R"><mg:sg class="R">/**<mg:lf/></mg:sg></mg:ln>
</mg:row>
<mg:row>
<mg:ln file="1" number="14" class="R"><mg:sg class="R"><mg:s/>*<mg:s/><mg:s/><mg:s/><mg:s/><mg:s/><mg:s/>Sh</mg:sg><mg:sg class="R">orthand<mg:s/>vi</mg:sg><mg:sg class="R">ew<mg:s/>additio</mg:sg><mg:sg class="R">ns<mg:s/>without</mg:sg><mg:sg class="R"><mg:s/>the<mg:s/>'mas_</mg:sg><mg:sg class="R">'<mg:s/>prefixes</mg:sg><mg:sg class="R">,<mg:lf/></mg:sg></mg:ln>
</mg:row>
<mg:row>
<mg:ln file="1" number="15" class="R"><mg:sg class="R"><mg:s/>*<mg:s/><mg:s/>only<mg:s/>e</mg:sg><mg:sg class="R">nabled<mg:s/>if<mg:s/></mg:sg><mg:sg class="R">MAS_SHORTH</mg:sg><mg:sg class="R">AND<mg:s/>is<mg:s/>def</mg:sg><mg:sg class="R">ined<mg:lf/></mg:sg></mg:ln>
</mg:row>
<mg:row>
<mg:ln file="1" number="16" class="R"><mg:sg class="R"><mg:s/>*/<mg:lf/></mg:sg></mg:ln>
</mg:row>
<mg:row>
<mg:ln file="1" number="17" class="R"><mg:sg class="R">@interface</mg:sg><mg:sg class="R"><mg:s/>MAS_VIEW<mg:s/></mg:sg><mg:sg class="R">(MASShorth</mg:sg><mg:sg class="R">andAdditio</mg:sg><mg:sg class="R">ns)<mg:lf/></mg:sg></mg:ln>
</mg:row>
<mg:row>
<mg:ln file="1" number="18" class="R"><mg:sg class="R"><mg:lf/></mg:sg></mg:ln>
</mg:row>
<mg:row>
<mg:ln file="1" number="19" class="R"><mg:sg class="R">@property<mg:s/></mg:sg><mg:sg class="R">(nonatomic</mg:sg><mg:sg class="R">,<mg:s/>strong,<mg:s/></mg:sg><mg:sg class="R">readonly)<mg:s/></mg:sg><mg:sg class="R">MASViewAtt</mg:sg><mg:sg class="R">ribute<mg:s/>*le</mg:sg><mg:sg class="R">ft;<mg:lf/></mg:sg></mg:ln>
</mg:row>
<mg:row>
<mg:ln file="1" number="20" class="R"><mg:sg class="R">@property<mg:s/></mg:sg><mg:sg class="R">(nonatomic</mg:sg><mg:sg class="R">,<mg:s/>strong,<mg:s/></mg:sg><mg:sg class="R">readonly)<mg:s/></mg:sg><mg:sg class="R">MASViewAtt</mg:sg><mg:sg class="R">ribute<mg:s/>*to</mg:sg><mg:sg class="R">p;<mg:lf/></mg:sg></mg:ln>
</mg:row>
<mg:row>
<mg:ln file="1" number="21" class="R"><mg:sg class="R">@property<mg:s/></mg:sg><mg:sg class="R">(nonatomic</mg:sg><mg:sg class="R">,<mg:s/>strong,<mg:s/></mg:sg><mg:sg class="R">readonly)<mg:s/></mg:sg><mg:sg class="R">MASViewAtt</mg:sg><mg:sg class="R">ribute<mg:s/>*ri</mg:sg><mg:sg class="R">ght;<mg:lf/></mg:sg></mg:ln>
</mg:row>
<mg:row>
<mg:ln file="1" number="22" class="R"><mg:sg class="R">@property<mg:s/></mg:sg><mg:sg class="R">(nonatomic</mg:sg><mg:sg class="R">,<mg:s/>strong,<mg:s/></mg:sg><mg:sg class="R">readonly)<mg:s/></mg:sg><mg:sg class="R">MASViewAtt</mg:sg><mg:sg class="R">ribute<mg:s/>*bo</mg:sg><mg:sg class="R">ttom;<mg:lf/></mg:sg></mg:ln>
</mg:row>
<mg:row>
<mg:ln file="1" number="23" class="R"><mg:sg class="R">@property<mg:s/></mg:sg><mg:sg class="R">(nonatomic</mg:sg><mg:sg class="R">,<mg:s/>strong,<mg:s/></mg:sg><mg:sg class="R">readonly)<mg:s/></mg:sg><mg:sg class="R">MASViewAtt</mg:sg><mg:sg class="R">ribute<mg:s/>*le</mg:sg><mg:sg class="R">ading;<mg:lf/></mg:sg></mg:ln>
</mg:row>
<mg:row>
<mg:ln file="1" number="24" class="R"><mg:sg class="R">@property<mg:s/></mg:sg><mg:sg class="R">(nonatomic</mg:sg><mg:sg class="R">,<mg:s/>strong,<mg:s/></mg:sg><mg:sg class="R">readonly)<mg:s/></mg:sg><mg:sg class="R">MASViewAtt</mg:sg><mg:sg class="R">ribute<mg:s/>*tr</mg:sg><mg:sg class="R">ailing;<mg:lf/></mg:sg></mg:ln>
</mg:row>
<mg:row>
<mg:ln file="1" number="25" class="R"><mg:sg class="R">@property<mg:s/></mg:sg><mg:sg class="R">(nonatomic</mg:sg><mg:sg class="R">,<mg:s/>strong,<mg:s/></mg:sg><mg:sg class="R">readonly)<mg:s/></mg:sg><mg:sg class="R">MASViewAtt</mg:sg><mg:sg class="R">ribute<mg:s/>*wi</mg:sg><mg:sg class="R">dth;<mg:lf/></mg:sg></mg:ln>
</mg:row>
<mg:row>
<mg:ln file="1" number="26" class="R"><mg:sg class="R">@property<mg:s/></mg:sg><mg:sg class="R">(nonatomic</mg:sg><mg:sg class="R">,<mg:s/>strong,<mg:s/></mg:sg><mg:sg class="R">readonly)<mg:s/></mg:sg><mg:sg class="R">MASViewAtt</mg:sg><mg:sg class="R">ribute<mg:s/>*he</mg:sg><mg:sg class="R">ight;<mg:lf/></mg:sg></mg:ln>
</mg:row>
<mg:row>
<mg:ln file="1" number="27" class="R"><mg:sg class="R">@property<mg:s/></mg:sg><mg:sg class="R">(nonatomic</mg:sg><mg:sg class="R">,<mg:s/>strong,<mg:s/></mg:sg><mg:sg class="R">readonly)<mg:s/></mg:sg><mg:sg class="R">MASViewAtt</mg:sg><mg:sg class="R">ribute<mg:s/>*ce</mg:sg><mg:sg class="R">nterX;<mg:lf/></mg:sg></mg:ln>
</mg:row>
<mg:row>
<mg:ln file="1" number="28" class="R"><mg:sg class="R">@property<mg:s/></mg:sg><mg:sg class="R">(nonatomic</mg:sg><mg:sg class="R">,<mg:s/>strong,<mg:s/></mg:sg><mg:sg class="R">readonly)<mg:s/></mg:sg><mg:sg class="R">MASViewAtt</mg:sg><mg:sg class="R">ribute<mg:s/>*ce</mg:sg><mg:sg class="R">nterY;<mg:lf/></mg:sg></mg:ln>
</mg:row>
<mg:row>
<mg:ln file="1" number="29" class="R"><mg:sg class="R">@property<mg:s/></mg:sg><mg:sg class="R">(nonatomic</mg:sg><mg:sg class="R">,<mg:s/>strong,<mg:s/></mg:sg><mg:sg class="R">readonly)<mg:s/></mg:sg><mg:sg class="R">MASViewAtt</mg:sg><mg:sg class="R">ribute<mg:s/>*ba</mg:sg><mg:sg class="R">seline;<mg:lf/></mg:sg></mg:ln>
</mg:row>
<mg:row>
<mg:ln file="1" number="30" class="R"><mg:sg class="R">@property<mg:s/></mg:sg><mg:sg class="R">(nonatomic</mg:sg><mg:sg class="R">,<mg:s/>strong,<mg:s/></mg:sg><mg:sg class="R">readonly)<mg:s/></mg:sg><mg:sg class="R">MASViewAtt</mg:sg><mg:sg class="R">ribute<mg:s/>*(^</mg:sg><mg:sg class="R">attribute)</mg:sg><mg:sg class="R">(NSLayoutA</mg:sg><mg:sg class="R">ttribute<mg:s/>a</mg:sg><mg:sg class="R">ttr);<mg:lf/></mg:sg></mg:ln>
</mg:row>
<mg:row>
<mg:ln file="1" number="31" class="R"><mg:sg class="R"><mg:lf/></mg:sg></mg:ln>
</mg:row>
<mg:row>
<mg:ln file="1" number="32" class="R"><mg:sg class="R">@property<mg:s/></mg:sg><mg:sg class="R">(nonatomic</mg:sg><mg:sg class="R">,<mg:s/>strong,<mg:s/></mg:sg><mg:sg class="R">readonly)<mg:s/></mg:sg><mg:sg class="R">MASViewAtt</mg:sg><mg:sg class="R">ribute<mg:s/>*fi</mg:sg><mg:sg class="R">rstBaselin</mg:sg><mg:sg class="R">e;<mg:lf/></mg:sg></mg:ln>
</mg:row>
<mg:row>
<mg:ln file="1" number="33" class="R"><mg:sg class="R">@property<mg:s/></mg:sg><mg:sg class="R">(nonatomic</mg:sg><mg:sg class="R">,<mg:s/>strong,<mg:s/></mg:sg><mg:sg class="R">readonly)<mg:s/></mg:sg><mg:sg class="R">MASViewAtt</mg:sg><mg:sg class="R">ribute<mg:s/>*la</mg:sg><mg:sg class="R">stBaseline</mg:sg><mg:sg class="R">;<mg:lf/></mg:sg></mg:ln>
</mg:row>
<mg:row>
<mg:ln file="1" number="34" class="R"><mg:sg class="R"><mg:lf/></mg:sg></mg:ln>
</mg:row>
<mg:row>
<mg:ln file="1" number="35" class="R"><mg:sg class="R">#if<mg:s/>TARGET</mg:sg><mg:sg class="R">_OS_IPHONE</mg:sg><mg:sg class="R"><mg:s/>||<mg:s/>TARGET</mg:sg><mg:sg class="R">_OS_TV<mg:lf/></mg:sg></mg:ln>
</mg:row>
<mg:row>
<mg:ln file="1" number="36" class="R"><mg:sg class="R"><mg:lf/></mg:sg></mg:ln>
</mg:row>
<mg:row>
<mg:ln file="1" number="37" class="R"><mg:sg class="R">@property<mg:s/></mg:sg><mg:sg class="R">(nonatomic</mg:sg><mg:sg class="R">,<mg:s/>strong,<mg:s/></mg:sg><mg:sg class="R">readonly)<mg:s/></mg:sg><mg:sg class="R">MASViewAtt</mg:sg><mg:sg class="R">ribute<mg:s/>*le</mg:sg><mg:sg class="R">ftMargin;<mg:lf/></mg:sg></mg:ln>
</mg:row>
<mg:row>
<mg:ln file="1" number="38" class="R"><mg:sg class="R">@property<mg:s/></mg:sg><mg:sg class="R">(nonatomic</mg:sg><mg:sg class="R">,<mg:s/>strong,<mg:s/></mg:sg><mg:sg class="R">readonly)<mg:s/></mg:sg><mg:sg class="R">MASViewAtt</mg:sg><mg:sg class="R">ribute<mg:s/>*ri</mg:sg><mg:sg class="R">ghtMargin;</mg:sg><mg:sg class="R"><mg:lf/></mg:sg></mg:ln>
</mg:row>
<mg:row>
<mg:ln file="1" number="39" class="R"><mg:sg class="R">@property<mg:s/></mg:sg><mg:sg class="R">(nonatomic</mg:sg><mg:sg class="R">,<mg:s/>strong,<mg:s/></mg:sg><mg:sg class="R">readonly)<mg:s/></mg:sg><mg:sg class="R">MASViewAtt</mg:sg><mg:sg class="R">ribute<mg:s/>*to</mg:sg><mg:sg class="R">pMargin;<mg:lf/></mg:sg></mg:ln>
</mg:row>
<mg:row>
<mg:ln file="1" number="40" class="R"><mg:sg class="R">@property<mg:s/></mg:sg><mg:sg class="R">(nonatomic</mg:sg><mg:sg class="R">,<mg:s/>strong,<mg:s/></mg:sg><mg:sg class="R">readonly)<mg:s/></mg:sg><mg:sg class="R">MASViewAtt</mg:sg><mg:sg class="R">ribute<mg:s/>*bo</mg:sg><mg:sg class="R">ttomMargin</mg:sg><mg:sg class="R">;<mg:lf/></mg:sg></mg:ln>
</mg:row>
<mg:row>
<mg:ln file="1" number="41" class="R"><mg:sg class="R">@property<mg:s/></mg:sg><mg:sg class="R">(nonatomic</mg:sg><mg:sg class="R">,<mg:s/>strong,<mg:s/></mg:sg><mg:sg class="R">readonly)<mg:s/></mg:sg><mg:sg class="R">MASViewAtt</mg:sg><mg:sg class="R">ribute<mg:s/>*le</mg:sg><mg:sg class="R">adingMargi</mg:sg><mg:sg class="R">n;<mg:lf/></mg:sg></mg:ln>
</mg:row>
<mg:row>
<mg:ln file="1" number="42" class="R"><mg:sg class="R">@property<mg:s/></mg:sg><mg:sg class="R">(nonatomic</mg:sg><mg:sg class="R">,<mg:s/>strong,<mg:s/></mg:sg><mg:sg class="R">readonly)<mg:s/></mg:sg><mg:sg class="R">MASViewAtt</mg:sg><mg:sg class="R">ribute<mg:s/>*tr</mg:sg><mg:sg class="R">ailingMarg</mg:sg><mg:sg class="R">in;<mg:lf/></mg:sg></mg:ln>
</mg:row>
<mg:row>
<mg:ln file="1" number="43" class="R"><mg:sg class="R">@property<mg:s/></mg:sg><mg:sg class="R">(nonatomic</mg:sg><mg:sg class="R">,<mg:s/>strong,<mg:s/></mg:sg><mg:sg class="R">readonly)<mg:s/></mg:sg><mg:sg class="R">MASViewAtt</mg:sg><mg:sg class="R">ribute<mg:s/>*ce</mg:sg><mg:sg class="R">nterXWithi</mg:sg><mg:sg class="R">nMargins;<mg:lf/></mg:sg></mg:ln>
</mg:row>
<mg:row>
<mg:ln file="1" number="44" class="R"><mg:sg class="R">@property<mg:s/></mg:sg><mg:sg class="R">(nonatomic</mg:sg><mg:sg class="R">,<mg:s/>strong,<mg:s/></mg:sg><mg:sg class="R">readonly)<mg:s/></mg:sg><mg:sg class="R">MASViewAtt</mg:sg><mg:sg class="R">ribute<mg:s/>*ce</mg:sg><mg:sg class="R">nterYWithi</mg:sg><mg:sg class="R">nMargins;<mg:lf/></mg:sg></mg:ln>
</mg:row>
<mg:row>
<mg:ln file="1" number="45" class="R"><mg:sg class="R"><mg:lf/></mg:sg></mg:ln>
</mg:row>
<mg:row>
<mg:ln file="1" number="46" class="R"><mg:sg class="R">#endif<mg:lf/></mg:sg></mg:ln>
</mg:row>
<mg:row>
<mg:ln file="1" number="47" class="R"><mg:sg class="R"><mg:lf/></mg:sg></mg:ln>
</mg:row>
<mg:row>
<mg:ln file="1" number="48" class="R"><mg:sg class="R">#if<mg:s/>TARGET</mg:sg><mg:sg class="R">_OS_IPHONE</mg:sg><mg:sg class="R"><mg:s/>||<mg:s/>TARGET</mg:sg><mg:sg class="R">_OS_TV<mg:lf/></mg:sg></mg:ln>
</mg:row>
<mg:row>
<mg:ln file="1" number="49" class="R"><mg:sg class="R"><mg:lf/></mg:sg></mg:ln>
</mg:row>
<mg:row>
<mg:ln file="1" number="50" class="R"><mg:sg class="R">@property<mg:s/></mg:sg><mg:sg class="R">(nonatomic</mg:sg><mg:sg class="R">,<mg:s/>strong,<mg:s/></mg:sg><mg:sg class="R">readonly)<mg:s/></mg:sg><mg:sg class="R">MASViewAtt</mg:sg><mg:sg class="R">ribute<mg:s/>*sa</mg:sg><mg:sg class="R">feAreaLayo</mg:sg><mg:sg class="R">utGuideLea</mg:sg><mg:sg class="R">ding<mg:s/>NS_AV</mg:sg><mg:sg class="R">AILABLE_IO</mg:sg><mg:sg class="R">S(11.0);<mg:lf/></mg:sg></mg:ln>
</mg:row>
<mg:row>
<mg:ln file="1" number="51" class="R"><mg:sg class="R">@property<mg:s/></mg:sg><mg:sg class="R">(nonatomic</mg:sg><mg:sg class="R">,<mg:s/>strong,<mg:s/></mg:sg><mg:sg class="R">readonly)<mg:s/></mg:sg><mg:sg class="R">MASViewAtt</mg:sg><mg:sg class="R">ribute<mg:s/>*sa</mg:sg><mg:sg class="R">feAreaLayo</mg:sg><mg:sg class="R">utGuideTra</mg:sg><mg:sg class="R">iling<mg:s/>NS_A</mg:sg><mg:sg class="R">VAILABLE_I</mg:sg><mg:sg class="R">OS(11.0);<mg:lf/></mg:sg></mg:ln>
</mg:row>
<mg:row>
<mg:ln file="1" number="52" class="R"><mg:sg class="R">@property<mg:s/></mg:sg><mg:sg class="R">(nonatomic</mg:sg><mg:sg class="R">,<mg:s/>strong,<mg:s/></mg:sg><mg:sg class="R">readonly)<mg:s/></mg:sg><mg:sg class="R">MASViewAtt</mg:sg><mg:sg class="R">ribute<mg:s/>*sa</mg:sg><mg:sg class="R">feAreaLayo</mg:sg><mg:sg class="R">utGuideLef</mg:sg><mg:sg class="R">t<mg:s/>NS_AVAIL</mg:sg><mg:sg class="R">ABLE_IOS(1</mg:sg><mg:sg class="R">1.0);<mg:lf/></mg:sg></mg:ln>
</mg:row>
<mg:row>
<mg:ln file="1" number="53" class="R"><mg:sg class="R">@property<mg:s/></mg:sg><mg:sg class="R">(nonatomic</mg:sg><mg:sg class="R">,<mg:s/>strong,<mg:s/></mg:sg><mg:sg class="R">readonly)<mg:s/></mg:sg><mg:sg class="R">MASViewAtt</mg:sg><mg:sg class="R">ribute<mg:s/>*sa</mg:sg><mg:sg class="R">feAreaLayo</mg:sg><mg:sg class="R">utGuideRig</mg:sg><mg:sg class="R">ht<mg:s/>NS_AVAI</mg:sg><mg:sg class="R">LABLE_IOS(</mg:sg><mg:sg class="R">11.0);<mg:lf/></mg:sg></mg:ln>
</mg:row>
<mg:row>
<mg:ln file="1" number="54" class="R"><mg:sg class="R">@property<mg:s/></mg:sg><mg:sg class="R">(nonatomic</mg:sg><mg:sg class="R">,<mg:s/>strong,<mg:s/></mg:sg><mg:sg class="R">readonly)<mg:s/></mg:sg><mg:sg class="R">MASViewAtt</mg:sg><mg:sg class="R">ribute<mg:s/>*sa</mg:sg><mg:sg class="R">feAreaLayo</mg:sg><mg:sg class="R">utGuideTop</mg:sg><mg:sg class="R"><mg:s/>NS_AVAILA</mg:sg><mg:sg class="R">BLE_IOS(11</mg:sg><mg:sg class="R">.0);<mg:lf/></mg:sg></mg:ln>
</mg:row>
<mg:row>
<mg:ln file="1" number="55" class="R"><mg:sg class="R">@property<mg:s/></mg:sg><mg:sg class="R">(nonatomic</mg:sg><mg:sg class="R">,<mg:s/>strong,<mg:s/></mg:sg><mg:sg class="R">readonly)<mg:s/></mg:sg><mg:sg class="R">MASViewAtt</mg:sg><mg:sg class="R">ribute<mg:s/>*sa</mg:sg><mg:sg class="R">feAreaLayo</mg:sg><mg:sg class="R">utGuideBot</mg:sg><mg:sg class="R">tom<mg:s/>NS_AVA</mg:sg><mg:sg class="R">ILABLE_IOS</mg:sg><mg:sg class="R">(11.0);<mg:lf/></mg:sg></mg:ln>
</mg:row>
<mg:row>
<mg:ln file="1" number="56" class="R"><mg:sg class="R">@property<mg:s/></mg:sg><mg:sg class="R">(nonatomic</mg:sg><mg:sg class="R">,<mg:s/>strong,<mg:s/></mg:sg><mg:sg class="R">readonly)<mg:s/></mg:sg><mg:sg class="R">MASViewAtt</mg:sg><mg:sg class="R">ribute<mg:s/>*sa</mg:sg><mg:sg class="R">feAreaLayo</mg:sg><mg:sg class="R">utGuideWid</mg:sg><mg:sg class="R">th<mg:s/>NS_AVAI</mg:sg><mg:sg class="R">LABLE_IOS(</mg:sg><mg:sg class="R">11.0);<mg:lf/></mg:sg></mg:ln>
</mg:row>
<mg:row>
<mg:ln file="1" number="57" class="R"><mg:sg class="R">@property<mg:s/></mg:sg><mg:sg class="R">(nonatomic</mg:sg><mg:sg class="R">,<mg:s/>strong,<mg:s/></mg:sg><mg:sg class="R">readonly)<mg:s/></mg:sg><mg:sg class="R">MASViewAtt</mg:sg><mg:sg class="R">ribute<mg:s/>*sa</mg:sg><mg:sg class="R">feAreaLayo</mg:sg><mg:sg class="R">utGuideHei</mg:sg><mg:sg class="R">ght<mg:s/>NS_AVA</mg:sg><mg:sg class="R">ILABLE_IOS</mg:sg><mg:sg class="R">(11.0);<mg:lf/></mg:sg></mg:ln>
</mg:row>
<mg:row>
<mg:ln file="1" number="58" class="R"><mg:sg class="R">@property<mg:s/></mg:sg><mg:sg class="R">(nonatomic</mg:sg><mg:sg class="R">,<mg:s/>strong,<mg:s/></mg:sg><mg:sg class="R">readonly)<mg:s/></mg:sg><mg:sg class="R">MASViewAtt</mg:sg><mg:sg class="R">ribute<mg:s/>*sa</mg:sg><mg:sg class="R">feAreaLayo</mg:sg><mg:sg class="R">utGuideCen</mg:sg><mg:sg class="R">terX<mg:s/>NS_AV</mg:sg><mg:sg class="R">AILABLE_IO</mg:sg><mg:sg class="R">S(11.0);<mg:lf/></mg:sg></mg:ln>
</mg:row>
<mg:row>
<mg:ln file="1" number="59" class="R"><mg:sg class="R">@property<mg:s/></mg:sg><mg:sg class="R">(nonatomic</mg:sg><mg:sg class="R">,<mg:s/>strong,<mg:s/></mg:sg><mg:sg class="R">readonly)<mg:s/></mg:sg><mg:sg class="R">MASViewAtt</mg:sg><mg:sg class="R">ribute<mg:s/>*sa</mg:sg><mg:sg class="R">feAreaLayo</mg:sg><mg:sg class="R">utGuideCen</mg:sg><mg:sg class="R">terY<mg:s/>NS_AV</mg:sg><mg:sg class="R">AILABLE_IO</mg:sg><mg:sg class="R">S(11.0);<mg:lf/></mg:sg></mg:ln>
</mg:row>
<mg:row>
<mg:ln file="1" number="60" class="R"><mg:sg class="R"><mg:lf/></mg:sg></mg:ln>
</mg:row>
<mg:row>
<mg:ln file="1" number="61" class="R"><mg:sg class="R">#endif<mg:lf/></mg:sg></mg:ln>
</mg:row>
<mg:row>
<mg:ln file="1" number="62" class="R"><mg:sg class="R"><mg:lf/></mg:sg></mg:ln>
</mg:row>
<mg:row>
<mg:ln file="1" number="63" class="R"><mg:sg class="R">-<mg:s/>(NSArray</mg:sg><mg:sg class="R"><mg:s/>*)makeCon</mg:sg><mg:sg class="R">straints:(</mg:sg><mg:sg class="R">void(^)(MA</mg:sg><mg:sg class="R">SConstrain</mg:sg><mg:sg class="R">tMaker<mg:s/>*ma</mg:sg><mg:sg class="R">ke))block;</mg:sg><mg:sg class="R"><mg:lf/></mg:sg></mg:ln>
</mg:row>
<mg:row>
<mg:ln file="1" number="64" class="R"><mg:sg class="R">-<mg:s/>(NSArray</mg:sg><mg:sg class="R"><mg:s/>*)updateC</mg:sg><mg:sg class="R">onstraints</mg:sg><mg:sg class="R">:(void(^)(</mg:sg><mg:sg class="R">MASConstra</mg:sg><mg:sg class="R">intMaker<mg:s/>*</mg:sg><mg:sg class="R">make))bloc</mg:sg><mg:sg class="R">k;<mg:lf/></mg:sg></mg:ln>
</mg:row>
<mg:row>
<mg:ln file="1" number="65" class="R"><mg:sg class="R">-<mg:s/>(NSArray</mg:sg><mg:sg class="R"><mg:s/>*)remakeC</mg:sg><mg:sg class="R">onstraints</mg:sg><mg:sg class="R">:(void(^)(</mg:sg><mg:sg class="R">MASConstra</mg:sg><mg:sg class="R">intMaker<mg:s/>*</mg:sg><mg:sg class="R">make))bloc</mg:sg><mg:sg class="R">k;<mg:lf/></mg:sg></mg:ln>
</mg:row>
<mg:row>
<mg:ln file="1" number="66" class="R"><mg:sg class="R"><mg:lf/></mg:sg></mg:ln>
</mg:row>
<mg:row>
<mg:ln file="1" number="67" class="R"><mg:sg class="R">@end<mg:lf/></mg:sg></mg:ln>
</mg:row>
<mg:row>
<mg:ln file="1" number="68" class="R"><mg:sg class="R"><mg:lf/></mg:sg></mg:ln>
</mg:row>
<mg:row>
<mg:ln file="1" number="69" class="R"><mg:sg class="R">#define<mg:s/>MA</mg:sg><mg:sg class="R">S_ATTR_FOR</mg:sg><mg:sg class="R">WARD(attr)</mg:sg><mg:sg class="R"><mg:s/><mg:s/>\<mg:lf/></mg:sg></mg:ln>
</mg:row>
<mg:row>
<mg:ln file="1" number="70" class="R"><mg:sg class="R">-<mg:s/>(MASView</mg:sg><mg:sg class="R">Attribute<mg:s/></mg:sg><mg:sg class="R">*)attr<mg:s/>{<mg:s/><mg:s/></mg:sg><mg:sg class="R"><mg:s/><mg:s/>\<mg:lf/></mg:sg></mg:ln>
</mg:row>
<mg:row>
<mg:ln file="1" number="71" class="R"><mg:sg class="R"><mg:s/><mg:s/><mg:s/><mg:s/>return</mg:sg><mg:sg class="R"><mg:s/>[self<mg:s/>mas</mg:sg><mg:sg class="R">_##attr];<mg:s/></mg:sg><mg:sg class="R"><mg:s/><mg:s/>\<mg:lf/></mg:sg></mg:ln>
</mg:row>
<mg:row>
<mg:ln file="1" number="72" class="R"><mg:sg class="R">}<mg:lf/></mg:sg></mg:ln>
</mg:row>
<mg:row>
<mg:ln file="1" number="73" class="R"><mg:sg class="R"><mg:lf/></mg:sg></mg:ln>
</mg:row>
<mg:row>
<mg:ln file="1" number="74" class="R"><mg:sg class="R">#define<mg:s/>MA</mg:sg><mg:sg class="R">S_ATTR_FOR</mg:sg><mg:sg class="R">WARD_AVAIL</mg:sg><mg:sg class="R">ABLE(attr,</mg:sg><mg:sg class="R"><mg:s/>available</mg:sg><mg:sg class="R">)<mg:s/><mg:s/>\<mg:lf/></mg:sg></mg:ln>
</mg:row>
<mg:row>
<mg:ln file="1" number="75" class="R"><mg:sg class="R">-<mg:s/>(MASView</mg:sg><mg:sg class="R">Attribute<mg:s/></mg:sg><mg:sg class="R">*)attr<mg:s/>ava</mg:sg><mg:sg class="R">ilable<mg:s/>{<mg:s/><mg:s/></mg:sg><mg:sg class="R"><mg:s/><mg:s/>\<mg:lf/></mg:sg></mg:ln>
</mg:row>
<mg:row>
<mg:ln file="1" number="76" class="R"><mg:sg class="R"><mg:s/><mg:s/><mg:s/><mg:s/>return</mg:sg><mg:sg class="R"><mg:s/>[self<mg:s/>mas</mg:sg><mg:sg class="R">_##attr];<mg:s/></mg:sg><mg:sg class="R"><mg:s/><mg:s/>\<mg:lf/></mg:sg></mg:ln>
</mg:row>
<mg:row>
<mg:ln file="1" number="77" class="R"><mg:sg class="R">}<mg:lf/></mg:sg></mg:ln>
</mg:row>
<mg:row>
<mg:ln file="1" number="78" class="R"><mg:sg class="R"><mg:lf/></mg:sg></mg:ln>
</mg:row>
<mg:row>
<mg:ln file="1" number="79" class="R"><mg:sg class="R">@implement</mg:sg><mg:sg class="R">ation<mg:s/>MAS_</mg:sg><mg:sg class="R">VIEW<mg:s/>(MASS</mg:sg><mg:sg class="R">horthandAd</mg:sg><mg:sg class="R">ditions)<mg:lf/></mg:sg></mg:ln>
</mg:row>
<mg:row>
<mg:ln file="1" number="80" class="R"><mg:sg class="R"><mg:lf/></mg:sg></mg:ln>
</mg:row>
<mg:row>
<mg:ln file="1" number="81" class="R"><mg:sg class="R">MAS_ATTR_F</mg:sg><mg:sg class="R">ORWARD(top</mg:sg><mg:sg class="R">);<mg:lf/></mg:sg></mg:ln>
</mg:row>
<mg:row>
<mg:ln file="1" number="82" class="R"><mg:sg class="R">MAS_ATTR_F</mg:sg><mg:sg class="R">ORWARD(lef</mg:sg><mg:sg class="R">t);<mg:lf/></mg:sg></mg:ln>
</mg:row>
<mg:row>
<mg:ln file="1" number="83" class="R"><mg:sg class="R">MAS_ATTR_F</mg:sg><mg:sg class="R">ORWARD(bot</mg:sg><mg:sg class="R">tom);<mg:lf/></mg:sg></mg:ln>
</mg:row>
<mg:row>
<mg:ln file="1" number="84" class="R"><mg:sg class="R">MAS_ATTR_F</mg:sg><mg:sg class="R">ORWARD(rig</mg:sg><mg:sg class="R">ht);<mg:lf/></mg:sg></mg:ln>
</mg:row>
<mg:row>
<mg:ln file="1" number="85" class="R"><mg:sg class="R">MAS_ATTR_F</mg:sg><mg:sg class="R">ORWARD(lea</mg:sg><mg:sg class="R">ding);<mg:lf/></mg:sg></mg:ln>
</mg:row>
<mg:row>
<mg:ln file="1" number="86" class="R"><mg:sg class="R">MAS_ATTR_F</mg:sg><mg:sg class="R">ORWARD(tra</mg:sg><mg:sg class="R">iling);<mg:lf/></mg:sg></mg:ln>
</mg:row>
<mg:row>
<mg:ln file="1" number="87" class="R"><mg:sg class="R">MAS_ATTR_F</mg:sg><mg:sg class="R">ORWARD(wid</mg:sg><mg:sg class="R">th);<mg:lf/></mg:sg></mg:ln>
</mg:row>
<mg:row>
<mg:ln file="1" number="88" class="R"><mg:sg class="R">MAS_ATTR_F</mg:sg><mg:sg class="R">ORWARD(hei</mg:sg><mg:sg class="R">ght);<mg:lf/></mg:sg></mg:ln>
</mg:row>
<mg:row>
<mg:ln file="1" number="89" class="R"><mg:sg class="R">MAS_ATTR_F</mg:sg><mg:sg class="R">ORWARD(cen</mg:sg><mg:sg class="R">terX);<mg:lf/></mg:sg></mg:ln>
</mg:row>
<mg:row>
<mg:ln file="1" number="90" class="R"><mg:sg class="R">MAS_ATTR_F</mg:sg><mg:sg class="R">ORWARD(cen</mg:sg><mg:sg class="R">terY);<mg:lf/></mg:sg></mg:ln>
</mg:row>
<mg:row>
<mg:ln file="1" number="91" class="R"><mg:sg class="R">MAS_ATTR_F</mg:sg><mg:sg class="R">ORWARD(bas</mg:sg><mg:sg class="R">eline);<mg:lf/></mg:sg></mg:ln>
</mg:row>
<mg:row>
<mg:ln file="1" number="92" class="R"><mg:sg class="R"><mg:lf/></mg:sg></mg:ln>
</mg:row>
<mg:row>
<mg:ln file="1" number="93" class="R"><mg:sg class="R">MAS_ATTR_F</mg:sg><mg:sg class="R">ORWARD(fir</mg:sg><mg:sg class="R">stBaseline</mg:sg><mg:sg class="R">);<mg:lf/></mg:sg></mg:ln>
</mg:row>
<mg:row>
<mg:ln file="1" number="94" class="R"><mg:sg class="R">MAS_ATTR_F</mg:sg><mg:sg class="R">ORWARD(las</mg:sg><mg:sg class="R">tBaseline)</mg:sg><mg:sg class="R">;<mg:lf/></mg:sg></mg:ln>
</mg:row>
<mg:row>
<mg:ln file="1" number="95" class="R"><mg:sg class="R"><mg:lf/></mg:sg></mg:ln>
</mg:row>
<mg:row>
<mg:ln file="1" number="96" class="R"><mg:sg class="R">#if<mg:s/>TARGET</mg:sg><mg:sg class="R">_OS_IPHONE</mg:sg><mg:sg class="R"><mg:s/>||<mg:s/>TARGET</mg:sg><mg:sg class="R">_OS_TV<mg:lf/></mg:sg></mg:ln>
</mg:row>
<mg:row>
<mg:ln file="1" number="97" class="R"><mg:sg class="R"><mg:lf/></mg:sg></mg:ln>
</mg:row>
<mg:row>
<mg:ln file="1" number="98" class="R"><mg:sg class="R">MAS_ATTR_F</mg:sg><mg:sg class="R">ORWARD(lef</mg:sg><mg:sg class="R">tMargin);<mg:lf/></mg:sg></mg:ln>
</mg:row>
<mg:row>
<mg:ln file="1" number="99" class="R"><mg:sg class="R">MAS_ATTR_F</mg:sg><mg:sg class="R">ORWARD(rig</mg:sg><mg:sg class="R">htMargin);</mg:sg><mg:sg class="R"><mg:lf/></mg:sg></mg:ln>
</mg:row>
<mg:row>
<mg:ln file="1" number="100" class="R"><mg:sg class="R">MAS_ATTR_F</mg:sg><mg:sg class="R">ORWARD(top</mg:sg><mg:sg class="R">Margin);<mg:lf/></mg:sg></mg:ln>
</mg:row>
<mg:row>
<mg:ln file="1" number="101" class="R"><mg:sg class="R">MAS_ATTR_F</mg:sg><mg:sg class="R">ORWARD(bot</mg:sg><mg:sg class="R">tomMargin)</mg:sg><mg:sg class="R">;<mg:lf/></mg:sg></mg:ln>
</mg:row>
<mg:row>
<mg:ln file="1" number="102" class="R"><mg:sg class="R">MAS_ATTR_F</mg:sg><mg:sg class="R">ORWARD(lea</mg:sg><mg:sg class="R">dingMargin</mg:sg><mg:sg class="R">);<mg:lf/></mg:sg></mg:ln>
</mg:row>
<mg:row>
<mg:ln file="1" number="103" class="R"><mg:sg class="R">MAS_ATTR_F</mg:sg><mg:sg class="R">ORWARD(tra</mg:sg><mg:sg class="R">ilingMargi</mg:sg><mg:sg class="R">n);<mg:lf/></mg:sg></mg:ln>
</mg:row>
<mg:row>
<mg:ln file="1" number="104" class="R"><mg:sg class="R">MAS_ATTR_F</mg:sg><mg:sg class="R">ORWARD(cen</mg:sg><mg:sg class="R">terXWithin</mg:sg><mg:sg class="R">Margins);<mg:lf/></mg:sg></mg:ln>
</mg:row>
<mg:row>
<mg:ln file="1" number="105" class="R"><mg:sg class="R">MAS_ATTR_F</mg:sg><mg:sg class="R">ORWARD(cen</mg:sg><mg:sg class="R">terYWithin</mg:sg><mg:sg class="R">Margins);<mg:lf/></mg:sg></mg:ln>
</mg:row>
<mg:row>
<mg:ln file="1" number="106" class="R"><mg:sg class="R"><mg:lf/></mg:sg></mg:ln>
</mg:row>
<mg:row>
<mg:ln file="1" number="107" class="R"><mg:sg class="R">MAS_ATTR_F</mg:sg><mg:sg class="R">ORWARD_AVA</mg:sg><mg:sg class="R">ILABLE(saf</mg:sg><mg:sg class="R">eAreaLayou</mg:sg><mg:sg class="R">tGuideLead</mg:sg><mg:sg class="R">ing,<mg:s/>NS_AV</mg:sg><mg:sg class="R">AILABLE_IO</mg:sg><mg:sg class="R">S(11.0));<mg:lf/></mg:sg></mg:ln>
</mg:row>
<mg:row>
<mg:ln file="1" number="108" class="R"><mg:sg class="R">MAS_ATTR_F</mg:sg><mg:sg class="R">ORWARD_AVA</mg:sg><mg:sg class="R">ILABLE(saf</mg:sg><mg:sg class="R">eAreaLayou</mg:sg><mg:sg class="R">tGuideTrai</mg:sg><mg:sg class="R">ling,<mg:s/>NS_A</mg:sg><mg:sg class="R">VAILABLE_I</mg:sg><mg:sg class="R">OS(11.0));</mg:sg><mg:sg class="R"><mg:lf/></mg:sg></mg:ln>
</mg:row>
<mg:row>
<mg:ln file="1" number="109" class="R"><mg:sg class="R">MAS_ATTR_F</mg:sg><mg:sg class="R">ORWARD_AVA</mg:sg><mg:sg class="R">ILABLE(saf</mg:sg><mg:sg class="R">eAreaLayou</mg:sg><mg:sg class="R">tGuideLeft</mg:sg><mg:sg class="R">,<mg:s/>NS_AVAIL</mg:sg><mg:sg class="R">ABLE_IOS(1</mg:sg><mg:sg class="R">1.0));<mg:lf/></mg:sg></mg:ln>
</mg:row>
<mg:row>
<mg:ln file="1" number="110" class="R"><mg:sg class="R">MAS_ATTR_F</mg:sg><mg:sg class="R">ORWARD_AVA</mg:sg><mg:sg class="R">ILABLE(saf</mg:sg><mg:sg class="R">eAreaLayou</mg:sg><mg:sg class="R">tGuideRigh</mg:sg><mg:sg class="R">t,<mg:s/>NS_AVAI</mg:sg><mg:sg class="R">LABLE_IOS(</mg:sg><mg:sg class="R">11.0));<mg:lf/></mg:sg></mg:ln>
</mg:row>
<mg:row>
<mg:ln file="1" number="111" class="R"><mg:sg class="R">MAS_ATTR_F</mg:sg><mg:sg class="R">ORWARD_AVA</mg:sg><mg:sg class="R">ILABLE(saf</mg:sg><mg:sg class="R">eAreaLayou</mg:sg><mg:sg class="R">tGuideTop,</mg:sg><mg:sg class="R"><mg:s/>NS_AVAILA</mg:sg><mg:sg class="R">BLE_IOS(11</mg:sg><mg:sg class="R">.0));<mg:lf/></mg:sg></mg:ln>
</mg:row>
<mg:row>
<mg:ln file="1" number="112" class="R"><mg:sg class="R">MAS_ATTR_F</mg:sg><mg:sg class="R">ORWARD_AVA</mg:sg><mg:sg class="R">ILABLE(saf</mg:sg><mg:sg class="R">eAreaLayou</mg:sg><mg:sg class="R">tGuideBott</mg:sg><mg:sg class="R">om,<mg:s/>NS_AVA</mg:sg><mg:sg class="R">ILABLE_IOS</mg:sg><mg:sg class="R">(11.0));<mg:lf/></mg:sg></mg:ln>
</mg:row>
<mg:row>
<mg:ln file="1" number="113" class="R"><mg:sg class="R">MAS_ATTR_F</mg:sg><mg:sg class="R">ORWARD_AVA</mg:sg><mg:sg class="R">ILABLE(saf</mg:sg><mg:sg class="R">eAreaLayou</mg:sg><mg:sg class="R">tGuideWidt</mg:sg><mg:sg class="R">h,<mg:s/>NS_AVAI</mg:sg><mg:sg class="R">LABLE_IOS(</mg:sg><mg:sg class="R">11.0));<mg:lf/></mg:sg></mg:ln>
</mg:row>
<mg:row>
<mg:ln file="1" number="114" class="R"><mg:sg class="R">MAS_ATTR_F</mg:sg><mg:sg class="R">ORWARD_AVA</mg:sg><mg:sg class="R">ILABLE(saf</mg:sg><mg:sg class="R">eAreaLayou</mg:sg><mg:sg class="R">tGuideHeig</mg:sg><mg:sg class="R">ht,<mg:s/>NS_AVA</mg:sg><mg:sg class="R">ILABLE_IOS</mg:sg><mg:sg class="R">(11.0));<mg:lf/></mg:sg></mg:ln>
</mg:row>
<mg:row>
<mg:ln file="1" number="115" class="R"><mg:sg class="R">MAS_ATTR_F</mg:sg><mg:sg class="R">ORWARD_AVA</mg:sg><mg:sg class="R">ILABLE(saf</mg:sg><mg:sg class="R">eAreaLayou</mg:sg><mg:sg class="R">tGuideCent</mg:sg><mg:sg class="R">erX,<mg:s/>NS_AV</mg:sg><mg:sg class="R">AILABLE_IO</mg:sg><mg:sg class="R">S(11.0));<mg:lf/></mg:sg></mg:ln>
</mg:row>
<mg:row>
<mg:ln file="1" number="116" class="R"><mg:sg class="R">MAS_ATTR_F</mg:sg><mg:sg class="R">ORWARD_AVA</mg:sg><mg:sg class="R">ILABLE(saf</mg:sg><mg:sg class="R">eAreaLayou</mg:sg><mg:sg class="R">tGuideCent</mg:sg><mg:sg class="R">erY,<mg:s/>NS_AV</mg:sg><mg:sg class="R">AILABLE_IO</mg:sg><mg:sg class="R">S(11.0));<mg:lf/></mg:sg></mg:ln>
</mg:row>
<mg:row>
<mg:ln file="1" number="117" class="R"><mg:sg class="R"><mg:lf/></mg:sg></mg:ln>
</mg:row>
<mg:row>
<mg:ln file="1" number="118" class="R"><mg:sg class="R">#endif<mg:lf/></mg:sg></mg:ln>
</mg:row>
<mg:row>
<mg:ln file="1" number="119" class="R"><mg:sg class="R"><mg:lf/></mg:sg></mg:ln>
</mg:row>
<mg:row>
<mg:ln file="1" number="120" class="R"><mg:sg class="R">-<mg:s/>(MASView</mg:sg><mg:sg class="R">Attribute<mg:s/></mg:sg><mg:sg class="R">*(^)(NSLay</mg:sg><mg:sg class="R">outAttribu</mg:sg><mg:sg class="R">te))attrib</mg:sg><mg:sg class="R">ute<mg:s/>{<mg:lf/></mg:sg></mg:ln>
</mg:row>
<mg:row>
<mg:ln file="1" number="121" class="R"><mg:sg class="R"><mg:s/><mg:s/><mg:s/><mg:s/>return</mg:sg><mg:sg class="R"><mg:s/>[self<mg:s/>mas</mg:sg><mg:sg class="R">_attribute</mg:sg><mg:sg class="R">];<mg:lf/></mg:sg></mg:ln>
</mg:row>
<mg:row>
<mg:ln file="1" number="122" class="R"><mg:sg class="R">}<mg:lf/></mg:sg></mg:ln>
</mg:row>
<mg:row>
<mg:ln file="1" number="123" class="R"><mg:sg class="R"><mg:lf/></mg:sg></mg:ln>
</mg:row>
<mg:row>
<mg:ln file="1" number="124" class="R"><mg:sg class="R">-<mg:s/>(NSArray</mg:sg><mg:sg class="R"><mg:s/>*)makeCon</mg:sg><mg:sg class="R">straints:(</mg:sg><mg:sg class="R">void(NS_NO</mg:sg><mg:sg class="R">ESCAPE<mg:s/>^)(</mg:sg><mg:sg class="R">MASConstra</mg:sg><mg:sg class="R">intMaker<mg:s/>*</mg:sg><mg:sg class="R">))block<mg:s/>{<mg:lf/></mg:sg></mg:ln>
</mg:row>
<mg:row>
<mg:ln file="1" number="125" class="R"><mg:sg class="R"><mg:s/><mg:s/><mg:s/><mg:s/>return</mg:sg><mg:sg class="R"><mg:s/>[self<mg:s/>mas</mg:sg><mg:sg class="R">_makeConst</mg:sg><mg:sg class="R">raints:blo</mg:sg><mg:sg class="R">ck];<mg:lf/></mg:sg></mg:ln>
</mg:row>
<mg:row>
<mg:ln file="1" number="126" class="R"><mg:sg class="R">}<mg:lf/></mg:sg></mg:ln>
</mg:row>
<mg:row>
<mg:ln file="1" number="127" class="R"><mg:sg class="R"><mg:lf/></mg:sg></mg:ln>
</mg:row>
<mg:row>
<mg:ln file="1" number="128" class="R"><mg:sg class="R">-<mg:s/>(NSArray</mg:sg><mg:sg class="R"><mg:s/>*)updateC</mg:sg><mg:sg class="R">onstraints</mg:sg><mg:sg class="R">:(void(NS_</mg:sg><mg:sg class="R">NOESCAPE<mg:s/>^</mg:sg><mg:sg class="R">)(MASConst</mg:sg><mg:sg class="R">raintMaker</mg:sg><mg:sg class="R"><mg:s/>*))block<mg:s/></mg:sg><mg:sg class="R">{<mg:lf/></mg:sg></mg:ln>
</mg:row>
<mg:row>
<mg:ln file="1" number="129" class="R"><mg:sg class="R"><mg:s/><mg:s/><mg:s/><mg:s/>return</mg:sg><mg:sg class="R"><mg:s/>[self<mg:s/>mas</mg:sg><mg:sg class="R">_updateCon</mg:sg><mg:sg class="R">straints:b</mg:sg><mg:sg class="R">lock];<mg:lf/></mg:sg></mg:ln>
</mg:row>
<mg:row>
<mg:ln file="1" number="130" class="R"><mg:sg class="R">}<mg:lf/></mg:sg></mg:ln>
</mg:row>
<mg:row>
<mg:ln file="1" number="131" class="R"><mg:sg class="R"><mg:lf/></mg:sg></mg:ln>
</mg:row>
<mg:row>
<mg:ln file="1" number="132" class="R"><mg:sg class="R">-<mg:s/>(NSArray</mg:sg><mg:sg class="R"><mg:s/>*)remakeC</mg:sg><mg:sg class="R">onstraints</mg:sg><mg:sg class="R">:(void(NS_</mg:sg><mg:sg class="R">NOESCAPE<mg:s/>^</mg:sg><mg:sg class="R">)(MASConst</mg:sg><mg:sg class="R">raintMaker</mg:sg><mg:sg class="R"><mg:s/>*))block<mg:s/></mg:sg><mg:sg class="R">{<mg:lf/></mg:sg></mg:ln>
</mg:row>
<mg:row>
<mg:ln file="1" number="133" class="R"><mg:sg class="R"><mg:s/><mg:s/><mg:s/><mg:s/>return</mg:sg><mg:sg class="R"><mg:s/>[self<mg:s/>mas</mg:sg><mg:sg class="R">_remakeCon</mg:sg><mg:sg class="R">straints:b</mg:sg><mg:sg class="R">lock];<mg:lf/></mg:sg></mg:ln>
</mg:row>
<mg:row>
<mg:ln file="1" number="134" class="R"><mg:sg class="R">}<mg:lf/></mg:sg></mg:ln>
</mg:row>
<mg:row>
<mg:ln file="1" number="135" class="R"><mg:sg class="R"><mg:lf/></mg:sg></mg:ln>
</mg:row>
<mg:row>
<mg:ln file="1" number="136" class="R"><mg:sg class="R">@end<mg:lf/></mg:sg></mg:ln>
</mg:row>
<mg:row>
<mg:ln file="1" number="137" class="R"><mg:sg class="R"><mg:lf/></mg:sg></mg:ln>
</mg:row>
<mg:row>
<mg:ln file="1" number="138" class="R"><mg:sg class="R">#endif<mg:lf/></mg:sg></mg:ln>
</mg:row>
</mg:rowGroup>
</mg:rowData>
</mg:report>
