﻿<?xml version="1.0" encoding="UTF-8" ?>

<mg:report version="1.0" xmlns:mg="http://www.araxis.com/2002/Merge/Reporting" type="FileComparison">
<mg:metaData>
  <mg:title>Araxis Merge File Comparison Report</mg:title>
  <mg:id show="true">1038</mg:id>
  <mg:date>2019/4/19 20:25:39</mg:date>
<mg:options>
<mg:option name="clIgnoreDifferencesInWhitespaceAtTheStartOfLines">0</mg:option>
<mg:option name="clIgnoreDifferencesInWhitespaceAtTheEndOfLines">0</mg:option>
<mg:option name="clTreatConsecutiveWhitespaceAsASingleSpace">1</mg:option>
<mg:option name="clIgnoreAllDifferencesInWhitespace">0</mg:option>
<mg:option name="clWhitespaceSignificant">0</mg:option>
<mg:option name="clIgnoreCase">0</mg:option>
<mg:option name="clIgnoreLineEndings">1</mg:option>
<mg:option name="clHideCRLF">1</mg:option>
<mg:option name="clShowLineNums">1</mg:option>
<mg:option name="clShowOmittedLinesRow">0</mg:option>

<mg:regexps>
<mg:regexp enabled="false">
<mg:expression>^[ \t]*$</mg:expression>
<mg:description>Blank lines</mg:description>
</mg:regexp>
<mg:regexp enabled="false">
<mg:expression>[ \t]*//[^&quot;]*$</mg:expression>
<mg:description>C++ comments</mg:description>
</mg:regexp>
<mg:regexp enabled="false">
<mg:expression>^[ \t]*//.*\$(Date|Archive|Author|Header|JustDate|Modtime|Revision|Workfile):.*\$.*$</mg:expression>
<mg:description>SourceSafe comments</mg:description>
</mg:regexp>
<mg:regexp enabled="false">
<mg:expression>^[ \t]*//(:(Header|Source):|.*Generated.*Genitor).*\$</mg:expression>
<mg:description>Genitor comments</mg:description>
</mg:regexp>
<mg:regexp enabled="false">
<mg:expression>\$(Archive|Author|Date|Header|JustDate|Logfile|Modtime|Revision|Workfile):[^$]*\$</mg:expression>
<mg:description>SourceSafe keywords</mg:description>
</mg:regexp>
<mg:regexp enabled="false">
<mg:expression>^[ \t]*'.*$</mg:expression>
<mg:description>Visual Basic comments</mg:description>
</mg:regexp>
<mg:regexp enabled="false">
<mg:expression>\$(Author|Date|Header|Id|Locker|Name|RCSfile|Revision|Source|State):[^$]*\$</mg:expression>
<mg:description>CVS comments</mg:description>
</mg:regexp>
<mg:regexp enabled="false">
<mg:expression>\$(ACident|ACheader|AClog|ACpart|ACversion|Author|Date|Header|Line|Locker|Log|Revision|Smsfile|Smspath|Today|Vcfile|Vcpath|Workfile):?[^$]*\$</mg:expression>
<mg:description>AllChange keywords</mg:description>
</mg:regexp>
<mg:regexp enabled="false">
<mg:expression></mg:expression>
<mg:description></mg:description>
</mg:regexp>
<mg:regexp enabled="false">
<mg:expression></mg:expression>
<mg:description></mg:description>
</mg:regexp>
</mg:regexps>
</mg:options>
<mg:fileDetails file="1">
  <mg:name></mg:name>
  <mg:title></mg:title>
  <mg:location></mg:location>
  <mg:lastModified>Fri Apr 19 12:25:39 2019 UTC</mg:lastModified>
</mg:fileDetails>
<mg:fileDetails file="2">
  <mg:name>pb_encode.h</mg:name>
  <mg:title></mg:title>
  <mg:location>E:\MA75\tgc_main\Prototypes\Sky\Sky\iphoneos\Frameworks\nanopb.framework\Headers</mg:location>
  <mg:lastModified>Thu Jan 17 03:38:47 2019 UTC</mg:lastModified>
</mg:fileDetails>
<mg:fileDetails file="3">
  <mg:name>pb_encode.h</mg:name>
  <mg:title></mg:title>
  <mg:location>E:\MA75\tgc_mainOld\Prototypes\Sky\Sky\iphoneos\Frameworks\nanopb.framework\Headers</mg:location>
  <mg:lastModified>Fri Apr 19 11:20:07 2019 UTC</mg:lastModified>
</mg:fileDetails>
<mg:changeSummaries>
  <mg:changeSummary files="1,2">
	  <mg:changeCount type="unchanged" blocks1="0" blocks2="0" blocks="0" lines1="0" lines2="0" lines="0" />
	  <mg:changeCount type="removed" blocks1="0" blocks2="0" blocks="0" lines1="0" lines2="0" lines="0" />
	  <mg:changeCount type="inserted" blocks1="0" blocks2="1" blocks="1" lines1="0" lines2="154" lines="154" />
	  <mg:changeCount type="changed" blocks1="0" blocks2="0" blocks="0" lines1="0" lines2="0" lines="0" />
  </mg:changeSummary>
<mg:changeSummary files="2,3">
	  <mg:changeCount type="unchanged" blocks1="1" blocks2="1" blocks="1" lines1="154" lines2="154" lines="308" />
	  <mg:changeCount type="removed" blocks1="0" blocks2="0" blocks="0" lines1="0" lines2="0" lines="0" />
	  <mg:changeCount type="inserted" blocks1="0" blocks2="0" blocks="0" lines1="0" lines2="0" lines="0" />
	  <mg:changeCount type="changed" blocks1="0" blocks2="0" blocks="0" lines1="0" lines2="0" lines="0" />
  </mg:changeSummary>
<mg:changeSummary files="1,2,3"><mg:changeCount type="removed" blocks="1" lines="154"/><mg:changeCount type="inserted" blocks="0" lines="0"/><mg:changeCount type="changed" blocks="0" lines="0"/><mg:changeCount type="conflicts" count="0"/></mg:changeSummary></mg:changeSummaries>
		<mg:classes file="1">
<mg:class name="U">
<mg:cssAttribute name="color">#000000</mg:cssAttribute>
<mg:cssAttribute name="background-color">#FFFFFF</mg:cssAttribute>
<mg:cssAttribute name="font-family">Consolas</mg:cssAttribute>
<mg:cssAttribute name="font-weight">normal</mg:cssAttribute>
<mg:cssAttribute name="font-style">normal</mg:cssAttribute>
<mg:cssAttribute name="font-size">9pt</mg:cssAttribute>
<mg:cssAttribute name="text-decoration">none</mg:cssAttribute>
</mg:class>
<mg:class name="R">
<mg:cssAttribute name="color">#800000</mg:cssAttribute>
<mg:cssAttribute name="background-color">#F3E6D8</mg:cssAttribute>
<mg:cssAttribute name="font-family">Consolas</mg:cssAttribute>
<mg:cssAttribute name="font-weight">normal</mg:cssAttribute>
<mg:cssAttribute name="font-style">normal</mg:cssAttribute>
<mg:cssAttribute name="font-size">9pt</mg:cssAttribute>
<mg:cssAttribute name="text-decoration">none</mg:cssAttribute>
</mg:class>
<mg:class name="I">
<mg:cssAttribute name="color">#800000</mg:cssAttribute>
<mg:cssAttribute name="background-color">#D1E8CF</mg:cssAttribute>
<mg:cssAttribute name="font-family">Consolas</mg:cssAttribute>
<mg:cssAttribute name="font-weight">normal</mg:cssAttribute>
<mg:cssAttribute name="font-style">normal</mg:cssAttribute>
<mg:cssAttribute name="font-size">9pt</mg:cssAttribute>
<mg:cssAttribute name="text-decoration">none</mg:cssAttribute>
</mg:class>
<mg:class name="C">
<mg:cssAttribute name="color">#800000</mg:cssAttribute>
<mg:cssAttribute name="background-color">#DACDE6</mg:cssAttribute>
<mg:cssAttribute name="font-family">Consolas</mg:cssAttribute>
<mg:cssAttribute name="font-weight">normal</mg:cssAttribute>
<mg:cssAttribute name="font-style">normal</mg:cssAttribute>
<mg:cssAttribute name="font-size">9pt</mg:cssAttribute>
<mg:cssAttribute name="text-decoration">none</mg:cssAttribute>
</mg:class>
		</mg:classes>
		<mg:classes file="2">
<mg:class name="UU">
<mg:cssAttribute name="color">#000000</mg:cssAttribute>
<mg:cssAttribute name="background-color">#FFFFFF</mg:cssAttribute>
<mg:cssAttribute name="font-family">Consolas</mg:cssAttribute>
<mg:cssAttribute name="font-weight">normal</mg:cssAttribute>
<mg:cssAttribute name="font-style">normal</mg:cssAttribute>
<mg:cssAttribute name="font-size">9pt</mg:cssAttribute>
<mg:cssAttribute name="text-decoration">none</mg:cssAttribute>
</mg:class>
<mg:class name="UR">
<mg:cssAttribute name="color">#400000</mg:cssAttribute>
<mg:cssAttribute name="background-color">#F9F2EB</mg:cssAttribute>
<mg:cssAttribute name="font-family">Consolas</mg:cssAttribute>
<mg:cssAttribute name="font-weight">normal</mg:cssAttribute>
<mg:cssAttribute name="font-style">normal</mg:cssAttribute>
<mg:cssAttribute name="font-size">9pt</mg:cssAttribute>
<mg:cssAttribute name="text-decoration">none</mg:cssAttribute>
</mg:class>
<mg:class name="UI">
<mg:cssAttribute name="color">#400000</mg:cssAttribute>
<mg:cssAttribute name="background-color">#E8F3E7</mg:cssAttribute>
<mg:cssAttribute name="font-family">Consolas</mg:cssAttribute>
<mg:cssAttribute name="font-weight">normal</mg:cssAttribute>
<mg:cssAttribute name="font-style">normal</mg:cssAttribute>
<mg:cssAttribute name="font-size">9pt</mg:cssAttribute>
<mg:cssAttribute name="text-decoration">none</mg:cssAttribute>
</mg:class>
<mg:class name="UC">
<mg:cssAttribute name="color">#400000</mg:cssAttribute>
<mg:cssAttribute name="background-color">#ECE6F2</mg:cssAttribute>
<mg:cssAttribute name="font-family">Consolas</mg:cssAttribute>
<mg:cssAttribute name="font-weight">normal</mg:cssAttribute>
<mg:cssAttribute name="font-style">normal</mg:cssAttribute>
<mg:cssAttribute name="font-size">9pt</mg:cssAttribute>
<mg:cssAttribute name="text-decoration">none</mg:cssAttribute>
</mg:class>
<mg:class name="RU">
<mg:cssAttribute name="color">#400000</mg:cssAttribute>
<mg:cssAttribute name="background-color">#F9F2EB</mg:cssAttribute>
<mg:cssAttribute name="font-family">Consolas</mg:cssAttribute>
<mg:cssAttribute name="font-weight">normal</mg:cssAttribute>
<mg:cssAttribute name="font-style">normal</mg:cssAttribute>
<mg:cssAttribute name="font-size">9pt</mg:cssAttribute>
<mg:cssAttribute name="text-decoration">none</mg:cssAttribute>
</mg:class>
<mg:class name="RR">
<mg:cssAttribute name="color">#800000</mg:cssAttribute>
<mg:cssAttribute name="background-color">#F3E6D8</mg:cssAttribute>
<mg:cssAttribute name="font-family">Consolas</mg:cssAttribute>
<mg:cssAttribute name="font-weight">normal</mg:cssAttribute>
<mg:cssAttribute name="font-style">normal</mg:cssAttribute>
<mg:cssAttribute name="font-size">9pt</mg:cssAttribute>
<mg:cssAttribute name="text-decoration">none</mg:cssAttribute>
</mg:class>
<mg:class name="RI">
<mg:cssAttribute name="color">#800000</mg:cssAttribute>
<mg:cssAttribute name="background-color">#E2E7D3</mg:cssAttribute>
<mg:cssAttribute name="font-family">Consolas</mg:cssAttribute>
<mg:cssAttribute name="font-weight">normal</mg:cssAttribute>
<mg:cssAttribute name="font-style">normal</mg:cssAttribute>
<mg:cssAttribute name="font-size">9pt</mg:cssAttribute>
<mg:cssAttribute name="text-decoration">none</mg:cssAttribute>
</mg:class>
<mg:class name="RC">
<mg:cssAttribute name="color">#800000</mg:cssAttribute>
<mg:cssAttribute name="background-color">#E6D9DF</mg:cssAttribute>
<mg:cssAttribute name="font-family">Consolas</mg:cssAttribute>
<mg:cssAttribute name="font-weight">normal</mg:cssAttribute>
<mg:cssAttribute name="font-style">normal</mg:cssAttribute>
<mg:cssAttribute name="font-size">9pt</mg:cssAttribute>
<mg:cssAttribute name="text-decoration">none</mg:cssAttribute>
</mg:class>
<mg:class name="IU">
<mg:cssAttribute name="color">#400000</mg:cssAttribute>
<mg:cssAttribute name="background-color">#E8F3E7</mg:cssAttribute>
<mg:cssAttribute name="font-family">Consolas</mg:cssAttribute>
<mg:cssAttribute name="font-weight">normal</mg:cssAttribute>
<mg:cssAttribute name="font-style">normal</mg:cssAttribute>
<mg:cssAttribute name="font-size">9pt</mg:cssAttribute>
<mg:cssAttribute name="text-decoration">none</mg:cssAttribute>
</mg:class>
<mg:class name="IR">
<mg:cssAttribute name="color">#800000</mg:cssAttribute>
<mg:cssAttribute name="background-color">#E2E7D3</mg:cssAttribute>
<mg:cssAttribute name="font-family">Consolas</mg:cssAttribute>
<mg:cssAttribute name="font-weight">normal</mg:cssAttribute>
<mg:cssAttribute name="font-style">normal</mg:cssAttribute>
<mg:cssAttribute name="font-size">9pt</mg:cssAttribute>
<mg:cssAttribute name="text-decoration">none</mg:cssAttribute>
</mg:class>
<mg:class name="II">
<mg:cssAttribute name="color">#800000</mg:cssAttribute>
<mg:cssAttribute name="background-color">#D1E8CF</mg:cssAttribute>
<mg:cssAttribute name="font-family">Consolas</mg:cssAttribute>
<mg:cssAttribute name="font-weight">normal</mg:cssAttribute>
<mg:cssAttribute name="font-style">normal</mg:cssAttribute>
<mg:cssAttribute name="font-size">9pt</mg:cssAttribute>
<mg:cssAttribute name="text-decoration">none</mg:cssAttribute>
</mg:class>
<mg:class name="IC">
<mg:cssAttribute name="color">#800000</mg:cssAttribute>
<mg:cssAttribute name="background-color">#D5DADA</mg:cssAttribute>
<mg:cssAttribute name="font-family">Consolas</mg:cssAttribute>
<mg:cssAttribute name="font-weight">normal</mg:cssAttribute>
<mg:cssAttribute name="font-style">normal</mg:cssAttribute>
<mg:cssAttribute name="font-size">9pt</mg:cssAttribute>
<mg:cssAttribute name="text-decoration">none</mg:cssAttribute>
</mg:class>
<mg:class name="CU">
<mg:cssAttribute name="color">#400000</mg:cssAttribute>
<mg:cssAttribute name="background-color">#ECE6F2</mg:cssAttribute>
<mg:cssAttribute name="font-family">Consolas</mg:cssAttribute>
<mg:cssAttribute name="font-weight">normal</mg:cssAttribute>
<mg:cssAttribute name="font-style">normal</mg:cssAttribute>
<mg:cssAttribute name="font-size">9pt</mg:cssAttribute>
<mg:cssAttribute name="text-decoration">none</mg:cssAttribute>
</mg:class>
<mg:class name="CR">
<mg:cssAttribute name="color">#800000</mg:cssAttribute>
<mg:cssAttribute name="background-color">#E6D9DF</mg:cssAttribute>
<mg:cssAttribute name="font-family">Consolas</mg:cssAttribute>
<mg:cssAttribute name="font-weight">normal</mg:cssAttribute>
<mg:cssAttribute name="font-style">normal</mg:cssAttribute>
<mg:cssAttribute name="font-size">9pt</mg:cssAttribute>
<mg:cssAttribute name="text-decoration">none</mg:cssAttribute>
</mg:class>
<mg:class name="CI">
<mg:cssAttribute name="color">#800000</mg:cssAttribute>
<mg:cssAttribute name="background-color">#D5DADA</mg:cssAttribute>
<mg:cssAttribute name="font-family">Consolas</mg:cssAttribute>
<mg:cssAttribute name="font-weight">normal</mg:cssAttribute>
<mg:cssAttribute name="font-style">normal</mg:cssAttribute>
<mg:cssAttribute name="font-size">9pt</mg:cssAttribute>
<mg:cssAttribute name="text-decoration">none</mg:cssAttribute>
</mg:class>
<mg:class name="CC">
<mg:cssAttribute name="color">#800000</mg:cssAttribute>
<mg:cssAttribute name="background-color">#DACDE6</mg:cssAttribute>
<mg:cssAttribute name="font-family">Consolas</mg:cssAttribute>
<mg:cssAttribute name="font-weight">normal</mg:cssAttribute>
<mg:cssAttribute name="font-style">normal</mg:cssAttribute>
<mg:cssAttribute name="font-size">9pt</mg:cssAttribute>
<mg:cssAttribute name="text-decoration">none</mg:cssAttribute>
</mg:class>
		</mg:classes>
		<mg:classes file="3">
<mg:class name="U">
<mg:cssAttribute name="color">#000000</mg:cssAttribute>
<mg:cssAttribute name="background-color">#FFFFFF</mg:cssAttribute>
<mg:cssAttribute name="font-family">Consolas</mg:cssAttribute>
<mg:cssAttribute name="font-weight">normal</mg:cssAttribute>
<mg:cssAttribute name="font-style">normal</mg:cssAttribute>
<mg:cssAttribute name="font-size">9pt</mg:cssAttribute>
<mg:cssAttribute name="text-decoration">none</mg:cssAttribute>
</mg:class>
<mg:class name="R">
<mg:cssAttribute name="color">#800000</mg:cssAttribute>
<mg:cssAttribute name="background-color">#F3E6D8</mg:cssAttribute>
<mg:cssAttribute name="font-family">Consolas</mg:cssAttribute>
<mg:cssAttribute name="font-weight">normal</mg:cssAttribute>
<mg:cssAttribute name="font-style">normal</mg:cssAttribute>
<mg:cssAttribute name="font-size">9pt</mg:cssAttribute>
<mg:cssAttribute name="text-decoration">none</mg:cssAttribute>
</mg:class>
<mg:class name="I">
<mg:cssAttribute name="color">#800000</mg:cssAttribute>
<mg:cssAttribute name="background-color">#D1E8CF</mg:cssAttribute>
<mg:cssAttribute name="font-family">Consolas</mg:cssAttribute>
<mg:cssAttribute name="font-weight">normal</mg:cssAttribute>
<mg:cssAttribute name="font-style">normal</mg:cssAttribute>
<mg:cssAttribute name="font-size">9pt</mg:cssAttribute>
<mg:cssAttribute name="text-decoration">none</mg:cssAttribute>
</mg:class>
<mg:class name="C">
<mg:cssAttribute name="color">#800000</mg:cssAttribute>
<mg:cssAttribute name="background-color">#DACDE6</mg:cssAttribute>
<mg:cssAttribute name="font-family">Consolas</mg:cssAttribute>
<mg:cssAttribute name="font-weight">normal</mg:cssAttribute>
<mg:cssAttribute name="font-style">normal</mg:cssAttribute>
<mg:cssAttribute name="font-size">9pt</mg:cssAttribute>
<mg:cssAttribute name="text-decoration">none</mg:cssAttribute>
</mg:class>
		</mg:classes>
</mg:metaData>
<mg:rowData>
<mg:rowGroup>
<mg:row>
<mg:ln file="2" number="1" class="IU"><mg:sg class="IU">/*<mg:s/>pb_enco</mg:sg><mg:sg class="IU">de.h:<mg:s/>Func</mg:sg><mg:sg class="IU">tions<mg:s/>to<mg:s/>e</mg:sg><mg:sg class="IU">ncode<mg:s/>prot</mg:sg><mg:sg class="IU">ocol<mg:s/>buffe</mg:sg><mg:sg class="IU">rs.<mg:s/>Depend</mg:sg><mg:sg class="IU">s<mg:s/>on<mg:s/>pb_en</mg:sg><mg:sg class="IU">code.c.<mg:lf/></mg:sg></mg:ln>
<mg:ln file="3" number="1" class="U"><mg:sg class="U">/*<mg:s/>pb_enco</mg:sg><mg:sg class="U">de.h:<mg:s/>Func</mg:sg><mg:sg class="U">tions<mg:s/>to<mg:s/>e</mg:sg><mg:sg class="U">ncode<mg:s/>prot</mg:sg><mg:sg class="U">ocol<mg:s/>buffe</mg:sg><mg:sg class="U">rs.<mg:s/>Depend</mg:sg><mg:sg class="U">s<mg:s/>on<mg:s/>pb_en</mg:sg><mg:sg class="U">code.c.<mg:lf/></mg:sg></mg:ln>
</mg:row>
<mg:row>
<mg:ln file="2" number="2" class="IU"><mg:sg class="IU"><mg:s/>*<mg:s/>The<mg:s/>mai</mg:sg><mg:sg class="IU">n<mg:s/>function</mg:sg><mg:sg class="IU"><mg:s/>is<mg:s/>pb_enc</mg:sg><mg:sg class="IU">ode.<mg:s/>You<mg:s/>a</mg:sg><mg:sg class="IU">lso<mg:s/>need<mg:s/>a</mg:sg><mg:sg class="IU">n<mg:s/>output<mg:s/>s</mg:sg><mg:sg class="IU">tream,<mg:s/>and</mg:sg><mg:sg class="IU"><mg:s/>the<mg:lf/></mg:sg></mg:ln>
<mg:ln file="3" number="2" class="U"><mg:sg class="U"><mg:s/>*<mg:s/>The<mg:s/>mai</mg:sg><mg:sg class="U">n<mg:s/>function</mg:sg><mg:sg class="U"><mg:s/>is<mg:s/>pb_enc</mg:sg><mg:sg class="U">ode.<mg:s/>You<mg:s/>a</mg:sg><mg:sg class="U">lso<mg:s/>need<mg:s/>a</mg:sg><mg:sg class="U">n<mg:s/>output<mg:s/>s</mg:sg><mg:sg class="U">tream,<mg:s/>and</mg:sg><mg:sg class="U"><mg:s/>the<mg:lf/></mg:sg></mg:ln>
</mg:row>
<mg:row>
<mg:ln file="2" number="3" class="IU"><mg:sg class="IU"><mg:s/>*<mg:s/>field<mg:s/>d</mg:sg><mg:sg class="IU">escription</mg:sg><mg:sg class="IU">s<mg:s/>created<mg:s/></mg:sg><mg:sg class="IU">by<mg:s/>nanopb_</mg:sg><mg:sg class="IU">generator.</mg:sg><mg:sg class="IU">py.<mg:lf/></mg:sg></mg:ln>
<mg:ln file="3" number="3" class="U"><mg:sg class="U"><mg:s/>*<mg:s/>field<mg:s/>d</mg:sg><mg:sg class="U">escription</mg:sg><mg:sg class="U">s<mg:s/>created<mg:s/></mg:sg><mg:sg class="U">by<mg:s/>nanopb_</mg:sg><mg:sg class="U">generator.</mg:sg><mg:sg class="U">py.<mg:lf/></mg:sg></mg:ln>
</mg:row>
<mg:row>
<mg:ln file="2" number="4" class="IU"><mg:sg class="IU"><mg:s/>*/<mg:lf/></mg:sg></mg:ln>
<mg:ln file="3" number="4" class="U"><mg:sg class="U"><mg:s/>*/<mg:lf/></mg:sg></mg:ln>
</mg:row>
<mg:row>
<mg:ln file="2" number="5" class="IU"><mg:sg class="IU"><mg:lf/></mg:sg></mg:ln>
<mg:ln file="3" number="5" class="U"><mg:sg class="U"><mg:lf/></mg:sg></mg:ln>
</mg:row>
<mg:row>
<mg:ln file="2" number="6" class="IU"><mg:sg class="IU">#ifndef<mg:s/>PB</mg:sg><mg:sg class="IU">_ENCODE_H_</mg:sg><mg:sg class="IU">INCLUDED<mg:lf/></mg:sg></mg:ln>
<mg:ln file="3" number="6" class="U"><mg:sg class="U">#ifndef<mg:s/>PB</mg:sg><mg:sg class="U">_ENCODE_H_</mg:sg><mg:sg class="U">INCLUDED<mg:lf/></mg:sg></mg:ln>
</mg:row>
<mg:row>
<mg:ln file="2" number="7" class="IU"><mg:sg class="IU">#define<mg:s/>PB</mg:sg><mg:sg class="IU">_ENCODE_H_</mg:sg><mg:sg class="IU">INCLUDED<mg:lf/></mg:sg></mg:ln>
<mg:ln file="3" number="7" class="U"><mg:sg class="U">#define<mg:s/>PB</mg:sg><mg:sg class="U">_ENCODE_H_</mg:sg><mg:sg class="U">INCLUDED<mg:lf/></mg:sg></mg:ln>
</mg:row>
<mg:row>
<mg:ln file="2" number="8" class="IU"><mg:sg class="IU"><mg:lf/></mg:sg></mg:ln>
<mg:ln file="3" number="8" class="U"><mg:sg class="U"><mg:lf/></mg:sg></mg:ln>
</mg:row>
<mg:row>
<mg:ln file="2" number="9" class="IU"><mg:sg class="IU">#include<mg:s/>&quot;</mg:sg><mg:sg class="IU">pb.h&quot;<mg:lf/></mg:sg></mg:ln>
<mg:ln file="3" number="9" class="U"><mg:sg class="U">#include<mg:s/>&quot;</mg:sg><mg:sg class="U">pb.h&quot;<mg:lf/></mg:sg></mg:ln>
</mg:row>
<mg:row>
<mg:ln file="2" number="10" class="IU"><mg:sg class="IU"><mg:lf/></mg:sg></mg:ln>
<mg:ln file="3" number="10" class="U"><mg:sg class="U"><mg:lf/></mg:sg></mg:ln>
</mg:row>
<mg:row>
<mg:ln file="2" number="11" class="IU"><mg:sg class="IU">#ifdef<mg:s/>__c</mg:sg><mg:sg class="IU">plusplus<mg:lf/></mg:sg></mg:ln>
<mg:ln file="3" number="11" class="U"><mg:sg class="U">#ifdef<mg:s/>__c</mg:sg><mg:sg class="U">plusplus<mg:lf/></mg:sg></mg:ln>
</mg:row>
<mg:row>
<mg:ln file="2" number="12" class="IU"><mg:sg class="IU">extern<mg:s/>&quot;C&quot;</mg:sg><mg:sg class="IU"><mg:s/>{<mg:lf/></mg:sg></mg:ln>
<mg:ln file="3" number="12" class="U"><mg:sg class="U">extern<mg:s/>&quot;C&quot;</mg:sg><mg:sg class="U"><mg:s/>{<mg:lf/></mg:sg></mg:ln>
</mg:row>
<mg:row>
<mg:ln file="2" number="13" class="IU"><mg:sg class="IU">#endif<mg:lf/></mg:sg></mg:ln>
<mg:ln file="3" number="13" class="U"><mg:sg class="U">#endif<mg:lf/></mg:sg></mg:ln>
</mg:row>
<mg:row>
<mg:ln file="2" number="14" class="IU"><mg:sg class="IU"><mg:lf/></mg:sg></mg:ln>
<mg:ln file="3" number="14" class="U"><mg:sg class="U"><mg:lf/></mg:sg></mg:ln>
</mg:row>
<mg:row>
<mg:ln file="2" number="15" class="IU"><mg:sg class="IU">/*<mg:s/>Structu</mg:sg><mg:sg class="IU">re<mg:s/>for<mg:s/>def</mg:sg><mg:sg class="IU">ining<mg:s/>cust</mg:sg><mg:sg class="IU">om<mg:s/>output<mg:s/></mg:sg><mg:sg class="IU">streams.<mg:s/>Y</mg:sg><mg:sg class="IU">ou<mg:s/>will<mg:s/>ne</mg:sg><mg:sg class="IU">ed<mg:s/>to<mg:s/>prov</mg:sg><mg:sg class="IU">ide<mg:lf/></mg:sg></mg:ln>
<mg:ln file="3" number="15" class="U"><mg:sg class="U">/*<mg:s/>Structu</mg:sg><mg:sg class="U">re<mg:s/>for<mg:s/>def</mg:sg><mg:sg class="U">ining<mg:s/>cust</mg:sg><mg:sg class="U">om<mg:s/>output<mg:s/></mg:sg><mg:sg class="U">streams.<mg:s/>Y</mg:sg><mg:sg class="U">ou<mg:s/>will<mg:s/>ne</mg:sg><mg:sg class="U">ed<mg:s/>to<mg:s/>prov</mg:sg><mg:sg class="U">ide<mg:lf/></mg:sg></mg:ln>
</mg:row>
<mg:row>
<mg:ln file="2" number="16" class="IU"><mg:sg class="IU"><mg:s/>*<mg:s/>a<mg:s/>callb</mg:sg><mg:sg class="IU">ack<mg:s/>functi</mg:sg><mg:sg class="IU">on<mg:s/>to<mg:s/>writ</mg:sg><mg:sg class="IU">e<mg:s/>the<mg:s/>byte</mg:sg><mg:sg class="IU">s<mg:s/>to<mg:s/>your<mg:s/></mg:sg><mg:sg class="IU">storage,<mg:s/>w</mg:sg><mg:sg class="IU">hich<mg:s/>can<mg:s/>b</mg:sg><mg:sg class="IU">e<mg:lf/></mg:sg></mg:ln>
<mg:ln file="3" number="16" class="U"><mg:sg class="U"><mg:s/>*<mg:s/>a<mg:s/>callb</mg:sg><mg:sg class="U">ack<mg:s/>functi</mg:sg><mg:sg class="U">on<mg:s/>to<mg:s/>writ</mg:sg><mg:sg class="U">e<mg:s/>the<mg:s/>byte</mg:sg><mg:sg class="U">s<mg:s/>to<mg:s/>your<mg:s/></mg:sg><mg:sg class="U">storage,<mg:s/>w</mg:sg><mg:sg class="U">hich<mg:s/>can<mg:s/>b</mg:sg><mg:sg class="U">e<mg:lf/></mg:sg></mg:ln>
</mg:row>
<mg:row>
<mg:ln file="2" number="17" class="IU"><mg:sg class="IU"><mg:s/>*<mg:s/>for<mg:s/>exa</mg:sg><mg:sg class="IU">mple<mg:s/>a<mg:s/>fil</mg:sg><mg:sg class="IU">e<mg:s/>or<mg:s/>a<mg:s/>net</mg:sg><mg:sg class="IU">work<mg:s/>socke</mg:sg><mg:sg class="IU">t.<mg:lf/></mg:sg></mg:ln>
<mg:ln file="3" number="17" class="U"><mg:sg class="U"><mg:s/>*<mg:s/>for<mg:s/>exa</mg:sg><mg:sg class="U">mple<mg:s/>a<mg:s/>fil</mg:sg><mg:sg class="U">e<mg:s/>or<mg:s/>a<mg:s/>net</mg:sg><mg:sg class="U">work<mg:s/>socke</mg:sg><mg:sg class="U">t.<mg:lf/></mg:sg></mg:ln>
</mg:row>
<mg:row>
<mg:ln file="2" number="18" class="IU"><mg:sg class="IU"><mg:s/>*<mg:lf/></mg:sg></mg:ln>
<mg:ln file="3" number="18" class="U"><mg:sg class="U"><mg:s/>*<mg:lf/></mg:sg></mg:ln>
</mg:row>
<mg:row>
<mg:ln file="2" number="19" class="IU"><mg:sg class="IU"><mg:s/>*<mg:s/>The<mg:s/>cal</mg:sg><mg:sg class="IU">lback<mg:s/>must</mg:sg><mg:sg class="IU"><mg:s/>conform<mg:s/>t</mg:sg><mg:sg class="IU">o<mg:s/>these<mg:s/>ru</mg:sg><mg:sg class="IU">les:<mg:lf/></mg:sg></mg:ln>
<mg:ln file="3" number="19" class="U"><mg:sg class="U"><mg:s/>*<mg:s/>The<mg:s/>cal</mg:sg><mg:sg class="U">lback<mg:s/>must</mg:sg><mg:sg class="U"><mg:s/>conform<mg:s/>t</mg:sg><mg:sg class="U">o<mg:s/>these<mg:s/>ru</mg:sg><mg:sg class="U">les:<mg:lf/></mg:sg></mg:ln>
</mg:row>
<mg:row>
<mg:ln file="2" number="20" class="IU"><mg:sg class="IU"><mg:s/>*<mg:lf/></mg:sg></mg:ln>
<mg:ln file="3" number="20" class="U"><mg:sg class="U"><mg:s/>*<mg:lf/></mg:sg></mg:ln>
</mg:row>
<mg:row>
<mg:ln file="2" number="21" class="IU"><mg:sg class="IU"><mg:s/>*<mg:s/>1)<mg:s/>Retu</mg:sg><mg:sg class="IU">rn<mg:s/>false<mg:s/>o</mg:sg><mg:sg class="IU">n<mg:s/>IO<mg:s/>error</mg:sg><mg:sg class="IU">s.<mg:s/>This<mg:s/>wi</mg:sg><mg:sg class="IU">ll<mg:s/>cause<mg:s/>e</mg:sg><mg:sg class="IU">ncoding<mg:s/>to</mg:sg><mg:sg class="IU"><mg:s/>abort.<mg:lf/></mg:sg></mg:ln>
<mg:ln file="3" number="21" class="U"><mg:sg class="U"><mg:s/>*<mg:s/>1)<mg:s/>Retu</mg:sg><mg:sg class="U">rn<mg:s/>false<mg:s/>o</mg:sg><mg:sg class="U">n<mg:s/>IO<mg:s/>error</mg:sg><mg:sg class="U">s.<mg:s/>This<mg:s/>wi</mg:sg><mg:sg class="U">ll<mg:s/>cause<mg:s/>e</mg:sg><mg:sg class="U">ncoding<mg:s/>to</mg:sg><mg:sg class="U"><mg:s/>abort.<mg:lf/></mg:sg></mg:ln>
</mg:row>
<mg:row>
<mg:ln file="2" number="22" class="IU"><mg:sg class="IU"><mg:s/>*<mg:s/>2)<mg:s/>You<mg:s/></mg:sg><mg:sg class="IU">can<mg:s/>use<mg:s/>st</mg:sg><mg:sg class="IU">ate<mg:s/>to<mg:s/>sto</mg:sg><mg:sg class="IU">re<mg:s/>your<mg:s/>ow</mg:sg><mg:sg class="IU">n<mg:s/>data<mg:s/>(e.</mg:sg><mg:sg class="IU">g.<mg:s/>buffer<mg:s/></mg:sg><mg:sg class="IU">pointer).<mg:lf/></mg:sg></mg:ln>
<mg:ln file="3" number="22" class="U"><mg:sg class="U"><mg:s/>*<mg:s/>2)<mg:s/>You<mg:s/></mg:sg><mg:sg class="U">can<mg:s/>use<mg:s/>st</mg:sg><mg:sg class="U">ate<mg:s/>to<mg:s/>sto</mg:sg><mg:sg class="U">re<mg:s/>your<mg:s/>ow</mg:sg><mg:sg class="U">n<mg:s/>data<mg:s/>(e.</mg:sg><mg:sg class="U">g.<mg:s/>buffer<mg:s/></mg:sg><mg:sg class="U">pointer).<mg:lf/></mg:sg></mg:ln>
</mg:row>
<mg:row>
<mg:ln file="2" number="23" class="IU"><mg:sg class="IU"><mg:s/>*<mg:s/>3)<mg:s/>pb_w</mg:sg><mg:sg class="IU">rite<mg:s/>will<mg:s/></mg:sg><mg:sg class="IU">update<mg:s/>byt</mg:sg><mg:sg class="IU">es_written</mg:sg><mg:sg class="IU"><mg:s/>after<mg:s/>you</mg:sg><mg:sg class="IU">r<mg:s/>callback</mg:sg><mg:sg class="IU"><mg:s/>runs.<mg:lf/></mg:sg></mg:ln>
<mg:ln file="3" number="23" class="U"><mg:sg class="U"><mg:s/>*<mg:s/>3)<mg:s/>pb_w</mg:sg><mg:sg class="U">rite<mg:s/>will<mg:s/></mg:sg><mg:sg class="U">update<mg:s/>byt</mg:sg><mg:sg class="U">es_written</mg:sg><mg:sg class="U"><mg:s/>after<mg:s/>you</mg:sg><mg:sg class="U">r<mg:s/>callback</mg:sg><mg:sg class="U"><mg:s/>runs.<mg:lf/></mg:sg></mg:ln>
</mg:row>
<mg:row>
<mg:ln file="2" number="24" class="IU"><mg:sg class="IU"><mg:s/>*<mg:s/>4)<mg:s/>Subs</mg:sg><mg:sg class="IU">treams<mg:s/>wil</mg:sg><mg:sg class="IU">l<mg:s/>modify<mg:s/>m</mg:sg><mg:sg class="IU">ax_size<mg:s/>an</mg:sg><mg:sg class="IU">d<mg:s/>bytes_wr</mg:sg><mg:sg class="IU">itten.<mg:s/>Don</mg:sg><mg:sg class="IU">'t<mg:s/>use<mg:s/>the</mg:sg><mg:sg class="IU">m<mg:lf/></mg:sg></mg:ln>
<mg:ln file="3" number="24" class="U"><mg:sg class="U"><mg:s/>*<mg:s/>4)<mg:s/>Subs</mg:sg><mg:sg class="U">treams<mg:s/>wil</mg:sg><mg:sg class="U">l<mg:s/>modify<mg:s/>m</mg:sg><mg:sg class="U">ax_size<mg:s/>an</mg:sg><mg:sg class="U">d<mg:s/>bytes_wr</mg:sg><mg:sg class="U">itten.<mg:s/>Don</mg:sg><mg:sg class="U">'t<mg:s/>use<mg:s/>the</mg:sg><mg:sg class="U">m<mg:lf/></mg:sg></mg:ln>
</mg:row>
<mg:row>
<mg:ln file="2" number="25" class="IU"><mg:sg class="IU"><mg:s/>*<mg:s/><mg:s/><mg:s/><mg:s/>to<mg:s/>c</mg:sg><mg:sg class="IU">alculate<mg:s/>a</mg:sg><mg:sg class="IU">ny<mg:s/>pointer</mg:sg><mg:sg class="IU">s.<mg:lf/></mg:sg></mg:ln>
<mg:ln file="3" number="25" class="U"><mg:sg class="U"><mg:s/>*<mg:s/><mg:s/><mg:s/><mg:s/>to<mg:s/>c</mg:sg><mg:sg class="U">alculate<mg:s/>a</mg:sg><mg:sg class="U">ny<mg:s/>pointer</mg:sg><mg:sg class="U">s.<mg:lf/></mg:sg></mg:ln>
</mg:row>
<mg:row>
<mg:ln file="2" number="26" class="IU"><mg:sg class="IU"><mg:s/>*/<mg:lf/></mg:sg></mg:ln>
<mg:ln file="3" number="26" class="U"><mg:sg class="U"><mg:s/>*/<mg:lf/></mg:sg></mg:ln>
</mg:row>
<mg:row>
<mg:ln file="2" number="27" class="IU"><mg:sg class="IU">struct<mg:s/>pb_</mg:sg><mg:sg class="IU">ostream_s<mg:lf/></mg:sg></mg:ln>
<mg:ln file="3" number="27" class="U"><mg:sg class="U">struct<mg:s/>pb_</mg:sg><mg:sg class="U">ostream_s<mg:lf/></mg:sg></mg:ln>
</mg:row>
<mg:row>
<mg:ln file="2" number="28" class="IU"><mg:sg class="IU">{<mg:lf/></mg:sg></mg:ln>
<mg:ln file="3" number="28" class="U"><mg:sg class="U">{<mg:lf/></mg:sg></mg:ln>
</mg:row>
<mg:row>
<mg:ln file="2" number="29" class="IU"><mg:sg class="IU">#ifdef<mg:s/>PB_</mg:sg><mg:sg class="IU">BUFFER_ONL</mg:sg><mg:sg class="IU">Y<mg:lf/></mg:sg></mg:ln>
<mg:ln file="3" number="29" class="U"><mg:sg class="U">#ifdef<mg:s/>PB_</mg:sg><mg:sg class="U">BUFFER_ONL</mg:sg><mg:sg class="U">Y<mg:lf/></mg:sg></mg:ln>
</mg:row>
<mg:row>
<mg:ln file="2" number="30" class="IU"><mg:sg class="IU"><mg:s/><mg:s/><mg:s/><mg:s/>/*<mg:s/>Cal</mg:sg><mg:sg class="IU">lback<mg:s/>poin</mg:sg><mg:sg class="IU">ter<mg:s/>is<mg:s/>not</mg:sg><mg:sg class="IU"><mg:s/>used<mg:s/>in<mg:s/>b</mg:sg><mg:sg class="IU">uffer-only</mg:sg><mg:sg class="IU"><mg:s/>configura</mg:sg><mg:sg class="IU">tion.<mg:lf/></mg:sg></mg:ln>
<mg:ln file="3" number="30" class="U"><mg:sg class="U"><mg:s/><mg:s/><mg:s/><mg:s/>/*<mg:s/>Cal</mg:sg><mg:sg class="U">lback<mg:s/>poin</mg:sg><mg:sg class="U">ter<mg:s/>is<mg:s/>not</mg:sg><mg:sg class="U"><mg:s/>used<mg:s/>in<mg:s/>b</mg:sg><mg:sg class="U">uffer-only</mg:sg><mg:sg class="U"><mg:s/>configura</mg:sg><mg:sg class="U">tion.<mg:lf/></mg:sg></mg:ln>
</mg:row>
<mg:row>
<mg:ln file="2" number="31" class="IU"><mg:sg class="IU"><mg:s/><mg:s/><mg:s/><mg:s/><mg:s/>*<mg:s/>Hav</mg:sg><mg:sg class="IU">ing<mg:s/>an<mg:s/>int</mg:sg><mg:sg class="IU"><mg:s/>pointer<mg:s/>h</mg:sg><mg:sg class="IU">ere<mg:s/>allows</mg:sg><mg:sg class="IU"><mg:s/>binary<mg:s/>co</mg:sg><mg:sg class="IU">mpatibilit</mg:sg><mg:sg class="IU">y<mg:s/>but<mg:lf/></mg:sg></mg:ln>
<mg:ln file="3" number="31" class="U"><mg:sg class="U"><mg:s/><mg:s/><mg:s/><mg:s/><mg:s/>*<mg:s/>Hav</mg:sg><mg:sg class="U">ing<mg:s/>an<mg:s/>int</mg:sg><mg:sg class="U"><mg:s/>pointer<mg:s/>h</mg:sg><mg:sg class="U">ere<mg:s/>allows</mg:sg><mg:sg class="U"><mg:s/>binary<mg:s/>co</mg:sg><mg:sg class="U">mpatibilit</mg:sg><mg:sg class="U">y<mg:s/>but<mg:lf/></mg:sg></mg:ln>
</mg:row>
<mg:row>
<mg:ln file="2" number="32" class="IU"><mg:sg class="IU"><mg:s/><mg:s/><mg:s/><mg:s/><mg:s/>*<mg:s/>giv</mg:sg><mg:sg class="IU">es<mg:s/>an<mg:s/>erro</mg:sg><mg:sg class="IU">r<mg:s/>if<mg:s/>someo</mg:sg><mg:sg class="IU">ne<mg:s/>tries<mg:s/>t</mg:sg><mg:sg class="IU">o<mg:s/>assign<mg:s/>c</mg:sg><mg:sg class="IU">allback<mg:s/>fu</mg:sg><mg:sg class="IU">nction.<mg:lf/></mg:sg></mg:ln>
<mg:ln file="3" number="32" class="U"><mg:sg class="U"><mg:s/><mg:s/><mg:s/><mg:s/><mg:s/>*<mg:s/>giv</mg:sg><mg:sg class="U">es<mg:s/>an<mg:s/>erro</mg:sg><mg:sg class="U">r<mg:s/>if<mg:s/>someo</mg:sg><mg:sg class="U">ne<mg:s/>tries<mg:s/>t</mg:sg><mg:sg class="U">o<mg:s/>assign<mg:s/>c</mg:sg><mg:sg class="U">allback<mg:s/>fu</mg:sg><mg:sg class="U">nction.<mg:lf/></mg:sg></mg:ln>
</mg:row>
<mg:row>
<mg:ln file="2" number="33" class="IU"><mg:sg class="IU"><mg:s/><mg:s/><mg:s/><mg:s/><mg:s/>*<mg:s/>Als</mg:sg><mg:sg class="IU">o,<mg:s/>NULL<mg:s/>po</mg:sg><mg:sg class="IU">inter<mg:s/>mark</mg:sg><mg:sg class="IU">s<mg:s/>a<mg:s/>'sizin</mg:sg><mg:sg class="IU">g<mg:s/>stream'<mg:s/></mg:sg><mg:sg class="IU">that<mg:s/>does<mg:s/></mg:sg><mg:sg class="IU">not<mg:lf/></mg:sg></mg:ln>
<mg:ln file="3" number="33" class="U"><mg:sg class="U"><mg:s/><mg:s/><mg:s/><mg:s/><mg:s/>*<mg:s/>Als</mg:sg><mg:sg class="U">o,<mg:s/>NULL<mg:s/>po</mg:sg><mg:sg class="U">inter<mg:s/>mark</mg:sg><mg:sg class="U">s<mg:s/>a<mg:s/>'sizin</mg:sg><mg:sg class="U">g<mg:s/>stream'<mg:s/></mg:sg><mg:sg class="U">that<mg:s/>does<mg:s/></mg:sg><mg:sg class="U">not<mg:lf/></mg:sg></mg:ln>
</mg:row>
<mg:row>
<mg:ln file="2" number="34" class="IU"><mg:sg class="IU"><mg:s/><mg:s/><mg:s/><mg:s/><mg:s/>*<mg:s/>wri</mg:sg><mg:sg class="IU">te<mg:s/>anythin</mg:sg><mg:sg class="IU">g.<mg:lf/></mg:sg></mg:ln>
<mg:ln file="3" number="34" class="U"><mg:sg class="U"><mg:s/><mg:s/><mg:s/><mg:s/><mg:s/>*<mg:s/>wri</mg:sg><mg:sg class="U">te<mg:s/>anythin</mg:sg><mg:sg class="U">g.<mg:lf/></mg:sg></mg:ln>
</mg:row>
<mg:row>
<mg:ln file="2" number="35" class="IU"><mg:sg class="IU"><mg:s/><mg:s/><mg:s/><mg:s/><mg:s/>*/<mg:lf/></mg:sg></mg:ln>
<mg:ln file="3" number="35" class="U"><mg:sg class="U"><mg:s/><mg:s/><mg:s/><mg:s/><mg:s/>*/<mg:lf/></mg:sg></mg:ln>
</mg:row>
<mg:row>
<mg:ln file="2" number="36" class="IU"><mg:sg class="IU"><mg:s/><mg:s/><mg:s/><mg:s/>int<mg:s/>*c</mg:sg><mg:sg class="IU">allback;<mg:lf/></mg:sg></mg:ln>
<mg:ln file="3" number="36" class="U"><mg:sg class="U"><mg:s/><mg:s/><mg:s/><mg:s/>int<mg:s/>*c</mg:sg><mg:sg class="U">allback;<mg:lf/></mg:sg></mg:ln>
</mg:row>
<mg:row>
<mg:ln file="2" number="37" class="IU"><mg:sg class="IU">#else<mg:lf/></mg:sg></mg:ln>
<mg:ln file="3" number="37" class="U"><mg:sg class="U">#else<mg:lf/></mg:sg></mg:ln>
</mg:row>
<mg:row>
<mg:ln file="2" number="38" class="IU"><mg:sg class="IU"><mg:s/><mg:s/><mg:s/><mg:s/>bool<mg:s/>(</mg:sg><mg:sg class="IU">*callback)</mg:sg><mg:sg class="IU">(pb_ostrea</mg:sg><mg:sg class="IU">m_t<mg:s/>*strea</mg:sg><mg:sg class="IU">m,<mg:s/>const<mg:s/>p</mg:sg><mg:sg class="IU">b_byte_t<mg:s/>*</mg:sg><mg:sg class="IU">buf,<mg:s/>size_</mg:sg><mg:sg class="IU">t<mg:s/>count);<mg:lf/></mg:sg></mg:ln>
<mg:ln file="3" number="38" class="U"><mg:sg class="U"><mg:s/><mg:s/><mg:s/><mg:s/>bool<mg:s/>(</mg:sg><mg:sg class="U">*callback)</mg:sg><mg:sg class="U">(pb_ostrea</mg:sg><mg:sg class="U">m_t<mg:s/>*strea</mg:sg><mg:sg class="U">m,<mg:s/>const<mg:s/>p</mg:sg><mg:sg class="U">b_byte_t<mg:s/>*</mg:sg><mg:sg class="U">buf,<mg:s/>size_</mg:sg><mg:sg class="U">t<mg:s/>count);<mg:lf/></mg:sg></mg:ln>
</mg:row>
<mg:row>
<mg:ln file="2" number="39" class="IU"><mg:sg class="IU">#endif<mg:lf/></mg:sg></mg:ln>
<mg:ln file="3" number="39" class="U"><mg:sg class="U">#endif<mg:lf/></mg:sg></mg:ln>
</mg:row>
<mg:row>
<mg:ln file="2" number="40" class="IU"><mg:sg class="IU"><mg:s/><mg:s/><mg:s/><mg:s/>void<mg:s/>*</mg:sg><mg:sg class="IU">state;<mg:s/><mg:s/><mg:s/><mg:s/></mg:sg><mg:sg class="IU"><mg:s/><mg:s/><mg:s/><mg:s/><mg:s/><mg:s/>/*<mg:s/>F</mg:sg><mg:sg class="IU">ree<mg:s/>field<mg:s/></mg:sg><mg:sg class="IU">for<mg:s/>use<mg:s/>by</mg:sg><mg:sg class="IU"><mg:s/>callback<mg:s/></mg:sg><mg:sg class="IU">implementa</mg:sg><mg:sg class="IU">tion.<mg:s/>*/<mg:lf/></mg:sg></mg:ln>
<mg:ln file="3" number="40" class="U"><mg:sg class="U"><mg:s/><mg:s/><mg:s/><mg:s/>void<mg:s/>*</mg:sg><mg:sg class="U">state;<mg:s/><mg:s/><mg:s/><mg:s/></mg:sg><mg:sg class="U"><mg:s/><mg:s/><mg:s/><mg:s/><mg:s/><mg:s/>/*<mg:s/>F</mg:sg><mg:sg class="U">ree<mg:s/>field<mg:s/></mg:sg><mg:sg class="U">for<mg:s/>use<mg:s/>by</mg:sg><mg:sg class="U"><mg:s/>callback<mg:s/></mg:sg><mg:sg class="U">implementa</mg:sg><mg:sg class="U">tion.<mg:s/>*/<mg:lf/></mg:sg></mg:ln>
</mg:row>
<mg:row>
<mg:ln file="2" number="41" class="IU"><mg:sg class="IU"><mg:s/><mg:s/><mg:s/><mg:s/>size_t</mg:sg><mg:sg class="IU"><mg:s/>max_size;</mg:sg><mg:sg class="IU"><mg:s/><mg:s/><mg:s/><mg:s/><mg:s/><mg:s/>/*<mg:s/>L</mg:sg><mg:sg class="IU">imit<mg:s/>numbe</mg:sg><mg:sg class="IU">r<mg:s/>of<mg:s/>outpu</mg:sg><mg:sg class="IU">t<mg:s/>bytes<mg:s/>wr</mg:sg><mg:sg class="IU">itten<mg:s/>(or<mg:s/></mg:sg><mg:sg class="IU">use<mg:s/>SIZE_M</mg:sg><mg:sg class="IU">AX).<mg:s/>*/<mg:lf/></mg:sg></mg:ln>
<mg:ln file="3" number="41" class="U"><mg:sg class="U"><mg:s/><mg:s/><mg:s/><mg:s/>size_t</mg:sg><mg:sg class="U"><mg:s/>max_size;</mg:sg><mg:sg class="U"><mg:s/><mg:s/><mg:s/><mg:s/><mg:s/><mg:s/>/*<mg:s/>L</mg:sg><mg:sg class="U">imit<mg:s/>numbe</mg:sg><mg:sg class="U">r<mg:s/>of<mg:s/>outpu</mg:sg><mg:sg class="U">t<mg:s/>bytes<mg:s/>wr</mg:sg><mg:sg class="U">itten<mg:s/>(or<mg:s/></mg:sg><mg:sg class="U">use<mg:s/>SIZE_M</mg:sg><mg:sg class="U">AX).<mg:s/>*/<mg:lf/></mg:sg></mg:ln>
</mg:row>
<mg:row>
<mg:ln file="2" number="42" class="IU"><mg:sg class="IU"><mg:s/><mg:s/><mg:s/><mg:s/>size_t</mg:sg><mg:sg class="IU"><mg:s/>bytes_wri</mg:sg><mg:sg class="IU">tten;<mg:s/>/*<mg:s/>N</mg:sg><mg:sg class="IU">umber<mg:s/>of<mg:s/>b</mg:sg><mg:sg class="IU">ytes<mg:s/>writt</mg:sg><mg:sg class="IU">en<mg:s/>so<mg:s/>far.</mg:sg><mg:sg class="IU"><mg:s/>*/<mg:lf/></mg:sg></mg:ln>
<mg:ln file="3" number="42" class="U"><mg:sg class="U"><mg:s/><mg:s/><mg:s/><mg:s/>size_t</mg:sg><mg:sg class="U"><mg:s/>bytes_wri</mg:sg><mg:sg class="U">tten;<mg:s/>/*<mg:s/>N</mg:sg><mg:sg class="U">umber<mg:s/>of<mg:s/>b</mg:sg><mg:sg class="U">ytes<mg:s/>writt</mg:sg><mg:sg class="U">en<mg:s/>so<mg:s/>far.</mg:sg><mg:sg class="U"><mg:s/>*/<mg:lf/></mg:sg></mg:ln>
</mg:row>
<mg:row>
<mg:ln file="2" number="43" class="IU"><mg:sg class="IU"><mg:s/><mg:s/><mg:s/><mg:s/><mg:lf/></mg:sg></mg:ln>
<mg:ln file="3" number="43" class="U"><mg:sg class="U"><mg:s/><mg:s/><mg:s/><mg:s/><mg:lf/></mg:sg></mg:ln>
</mg:row>
<mg:row>
<mg:ln file="2" number="44" class="IU"><mg:sg class="IU">#ifndef<mg:s/>PB</mg:sg><mg:sg class="IU">_NO_ERRMSG</mg:sg><mg:sg class="IU"><mg:lf/></mg:sg></mg:ln>
<mg:ln file="3" number="44" class="U"><mg:sg class="U">#ifndef<mg:s/>PB</mg:sg><mg:sg class="U">_NO_ERRMSG</mg:sg><mg:sg class="U"><mg:lf/></mg:sg></mg:ln>
</mg:row>
<mg:row>
<mg:ln file="2" number="45" class="IU"><mg:sg class="IU"><mg:s/><mg:s/><mg:s/><mg:s/>const<mg:s/></mg:sg><mg:sg class="IU">char<mg:s/>*errm</mg:sg><mg:sg class="IU">sg;<mg:lf/></mg:sg></mg:ln>
<mg:ln file="3" number="45" class="U"><mg:sg class="U"><mg:s/><mg:s/><mg:s/><mg:s/>const<mg:s/></mg:sg><mg:sg class="U">char<mg:s/>*errm</mg:sg><mg:sg class="U">sg;<mg:lf/></mg:sg></mg:ln>
</mg:row>
<mg:row>
<mg:ln file="2" number="46" class="IU"><mg:sg class="IU">#endif<mg:lf/></mg:sg></mg:ln>
<mg:ln file="3" number="46" class="U"><mg:sg class="U">#endif<mg:lf/></mg:sg></mg:ln>
</mg:row>
<mg:row>
<mg:ln file="2" number="47" class="IU"><mg:sg class="IU">};<mg:lf/></mg:sg></mg:ln>
<mg:ln file="3" number="47" class="U"><mg:sg class="U">};<mg:lf/></mg:sg></mg:ln>
</mg:row>
<mg:row>
<mg:ln file="2" number="48" class="IU"><mg:sg class="IU"><mg:lf/></mg:sg></mg:ln>
<mg:ln file="3" number="48" class="U"><mg:sg class="U"><mg:lf/></mg:sg></mg:ln>
</mg:row>
<mg:row>
<mg:ln file="2" number="49" class="IU"><mg:sg class="IU">/*********</mg:sg><mg:sg class="IU">**********</mg:sg><mg:sg class="IU">********<mg:lf/></mg:sg></mg:ln>
<mg:ln file="3" number="49" class="U"><mg:sg class="U">/*********</mg:sg><mg:sg class="U">**********</mg:sg><mg:sg class="U">********<mg:lf/></mg:sg></mg:ln>
</mg:row>
<mg:row>
<mg:ln file="2" number="50" class="IU"><mg:sg class="IU"><mg:s/>*<mg:s/>Main<mg:s/>en</mg:sg><mg:sg class="IU">coding<mg:s/>fun</mg:sg><mg:sg class="IU">ctions<mg:s/>*<mg:lf/></mg:sg></mg:ln>
<mg:ln file="3" number="50" class="U"><mg:sg class="U"><mg:s/>*<mg:s/>Main<mg:s/>en</mg:sg><mg:sg class="U">coding<mg:s/>fun</mg:sg><mg:sg class="U">ctions<mg:s/>*<mg:lf/></mg:sg></mg:ln>
</mg:row>
<mg:row>
<mg:ln file="2" number="51" class="IU"><mg:sg class="IU"><mg:s/>*********</mg:sg><mg:sg class="IU">**********</mg:sg><mg:sg class="IU">********/<mg:lf/></mg:sg></mg:ln>
<mg:ln file="3" number="51" class="U"><mg:sg class="U"><mg:s/>*********</mg:sg><mg:sg class="U">**********</mg:sg><mg:sg class="U">********/<mg:lf/></mg:sg></mg:ln>
</mg:row>
<mg:row>
<mg:ln file="2" number="52" class="IU"><mg:sg class="IU"><mg:lf/></mg:sg></mg:ln>
<mg:ln file="3" number="52" class="U"><mg:sg class="U"><mg:lf/></mg:sg></mg:ln>
</mg:row>
<mg:row>
<mg:ln file="2" number="53" class="IU"><mg:sg class="IU">/*<mg:s/>Encode<mg:s/></mg:sg><mg:sg class="IU">a<mg:s/>single<mg:s/>p</mg:sg><mg:sg class="IU">rotocol<mg:s/>bu</mg:sg><mg:sg class="IU">ffers<mg:s/>mess</mg:sg><mg:sg class="IU">age<mg:s/>from<mg:s/>C</mg:sg><mg:sg class="IU"><mg:s/>structure</mg:sg><mg:sg class="IU"><mg:s/>into<mg:s/>a<mg:s/>st</mg:sg><mg:sg class="IU">ream.<mg:lf/></mg:sg></mg:ln>
<mg:ln file="3" number="53" class="U"><mg:sg class="U">/*<mg:s/>Encode<mg:s/></mg:sg><mg:sg class="U">a<mg:s/>single<mg:s/>p</mg:sg><mg:sg class="U">rotocol<mg:s/>bu</mg:sg><mg:sg class="U">ffers<mg:s/>mess</mg:sg><mg:sg class="U">age<mg:s/>from<mg:s/>C</mg:sg><mg:sg class="U"><mg:s/>structure</mg:sg><mg:sg class="U"><mg:s/>into<mg:s/>a<mg:s/>st</mg:sg><mg:sg class="U">ream.<mg:lf/></mg:sg></mg:ln>
</mg:row>
<mg:row>
<mg:ln file="2" number="54" class="IU"><mg:sg class="IU"><mg:s/>*<mg:s/>Returns</mg:sg><mg:sg class="IU"><mg:s/>true<mg:s/>on<mg:s/>s</mg:sg><mg:sg class="IU">uccess,<mg:s/>fa</mg:sg><mg:sg class="IU">lse<mg:s/>on<mg:s/>any</mg:sg><mg:sg class="IU"><mg:s/>failure.<mg:lf/></mg:sg></mg:ln>
<mg:ln file="3" number="54" class="U"><mg:sg class="U"><mg:s/>*<mg:s/>Returns</mg:sg><mg:sg class="U"><mg:s/>true<mg:s/>on<mg:s/>s</mg:sg><mg:sg class="U">uccess,<mg:s/>fa</mg:sg><mg:sg class="U">lse<mg:s/>on<mg:s/>any</mg:sg><mg:sg class="U"><mg:s/>failure.<mg:lf/></mg:sg></mg:ln>
</mg:row>
<mg:row>
<mg:ln file="2" number="55" class="IU"><mg:sg class="IU"><mg:s/>*<mg:s/>The<mg:s/>act</mg:sg><mg:sg class="IU">ual<mg:s/>struct</mg:sg><mg:sg class="IU"><mg:s/>pointed<mg:s/>t</mg:sg><mg:sg class="IU">o<mg:s/>by<mg:s/>src_s</mg:sg><mg:sg class="IU">truct<mg:s/>must</mg:sg><mg:sg class="IU"><mg:s/>match<mg:s/>the</mg:sg><mg:sg class="IU"><mg:s/>descripti</mg:sg><mg:sg class="IU">on<mg:s/>in<mg:s/>fiel</mg:sg><mg:sg class="IU">ds.<mg:lf/></mg:sg></mg:ln>
<mg:ln file="3" number="55" class="U"><mg:sg class="U"><mg:s/>*<mg:s/>The<mg:s/>act</mg:sg><mg:sg class="U">ual<mg:s/>struct</mg:sg><mg:sg class="U"><mg:s/>pointed<mg:s/>t</mg:sg><mg:sg class="U">o<mg:s/>by<mg:s/>src_s</mg:sg><mg:sg class="U">truct<mg:s/>must</mg:sg><mg:sg class="U"><mg:s/>match<mg:s/>the</mg:sg><mg:sg class="U"><mg:s/>descripti</mg:sg><mg:sg class="U">on<mg:s/>in<mg:s/>fiel</mg:sg><mg:sg class="U">ds.<mg:lf/></mg:sg></mg:ln>
</mg:row>
<mg:row>
<mg:ln file="2" number="56" class="IU"><mg:sg class="IU"><mg:s/>*<mg:s/>All<mg:s/>req</mg:sg><mg:sg class="IU">uired<mg:s/>fiel</mg:sg><mg:sg class="IU">ds<mg:s/>in<mg:s/>the<mg:s/></mg:sg><mg:sg class="IU">struct<mg:s/>are</mg:sg><mg:sg class="IU"><mg:s/>assumed<mg:s/>t</mg:sg><mg:sg class="IU">o<mg:s/>have<mg:s/>bee</mg:sg><mg:sg class="IU">n<mg:s/>filled<mg:s/>i</mg:sg><mg:sg class="IU">n.<mg:lf/></mg:sg></mg:ln>
<mg:ln file="3" number="56" class="U"><mg:sg class="U"><mg:s/>*<mg:s/>All<mg:s/>req</mg:sg><mg:sg class="U">uired<mg:s/>fiel</mg:sg><mg:sg class="U">ds<mg:s/>in<mg:s/>the<mg:s/></mg:sg><mg:sg class="U">struct<mg:s/>are</mg:sg><mg:sg class="U"><mg:s/>assumed<mg:s/>t</mg:sg><mg:sg class="U">o<mg:s/>have<mg:s/>bee</mg:sg><mg:sg class="U">n<mg:s/>filled<mg:s/>i</mg:sg><mg:sg class="U">n.<mg:lf/></mg:sg></mg:ln>
</mg:row>
<mg:row>
<mg:ln file="2" number="57" class="IU"><mg:sg class="IU"><mg:s/>*<mg:lf/></mg:sg></mg:ln>
<mg:ln file="3" number="57" class="U"><mg:sg class="U"><mg:s/>*<mg:lf/></mg:sg></mg:ln>
</mg:row>
<mg:row>
<mg:ln file="2" number="58" class="IU"><mg:sg class="IU"><mg:s/>*<mg:s/>Example</mg:sg><mg:sg class="IU"><mg:s/>usage:<mg:lf/></mg:sg></mg:ln>
<mg:ln file="3" number="58" class="U"><mg:sg class="U"><mg:s/>*<mg:s/>Example</mg:sg><mg:sg class="U"><mg:s/>usage:<mg:lf/></mg:sg></mg:ln>
</mg:row>
<mg:row>
<mg:ln file="2" number="59" class="IU"><mg:sg class="IU"><mg:s/>*<mg:s/><mg:s/><mg:s/><mg:s/>MyMe</mg:sg><mg:sg class="IU">ssage<mg:s/>msg<mg:s/></mg:sg><mg:sg class="IU">=<mg:s/>{};<mg:lf/></mg:sg></mg:ln>
<mg:ln file="3" number="59" class="U"><mg:sg class="U"><mg:s/>*<mg:s/><mg:s/><mg:s/><mg:s/>MyMe</mg:sg><mg:sg class="U">ssage<mg:s/>msg<mg:s/></mg:sg><mg:sg class="U">=<mg:s/>{};<mg:lf/></mg:sg></mg:ln>
</mg:row>
<mg:row>
<mg:ln file="2" number="60" class="IU"><mg:sg class="IU"><mg:s/>*<mg:s/><mg:s/><mg:s/><mg:s/>uint</mg:sg><mg:sg class="IU">8_t<mg:s/>buffer</mg:sg><mg:sg class="IU">[64];<mg:lf/></mg:sg></mg:ln>
<mg:ln file="3" number="60" class="U"><mg:sg class="U"><mg:s/>*<mg:s/><mg:s/><mg:s/><mg:s/>uint</mg:sg><mg:sg class="U">8_t<mg:s/>buffer</mg:sg><mg:sg class="U">[64];<mg:lf/></mg:sg></mg:ln>
</mg:row>
<mg:row>
<mg:ln file="2" number="61" class="IU"><mg:sg class="IU"><mg:s/>*<mg:s/><mg:s/><mg:s/><mg:s/>pb_o</mg:sg><mg:sg class="IU">stream_t<mg:s/>s</mg:sg><mg:sg class="IU">tream;<mg:lf/></mg:sg></mg:ln>
<mg:ln file="3" number="61" class="U"><mg:sg class="U"><mg:s/>*<mg:s/><mg:s/><mg:s/><mg:s/>pb_o</mg:sg><mg:sg class="U">stream_t<mg:s/>s</mg:sg><mg:sg class="U">tream;<mg:lf/></mg:sg></mg:ln>
</mg:row>
<mg:row>
<mg:ln file="2" number="62" class="IU"><mg:sg class="IU"><mg:s/>*<mg:lf/></mg:sg></mg:ln>
<mg:ln file="3" number="62" class="U"><mg:sg class="U"><mg:s/>*<mg:lf/></mg:sg></mg:ln>
</mg:row>
<mg:row>
<mg:ln file="2" number="63" class="IU"><mg:sg class="IU"><mg:s/>*<mg:s/><mg:s/><mg:s/><mg:s/>msg.</mg:sg><mg:sg class="IU">field1<mg:s/>=<mg:s/>4</mg:sg><mg:sg class="IU">2;<mg:lf/></mg:sg></mg:ln>
<mg:ln file="3" number="63" class="U"><mg:sg class="U"><mg:s/>*<mg:s/><mg:s/><mg:s/><mg:s/>msg.</mg:sg><mg:sg class="U">field1<mg:s/>=<mg:s/>4</mg:sg><mg:sg class="U">2;<mg:lf/></mg:sg></mg:ln>
</mg:row>
<mg:row>
<mg:ln file="2" number="64" class="IU"><mg:sg class="IU"><mg:s/>*<mg:s/><mg:s/><mg:s/><mg:s/>stre</mg:sg><mg:sg class="IU">am<mg:s/>=<mg:s/>pb_os</mg:sg><mg:sg class="IU">tream_from</mg:sg><mg:sg class="IU">_buffer(bu</mg:sg><mg:sg class="IU">ffer,<mg:s/>size</mg:sg><mg:sg class="IU">of(buffer)</mg:sg><mg:sg class="IU">);<mg:lf/></mg:sg></mg:ln>
<mg:ln file="3" number="64" class="U"><mg:sg class="U"><mg:s/>*<mg:s/><mg:s/><mg:s/><mg:s/>stre</mg:sg><mg:sg class="U">am<mg:s/>=<mg:s/>pb_os</mg:sg><mg:sg class="U">tream_from</mg:sg><mg:sg class="U">_buffer(bu</mg:sg><mg:sg class="U">ffer,<mg:s/>size</mg:sg><mg:sg class="U">of(buffer)</mg:sg><mg:sg class="U">);<mg:lf/></mg:sg></mg:ln>
</mg:row>
<mg:row>
<mg:ln file="2" number="65" class="IU"><mg:sg class="IU"><mg:s/>*<mg:s/><mg:s/><mg:s/><mg:s/>pb_e</mg:sg><mg:sg class="IU">ncode(&amp;str</mg:sg><mg:sg class="IU">eam,<mg:s/>MyMes</mg:sg><mg:sg class="IU">sage_field</mg:sg><mg:sg class="IU">s,<mg:s/>&amp;msg);<mg:lf/></mg:sg></mg:ln>
<mg:ln file="3" number="65" class="U"><mg:sg class="U"><mg:s/>*<mg:s/><mg:s/><mg:s/><mg:s/>pb_e</mg:sg><mg:sg class="U">ncode(&amp;str</mg:sg><mg:sg class="U">eam,<mg:s/>MyMes</mg:sg><mg:sg class="U">sage_field</mg:sg><mg:sg class="U">s,<mg:s/>&amp;msg);<mg:lf/></mg:sg></mg:ln>
</mg:row>
<mg:row>
<mg:ln file="2" number="66" class="IU"><mg:sg class="IU"><mg:s/>*/<mg:lf/></mg:sg></mg:ln>
<mg:ln file="3" number="66" class="U"><mg:sg class="U"><mg:s/>*/<mg:lf/></mg:sg></mg:ln>
</mg:row>
<mg:row>
<mg:ln file="2" number="67" class="IU"><mg:sg class="IU">bool<mg:s/>pb_en</mg:sg><mg:sg class="IU">code(pb_os</mg:sg><mg:sg class="IU">tream_t<mg:s/>*s</mg:sg><mg:sg class="IU">tream,<mg:s/>con</mg:sg><mg:sg class="IU">st<mg:s/>pb_fiel</mg:sg><mg:sg class="IU">d_t<mg:s/>fields</mg:sg><mg:sg class="IU">[],<mg:s/>const<mg:s/></mg:sg><mg:sg class="IU">void<mg:s/>*src_</mg:sg><mg:sg class="IU">struct);<mg:lf/></mg:sg></mg:ln>
<mg:ln file="3" number="67" class="U"><mg:sg class="U">bool<mg:s/>pb_en</mg:sg><mg:sg class="U">code(pb_os</mg:sg><mg:sg class="U">tream_t<mg:s/>*s</mg:sg><mg:sg class="U">tream,<mg:s/>con</mg:sg><mg:sg class="U">st<mg:s/>pb_fiel</mg:sg><mg:sg class="U">d_t<mg:s/>fields</mg:sg><mg:sg class="U">[],<mg:s/>const<mg:s/></mg:sg><mg:sg class="U">void<mg:s/>*src_</mg:sg><mg:sg class="U">struct);<mg:lf/></mg:sg></mg:ln>
</mg:row>
<mg:row>
<mg:ln file="2" number="68" class="IU"><mg:sg class="IU"><mg:lf/></mg:sg></mg:ln>
<mg:ln file="3" number="68" class="U"><mg:sg class="U"><mg:lf/></mg:sg></mg:ln>
</mg:row>
<mg:row>
<mg:ln file="2" number="69" class="IU"><mg:sg class="IU">/*<mg:s/>Same<mg:s/>as</mg:sg><mg:sg class="IU"><mg:s/>pb_encode</mg:sg><mg:sg class="IU">,<mg:s/>but<mg:s/>prep</mg:sg><mg:sg class="IU">ends<mg:s/>the<mg:s/>l</mg:sg><mg:sg class="IU">ength<mg:s/>of<mg:s/>t</mg:sg><mg:sg class="IU">he<mg:s/>message</mg:sg><mg:sg class="IU"><mg:s/>as<mg:s/>a<mg:s/>vari</mg:sg><mg:sg class="IU">nt.<mg:lf/></mg:sg></mg:ln>
<mg:ln file="3" number="69" class="U"><mg:sg class="U">/*<mg:s/>Same<mg:s/>as</mg:sg><mg:sg class="U"><mg:s/>pb_encode</mg:sg><mg:sg class="U">,<mg:s/>but<mg:s/>prep</mg:sg><mg:sg class="U">ends<mg:s/>the<mg:s/>l</mg:sg><mg:sg class="U">ength<mg:s/>of<mg:s/>t</mg:sg><mg:sg class="U">he<mg:s/>message</mg:sg><mg:sg class="U"><mg:s/>as<mg:s/>a<mg:s/>vari</mg:sg><mg:sg class="U">nt.<mg:lf/></mg:sg></mg:ln>
</mg:row>
<mg:row>
<mg:ln file="2" number="70" class="IU"><mg:sg class="IU"><mg:s/>*<mg:s/>Corresp</mg:sg><mg:sg class="IU">onds<mg:s/>to<mg:s/>wr</mg:sg><mg:sg class="IU">iteDelimit</mg:sg><mg:sg class="IU">edTo()<mg:s/>in<mg:s/></mg:sg><mg:sg class="IU">Google's<mg:s/>p</mg:sg><mg:sg class="IU">rotobuf<mg:s/>AP</mg:sg><mg:sg class="IU">I.<mg:lf/></mg:sg></mg:ln>
<mg:ln file="3" number="70" class="U"><mg:sg class="U"><mg:s/>*<mg:s/>Corresp</mg:sg><mg:sg class="U">onds<mg:s/>to<mg:s/>wr</mg:sg><mg:sg class="U">iteDelimit</mg:sg><mg:sg class="U">edTo()<mg:s/>in<mg:s/></mg:sg><mg:sg class="U">Google's<mg:s/>p</mg:sg><mg:sg class="U">rotobuf<mg:s/>AP</mg:sg><mg:sg class="U">I.<mg:lf/></mg:sg></mg:ln>
</mg:row>
<mg:row>
<mg:ln file="2" number="71" class="IU"><mg:sg class="IU"><mg:s/>*/<mg:lf/></mg:sg></mg:ln>
<mg:ln file="3" number="71" class="U"><mg:sg class="U"><mg:s/>*/<mg:lf/></mg:sg></mg:ln>
</mg:row>
<mg:row>
<mg:ln file="2" number="72" class="IU"><mg:sg class="IU">bool<mg:s/>pb_en</mg:sg><mg:sg class="IU">code_delim</mg:sg><mg:sg class="IU">ited(pb_os</mg:sg><mg:sg class="IU">tream_t<mg:s/>*s</mg:sg><mg:sg class="IU">tream,<mg:s/>con</mg:sg><mg:sg class="IU">st<mg:s/>pb_fiel</mg:sg><mg:sg class="IU">d_t<mg:s/>fields</mg:sg><mg:sg class="IU">[],<mg:s/>const<mg:s/></mg:sg><mg:sg class="IU">void<mg:s/>*src_</mg:sg><mg:sg class="IU">struct);<mg:lf/></mg:sg></mg:ln>
<mg:ln file="3" number="72" class="U"><mg:sg class="U">bool<mg:s/>pb_en</mg:sg><mg:sg class="U">code_delim</mg:sg><mg:sg class="U">ited(pb_os</mg:sg><mg:sg class="U">tream_t<mg:s/>*s</mg:sg><mg:sg class="U">tream,<mg:s/>con</mg:sg><mg:sg class="U">st<mg:s/>pb_fiel</mg:sg><mg:sg class="U">d_t<mg:s/>fields</mg:sg><mg:sg class="U">[],<mg:s/>const<mg:s/></mg:sg><mg:sg class="U">void<mg:s/>*src_</mg:sg><mg:sg class="U">struct);<mg:lf/></mg:sg></mg:ln>
</mg:row>
<mg:row>
<mg:ln file="2" number="73" class="IU"><mg:sg class="IU"><mg:lf/></mg:sg></mg:ln>
<mg:ln file="3" number="73" class="U"><mg:sg class="U"><mg:lf/></mg:sg></mg:ln>
</mg:row>
<mg:row>
<mg:ln file="2" number="74" class="IU"><mg:sg class="IU">/*<mg:s/>Encode<mg:s/></mg:sg><mg:sg class="IU">the<mg:s/>messag</mg:sg><mg:sg class="IU">e<mg:s/>to<mg:s/>get<mg:s/>t</mg:sg><mg:sg class="IU">he<mg:s/>size<mg:s/>of</mg:sg><mg:sg class="IU"><mg:s/>the<mg:s/>encod</mg:sg><mg:sg class="IU">ed<mg:s/>data,<mg:s/>b</mg:sg><mg:sg class="IU">ut<mg:s/>do<mg:s/>not<mg:s/></mg:sg><mg:sg class="IU">store<mg:lf/></mg:sg></mg:ln>
<mg:ln file="3" number="74" class="U"><mg:sg class="U">/*<mg:s/>Encode<mg:s/></mg:sg><mg:sg class="U">the<mg:s/>messag</mg:sg><mg:sg class="U">e<mg:s/>to<mg:s/>get<mg:s/>t</mg:sg><mg:sg class="U">he<mg:s/>size<mg:s/>of</mg:sg><mg:sg class="U"><mg:s/>the<mg:s/>encod</mg:sg><mg:sg class="U">ed<mg:s/>data,<mg:s/>b</mg:sg><mg:sg class="U">ut<mg:s/>do<mg:s/>not<mg:s/></mg:sg><mg:sg class="U">store<mg:lf/></mg:sg></mg:ln>
</mg:row>
<mg:row>
<mg:ln file="2" number="75" class="IU"><mg:sg class="IU"><mg:s/>*<mg:s/>the<mg:s/>dat</mg:sg><mg:sg class="IU">a.<mg:s/>*/<mg:lf/></mg:sg></mg:ln>
<mg:ln file="3" number="75" class="U"><mg:sg class="U"><mg:s/>*<mg:s/>the<mg:s/>dat</mg:sg><mg:sg class="U">a.<mg:s/>*/<mg:lf/></mg:sg></mg:ln>
</mg:row>
<mg:row>
<mg:ln file="2" number="76" class="IU"><mg:sg class="IU">bool<mg:s/>pb_ge</mg:sg><mg:sg class="IU">t_encoded_</mg:sg><mg:sg class="IU">size(size_</mg:sg><mg:sg class="IU">t<mg:s/>*size,<mg:s/>c</mg:sg><mg:sg class="IU">onst<mg:s/>pb_fi</mg:sg><mg:sg class="IU">eld_t<mg:s/>fiel</mg:sg><mg:sg class="IU">ds[],<mg:s/>cons</mg:sg><mg:sg class="IU">t<mg:s/>void<mg:s/>*sr</mg:sg><mg:sg class="IU">c_struct);</mg:sg><mg:sg class="IU"><mg:lf/></mg:sg></mg:ln>
<mg:ln file="3" number="76" class="U"><mg:sg class="U">bool<mg:s/>pb_ge</mg:sg><mg:sg class="U">t_encoded_</mg:sg><mg:sg class="U">size(size_</mg:sg><mg:sg class="U">t<mg:s/>*size,<mg:s/>c</mg:sg><mg:sg class="U">onst<mg:s/>pb_fi</mg:sg><mg:sg class="U">eld_t<mg:s/>fiel</mg:sg><mg:sg class="U">ds[],<mg:s/>cons</mg:sg><mg:sg class="U">t<mg:s/>void<mg:s/>*sr</mg:sg><mg:sg class="U">c_struct);</mg:sg><mg:sg class="U"><mg:lf/></mg:sg></mg:ln>
</mg:row>
<mg:row>
<mg:ln file="2" number="77" class="IU"><mg:sg class="IU"><mg:lf/></mg:sg></mg:ln>
<mg:ln file="3" number="77" class="U"><mg:sg class="U"><mg:lf/></mg:sg></mg:ln>
</mg:row>
<mg:row>
<mg:ln file="2" number="78" class="IU"><mg:sg class="IU">/*********</mg:sg><mg:sg class="IU">**********</mg:sg><mg:sg class="IU">**********</mg:sg><mg:sg class="IU">*********<mg:lf/></mg:sg></mg:ln>
<mg:ln file="3" number="78" class="U"><mg:sg class="U">/*********</mg:sg><mg:sg class="U">**********</mg:sg><mg:sg class="U">**********</mg:sg><mg:sg class="U">*********<mg:lf/></mg:sg></mg:ln>
</mg:row>
<mg:row>
<mg:ln file="2" number="79" class="IU"><mg:sg class="IU"><mg:s/>*<mg:s/>Functio</mg:sg><mg:sg class="IU">ns<mg:s/>for<mg:s/>man</mg:sg><mg:sg class="IU">ipulating<mg:s/></mg:sg><mg:sg class="IU">streams<mg:s/>*<mg:lf/></mg:sg></mg:ln>
<mg:ln file="3" number="79" class="U"><mg:sg class="U"><mg:s/>*<mg:s/>Functio</mg:sg><mg:sg class="U">ns<mg:s/>for<mg:s/>man</mg:sg><mg:sg class="U">ipulating<mg:s/></mg:sg><mg:sg class="U">streams<mg:s/>*<mg:lf/></mg:sg></mg:ln>
</mg:row>
<mg:row>
<mg:ln file="2" number="80" class="IU"><mg:sg class="IU"><mg:s/>*********</mg:sg><mg:sg class="IU">**********</mg:sg><mg:sg class="IU">**********</mg:sg><mg:sg class="IU">*********/</mg:sg><mg:sg class="IU"><mg:lf/></mg:sg></mg:ln>
<mg:ln file="3" number="80" class="U"><mg:sg class="U"><mg:s/>*********</mg:sg><mg:sg class="U">**********</mg:sg><mg:sg class="U">**********</mg:sg><mg:sg class="U">*********/</mg:sg><mg:sg class="U"><mg:lf/></mg:sg></mg:ln>
</mg:row>
<mg:row>
<mg:ln file="2" number="81" class="IU"><mg:sg class="IU"><mg:lf/></mg:sg></mg:ln>
<mg:ln file="3" number="81" class="U"><mg:sg class="U"><mg:lf/></mg:sg></mg:ln>
</mg:row>
<mg:row>
<mg:ln file="2" number="82" class="IU"><mg:sg class="IU">/*<mg:s/>Create<mg:s/></mg:sg><mg:sg class="IU">an<mg:s/>output<mg:s/></mg:sg><mg:sg class="IU">stream<mg:s/>for</mg:sg><mg:sg class="IU"><mg:s/>writing<mg:s/>i</mg:sg><mg:sg class="IU">nto<mg:s/>a<mg:s/>memo</mg:sg><mg:sg class="IU">ry<mg:s/>buffer.</mg:sg><mg:sg class="IU"><mg:lf/></mg:sg></mg:ln>
<mg:ln file="3" number="82" class="U"><mg:sg class="U">/*<mg:s/>Create<mg:s/></mg:sg><mg:sg class="U">an<mg:s/>output<mg:s/></mg:sg><mg:sg class="U">stream<mg:s/>for</mg:sg><mg:sg class="U"><mg:s/>writing<mg:s/>i</mg:sg><mg:sg class="U">nto<mg:s/>a<mg:s/>memo</mg:sg><mg:sg class="U">ry<mg:s/>buffer.</mg:sg><mg:sg class="U"><mg:lf/></mg:sg></mg:ln>
</mg:row>
<mg:row>
<mg:ln file="2" number="83" class="IU"><mg:sg class="IU"><mg:s/>*<mg:s/>The<mg:s/>num</mg:sg><mg:sg class="IU">ber<mg:s/>of<mg:s/>byt</mg:sg><mg:sg class="IU">es<mg:s/>written</mg:sg><mg:sg class="IU"><mg:s/>can<mg:s/>be<mg:s/>fo</mg:sg><mg:sg class="IU">und<mg:s/>in<mg:s/>str</mg:sg><mg:sg class="IU">eam.bytes_</mg:sg><mg:sg class="IU">written<mg:s/>af</mg:sg><mg:sg class="IU">ter<mg:lf/></mg:sg></mg:ln>
<mg:ln file="3" number="83" class="U"><mg:sg class="U"><mg:s/>*<mg:s/>The<mg:s/>num</mg:sg><mg:sg class="U">ber<mg:s/>of<mg:s/>byt</mg:sg><mg:sg class="U">es<mg:s/>written</mg:sg><mg:sg class="U"><mg:s/>can<mg:s/>be<mg:s/>fo</mg:sg><mg:sg class="U">und<mg:s/>in<mg:s/>str</mg:sg><mg:sg class="U">eam.bytes_</mg:sg><mg:sg class="U">written<mg:s/>af</mg:sg><mg:sg class="U">ter<mg:lf/></mg:sg></mg:ln>
</mg:row>
<mg:row>
<mg:ln file="2" number="84" class="IU"><mg:sg class="IU"><mg:s/>*<mg:s/>encodin</mg:sg><mg:sg class="IU">g<mg:s/>the<mg:s/>mess</mg:sg><mg:sg class="IU">age.<mg:lf/></mg:sg></mg:ln>
<mg:ln file="3" number="84" class="U"><mg:sg class="U"><mg:s/>*<mg:s/>encodin</mg:sg><mg:sg class="U">g<mg:s/>the<mg:s/>mess</mg:sg><mg:sg class="U">age.<mg:lf/></mg:sg></mg:ln>
</mg:row>
<mg:row>
<mg:ln file="2" number="85" class="IU"><mg:sg class="IU"><mg:s/>*<mg:lf/></mg:sg></mg:ln>
<mg:ln file="3" number="85" class="U"><mg:sg class="U"><mg:s/>*<mg:lf/></mg:sg></mg:ln>
</mg:row>
<mg:row>
<mg:ln file="2" number="86" class="IU"><mg:sg class="IU"><mg:s/>*<mg:s/>Alterna</mg:sg><mg:sg class="IU">tively,<mg:s/>yo</mg:sg><mg:sg class="IU">u<mg:s/>can<mg:s/>use<mg:s/></mg:sg><mg:sg class="IU">a<mg:s/>custom<mg:s/>s</mg:sg><mg:sg class="IU">tream<mg:s/>that</mg:sg><mg:sg class="IU"><mg:s/>writes<mg:s/>di</mg:sg><mg:sg class="IU">rectly<mg:s/>to<mg:s/></mg:sg><mg:sg class="IU">e.g.<mg:lf/></mg:sg></mg:ln>
<mg:ln file="3" number="86" class="U"><mg:sg class="U"><mg:s/>*<mg:s/>Alterna</mg:sg><mg:sg class="U">tively,<mg:s/>yo</mg:sg><mg:sg class="U">u<mg:s/>can<mg:s/>use<mg:s/></mg:sg><mg:sg class="U">a<mg:s/>custom<mg:s/>s</mg:sg><mg:sg class="U">tream<mg:s/>that</mg:sg><mg:sg class="U"><mg:s/>writes<mg:s/>di</mg:sg><mg:sg class="U">rectly<mg:s/>to<mg:s/></mg:sg><mg:sg class="U">e.g.<mg:lf/></mg:sg></mg:ln>
</mg:row>
<mg:row>
<mg:ln file="2" number="87" class="IU"><mg:sg class="IU"><mg:s/>*<mg:s/>a<mg:s/>file<mg:s/></mg:sg><mg:sg class="IU">or<mg:s/>a<mg:s/>netwo</mg:sg><mg:sg class="IU">rk<mg:s/>socket.</mg:sg><mg:sg class="IU"><mg:lf/></mg:sg></mg:ln>
<mg:ln file="3" number="87" class="U"><mg:sg class="U"><mg:s/>*<mg:s/>a<mg:s/>file<mg:s/></mg:sg><mg:sg class="U">or<mg:s/>a<mg:s/>netwo</mg:sg><mg:sg class="U">rk<mg:s/>socket.</mg:sg><mg:sg class="U"><mg:lf/></mg:sg></mg:ln>
</mg:row>
<mg:row>
<mg:ln file="2" number="88" class="IU"><mg:sg class="IU"><mg:s/>*/<mg:lf/></mg:sg></mg:ln>
<mg:ln file="3" number="88" class="U"><mg:sg class="U"><mg:s/>*/<mg:lf/></mg:sg></mg:ln>
</mg:row>
<mg:row>
<mg:ln file="2" number="89" class="IU"><mg:sg class="IU">pb_ostream</mg:sg><mg:sg class="IU">_t<mg:s/>pb_ostr</mg:sg><mg:sg class="IU">eam_from_b</mg:sg><mg:sg class="IU">uffer(pb_b</mg:sg><mg:sg class="IU">yte_t<mg:s/>*buf</mg:sg><mg:sg class="IU">,<mg:s/>size_t<mg:s/>b</mg:sg><mg:sg class="IU">ufsize);<mg:lf/></mg:sg></mg:ln>
<mg:ln file="3" number="89" class="U"><mg:sg class="U">pb_ostream</mg:sg><mg:sg class="U">_t<mg:s/>pb_ostr</mg:sg><mg:sg class="U">eam_from_b</mg:sg><mg:sg class="U">uffer(pb_b</mg:sg><mg:sg class="U">yte_t<mg:s/>*buf</mg:sg><mg:sg class="U">,<mg:s/>size_t<mg:s/>b</mg:sg><mg:sg class="U">ufsize);<mg:lf/></mg:sg></mg:ln>
</mg:row>
<mg:row>
<mg:ln file="2" number="90" class="IU"><mg:sg class="IU"><mg:lf/></mg:sg></mg:ln>
<mg:ln file="3" number="90" class="U"><mg:sg class="U"><mg:lf/></mg:sg></mg:ln>
</mg:row>
<mg:row>
<mg:ln file="2" number="91" class="IU"><mg:sg class="IU">/*<mg:s/>Pseudo-</mg:sg><mg:sg class="IU">stream<mg:s/>for</mg:sg><mg:sg class="IU"><mg:s/>measuring</mg:sg><mg:sg class="IU"><mg:s/>the<mg:s/>size<mg:s/></mg:sg><mg:sg class="IU">of<mg:s/>a<mg:s/>messa</mg:sg><mg:sg class="IU">ge<mg:s/>without</mg:sg><mg:sg class="IU"><mg:s/>actually<mg:s/></mg:sg><mg:sg class="IU">storing<mg:lf/></mg:sg></mg:ln>
<mg:ln file="3" number="91" class="U"><mg:sg class="U">/*<mg:s/>Pseudo-</mg:sg><mg:sg class="U">stream<mg:s/>for</mg:sg><mg:sg class="U"><mg:s/>measuring</mg:sg><mg:sg class="U"><mg:s/>the<mg:s/>size<mg:s/></mg:sg><mg:sg class="U">of<mg:s/>a<mg:s/>messa</mg:sg><mg:sg class="U">ge<mg:s/>without</mg:sg><mg:sg class="U"><mg:s/>actually<mg:s/></mg:sg><mg:sg class="U">storing<mg:lf/></mg:sg></mg:ln>
</mg:row>
<mg:row>
<mg:ln file="2" number="92" class="IU"><mg:sg class="IU"><mg:s/>*<mg:s/>the<mg:s/>enc</mg:sg><mg:sg class="IU">oded<mg:s/>data.</mg:sg><mg:sg class="IU"><mg:lf/></mg:sg></mg:ln>
<mg:ln file="3" number="92" class="U"><mg:sg class="U"><mg:s/>*<mg:s/>the<mg:s/>enc</mg:sg><mg:sg class="U">oded<mg:s/>data.</mg:sg><mg:sg class="U"><mg:lf/></mg:sg></mg:ln>
</mg:row>
<mg:row>
<mg:ln file="2" number="93" class="IU"><mg:sg class="IU"><mg:s/>*<mg:s/><mg:lf/></mg:sg></mg:ln>
<mg:ln file="3" number="93" class="U"><mg:sg class="U"><mg:s/>*<mg:s/><mg:lf/></mg:sg></mg:ln>
</mg:row>
<mg:row>
<mg:ln file="2" number="94" class="IU"><mg:sg class="IU"><mg:s/>*<mg:s/>Example</mg:sg><mg:sg class="IU"><mg:s/>usage:<mg:lf/></mg:sg></mg:ln>
<mg:ln file="3" number="94" class="U"><mg:sg class="U"><mg:s/>*<mg:s/>Example</mg:sg><mg:sg class="U"><mg:s/>usage:<mg:lf/></mg:sg></mg:ln>
</mg:row>
<mg:row>
<mg:ln file="2" number="95" class="IU"><mg:sg class="IU"><mg:s/>*<mg:s/><mg:s/><mg:s/><mg:s/>MyMe</mg:sg><mg:sg class="IU">ssage<mg:s/>msg<mg:s/></mg:sg><mg:sg class="IU">=<mg:s/>{};<mg:lf/></mg:sg></mg:ln>
<mg:ln file="3" number="95" class="U"><mg:sg class="U"><mg:s/>*<mg:s/><mg:s/><mg:s/><mg:s/>MyMe</mg:sg><mg:sg class="U">ssage<mg:s/>msg<mg:s/></mg:sg><mg:sg class="U">=<mg:s/>{};<mg:lf/></mg:sg></mg:ln>
</mg:row>
<mg:row>
<mg:ln file="2" number="96" class="IU"><mg:sg class="IU"><mg:s/>*<mg:s/><mg:s/><mg:s/><mg:s/>pb_o</mg:sg><mg:sg class="IU">stream_t<mg:s/>s</mg:sg><mg:sg class="IU">tream<mg:s/>=<mg:s/>PB</mg:sg><mg:sg class="IU">_OSTREAM_S</mg:sg><mg:sg class="IU">IZING;<mg:lf/></mg:sg></mg:ln>
<mg:ln file="3" number="96" class="U"><mg:sg class="U"><mg:s/>*<mg:s/><mg:s/><mg:s/><mg:s/>pb_o</mg:sg><mg:sg class="U">stream_t<mg:s/>s</mg:sg><mg:sg class="U">tream<mg:s/>=<mg:s/>PB</mg:sg><mg:sg class="U">_OSTREAM_S</mg:sg><mg:sg class="U">IZING;<mg:lf/></mg:sg></mg:ln>
</mg:row>
<mg:row>
<mg:ln file="2" number="97" class="IU"><mg:sg class="IU"><mg:s/>*<mg:s/><mg:s/><mg:s/><mg:s/>pb_e</mg:sg><mg:sg class="IU">ncode(&amp;str</mg:sg><mg:sg class="IU">eam,<mg:s/>MyMes</mg:sg><mg:sg class="IU">sage_field</mg:sg><mg:sg class="IU">s,<mg:s/>&amp;msg);<mg:lf/></mg:sg></mg:ln>
<mg:ln file="3" number="97" class="U"><mg:sg class="U"><mg:s/>*<mg:s/><mg:s/><mg:s/><mg:s/>pb_e</mg:sg><mg:sg class="U">ncode(&amp;str</mg:sg><mg:sg class="U">eam,<mg:s/>MyMes</mg:sg><mg:sg class="U">sage_field</mg:sg><mg:sg class="U">s,<mg:s/>&amp;msg);<mg:lf/></mg:sg></mg:ln>
</mg:row>
<mg:row>
<mg:ln file="2" number="98" class="IU"><mg:sg class="IU"><mg:s/>*<mg:s/><mg:s/><mg:s/><mg:s/>prin</mg:sg><mg:sg class="IU">tf(&quot;Messag</mg:sg><mg:sg class="IU">e<mg:s/>size<mg:s/>is<mg:s/></mg:sg><mg:sg class="IU">%d\n&quot;,<mg:s/>str</mg:sg><mg:sg class="IU">eam.bytes_</mg:sg><mg:sg class="IU">written);<mg:lf/></mg:sg></mg:ln>
<mg:ln file="3" number="98" class="U"><mg:sg class="U"><mg:s/>*<mg:s/><mg:s/><mg:s/><mg:s/>prin</mg:sg><mg:sg class="U">tf(&quot;Messag</mg:sg><mg:sg class="U">e<mg:s/>size<mg:s/>is<mg:s/></mg:sg><mg:sg class="U">%d\n&quot;,<mg:s/>str</mg:sg><mg:sg class="U">eam.bytes_</mg:sg><mg:sg class="U">written);<mg:lf/></mg:sg></mg:ln>
</mg:row>
<mg:row>
<mg:ln file="2" number="99" class="IU"><mg:sg class="IU"><mg:s/>*/<mg:lf/></mg:sg></mg:ln>
<mg:ln file="3" number="99" class="U"><mg:sg class="U"><mg:s/>*/<mg:lf/></mg:sg></mg:ln>
</mg:row>
<mg:row>
<mg:ln file="2" number="100" class="IU"><mg:sg class="IU">#ifndef<mg:s/>PB</mg:sg><mg:sg class="IU">_NO_ERRMSG</mg:sg><mg:sg class="IU"><mg:lf/></mg:sg></mg:ln>
<mg:ln file="3" number="100" class="U"><mg:sg class="U">#ifndef<mg:s/>PB</mg:sg><mg:sg class="U">_NO_ERRMSG</mg:sg><mg:sg class="U"><mg:lf/></mg:sg></mg:ln>
</mg:row>
<mg:row>
<mg:ln file="2" number="101" class="IU"><mg:sg class="IU">#define<mg:s/>PB</mg:sg><mg:sg class="IU">_OSTREAM_S</mg:sg><mg:sg class="IU">IZING<mg:s/>{0,0</mg:sg><mg:sg class="IU">,0,0,0}<mg:lf/></mg:sg></mg:ln>
<mg:ln file="3" number="101" class="U"><mg:sg class="U">#define<mg:s/>PB</mg:sg><mg:sg class="U">_OSTREAM_S</mg:sg><mg:sg class="U">IZING<mg:s/>{0,0</mg:sg><mg:sg class="U">,0,0,0}<mg:lf/></mg:sg></mg:ln>
</mg:row>
<mg:row>
<mg:ln file="2" number="102" class="IU"><mg:sg class="IU">#else<mg:lf/></mg:sg></mg:ln>
<mg:ln file="3" number="102" class="U"><mg:sg class="U">#else<mg:lf/></mg:sg></mg:ln>
</mg:row>
<mg:row>
<mg:ln file="2" number="103" class="IU"><mg:sg class="IU">#define<mg:s/>PB</mg:sg><mg:sg class="IU">_OSTREAM_S</mg:sg><mg:sg class="IU">IZING<mg:s/>{0,0</mg:sg><mg:sg class="IU">,0,0}<mg:lf/></mg:sg></mg:ln>
<mg:ln file="3" number="103" class="U"><mg:sg class="U">#define<mg:s/>PB</mg:sg><mg:sg class="U">_OSTREAM_S</mg:sg><mg:sg class="U">IZING<mg:s/>{0,0</mg:sg><mg:sg class="U">,0,0}<mg:lf/></mg:sg></mg:ln>
</mg:row>
<mg:row>
<mg:ln file="2" number="104" class="IU"><mg:sg class="IU">#endif<mg:lf/></mg:sg></mg:ln>
<mg:ln file="3" number="104" class="U"><mg:sg class="U">#endif<mg:lf/></mg:sg></mg:ln>
</mg:row>
<mg:row>
<mg:ln file="2" number="105" class="IU"><mg:sg class="IU"><mg:lf/></mg:sg></mg:ln>
<mg:ln file="3" number="105" class="U"><mg:sg class="U"><mg:lf/></mg:sg></mg:ln>
</mg:row>
<mg:row>
<mg:ln file="2" number="106" class="IU"><mg:sg class="IU">/*<mg:s/>Functio</mg:sg><mg:sg class="IU">n<mg:s/>to<mg:s/>write</mg:sg><mg:sg class="IU"><mg:s/>into<mg:s/>a<mg:s/>pb</mg:sg><mg:sg class="IU">_ostream_t</mg:sg><mg:sg class="IU"><mg:s/>stream.<mg:s/>Y</mg:sg><mg:sg class="IU">ou<mg:s/>can<mg:s/>use</mg:sg><mg:sg class="IU"><mg:s/>this<mg:s/>if<mg:s/>y</mg:sg><mg:sg class="IU">ou<mg:s/>need<mg:lf/></mg:sg></mg:ln>
<mg:ln file="3" number="106" class="U"><mg:sg class="U">/*<mg:s/>Functio</mg:sg><mg:sg class="U">n<mg:s/>to<mg:s/>write</mg:sg><mg:sg class="U"><mg:s/>into<mg:s/>a<mg:s/>pb</mg:sg><mg:sg class="U">_ostream_t</mg:sg><mg:sg class="U"><mg:s/>stream.<mg:s/>Y</mg:sg><mg:sg class="U">ou<mg:s/>can<mg:s/>use</mg:sg><mg:sg class="U"><mg:s/>this<mg:s/>if<mg:s/>y</mg:sg><mg:sg class="U">ou<mg:s/>need<mg:lf/></mg:sg></mg:ln>
</mg:row>
<mg:row>
<mg:ln file="2" number="107" class="IU"><mg:sg class="IU"><mg:s/>*<mg:s/>to<mg:s/>appe</mg:sg><mg:sg class="IU">nd<mg:s/>or<mg:s/>prep</mg:sg><mg:sg class="IU">end<mg:s/>some<mg:s/>c</mg:sg><mg:sg class="IU">ustom<mg:s/>head</mg:sg><mg:sg class="IU">ers<mg:s/>to<mg:s/>the</mg:sg><mg:sg class="IU"><mg:s/>message.<mg:lf/></mg:sg></mg:ln>
<mg:ln file="3" number="107" class="U"><mg:sg class="U"><mg:s/>*<mg:s/>to<mg:s/>appe</mg:sg><mg:sg class="U">nd<mg:s/>or<mg:s/>prep</mg:sg><mg:sg class="U">end<mg:s/>some<mg:s/>c</mg:sg><mg:sg class="U">ustom<mg:s/>head</mg:sg><mg:sg class="U">ers<mg:s/>to<mg:s/>the</mg:sg><mg:sg class="U"><mg:s/>message.<mg:lf/></mg:sg></mg:ln>
</mg:row>
<mg:row>
<mg:ln file="2" number="108" class="IU"><mg:sg class="IU"><mg:s/>*/<mg:lf/></mg:sg></mg:ln>
<mg:ln file="3" number="108" class="U"><mg:sg class="U"><mg:s/>*/<mg:lf/></mg:sg></mg:ln>
</mg:row>
<mg:row>
<mg:ln file="2" number="109" class="IU"><mg:sg class="IU">bool<mg:s/>pb_wr</mg:sg><mg:sg class="IU">ite(pb_ost</mg:sg><mg:sg class="IU">ream_t<mg:s/>*st</mg:sg><mg:sg class="IU">ream,<mg:s/>cons</mg:sg><mg:sg class="IU">t<mg:s/>pb_byte_</mg:sg><mg:sg class="IU">t<mg:s/>*buf,<mg:s/>si</mg:sg><mg:sg class="IU">ze_t<mg:s/>count</mg:sg><mg:sg class="IU">);<mg:lf/></mg:sg></mg:ln>
<mg:ln file="3" number="109" class="U"><mg:sg class="U">bool<mg:s/>pb_wr</mg:sg><mg:sg class="U">ite(pb_ost</mg:sg><mg:sg class="U">ream_t<mg:s/>*st</mg:sg><mg:sg class="U">ream,<mg:s/>cons</mg:sg><mg:sg class="U">t<mg:s/>pb_byte_</mg:sg><mg:sg class="U">t<mg:s/>*buf,<mg:s/>si</mg:sg><mg:sg class="U">ze_t<mg:s/>count</mg:sg><mg:sg class="U">);<mg:lf/></mg:sg></mg:ln>
</mg:row>
<mg:row>
<mg:ln file="2" number="110" class="IU"><mg:sg class="IU"><mg:lf/></mg:sg></mg:ln>
<mg:ln file="3" number="110" class="U"><mg:sg class="U"><mg:lf/></mg:sg></mg:ln>
</mg:row>
<mg:row>
<mg:ln file="2" number="111" class="IU"><mg:sg class="IU"><mg:lf/></mg:sg></mg:ln>
<mg:ln file="3" number="111" class="U"><mg:sg class="U"><mg:lf/></mg:sg></mg:ln>
</mg:row>
<mg:row>
<mg:ln file="2" number="112" class="IU"><mg:sg class="IU">/*********</mg:sg><mg:sg class="IU">**********</mg:sg><mg:sg class="IU">**********</mg:sg><mg:sg class="IU">**********</mg:sg><mg:sg class="IU">*********<mg:lf/></mg:sg></mg:ln>
<mg:ln file="3" number="112" class="U"><mg:sg class="U">/*********</mg:sg><mg:sg class="U">**********</mg:sg><mg:sg class="U">**********</mg:sg><mg:sg class="U">**********</mg:sg><mg:sg class="U">*********<mg:lf/></mg:sg></mg:ln>
</mg:row>
<mg:row>
<mg:ln file="2" number="113" class="IU"><mg:sg class="IU"><mg:s/>*<mg:s/>Helper<mg:s/></mg:sg><mg:sg class="IU">functions<mg:s/></mg:sg><mg:sg class="IU">for<mg:s/>writin</mg:sg><mg:sg class="IU">g<mg:s/>field<mg:s/>ca</mg:sg><mg:sg class="IU">llbacks<mg:s/>*<mg:lf/></mg:sg></mg:ln>
<mg:ln file="3" number="113" class="U"><mg:sg class="U"><mg:s/>*<mg:s/>Helper<mg:s/></mg:sg><mg:sg class="U">functions<mg:s/></mg:sg><mg:sg class="U">for<mg:s/>writin</mg:sg><mg:sg class="U">g<mg:s/>field<mg:s/>ca</mg:sg><mg:sg class="U">llbacks<mg:s/>*<mg:lf/></mg:sg></mg:ln>
</mg:row>
<mg:row>
<mg:ln file="2" number="114" class="IU"><mg:sg class="IU"><mg:s/>*********</mg:sg><mg:sg class="IU">**********</mg:sg><mg:sg class="IU">**********</mg:sg><mg:sg class="IU">**********</mg:sg><mg:sg class="IU">*********/</mg:sg><mg:sg class="IU"><mg:lf/></mg:sg></mg:ln>
<mg:ln file="3" number="114" class="U"><mg:sg class="U"><mg:s/>*********</mg:sg><mg:sg class="U">**********</mg:sg><mg:sg class="U">**********</mg:sg><mg:sg class="U">**********</mg:sg><mg:sg class="U">*********/</mg:sg><mg:sg class="U"><mg:lf/></mg:sg></mg:ln>
</mg:row>
<mg:row>
<mg:ln file="2" number="115" class="IU"><mg:sg class="IU"><mg:lf/></mg:sg></mg:ln>
<mg:ln file="3" number="115" class="U"><mg:sg class="U"><mg:lf/></mg:sg></mg:ln>
</mg:row>
<mg:row>
<mg:ln file="2" number="116" class="IU"><mg:sg class="IU">/*<mg:s/>Encode<mg:s/></mg:sg><mg:sg class="IU">field<mg:s/>head</mg:sg><mg:sg class="IU">er<mg:s/>based<mg:s/>o</mg:sg><mg:sg class="IU">n<mg:s/>type<mg:s/>and</mg:sg><mg:sg class="IU"><mg:s/>field<mg:s/>num</mg:sg><mg:sg class="IU">ber<mg:s/>define</mg:sg><mg:sg class="IU">d<mg:s/>in<mg:s/>the<mg:s/>f</mg:sg><mg:sg class="IU">ield<mg:lf/></mg:sg></mg:ln>
<mg:ln file="3" number="116" class="U"><mg:sg class="U">/*<mg:s/>Encode<mg:s/></mg:sg><mg:sg class="U">field<mg:s/>head</mg:sg><mg:sg class="U">er<mg:s/>based<mg:s/>o</mg:sg><mg:sg class="U">n<mg:s/>type<mg:s/>and</mg:sg><mg:sg class="U"><mg:s/>field<mg:s/>num</mg:sg><mg:sg class="U">ber<mg:s/>define</mg:sg><mg:sg class="U">d<mg:s/>in<mg:s/>the<mg:s/>f</mg:sg><mg:sg class="U">ield<mg:lf/></mg:sg></mg:ln>
</mg:row>
<mg:row>
<mg:ln file="2" number="117" class="IU"><mg:sg class="IU"><mg:s/>*<mg:s/>structu</mg:sg><mg:sg class="IU">re.<mg:s/>Call<mg:s/>t</mg:sg><mg:sg class="IU">his<mg:s/>from<mg:s/>t</mg:sg><mg:sg class="IU">he<mg:s/>callbac</mg:sg><mg:sg class="IU">k<mg:s/>before<mg:s/>w</mg:sg><mg:sg class="IU">riting<mg:s/>out</mg:sg><mg:sg class="IU"><mg:s/>field<mg:s/>con</mg:sg><mg:sg class="IU">tents.<mg:s/>*/<mg:lf/></mg:sg></mg:ln>
<mg:ln file="3" number="117" class="U"><mg:sg class="U"><mg:s/>*<mg:s/>structu</mg:sg><mg:sg class="U">re.<mg:s/>Call<mg:s/>t</mg:sg><mg:sg class="U">his<mg:s/>from<mg:s/>t</mg:sg><mg:sg class="U">he<mg:s/>callbac</mg:sg><mg:sg class="U">k<mg:s/>before<mg:s/>w</mg:sg><mg:sg class="U">riting<mg:s/>out</mg:sg><mg:sg class="U"><mg:s/>field<mg:s/>con</mg:sg><mg:sg class="U">tents.<mg:s/>*/<mg:lf/></mg:sg></mg:ln>
</mg:row>
<mg:row>
<mg:ln file="2" number="118" class="IU"><mg:sg class="IU">bool<mg:s/>pb_en</mg:sg><mg:sg class="IU">code_tag_f</mg:sg><mg:sg class="IU">or_field(p</mg:sg><mg:sg class="IU">b_ostream_</mg:sg><mg:sg class="IU">t<mg:s/>*stream,</mg:sg><mg:sg class="IU"><mg:s/>const<mg:s/>pb_</mg:sg><mg:sg class="IU">field_t<mg:s/>*f</mg:sg><mg:sg class="IU">ield);<mg:lf/></mg:sg></mg:ln>
<mg:ln file="3" number="118" class="U"><mg:sg class="U">bool<mg:s/>pb_en</mg:sg><mg:sg class="U">code_tag_f</mg:sg><mg:sg class="U">or_field(p</mg:sg><mg:sg class="U">b_ostream_</mg:sg><mg:sg class="U">t<mg:s/>*stream,</mg:sg><mg:sg class="U"><mg:s/>const<mg:s/>pb_</mg:sg><mg:sg class="U">field_t<mg:s/>*f</mg:sg><mg:sg class="U">ield);<mg:lf/></mg:sg></mg:ln>
</mg:row>
<mg:row>
<mg:ln file="2" number="119" class="IU"><mg:sg class="IU"><mg:lf/></mg:sg></mg:ln>
<mg:ln file="3" number="119" class="U"><mg:sg class="U"><mg:lf/></mg:sg></mg:ln>
</mg:row>
<mg:row>
<mg:ln file="2" number="120" class="IU"><mg:sg class="IU">/*<mg:s/>Encode<mg:s/></mg:sg><mg:sg class="IU">field<mg:s/>head</mg:sg><mg:sg class="IU">er<mg:s/>by<mg:s/>manu</mg:sg><mg:sg class="IU">ally<mg:s/>speci</mg:sg><mg:sg class="IU">fing<mg:s/>wire<mg:s/></mg:sg><mg:sg class="IU">type.<mg:s/>You<mg:s/></mg:sg><mg:sg class="IU">need<mg:s/>to<mg:s/>us</mg:sg><mg:sg class="IU">e<mg:s/>this<mg:lf/></mg:sg></mg:ln>
<mg:ln file="3" number="120" class="U"><mg:sg class="U">/*<mg:s/>Encode<mg:s/></mg:sg><mg:sg class="U">field<mg:s/>head</mg:sg><mg:sg class="U">er<mg:s/>by<mg:s/>manu</mg:sg><mg:sg class="U">ally<mg:s/>speci</mg:sg><mg:sg class="U">fing<mg:s/>wire<mg:s/></mg:sg><mg:sg class="U">type.<mg:s/>You<mg:s/></mg:sg><mg:sg class="U">need<mg:s/>to<mg:s/>us</mg:sg><mg:sg class="U">e<mg:s/>this<mg:lf/></mg:sg></mg:ln>
</mg:row>
<mg:row>
<mg:ln file="2" number="121" class="IU"><mg:sg class="IU"><mg:s/>*<mg:s/>if<mg:s/>you<mg:s/></mg:sg><mg:sg class="IU">want<mg:s/>to<mg:s/>wr</mg:sg><mg:sg class="IU">ite<mg:s/>out<mg:s/>pa</mg:sg><mg:sg class="IU">cked<mg:s/>array</mg:sg><mg:sg class="IU">s<mg:s/>from<mg:s/>a<mg:s/>c</mg:sg><mg:sg class="IU">allback<mg:s/>fi</mg:sg><mg:sg class="IU">eld.<mg:s/>*/<mg:lf/></mg:sg></mg:ln>
<mg:ln file="3" number="121" class="U"><mg:sg class="U"><mg:s/>*<mg:s/>if<mg:s/>you<mg:s/></mg:sg><mg:sg class="U">want<mg:s/>to<mg:s/>wr</mg:sg><mg:sg class="U">ite<mg:s/>out<mg:s/>pa</mg:sg><mg:sg class="U">cked<mg:s/>array</mg:sg><mg:sg class="U">s<mg:s/>from<mg:s/>a<mg:s/>c</mg:sg><mg:sg class="U">allback<mg:s/>fi</mg:sg><mg:sg class="U">eld.<mg:s/>*/<mg:lf/></mg:sg></mg:ln>
</mg:row>
<mg:row>
<mg:ln file="2" number="122" class="IU"><mg:sg class="IU">bool<mg:s/>pb_en</mg:sg><mg:sg class="IU">code_tag(p</mg:sg><mg:sg class="IU">b_ostream_</mg:sg><mg:sg class="IU">t<mg:s/>*stream,</mg:sg><mg:sg class="IU"><mg:s/>pb_wire_t</mg:sg><mg:sg class="IU">ype_t<mg:s/>wire</mg:sg><mg:sg class="IU">type,<mg:s/>uint</mg:sg><mg:sg class="IU">32_t<mg:s/>field</mg:sg><mg:sg class="IU">_number);<mg:lf/></mg:sg></mg:ln>
<mg:ln file="3" number="122" class="U"><mg:sg class="U">bool<mg:s/>pb_en</mg:sg><mg:sg class="U">code_tag(p</mg:sg><mg:sg class="U">b_ostream_</mg:sg><mg:sg class="U">t<mg:s/>*stream,</mg:sg><mg:sg class="U"><mg:s/>pb_wire_t</mg:sg><mg:sg class="U">ype_t<mg:s/>wire</mg:sg><mg:sg class="U">type,<mg:s/>uint</mg:sg><mg:sg class="U">32_t<mg:s/>field</mg:sg><mg:sg class="U">_number);<mg:lf/></mg:sg></mg:ln>
</mg:row>
<mg:row>
<mg:ln file="2" number="123" class="IU"><mg:sg class="IU"><mg:lf/></mg:sg></mg:ln>
<mg:ln file="3" number="123" class="U"><mg:sg class="U"><mg:lf/></mg:sg></mg:ln>
</mg:row>
<mg:row>
<mg:ln file="2" number="124" class="IU"><mg:sg class="IU">/*<mg:s/>Encode<mg:s/></mg:sg><mg:sg class="IU">an<mg:s/>integer</mg:sg><mg:sg class="IU"><mg:s/>in<mg:s/>the<mg:s/>va</mg:sg><mg:sg class="IU">rint<mg:s/>forma</mg:sg><mg:sg class="IU">t.<mg:lf/></mg:sg></mg:ln>
<mg:ln file="3" number="124" class="U"><mg:sg class="U">/*<mg:s/>Encode<mg:s/></mg:sg><mg:sg class="U">an<mg:s/>integer</mg:sg><mg:sg class="U"><mg:s/>in<mg:s/>the<mg:s/>va</mg:sg><mg:sg class="U">rint<mg:s/>forma</mg:sg><mg:sg class="U">t.<mg:lf/></mg:sg></mg:ln>
</mg:row>
<mg:row>
<mg:ln file="2" number="125" class="IU"><mg:sg class="IU"><mg:s/>*<mg:s/>This<mg:s/>wo</mg:sg><mg:sg class="IU">rks<mg:s/>for<mg:s/>bo</mg:sg><mg:sg class="IU">ol,<mg:s/>enum,<mg:s/></mg:sg><mg:sg class="IU">int32,<mg:s/>int</mg:sg><mg:sg class="IU">64,<mg:s/>uint32</mg:sg><mg:sg class="IU"><mg:s/>and<mg:s/>uint6</mg:sg><mg:sg class="IU">4<mg:s/>field<mg:s/>ty</mg:sg><mg:sg class="IU">pes.<mg:s/>*/<mg:lf/></mg:sg></mg:ln>
<mg:ln file="3" number="125" class="U"><mg:sg class="U"><mg:s/>*<mg:s/>This<mg:s/>wo</mg:sg><mg:sg class="U">rks<mg:s/>for<mg:s/>bo</mg:sg><mg:sg class="U">ol,<mg:s/>enum,<mg:s/></mg:sg><mg:sg class="U">int32,<mg:s/>int</mg:sg><mg:sg class="U">64,<mg:s/>uint32</mg:sg><mg:sg class="U"><mg:s/>and<mg:s/>uint6</mg:sg><mg:sg class="U">4<mg:s/>field<mg:s/>ty</mg:sg><mg:sg class="U">pes.<mg:s/>*/<mg:lf/></mg:sg></mg:ln>
</mg:row>
<mg:row>
<mg:ln file="2" number="126" class="IU"><mg:sg class="IU">bool<mg:s/>pb_en</mg:sg><mg:sg class="IU">code_varin</mg:sg><mg:sg class="IU">t(pb_ostre</mg:sg><mg:sg class="IU">am_t<mg:s/>*stre</mg:sg><mg:sg class="IU">am,<mg:s/>uint64</mg:sg><mg:sg class="IU">_t<mg:s/>value);</mg:sg><mg:sg class="IU"><mg:lf/></mg:sg></mg:ln>
<mg:ln file="3" number="126" class="U"><mg:sg class="U">bool<mg:s/>pb_en</mg:sg><mg:sg class="U">code_varin</mg:sg><mg:sg class="U">t(pb_ostre</mg:sg><mg:sg class="U">am_t<mg:s/>*stre</mg:sg><mg:sg class="U">am,<mg:s/>uint64</mg:sg><mg:sg class="U">_t<mg:s/>value);</mg:sg><mg:sg class="U"><mg:lf/></mg:sg></mg:ln>
</mg:row>
<mg:row>
<mg:ln file="2" number="127" class="IU"><mg:sg class="IU"><mg:lf/></mg:sg></mg:ln>
<mg:ln file="3" number="127" class="U"><mg:sg class="U"><mg:lf/></mg:sg></mg:ln>
</mg:row>
<mg:row>
<mg:ln file="2" number="128" class="IU"><mg:sg class="IU">/*<mg:s/>Encode<mg:s/></mg:sg><mg:sg class="IU">an<mg:s/>integer</mg:sg><mg:sg class="IU"><mg:s/>in<mg:s/>the<mg:s/>zi</mg:sg><mg:sg class="IU">g-zagged<mg:s/>s</mg:sg><mg:sg class="IU">varint<mg:s/>for</mg:sg><mg:sg class="IU">mat.<mg:lf/></mg:sg></mg:ln>
<mg:ln file="3" number="128" class="U"><mg:sg class="U">/*<mg:s/>Encode<mg:s/></mg:sg><mg:sg class="U">an<mg:s/>integer</mg:sg><mg:sg class="U"><mg:s/>in<mg:s/>the<mg:s/>zi</mg:sg><mg:sg class="U">g-zagged<mg:s/>s</mg:sg><mg:sg class="U">varint<mg:s/>for</mg:sg><mg:sg class="U">mat.<mg:lf/></mg:sg></mg:ln>
</mg:row>
<mg:row>
<mg:ln file="2" number="129" class="IU"><mg:sg class="IU"><mg:s/>*<mg:s/>This<mg:s/>wo</mg:sg><mg:sg class="IU">rks<mg:s/>for<mg:s/>si</mg:sg><mg:sg class="IU">nt32<mg:s/>and<mg:s/>s</mg:sg><mg:sg class="IU">int64.<mg:s/>*/<mg:lf/></mg:sg></mg:ln>
<mg:ln file="3" number="129" class="U"><mg:sg class="U"><mg:s/>*<mg:s/>This<mg:s/>wo</mg:sg><mg:sg class="U">rks<mg:s/>for<mg:s/>si</mg:sg><mg:sg class="U">nt32<mg:s/>and<mg:s/>s</mg:sg><mg:sg class="U">int64.<mg:s/>*/<mg:lf/></mg:sg></mg:ln>
</mg:row>
<mg:row>
<mg:ln file="2" number="130" class="IU"><mg:sg class="IU">bool<mg:s/>pb_en</mg:sg><mg:sg class="IU">code_svari</mg:sg><mg:sg class="IU">nt(pb_ostr</mg:sg><mg:sg class="IU">eam_t<mg:s/>*str</mg:sg><mg:sg class="IU">eam,<mg:s/>int64</mg:sg><mg:sg class="IU">_t<mg:s/>value);</mg:sg><mg:sg class="IU"><mg:lf/></mg:sg></mg:ln>
<mg:ln file="3" number="130" class="U"><mg:sg class="U">bool<mg:s/>pb_en</mg:sg><mg:sg class="U">code_svari</mg:sg><mg:sg class="U">nt(pb_ostr</mg:sg><mg:sg class="U">eam_t<mg:s/>*str</mg:sg><mg:sg class="U">eam,<mg:s/>int64</mg:sg><mg:sg class="U">_t<mg:s/>value);</mg:sg><mg:sg class="U"><mg:lf/></mg:sg></mg:ln>
</mg:row>
<mg:row>
<mg:ln file="2" number="131" class="IU"><mg:sg class="IU"><mg:lf/></mg:sg></mg:ln>
<mg:ln file="3" number="131" class="U"><mg:sg class="U"><mg:lf/></mg:sg></mg:ln>
</mg:row>
<mg:row>
<mg:ln file="2" number="132" class="IU"><mg:sg class="IU">/*<mg:s/>Encode<mg:s/></mg:sg><mg:sg class="IU">a<mg:s/>string<mg:s/>o</mg:sg><mg:sg class="IU">r<mg:s/>bytes<mg:s/>ty</mg:sg><mg:sg class="IU">pe<mg:s/>field.<mg:s/></mg:sg><mg:sg class="IU">For<mg:s/>string</mg:sg><mg:sg class="IU">s,<mg:s/>pass<mg:s/>st</mg:sg><mg:sg class="IU">rlen(s)<mg:s/>as</mg:sg><mg:sg class="IU"><mg:s/>size.<mg:s/>*/<mg:lf/></mg:sg></mg:ln>
<mg:ln file="3" number="132" class="U"><mg:sg class="U">/*<mg:s/>Encode<mg:s/></mg:sg><mg:sg class="U">a<mg:s/>string<mg:s/>o</mg:sg><mg:sg class="U">r<mg:s/>bytes<mg:s/>ty</mg:sg><mg:sg class="U">pe<mg:s/>field.<mg:s/></mg:sg><mg:sg class="U">For<mg:s/>string</mg:sg><mg:sg class="U">s,<mg:s/>pass<mg:s/>st</mg:sg><mg:sg class="U">rlen(s)<mg:s/>as</mg:sg><mg:sg class="U"><mg:s/>size.<mg:s/>*/<mg:lf/></mg:sg></mg:ln>
</mg:row>
<mg:row>
<mg:ln file="2" number="133" class="IU"><mg:sg class="IU">bool<mg:s/>pb_en</mg:sg><mg:sg class="IU">code_strin</mg:sg><mg:sg class="IU">g(pb_ostre</mg:sg><mg:sg class="IU">am_t<mg:s/>*stre</mg:sg><mg:sg class="IU">am,<mg:s/>const<mg:s/></mg:sg><mg:sg class="IU">pb_byte_t<mg:s/></mg:sg><mg:sg class="IU">*buffer,<mg:s/>s</mg:sg><mg:sg class="IU">ize_t<mg:s/>size</mg:sg><mg:sg class="IU">);<mg:lf/></mg:sg></mg:ln>
<mg:ln file="3" number="133" class="U"><mg:sg class="U">bool<mg:s/>pb_en</mg:sg><mg:sg class="U">code_strin</mg:sg><mg:sg class="U">g(pb_ostre</mg:sg><mg:sg class="U">am_t<mg:s/>*stre</mg:sg><mg:sg class="U">am,<mg:s/>const<mg:s/></mg:sg><mg:sg class="U">pb_byte_t<mg:s/></mg:sg><mg:sg class="U">*buffer,<mg:s/>s</mg:sg><mg:sg class="U">ize_t<mg:s/>size</mg:sg><mg:sg class="U">);<mg:lf/></mg:sg></mg:ln>
</mg:row>
<mg:row>
<mg:ln file="2" number="134" class="IU"><mg:sg class="IU"><mg:lf/></mg:sg></mg:ln>
<mg:ln file="3" number="134" class="U"><mg:sg class="U"><mg:lf/></mg:sg></mg:ln>
</mg:row>
<mg:row>
<mg:ln file="2" number="135" class="IU"><mg:sg class="IU">/*<mg:s/>Encode<mg:s/></mg:sg><mg:sg class="IU">a<mg:s/>fixed32,</mg:sg><mg:sg class="IU"><mg:s/>sfixed32<mg:s/></mg:sg><mg:sg class="IU">or<mg:s/>float<mg:s/>v</mg:sg><mg:sg class="IU">alue.<mg:lf/></mg:sg></mg:ln>
<mg:ln file="3" number="135" class="U"><mg:sg class="U">/*<mg:s/>Encode<mg:s/></mg:sg><mg:sg class="U">a<mg:s/>fixed32,</mg:sg><mg:sg class="U"><mg:s/>sfixed32<mg:s/></mg:sg><mg:sg class="U">or<mg:s/>float<mg:s/>v</mg:sg><mg:sg class="U">alue.<mg:lf/></mg:sg></mg:ln>
</mg:row>
<mg:row>
<mg:ln file="2" number="136" class="IU"><mg:sg class="IU"><mg:s/>*<mg:s/>You<mg:s/>nee</mg:sg><mg:sg class="IU">d<mg:s/>to<mg:s/>pass<mg:s/></mg:sg><mg:sg class="IU">a<mg:s/>pointer<mg:s/></mg:sg><mg:sg class="IU">to<mg:s/>a<mg:s/>4-byt</mg:sg><mg:sg class="IU">e<mg:s/>wide<mg:s/>C<mg:s/>v</mg:sg><mg:sg class="IU">ariable.<mg:s/>*</mg:sg><mg:sg class="IU">/<mg:lf/></mg:sg></mg:ln>
<mg:ln file="3" number="136" class="U"><mg:sg class="U"><mg:s/>*<mg:s/>You<mg:s/>nee</mg:sg><mg:sg class="U">d<mg:s/>to<mg:s/>pass<mg:s/></mg:sg><mg:sg class="U">a<mg:s/>pointer<mg:s/></mg:sg><mg:sg class="U">to<mg:s/>a<mg:s/>4-byt</mg:sg><mg:sg class="U">e<mg:s/>wide<mg:s/>C<mg:s/>v</mg:sg><mg:sg class="U">ariable.<mg:s/>*</mg:sg><mg:sg class="U">/<mg:lf/></mg:sg></mg:ln>
</mg:row>
<mg:row>
<mg:ln file="2" number="137" class="IU"><mg:sg class="IU">bool<mg:s/>pb_en</mg:sg><mg:sg class="IU">code_fixed</mg:sg><mg:sg class="IU">32(pb_ostr</mg:sg><mg:sg class="IU">eam_t<mg:s/>*str</mg:sg><mg:sg class="IU">eam,<mg:s/>const</mg:sg><mg:sg class="IU"><mg:s/>void<mg:s/>*val</mg:sg><mg:sg class="IU">ue);<mg:lf/></mg:sg></mg:ln>
<mg:ln file="3" number="137" class="U"><mg:sg class="U">bool<mg:s/>pb_en</mg:sg><mg:sg class="U">code_fixed</mg:sg><mg:sg class="U">32(pb_ostr</mg:sg><mg:sg class="U">eam_t<mg:s/>*str</mg:sg><mg:sg class="U">eam,<mg:s/>const</mg:sg><mg:sg class="U"><mg:s/>void<mg:s/>*val</mg:sg><mg:sg class="U">ue);<mg:lf/></mg:sg></mg:ln>
</mg:row>
<mg:row>
<mg:ln file="2" number="138" class="IU"><mg:sg class="IU"><mg:lf/></mg:sg></mg:ln>
<mg:ln file="3" number="138" class="U"><mg:sg class="U"><mg:lf/></mg:sg></mg:ln>
</mg:row>
<mg:row>
<mg:ln file="2" number="139" class="IU"><mg:sg class="IU">/*<mg:s/>Encode<mg:s/></mg:sg><mg:sg class="IU">a<mg:s/>fixed64,</mg:sg><mg:sg class="IU"><mg:s/>sfixed64<mg:s/></mg:sg><mg:sg class="IU">or<mg:s/>double<mg:s/></mg:sg><mg:sg class="IU">value.<mg:lf/></mg:sg></mg:ln>
<mg:ln file="3" number="139" class="U"><mg:sg class="U">/*<mg:s/>Encode<mg:s/></mg:sg><mg:sg class="U">a<mg:s/>fixed64,</mg:sg><mg:sg class="U"><mg:s/>sfixed64<mg:s/></mg:sg><mg:sg class="U">or<mg:s/>double<mg:s/></mg:sg><mg:sg class="U">value.<mg:lf/></mg:sg></mg:ln>
</mg:row>
<mg:row>
<mg:ln file="2" number="140" class="IU"><mg:sg class="IU"><mg:s/>*<mg:s/>You<mg:s/>nee</mg:sg><mg:sg class="IU">d<mg:s/>to<mg:s/>pass<mg:s/></mg:sg><mg:sg class="IU">a<mg:s/>pointer<mg:s/></mg:sg><mg:sg class="IU">to<mg:s/>a<mg:s/>8-byt</mg:sg><mg:sg class="IU">e<mg:s/>wide<mg:s/>C<mg:s/>v</mg:sg><mg:sg class="IU">ariable.<mg:s/>*</mg:sg><mg:sg class="IU">/<mg:lf/></mg:sg></mg:ln>
<mg:ln file="3" number="140" class="U"><mg:sg class="U"><mg:s/>*<mg:s/>You<mg:s/>nee</mg:sg><mg:sg class="U">d<mg:s/>to<mg:s/>pass<mg:s/></mg:sg><mg:sg class="U">a<mg:s/>pointer<mg:s/></mg:sg><mg:sg class="U">to<mg:s/>a<mg:s/>8-byt</mg:sg><mg:sg class="U">e<mg:s/>wide<mg:s/>C<mg:s/>v</mg:sg><mg:sg class="U">ariable.<mg:s/>*</mg:sg><mg:sg class="U">/<mg:lf/></mg:sg></mg:ln>
</mg:row>
<mg:row>
<mg:ln file="2" number="141" class="IU"><mg:sg class="IU">bool<mg:s/>pb_en</mg:sg><mg:sg class="IU">code_fixed</mg:sg><mg:sg class="IU">64(pb_ostr</mg:sg><mg:sg class="IU">eam_t<mg:s/>*str</mg:sg><mg:sg class="IU">eam,<mg:s/>const</mg:sg><mg:sg class="IU"><mg:s/>void<mg:s/>*val</mg:sg><mg:sg class="IU">ue);<mg:lf/></mg:sg></mg:ln>
<mg:ln file="3" number="141" class="U"><mg:sg class="U">bool<mg:s/>pb_en</mg:sg><mg:sg class="U">code_fixed</mg:sg><mg:sg class="U">64(pb_ostr</mg:sg><mg:sg class="U">eam_t<mg:s/>*str</mg:sg><mg:sg class="U">eam,<mg:s/>const</mg:sg><mg:sg class="U"><mg:s/>void<mg:s/>*val</mg:sg><mg:sg class="U">ue);<mg:lf/></mg:sg></mg:ln>
</mg:row>
<mg:row>
<mg:ln file="2" number="142" class="IU"><mg:sg class="IU"><mg:lf/></mg:sg></mg:ln>
<mg:ln file="3" number="142" class="U"><mg:sg class="U"><mg:lf/></mg:sg></mg:ln>
</mg:row>
<mg:row>
<mg:ln file="2" number="143" class="IU"><mg:sg class="IU">/*<mg:s/>Encode<mg:s/></mg:sg><mg:sg class="IU">a<mg:s/>submessa</mg:sg><mg:sg class="IU">ge<mg:s/>field.<mg:lf/></mg:sg></mg:ln>
<mg:ln file="3" number="143" class="U"><mg:sg class="U">/*<mg:s/>Encode<mg:s/></mg:sg><mg:sg class="U">a<mg:s/>submessa</mg:sg><mg:sg class="U">ge<mg:s/>field.<mg:lf/></mg:sg></mg:ln>
</mg:row>
<mg:row>
<mg:ln file="2" number="144" class="IU"><mg:sg class="IU"><mg:s/>*<mg:s/>You<mg:s/>nee</mg:sg><mg:sg class="IU">d<mg:s/>to<mg:s/>pass<mg:s/></mg:sg><mg:sg class="IU">the<mg:s/>pb_fie</mg:sg><mg:sg class="IU">ld_t<mg:s/>array</mg:sg><mg:sg class="IU"><mg:s/>and<mg:s/>point</mg:sg><mg:sg class="IU">er<mg:s/>to<mg:s/>stru</mg:sg><mg:sg class="IU">ct,<mg:s/>just<mg:s/>l</mg:sg><mg:sg class="IU">ike<mg:lf/></mg:sg></mg:ln>
<mg:ln file="3" number="144" class="U"><mg:sg class="U"><mg:s/>*<mg:s/>You<mg:s/>nee</mg:sg><mg:sg class="U">d<mg:s/>to<mg:s/>pass<mg:s/></mg:sg><mg:sg class="U">the<mg:s/>pb_fie</mg:sg><mg:sg class="U">ld_t<mg:s/>array</mg:sg><mg:sg class="U"><mg:s/>and<mg:s/>point</mg:sg><mg:sg class="U">er<mg:s/>to<mg:s/>stru</mg:sg><mg:sg class="U">ct,<mg:s/>just<mg:s/>l</mg:sg><mg:sg class="U">ike<mg:lf/></mg:sg></mg:ln>
</mg:row>
<mg:row>
<mg:ln file="2" number="145" class="IU"><mg:sg class="IU"><mg:s/>*<mg:s/>with<mg:s/>pb</mg:sg><mg:sg class="IU">_encode().</mg:sg><mg:sg class="IU"><mg:s/>This<mg:s/>inte</mg:sg><mg:sg class="IU">rnally<mg:s/>enc</mg:sg><mg:sg class="IU">odes<mg:s/>the<mg:s/>s</mg:sg><mg:sg class="IU">ubmessage<mg:s/></mg:sg><mg:sg class="IU">twice,<mg:s/>fir</mg:sg><mg:sg class="IU">st<mg:s/>to<mg:lf/></mg:sg></mg:ln>
<mg:ln file="3" number="145" class="U"><mg:sg class="U"><mg:s/>*<mg:s/>with<mg:s/>pb</mg:sg><mg:sg class="U">_encode().</mg:sg><mg:sg class="U"><mg:s/>This<mg:s/>inte</mg:sg><mg:sg class="U">rnally<mg:s/>enc</mg:sg><mg:sg class="U">odes<mg:s/>the<mg:s/>s</mg:sg><mg:sg class="U">ubmessage<mg:s/></mg:sg><mg:sg class="U">twice,<mg:s/>fir</mg:sg><mg:sg class="U">st<mg:s/>to<mg:lf/></mg:sg></mg:ln>
</mg:row>
<mg:row>
<mg:ln file="2" number="146" class="IU"><mg:sg class="IU"><mg:s/>*<mg:s/>calcula</mg:sg><mg:sg class="IU">te<mg:s/>message</mg:sg><mg:sg class="IU"><mg:s/>size<mg:s/>and<mg:s/></mg:sg><mg:sg class="IU">then<mg:s/>to<mg:s/>ac</mg:sg><mg:sg class="IU">tually<mg:s/>wri</mg:sg><mg:sg class="IU">te<mg:s/>it<mg:s/>out.</mg:sg><mg:sg class="IU"><mg:lf/></mg:sg></mg:ln>
<mg:ln file="3" number="146" class="U"><mg:sg class="U"><mg:s/>*<mg:s/>calcula</mg:sg><mg:sg class="U">te<mg:s/>message</mg:sg><mg:sg class="U"><mg:s/>size<mg:s/>and<mg:s/></mg:sg><mg:sg class="U">then<mg:s/>to<mg:s/>ac</mg:sg><mg:sg class="U">tually<mg:s/>wri</mg:sg><mg:sg class="U">te<mg:s/>it<mg:s/>out.</mg:sg><mg:sg class="U"><mg:lf/></mg:sg></mg:ln>
</mg:row>
<mg:row>
<mg:ln file="2" number="147" class="IU"><mg:sg class="IU"><mg:s/>*/<mg:lf/></mg:sg></mg:ln>
<mg:ln file="3" number="147" class="U"><mg:sg class="U"><mg:s/>*/<mg:lf/></mg:sg></mg:ln>
</mg:row>
<mg:row>
<mg:ln file="2" number="148" class="IU"><mg:sg class="IU">bool<mg:s/>pb_en</mg:sg><mg:sg class="IU">code_subme</mg:sg><mg:sg class="IU">ssage(pb_o</mg:sg><mg:sg class="IU">stream_t<mg:s/>*</mg:sg><mg:sg class="IU">stream,<mg:s/>co</mg:sg><mg:sg class="IU">nst<mg:s/>pb_fie</mg:sg><mg:sg class="IU">ld_t<mg:s/>field</mg:sg><mg:sg class="IU">s[],<mg:s/>const</mg:sg><mg:sg class="IU"><mg:s/>void<mg:s/>*src</mg:sg><mg:sg class="IU">_struct);<mg:lf/></mg:sg></mg:ln>
<mg:ln file="3" number="148" class="U"><mg:sg class="U">bool<mg:s/>pb_en</mg:sg><mg:sg class="U">code_subme</mg:sg><mg:sg class="U">ssage(pb_o</mg:sg><mg:sg class="U">stream_t<mg:s/>*</mg:sg><mg:sg class="U">stream,<mg:s/>co</mg:sg><mg:sg class="U">nst<mg:s/>pb_fie</mg:sg><mg:sg class="U">ld_t<mg:s/>field</mg:sg><mg:sg class="U">s[],<mg:s/>const</mg:sg><mg:sg class="U"><mg:s/>void<mg:s/>*src</mg:sg><mg:sg class="U">_struct);<mg:lf/></mg:sg></mg:ln>
</mg:row>
<mg:row>
<mg:ln file="2" number="149" class="IU"><mg:sg class="IU"><mg:lf/></mg:sg></mg:ln>
<mg:ln file="3" number="149" class="U"><mg:sg class="U"><mg:lf/></mg:sg></mg:ln>
</mg:row>
<mg:row>
<mg:ln file="2" number="150" class="IU"><mg:sg class="IU">#ifdef<mg:s/>__c</mg:sg><mg:sg class="IU">plusplus<mg:lf/></mg:sg></mg:ln>
<mg:ln file="3" number="150" class="U"><mg:sg class="U">#ifdef<mg:s/>__c</mg:sg><mg:sg class="U">plusplus<mg:lf/></mg:sg></mg:ln>
</mg:row>
<mg:row>
<mg:ln file="2" number="151" class="IU"><mg:sg class="IU">}<mg:s/>/*<mg:s/>exter</mg:sg><mg:sg class="IU">n<mg:s/>&quot;C&quot;<mg:s/>*/<mg:lf/></mg:sg></mg:ln>
<mg:ln file="3" number="151" class="U"><mg:sg class="U">}<mg:s/>/*<mg:s/>exter</mg:sg><mg:sg class="U">n<mg:s/>&quot;C&quot;<mg:s/>*/<mg:lf/></mg:sg></mg:ln>
</mg:row>
<mg:row>
<mg:ln file="2" number="152" class="IU"><mg:sg class="IU">#endif<mg:lf/></mg:sg></mg:ln>
<mg:ln file="3" number="152" class="U"><mg:sg class="U">#endif<mg:lf/></mg:sg></mg:ln>
</mg:row>
<mg:row>
<mg:ln file="2" number="153" class="IU"><mg:sg class="IU"><mg:lf/></mg:sg></mg:ln>
<mg:ln file="3" number="153" class="U"><mg:sg class="U"><mg:lf/></mg:sg></mg:ln>
</mg:row>
<mg:row>
<mg:ln file="2" number="154" class="IU"><mg:sg class="IU">#endif<mg:lf/></mg:sg></mg:ln>
<mg:ln file="3" number="154" class="U"><mg:sg class="U">#endif<mg:lf/></mg:sg></mg:ln>
</mg:row>
</mg:rowGroup>
</mg:rowData>
</mg:report>
