﻿<?xml version="1.0" encoding="UTF-8" ?>

<mg:report version="1.0" xmlns:mg="http://www.araxis.com/2002/Merge/Reporting" type="FileComparison">
<mg:metaData>
  <mg:title>Araxis Merge File Comparison Report</mg:title>
  <mg:id show="true">1134</mg:id>
  <mg:date>2019/4/19 20:25:41</mg:date>
<mg:options>
<mg:option name="clIgnoreDifferencesInWhitespaceAtTheStartOfLines">0</mg:option>
<mg:option name="clIgnoreDifferencesInWhitespaceAtTheEndOfLines">0</mg:option>
<mg:option name="clTreatConsecutiveWhitespaceAsASingleSpace">1</mg:option>
<mg:option name="clIgnoreAllDifferencesInWhitespace">0</mg:option>
<mg:option name="clWhitespaceSignificant">0</mg:option>
<mg:option name="clIgnoreCase">0</mg:option>
<mg:option name="clIgnoreLineEndings">1</mg:option>
<mg:option name="clHideCRLF">1</mg:option>
<mg:option name="clShowLineNums">1</mg:option>
<mg:option name="clShowOmittedLinesRow">0</mg:option>

<mg:regexps>
<mg:regexp enabled="false">
<mg:expression>^[ \t]*$</mg:expression>
<mg:description>Blank lines</mg:description>
</mg:regexp>
<mg:regexp enabled="false">
<mg:expression>[ \t]*//[^&quot;]*$</mg:expression>
<mg:description>C++ comments</mg:description>
</mg:regexp>
<mg:regexp enabled="false">
<mg:expression>^[ \t]*//.*\$(Date|Archive|Author|Header|JustDate|Modtime|Revision|Workfile):.*\$.*$</mg:expression>
<mg:description>SourceSafe comments</mg:description>
</mg:regexp>
<mg:regexp enabled="false">
<mg:expression>^[ \t]*//(:(Header|Source):|.*Generated.*Genitor).*\$</mg:expression>
<mg:description>Genitor comments</mg:description>
</mg:regexp>
<mg:regexp enabled="false">
<mg:expression>\$(Archive|Author|Date|Header|JustDate|Logfile|Modtime|Revision|Workfile):[^$]*\$</mg:expression>
<mg:description>SourceSafe keywords</mg:description>
</mg:regexp>
<mg:regexp enabled="false">
<mg:expression>^[ \t]*'.*$</mg:expression>
<mg:description>Visual Basic comments</mg:description>
</mg:regexp>
<mg:regexp enabled="false">
<mg:expression>\$(Author|Date|Header|Id|Locker|Name|RCSfile|Revision|Source|State):[^$]*\$</mg:expression>
<mg:description>CVS comments</mg:description>
</mg:regexp>
<mg:regexp enabled="false">
<mg:expression>\$(ACident|ACheader|AClog|ACpart|ACversion|Author|Date|Header|Line|Locker|Log|Revision|Smsfile|Smspath|Today|Vcfile|Vcpath|Workfile):?[^$]*\$</mg:expression>
<mg:description>AllChange keywords</mg:description>
</mg:regexp>
<mg:regexp enabled="false">
<mg:expression></mg:expression>
<mg:description></mg:description>
</mg:regexp>
<mg:regexp enabled="false">
<mg:expression></mg:expression>
<mg:description></mg:description>
</mg:regexp>
</mg:regexps>
</mg:options>
<mg:fileDetails file="1">
  <mg:name>TencentMessageObject.h</mg:name>
  <mg:title></mg:title>
  <mg:location>E:\MA75\Branch_20190409\Prototypes\Sky\Sky\iphoneos\Netease\NGShare\TencentOpenAPI.framework\Headers</mg:location>
  <mg:lastModified>Fri Apr 19 11:02:14 2019 UTC</mg:lastModified>
</mg:fileDetails>
<mg:fileDetails file="2">
  <mg:name></mg:name>
  <mg:title></mg:title>
  <mg:location></mg:location>
  <mg:lastModified>Fri Apr 19 12:25:41 2019 UTC</mg:lastModified>
</mg:fileDetails>
<mg:fileDetails file="3">
  <mg:name></mg:name>
  <mg:title></mg:title>
  <mg:location></mg:location>
  <mg:lastModified>Fri Apr 19 12:25:41 2019 UTC</mg:lastModified>
</mg:fileDetails>
<mg:changeSummaries>
  <mg:changeSummary files="1,2">
	  <mg:changeCount type="unchanged" blocks1="0" blocks2="0" blocks="0" lines1="0" lines2="0" lines="0" />
	  <mg:changeCount type="removed" blocks1="1" blocks2="0" blocks="1" lines1="412" lines2="0" lines="412" />
	  <mg:changeCount type="inserted" blocks1="0" blocks2="0" blocks="0" lines1="0" lines2="0" lines="0" />
	  <mg:changeCount type="changed" blocks1="0" blocks2="0" blocks="0" lines1="0" lines2="0" lines="0" />
  </mg:changeSummary>
<mg:changeSummary files="2,3">
	  <mg:changeCount type="unchanged" blocks1="0" blocks2="0" blocks="0" lines1="0" lines2="0" lines="0" />
	  <mg:changeCount type="removed" blocks1="0" blocks2="0" blocks="0" lines1="0" lines2="0" lines="0" />
	  <mg:changeCount type="inserted" blocks1="0" blocks2="0" blocks="0" lines1="0" lines2="0" lines="0" />
	  <mg:changeCount type="changed" blocks1="0" blocks2="0" blocks="0" lines1="0" lines2="0" lines="0" />
  </mg:changeSummary>
<mg:changeSummary files="1,2,3"><mg:changeCount type="removed" blocks="0" lines="0"/><mg:changeCount type="inserted" blocks="1" lines="412"/><mg:changeCount type="changed" blocks="0" lines="0"/><mg:changeCount type="conflicts" count="0"/></mg:changeSummary></mg:changeSummaries>
		<mg:classes file="1">
<mg:class name="U">
<mg:cssAttribute name="color">#000000</mg:cssAttribute>
<mg:cssAttribute name="background-color">#FFFFFF</mg:cssAttribute>
<mg:cssAttribute name="font-family">Consolas</mg:cssAttribute>
<mg:cssAttribute name="font-weight">normal</mg:cssAttribute>
<mg:cssAttribute name="font-style">normal</mg:cssAttribute>
<mg:cssAttribute name="font-size">9pt</mg:cssAttribute>
<mg:cssAttribute name="text-decoration">none</mg:cssAttribute>
</mg:class>
<mg:class name="R">
<mg:cssAttribute name="color">#800000</mg:cssAttribute>
<mg:cssAttribute name="background-color">#F3E6D8</mg:cssAttribute>
<mg:cssAttribute name="font-family">Consolas</mg:cssAttribute>
<mg:cssAttribute name="font-weight">normal</mg:cssAttribute>
<mg:cssAttribute name="font-style">normal</mg:cssAttribute>
<mg:cssAttribute name="font-size">9pt</mg:cssAttribute>
<mg:cssAttribute name="text-decoration">none</mg:cssAttribute>
</mg:class>
<mg:class name="I">
<mg:cssAttribute name="color">#800000</mg:cssAttribute>
<mg:cssAttribute name="background-color">#D1E8CF</mg:cssAttribute>
<mg:cssAttribute name="font-family">Consolas</mg:cssAttribute>
<mg:cssAttribute name="font-weight">normal</mg:cssAttribute>
<mg:cssAttribute name="font-style">normal</mg:cssAttribute>
<mg:cssAttribute name="font-size">9pt</mg:cssAttribute>
<mg:cssAttribute name="text-decoration">none</mg:cssAttribute>
</mg:class>
<mg:class name="C">
<mg:cssAttribute name="color">#800000</mg:cssAttribute>
<mg:cssAttribute name="background-color">#DACDE6</mg:cssAttribute>
<mg:cssAttribute name="font-family">Consolas</mg:cssAttribute>
<mg:cssAttribute name="font-weight">normal</mg:cssAttribute>
<mg:cssAttribute name="font-style">normal</mg:cssAttribute>
<mg:cssAttribute name="font-size">9pt</mg:cssAttribute>
<mg:cssAttribute name="text-decoration">none</mg:cssAttribute>
</mg:class>
		</mg:classes>
		<mg:classes file="2">
<mg:class name="UU">
<mg:cssAttribute name="color">#000000</mg:cssAttribute>
<mg:cssAttribute name="background-color">#FFFFFF</mg:cssAttribute>
<mg:cssAttribute name="font-family">Consolas</mg:cssAttribute>
<mg:cssAttribute name="font-weight">normal</mg:cssAttribute>
<mg:cssAttribute name="font-style">normal</mg:cssAttribute>
<mg:cssAttribute name="font-size">9pt</mg:cssAttribute>
<mg:cssAttribute name="text-decoration">none</mg:cssAttribute>
</mg:class>
<mg:class name="UR">
<mg:cssAttribute name="color">#400000</mg:cssAttribute>
<mg:cssAttribute name="background-color">#F9F2EB</mg:cssAttribute>
<mg:cssAttribute name="font-family">Consolas</mg:cssAttribute>
<mg:cssAttribute name="font-weight">normal</mg:cssAttribute>
<mg:cssAttribute name="font-style">normal</mg:cssAttribute>
<mg:cssAttribute name="font-size">9pt</mg:cssAttribute>
<mg:cssAttribute name="text-decoration">none</mg:cssAttribute>
</mg:class>
<mg:class name="UI">
<mg:cssAttribute name="color">#400000</mg:cssAttribute>
<mg:cssAttribute name="background-color">#E8F3E7</mg:cssAttribute>
<mg:cssAttribute name="font-family">Consolas</mg:cssAttribute>
<mg:cssAttribute name="font-weight">normal</mg:cssAttribute>
<mg:cssAttribute name="font-style">normal</mg:cssAttribute>
<mg:cssAttribute name="font-size">9pt</mg:cssAttribute>
<mg:cssAttribute name="text-decoration">none</mg:cssAttribute>
</mg:class>
<mg:class name="UC">
<mg:cssAttribute name="color">#400000</mg:cssAttribute>
<mg:cssAttribute name="background-color">#ECE6F2</mg:cssAttribute>
<mg:cssAttribute name="font-family">Consolas</mg:cssAttribute>
<mg:cssAttribute name="font-weight">normal</mg:cssAttribute>
<mg:cssAttribute name="font-style">normal</mg:cssAttribute>
<mg:cssAttribute name="font-size">9pt</mg:cssAttribute>
<mg:cssAttribute name="text-decoration">none</mg:cssAttribute>
</mg:class>
<mg:class name="RU">
<mg:cssAttribute name="color">#400000</mg:cssAttribute>
<mg:cssAttribute name="background-color">#F9F2EB</mg:cssAttribute>
<mg:cssAttribute name="font-family">Consolas</mg:cssAttribute>
<mg:cssAttribute name="font-weight">normal</mg:cssAttribute>
<mg:cssAttribute name="font-style">normal</mg:cssAttribute>
<mg:cssAttribute name="font-size">9pt</mg:cssAttribute>
<mg:cssAttribute name="text-decoration">none</mg:cssAttribute>
</mg:class>
<mg:class name="RR">
<mg:cssAttribute name="color">#800000</mg:cssAttribute>
<mg:cssAttribute name="background-color">#F3E6D8</mg:cssAttribute>
<mg:cssAttribute name="font-family">Consolas</mg:cssAttribute>
<mg:cssAttribute name="font-weight">normal</mg:cssAttribute>
<mg:cssAttribute name="font-style">normal</mg:cssAttribute>
<mg:cssAttribute name="font-size">9pt</mg:cssAttribute>
<mg:cssAttribute name="text-decoration">none</mg:cssAttribute>
</mg:class>
<mg:class name="RI">
<mg:cssAttribute name="color">#800000</mg:cssAttribute>
<mg:cssAttribute name="background-color">#E2E7D3</mg:cssAttribute>
<mg:cssAttribute name="font-family">Consolas</mg:cssAttribute>
<mg:cssAttribute name="font-weight">normal</mg:cssAttribute>
<mg:cssAttribute name="font-style">normal</mg:cssAttribute>
<mg:cssAttribute name="font-size">9pt</mg:cssAttribute>
<mg:cssAttribute name="text-decoration">none</mg:cssAttribute>
</mg:class>
<mg:class name="RC">
<mg:cssAttribute name="color">#800000</mg:cssAttribute>
<mg:cssAttribute name="background-color">#E6D9DF</mg:cssAttribute>
<mg:cssAttribute name="font-family">Consolas</mg:cssAttribute>
<mg:cssAttribute name="font-weight">normal</mg:cssAttribute>
<mg:cssAttribute name="font-style">normal</mg:cssAttribute>
<mg:cssAttribute name="font-size">9pt</mg:cssAttribute>
<mg:cssAttribute name="text-decoration">none</mg:cssAttribute>
</mg:class>
<mg:class name="IU">
<mg:cssAttribute name="color">#400000</mg:cssAttribute>
<mg:cssAttribute name="background-color">#E8F3E7</mg:cssAttribute>
<mg:cssAttribute name="font-family">Consolas</mg:cssAttribute>
<mg:cssAttribute name="font-weight">normal</mg:cssAttribute>
<mg:cssAttribute name="font-style">normal</mg:cssAttribute>
<mg:cssAttribute name="font-size">9pt</mg:cssAttribute>
<mg:cssAttribute name="text-decoration">none</mg:cssAttribute>
</mg:class>
<mg:class name="IR">
<mg:cssAttribute name="color">#800000</mg:cssAttribute>
<mg:cssAttribute name="background-color">#E2E7D3</mg:cssAttribute>
<mg:cssAttribute name="font-family">Consolas</mg:cssAttribute>
<mg:cssAttribute name="font-weight">normal</mg:cssAttribute>
<mg:cssAttribute name="font-style">normal</mg:cssAttribute>
<mg:cssAttribute name="font-size">9pt</mg:cssAttribute>
<mg:cssAttribute name="text-decoration">none</mg:cssAttribute>
</mg:class>
<mg:class name="II">
<mg:cssAttribute name="color">#800000</mg:cssAttribute>
<mg:cssAttribute name="background-color">#D1E8CF</mg:cssAttribute>
<mg:cssAttribute name="font-family">Consolas</mg:cssAttribute>
<mg:cssAttribute name="font-weight">normal</mg:cssAttribute>
<mg:cssAttribute name="font-style">normal</mg:cssAttribute>
<mg:cssAttribute name="font-size">9pt</mg:cssAttribute>
<mg:cssAttribute name="text-decoration">none</mg:cssAttribute>
</mg:class>
<mg:class name="IC">
<mg:cssAttribute name="color">#800000</mg:cssAttribute>
<mg:cssAttribute name="background-color">#D5DADA</mg:cssAttribute>
<mg:cssAttribute name="font-family">Consolas</mg:cssAttribute>
<mg:cssAttribute name="font-weight">normal</mg:cssAttribute>
<mg:cssAttribute name="font-style">normal</mg:cssAttribute>
<mg:cssAttribute name="font-size">9pt</mg:cssAttribute>
<mg:cssAttribute name="text-decoration">none</mg:cssAttribute>
</mg:class>
<mg:class name="CU">
<mg:cssAttribute name="color">#400000</mg:cssAttribute>
<mg:cssAttribute name="background-color">#ECE6F2</mg:cssAttribute>
<mg:cssAttribute name="font-family">Consolas</mg:cssAttribute>
<mg:cssAttribute name="font-weight">normal</mg:cssAttribute>
<mg:cssAttribute name="font-style">normal</mg:cssAttribute>
<mg:cssAttribute name="font-size">9pt</mg:cssAttribute>
<mg:cssAttribute name="text-decoration">none</mg:cssAttribute>
</mg:class>
<mg:class name="CR">
<mg:cssAttribute name="color">#800000</mg:cssAttribute>
<mg:cssAttribute name="background-color">#E6D9DF</mg:cssAttribute>
<mg:cssAttribute name="font-family">Consolas</mg:cssAttribute>
<mg:cssAttribute name="font-weight">normal</mg:cssAttribute>
<mg:cssAttribute name="font-style">normal</mg:cssAttribute>
<mg:cssAttribute name="font-size">9pt</mg:cssAttribute>
<mg:cssAttribute name="text-decoration">none</mg:cssAttribute>
</mg:class>
<mg:class name="CI">
<mg:cssAttribute name="color">#800000</mg:cssAttribute>
<mg:cssAttribute name="background-color">#D5DADA</mg:cssAttribute>
<mg:cssAttribute name="font-family">Consolas</mg:cssAttribute>
<mg:cssAttribute name="font-weight">normal</mg:cssAttribute>
<mg:cssAttribute name="font-style">normal</mg:cssAttribute>
<mg:cssAttribute name="font-size">9pt</mg:cssAttribute>
<mg:cssAttribute name="text-decoration">none</mg:cssAttribute>
</mg:class>
<mg:class name="CC">
<mg:cssAttribute name="color">#800000</mg:cssAttribute>
<mg:cssAttribute name="background-color">#DACDE6</mg:cssAttribute>
<mg:cssAttribute name="font-family">Consolas</mg:cssAttribute>
<mg:cssAttribute name="font-weight">normal</mg:cssAttribute>
<mg:cssAttribute name="font-style">normal</mg:cssAttribute>
<mg:cssAttribute name="font-size">9pt</mg:cssAttribute>
<mg:cssAttribute name="text-decoration">none</mg:cssAttribute>
</mg:class>
		</mg:classes>
		<mg:classes file="3">
<mg:class name="U">
<mg:cssAttribute name="color">#000000</mg:cssAttribute>
<mg:cssAttribute name="background-color">#FFFFFF</mg:cssAttribute>
<mg:cssAttribute name="font-family">Consolas</mg:cssAttribute>
<mg:cssAttribute name="font-weight">normal</mg:cssAttribute>
<mg:cssAttribute name="font-style">normal</mg:cssAttribute>
<mg:cssAttribute name="font-size">9pt</mg:cssAttribute>
<mg:cssAttribute name="text-decoration">none</mg:cssAttribute>
</mg:class>
<mg:class name="R">
<mg:cssAttribute name="color">#800000</mg:cssAttribute>
<mg:cssAttribute name="background-color">#F3E6D8</mg:cssAttribute>
<mg:cssAttribute name="font-family">Consolas</mg:cssAttribute>
<mg:cssAttribute name="font-weight">normal</mg:cssAttribute>
<mg:cssAttribute name="font-style">normal</mg:cssAttribute>
<mg:cssAttribute name="font-size">9pt</mg:cssAttribute>
<mg:cssAttribute name="text-decoration">none</mg:cssAttribute>
</mg:class>
<mg:class name="I">
<mg:cssAttribute name="color">#800000</mg:cssAttribute>
<mg:cssAttribute name="background-color">#D1E8CF</mg:cssAttribute>
<mg:cssAttribute name="font-family">Consolas</mg:cssAttribute>
<mg:cssAttribute name="font-weight">normal</mg:cssAttribute>
<mg:cssAttribute name="font-style">normal</mg:cssAttribute>
<mg:cssAttribute name="font-size">9pt</mg:cssAttribute>
<mg:cssAttribute name="text-decoration">none</mg:cssAttribute>
</mg:class>
<mg:class name="C">
<mg:cssAttribute name="color">#800000</mg:cssAttribute>
<mg:cssAttribute name="background-color">#DACDE6</mg:cssAttribute>
<mg:cssAttribute name="font-family">Consolas</mg:cssAttribute>
<mg:cssAttribute name="font-weight">normal</mg:cssAttribute>
<mg:cssAttribute name="font-style">normal</mg:cssAttribute>
<mg:cssAttribute name="font-size">9pt</mg:cssAttribute>
<mg:cssAttribute name="text-decoration">none</mg:cssAttribute>
</mg:class>
		</mg:classes>
</mg:metaData>
<mg:rowData>
<mg:rowGroup>
<mg:row>
<mg:ln file="1" number="1" class="R"><mg:sg class="R">//<mg:lf/></mg:sg></mg:ln>
</mg:row>
<mg:row>
<mg:ln file="1" number="2" class="R"><mg:sg class="R">//<mg:s/><mg:s/>Tencen</mg:sg><mg:sg class="R">tMessageOb</mg:sg><mg:sg class="R">ject.h<mg:lf/></mg:sg></mg:ln>
</mg:row>
<mg:row>
<mg:ln file="1" number="3" class="R"><mg:sg class="R">//<mg:s/><mg:s/>Tencen</mg:sg><mg:sg class="R">tOpenApi_I</mg:sg><mg:sg class="R">OS<mg:lf/></mg:sg></mg:ln>
</mg:row>
<mg:row>
<mg:ln file="1" number="4" class="R"><mg:sg class="R">//<mg:lf/></mg:sg></mg:ln>
</mg:row>
<mg:row>
<mg:ln file="1" number="5" class="R"><mg:sg class="R">//<mg:s/><mg:s/>Create</mg:sg><mg:sg class="R">d<mg:s/>by<mg:s/>qqcon</mg:sg><mg:sg class="R">nect<mg:s/>on<mg:s/>13</mg:sg><mg:sg class="R">-5-27.<mg:lf/></mg:sg></mg:ln>
</mg:row>
<mg:row>
<mg:ln file="1" number="6" class="R"><mg:sg class="R">//<mg:s/><mg:s/>Copyri</mg:sg><mg:sg class="R">ght<mg:s/>(c)<mg:s/>20</mg:sg><mg:sg class="R">13年<mg:s/>Tencen</mg:sg><mg:sg class="R">t.<mg:s/>All<mg:s/>rig</mg:sg><mg:sg class="R">hts<mg:s/>reserv</mg:sg><mg:sg class="R">ed.<mg:lf/></mg:sg></mg:ln>
</mg:row>
<mg:row>
<mg:ln file="1" number="7" class="R"><mg:sg class="R">//<mg:lf/></mg:sg></mg:ln>
</mg:row>
<mg:row>
<mg:ln file="1" number="8" class="R"><mg:sg class="R"><mg:lf/></mg:sg></mg:ln>
</mg:row>
<mg:row>
<mg:ln file="1" number="9" class="R"><mg:sg class="R">#ifndef<mg:s/>QQ</mg:sg><mg:sg class="R">_OPEN_SDK_</mg:sg><mg:sg class="R">LITE<mg:lf/></mg:sg></mg:ln>
</mg:row>
<mg:row>
<mg:ln file="1" number="10" class="R"><mg:sg class="R"><mg:lf/></mg:sg></mg:ln>
</mg:row>
<mg:row>
<mg:ln file="1" number="11" class="R"><mg:sg class="R">#import<mg:s/>&lt;F</mg:sg><mg:sg class="R">oundation/</mg:sg><mg:sg class="R">Foundation</mg:sg><mg:sg class="R">.h&gt;<mg:lf/></mg:sg></mg:ln>
</mg:row>
<mg:row>
<mg:ln file="1" number="12" class="R"><mg:sg class="R">#import<mg:s/>&lt;U</mg:sg><mg:sg class="R">IKit/UIKit</mg:sg><mg:sg class="R">.h&gt;<mg:lf/></mg:sg></mg:ln>
</mg:row>
<mg:row>
<mg:ln file="1" number="13" class="R"><mg:sg class="R">#import<mg:s/>&quot;s</mg:sg><mg:sg class="R">dkdef.h&quot;<mg:lf/></mg:sg></mg:ln>
</mg:row>
<mg:row>
<mg:ln file="1" number="14" class="R"><mg:sg class="R"><mg:lf/></mg:sg></mg:ln>
</mg:row>
<mg:row>
<mg:ln file="1" number="15" class="R"><mg:sg class="R">#define<mg:s/>kT</mg:sg><mg:sg class="R">extLimit<mg:s/>(</mg:sg><mg:sg class="R">1024<mg:s/>*<mg:s/>102</mg:sg><mg:sg class="R">4)<mg:lf/></mg:sg></mg:ln>
</mg:row>
<mg:row>
<mg:ln file="1" number="16" class="R"><mg:sg class="R">#define<mg:s/>kD</mg:sg><mg:sg class="R">ataLimit<mg:s/>(</mg:sg><mg:sg class="R">1024<mg:s/>*<mg:s/>102</mg:sg><mg:sg class="R">4<mg:s/>*<mg:s/>10)<mg:lf/></mg:sg></mg:ln>
</mg:row>
<mg:row>
<mg:ln file="1" number="17" class="R"><mg:sg class="R">#define<mg:s/>kP</mg:sg><mg:sg class="R">reviewData</mg:sg><mg:sg class="R">Limit<mg:s/>(102</mg:sg><mg:sg class="R">4<mg:s/>*<mg:s/>1024)<mg:lf/></mg:sg></mg:ln>
</mg:row>
<mg:row>
<mg:ln file="1" number="18" class="R"><mg:sg class="R"><mg:lf/></mg:sg></mg:ln>
</mg:row>
<mg:row>
<mg:ln file="1" number="19" class="R"><mg:sg class="R">@class<mg:s/>Ten</mg:sg><mg:sg class="R">centApiReq</mg:sg><mg:sg class="R">;<mg:lf/></mg:sg></mg:ln>
</mg:row>
<mg:row>
<mg:ln file="1" number="20" class="R"><mg:sg class="R">@class<mg:s/>Ten</mg:sg><mg:sg class="R">centApiRes</mg:sg><mg:sg class="R">p;<mg:lf/></mg:sg></mg:ln>
</mg:row>
<mg:row>
<mg:ln file="1" number="21" class="R"><mg:sg class="R"><mg:lf/></mg:sg></mg:ln>
</mg:row>
<mg:row>
<mg:ln file="1" number="22" class="R"><mg:sg class="R">/**<mg:lf/></mg:sg></mg:ln>
</mg:row>
<mg:row>
<mg:ln file="1" number="23" class="R"><mg:sg class="R"><mg:s/>*<mg:s/>必填的NSAr</mg:sg><mg:sg class="R">ray型参数<mg:lf/></mg:sg></mg:ln>
</mg:row>
<mg:row>
<mg:ln file="1" number="24" class="R"><mg:sg class="R"><mg:s/>*/<mg:lf/></mg:sg></mg:ln>
</mg:row>
<mg:row>
<mg:ln file="1" number="25" class="R"><mg:sg class="R">typedef<mg:s/>NS</mg:sg><mg:sg class="R">Array<mg:s/>*TCR</mg:sg><mg:sg class="R">equiredArr</mg:sg><mg:sg class="R">ay;<mg:lf/></mg:sg></mg:ln>
</mg:row>
<mg:row>
<mg:ln file="1" number="26" class="R"><mg:sg class="R"><mg:lf/></mg:sg></mg:ln>
</mg:row>
<mg:row>
<mg:ln file="1" number="27" class="R"><mg:sg class="R">/**<mg:lf/></mg:sg></mg:ln>
</mg:row>
<mg:row>
<mg:ln file="1" number="28" class="R"><mg:sg class="R"><mg:s/>*<mg:s/>必填的NSDi</mg:sg><mg:sg class="R">ctionary型参</mg:sg><mg:sg class="R">数<mg:lf/></mg:sg></mg:ln>
</mg:row>
<mg:row>
<mg:ln file="1" number="29" class="R"><mg:sg class="R"><mg:s/>*/<mg:lf/></mg:sg></mg:ln>
</mg:row>
<mg:row>
<mg:ln file="1" number="30" class="R"><mg:sg class="R">typedef<mg:s/>NS</mg:sg><mg:sg class="R">Dictionary</mg:sg><mg:sg class="R"><mg:s/>*TCRequir</mg:sg><mg:sg class="R">edDictiona</mg:sg><mg:sg class="R">ry;<mg:lf/></mg:sg></mg:ln>
</mg:row>
<mg:row>
<mg:ln file="1" number="31" class="R"><mg:sg class="R"><mg:lf/></mg:sg></mg:ln>
</mg:row>
<mg:row>
<mg:ln file="1" number="32" class="R"><mg:sg class="R">/**<mg:lf/></mg:sg></mg:ln>
</mg:row>
<mg:row>
<mg:ln file="1" number="33" class="R"><mg:sg class="R"><mg:s/>*<mg:s/>必填的Tenc</mg:sg><mg:sg class="R">entApiReq型</mg:sg><mg:sg class="R">参数<mg:lf/></mg:sg></mg:ln>
</mg:row>
<mg:row>
<mg:ln file="1" number="34" class="R"><mg:sg class="R"><mg:s/>*/<mg:lf/></mg:sg></mg:ln>
</mg:row>
<mg:row>
<mg:ln file="1" number="35" class="R"><mg:sg class="R">typedef<mg:s/>Te</mg:sg><mg:sg class="R">ncentApiRe</mg:sg><mg:sg class="R">q<mg:s/>*TCRequi</mg:sg><mg:sg class="R">redReq;<mg:lf/></mg:sg></mg:ln>
</mg:row>
<mg:row>
<mg:ln file="1" number="36" class="R"><mg:sg class="R"><mg:lf/></mg:sg></mg:ln>
</mg:row>
<mg:row>
<mg:ln file="1" number="37" class="R"><mg:sg class="R">/**<mg:lf/></mg:sg></mg:ln>
</mg:row>
<mg:row>
<mg:ln file="1" number="38" class="R"><mg:sg class="R"><mg:s/>*<mg:s/>可选的UIIm</mg:sg><mg:sg class="R">age类型参数<mg:lf/></mg:sg></mg:ln>
</mg:row>
<mg:row>
<mg:ln file="1" number="39" class="R"><mg:sg class="R"><mg:s/>*/<mg:lf/></mg:sg></mg:ln>
</mg:row>
<mg:row>
<mg:ln file="1" number="40" class="R"><mg:sg class="R">typedef<mg:s/>NS</mg:sg><mg:sg class="R">Data<mg:s/>*TCOp</mg:sg><mg:sg class="R">tionalData</mg:sg><mg:sg class="R">;<mg:lf/></mg:sg></mg:ln>
</mg:row>
<mg:row>
<mg:ln file="1" number="41" class="R"><mg:sg class="R"><mg:lf/></mg:sg></mg:ln>
</mg:row>
<mg:row>
<mg:ln file="1" number="42" class="R"><mg:sg class="R"><mg:lf/></mg:sg></mg:ln>
</mg:row>
<mg:row>
<mg:ln file="1" number="43" class="R"><mg:sg class="R">/**<mg:lf/></mg:sg></mg:ln>
</mg:row>
<mg:row>
<mg:ln file="1" number="44" class="R"><mg:sg class="R"><mg:s/>*<mg:s/>可选的NSAr</mg:sg><mg:sg class="R">ray型参数<mg:lf/></mg:sg></mg:ln>
</mg:row>
<mg:row>
<mg:ln file="1" number="45" class="R"><mg:sg class="R"><mg:s/>*/<mg:lf/></mg:sg></mg:ln>
</mg:row>
<mg:row>
<mg:ln file="1" number="46" class="R"><mg:sg class="R">typedef<mg:s/>NS</mg:sg><mg:sg class="R">Array<mg:s/>*TCO</mg:sg><mg:sg class="R">ptionalArr</mg:sg><mg:sg class="R">ay;<mg:lf/></mg:sg></mg:ln>
</mg:row>
<mg:row>
<mg:ln file="1" number="47" class="R"><mg:sg class="R"><mg:lf/></mg:sg></mg:ln>
</mg:row>
<mg:row>
<mg:ln file="1" number="48" class="R"><mg:sg class="R">/**<mg:lf/></mg:sg></mg:ln>
</mg:row>
<mg:row>
<mg:ln file="1" number="49" class="R"><mg:sg class="R"><mg:s/>*<mg:s/>可选的Tenc</mg:sg><mg:sg class="R">entApiReq型</mg:sg><mg:sg class="R">参数<mg:lf/></mg:sg></mg:ln>
</mg:row>
<mg:row>
<mg:ln file="1" number="50" class="R"><mg:sg class="R"><mg:s/>*/<mg:lf/></mg:sg></mg:ln>
</mg:row>
<mg:row>
<mg:ln file="1" number="51" class="R"><mg:sg class="R">typedef<mg:s/>Te</mg:sg><mg:sg class="R">ncentApiRe</mg:sg><mg:sg class="R">q<mg:s/>*TCOptio</mg:sg><mg:sg class="R">nalReq;<mg:lf/></mg:sg></mg:ln>
</mg:row>
<mg:row>
<mg:ln file="1" number="52" class="R"><mg:sg class="R"><mg:lf/></mg:sg></mg:ln>
</mg:row>
<mg:row>
<mg:ln file="1" number="53" class="R"><mg:sg class="R">/**<mg:s/><mg:lf/></mg:sg></mg:ln>
</mg:row>
<mg:row>
<mg:ln file="1" number="54" class="R"><mg:sg class="R"><mg:s/>*<mg:s/>Tencent</mg:sg><mg:sg class="R">ReqMessage</mg:sg><mg:sg class="R">Type<mg:s/>请求类型枚</mg:sg><mg:sg class="R">举参数<mg:lf/></mg:sg></mg:ln>
</mg:row>
<mg:row>
<mg:ln file="1" number="55" class="R"><mg:sg class="R"><mg:s/>*/<mg:lf/></mg:sg></mg:ln>
</mg:row>
<mg:row>
<mg:ln file="1" number="56" class="R"><mg:sg class="R">typedef<mg:s/>en</mg:sg><mg:sg class="R">um<mg:lf/></mg:sg></mg:ln>
</mg:row>
<mg:row>
<mg:ln file="1" number="57" class="R"><mg:sg class="R">{<mg:lf/></mg:sg></mg:ln>
</mg:row>
<mg:row>
<mg:ln file="1" number="58" class="R"><mg:sg class="R"><mg:s/><mg:s/><mg:s/><mg:s/>/**<mg:s/>TX</mg:sg><mg:sg class="R"><mg:s/>APP请求内容填充</mg:sg><mg:sg class="R">（需要第三方开发者填</mg:sg><mg:sg class="R">充完成内容后需要主动</mg:sg><mg:sg class="R">调用sendResp</mg:sg><mg:sg class="R">MessageToT</mg:sg><mg:sg class="R">encentApp）</mg:sg><mg:sg class="R">*/<mg:lf/></mg:sg></mg:ln>
</mg:row>
<mg:row>
<mg:ln file="1" number="59" class="R"><mg:sg class="R"><mg:s/><mg:s/><mg:s/><mg:s/>ReqFro</mg:sg><mg:sg class="R">mTencentAp</mg:sg><mg:sg class="R">pQueryCont</mg:sg><mg:sg class="R">ent,<mg:lf/></mg:sg></mg:ln>
</mg:row>
<mg:row>
<mg:ln file="1" number="60" class="R"><mg:sg class="R"><mg:s/><mg:s/><mg:s/><mg:s/>/**<mg:s/>TX</mg:sg><mg:sg class="R"><mg:s/>APP请求展现内容</mg:sg><mg:sg class="R"><mg:s/>(不用调用答复)<mg:s/></mg:sg><mg:sg class="R">*/<mg:lf/></mg:sg></mg:ln>
</mg:row>
<mg:row>
<mg:ln file="1" number="61" class="R"><mg:sg class="R"><mg:s/><mg:s/><mg:s/><mg:s/>ReqFro</mg:sg><mg:sg class="R">mTencentAp</mg:sg><mg:sg class="R">pShowConte</mg:sg><mg:sg class="R">nt,<mg:lf/></mg:sg></mg:ln>
</mg:row>
<mg:row>
<mg:ln file="1" number="62" class="R"><mg:sg class="R"><mg:s/><mg:s/><mg:s/><mg:s/>/**<mg:s/>第三</mg:sg><mg:sg class="R">方<mg:s/>APP<mg:s/>请求内容</mg:sg><mg:sg class="R"><mg:s/>*/<mg:lf/></mg:sg></mg:ln>
</mg:row>
<mg:row>
<mg:ln file="1" number="63" class="R"><mg:sg class="R"><mg:s/><mg:s/><mg:s/><mg:s/>ReqFro</mg:sg><mg:sg class="R">mThirdAppQ</mg:sg><mg:sg class="R">ueryConten</mg:sg><mg:sg class="R">t,<mg:lf/></mg:sg></mg:ln>
</mg:row>
<mg:row>
<mg:ln file="1" number="64" class="R"><mg:sg class="R"><mg:s/><mg:s/><mg:s/><mg:s/>/**<mg:s/>第三</mg:sg><mg:sg class="R">方<mg:s/>APP<mg:s/>请求展现</mg:sg><mg:sg class="R">内容（类似分享）*/</mg:sg><mg:sg class="R"><mg:lf/></mg:sg></mg:ln>
</mg:row>
<mg:row>
<mg:ln file="1" number="65" class="R"><mg:sg class="R"><mg:s/><mg:s/><mg:s/><mg:s/>ReqFro</mg:sg><mg:sg class="R">mThirdAppS</mg:sg><mg:sg class="R">howContent</mg:sg><mg:sg class="R">,<mg:lf/></mg:sg></mg:ln>
</mg:row>
<mg:row>
<mg:ln file="1" number="66" class="R"><mg:sg class="R">}<mg:lf/></mg:sg></mg:ln>
</mg:row>
<mg:row>
<mg:ln file="1" number="67" class="R"><mg:sg class="R">TencentReq</mg:sg><mg:sg class="R">MessageTyp</mg:sg><mg:sg class="R">e;<mg:lf/></mg:sg></mg:ln>
</mg:row>
<mg:row>
<mg:ln file="1" number="68" class="R"><mg:sg class="R"><mg:lf/></mg:sg></mg:ln>
</mg:row>
<mg:row>
<mg:ln file="1" number="69" class="R"><mg:sg class="R">typedef<mg:s/>en</mg:sg><mg:sg class="R">um<mg:lf/></mg:sg></mg:ln>
</mg:row>
<mg:row>
<mg:ln file="1" number="70" class="R"><mg:sg class="R">{<mg:lf/></mg:sg></mg:ln>
</mg:row>
<mg:row>
<mg:ln file="1" number="71" class="R"><mg:sg class="R"><mg:s/><mg:s/><mg:s/><mg:s/>RespFr</mg:sg><mg:sg class="R">omTencentA</mg:sg><mg:sg class="R">ppQueryCon</mg:sg><mg:sg class="R">tent,<mg:lf/></mg:sg></mg:ln>
</mg:row>
<mg:row>
<mg:ln file="1" number="72" class="R"><mg:sg class="R"><mg:s/><mg:s/><mg:s/><mg:s/>RespFr</mg:sg><mg:sg class="R">omTencentA</mg:sg><mg:sg class="R">ppShowCont</mg:sg><mg:sg class="R">ent,<mg:lf/></mg:sg></mg:ln>
</mg:row>
<mg:row>
<mg:ln file="1" number="73" class="R"><mg:sg class="R"><mg:s/><mg:s/><mg:s/><mg:s/>RespFr</mg:sg><mg:sg class="R">omThirdApp</mg:sg><mg:sg class="R">QueryConte</mg:sg><mg:sg class="R">nt,<mg:lf/></mg:sg></mg:ln>
</mg:row>
<mg:row>
<mg:ln file="1" number="74" class="R"><mg:sg class="R"><mg:s/><mg:s/><mg:s/><mg:s/>RespFr</mg:sg><mg:sg class="R">omThirdApp</mg:sg><mg:sg class="R">ShowConten</mg:sg><mg:sg class="R">t,<mg:lf/></mg:sg></mg:ln>
</mg:row>
<mg:row>
<mg:ln file="1" number="75" class="R"><mg:sg class="R">}<mg:lf/></mg:sg></mg:ln>
</mg:row>
<mg:row>
<mg:ln file="1" number="76" class="R"><mg:sg class="R">TencentRes</mg:sg><mg:sg class="R">pMessageTy</mg:sg><mg:sg class="R">pe;<mg:lf/></mg:sg></mg:ln>
</mg:row>
<mg:row>
<mg:ln file="1" number="77" class="R"><mg:sg class="R"><mg:lf/></mg:sg></mg:ln>
</mg:row>
<mg:row>
<mg:ln file="1" number="78" class="R"><mg:sg class="R">/**<mg:s/><mg:lf/></mg:sg></mg:ln>
</mg:row>
<mg:row>
<mg:ln file="1" number="79" class="R"><mg:sg class="R"><mg:s/>*<mg:s/>Tencent</mg:sg><mg:sg class="R">ObjVersion</mg:sg><mg:sg class="R"><mg:s/>腾讯API消息类型</mg:sg><mg:sg class="R">枚举<mg:lf/></mg:sg></mg:ln>
</mg:row>
<mg:row>
<mg:ln file="1" number="80" class="R"><mg:sg class="R"><mg:s/>*/<mg:lf/></mg:sg></mg:ln>
</mg:row>
<mg:row>
<mg:ln file="1" number="81" class="R"><mg:sg class="R">typedef<mg:s/>en</mg:sg><mg:sg class="R">um<mg:lf/></mg:sg></mg:ln>
</mg:row>
<mg:row>
<mg:ln file="1" number="82" class="R"><mg:sg class="R">{<mg:lf/></mg:sg></mg:ln>
</mg:row>
<mg:row>
<mg:ln file="1" number="83" class="R"><mg:sg class="R"><mg:s/><mg:s/><mg:s/><mg:s/>/**<mg:s/>文本</mg:sg><mg:sg class="R">类型<mg:s/>*/<mg:lf/></mg:sg></mg:ln>
</mg:row>
<mg:row>
<mg:ln file="1" number="84" class="R"><mg:sg class="R"><mg:s/><mg:s/><mg:s/><mg:s/>Tencen</mg:sg><mg:sg class="R">tTextObj,<mg:lf/></mg:sg></mg:ln>
</mg:row>
<mg:row>
<mg:ln file="1" number="85" class="R"><mg:sg class="R"><mg:s/><mg:s/><mg:s/><mg:s/>/**<mg:s/>图片</mg:sg><mg:sg class="R">类型<mg:s/>*/<mg:lf/></mg:sg></mg:ln>
</mg:row>
<mg:row>
<mg:ln file="1" number="86" class="R"><mg:sg class="R"><mg:s/><mg:s/><mg:s/><mg:s/>Tencen</mg:sg><mg:sg class="R">tImageObj,</mg:sg><mg:sg class="R"><mg:lf/></mg:sg></mg:ln>
</mg:row>
<mg:row>
<mg:ln file="1" number="87" class="R"><mg:sg class="R"><mg:s/><mg:s/><mg:s/><mg:s/>/**<mg:s/>音频</mg:sg><mg:sg class="R">类型<mg:s/>*/<mg:lf/></mg:sg></mg:ln>
</mg:row>
<mg:row>
<mg:ln file="1" number="88" class="R"><mg:sg class="R"><mg:s/><mg:s/><mg:s/><mg:s/>Tencen</mg:sg><mg:sg class="R">tAudioObj,</mg:sg><mg:sg class="R"><mg:lf/></mg:sg></mg:ln>
</mg:row>
<mg:row>
<mg:ln file="1" number="89" class="R"><mg:sg class="R"><mg:s/><mg:s/><mg:s/><mg:s/>/**<mg:s/>视频</mg:sg><mg:sg class="R">类型<mg:s/>*/<mg:lf/></mg:sg></mg:ln>
</mg:row>
<mg:row>
<mg:ln file="1" number="90" class="R"><mg:sg class="R"><mg:s/><mg:s/><mg:s/><mg:s/>Tencen</mg:sg><mg:sg class="R">tVideoObj,</mg:sg><mg:sg class="R"><mg:lf/></mg:sg></mg:ln>
</mg:row>
<mg:row>
<mg:ln file="1" number="91" class="R"><mg:sg class="R"><mg:s/><mg:s/><mg:s/><mg:s/>/**<mg:s/>图片</mg:sg><mg:sg class="R">视频类<mg:s/>*/<mg:lf/></mg:sg></mg:ln>
</mg:row>
<mg:row>
<mg:ln file="1" number="92" class="R"><mg:sg class="R"><mg:s/><mg:s/><mg:s/><mg:s/>Tencen</mg:sg><mg:sg class="R">tImageAndV</mg:sg><mg:sg class="R">ideoObj,<mg:lf/></mg:sg></mg:ln>
</mg:row>
<mg:row>
<mg:ln file="1" number="93" class="R"><mg:sg class="R">}<mg:lf/></mg:sg></mg:ln>
</mg:row>
<mg:row>
<mg:ln file="1" number="94" class="R"><mg:sg class="R">TencentObj</mg:sg><mg:sg class="R">Version;<mg:lf/></mg:sg></mg:ln>
</mg:row>
<mg:row>
<mg:ln file="1" number="95" class="R"><mg:sg class="R"><mg:lf/></mg:sg></mg:ln>
</mg:row>
<mg:row>
<mg:ln file="1" number="96" class="R"><mg:sg class="R">/**<mg:lf/></mg:sg></mg:ln>
</mg:row>
<mg:row>
<mg:ln file="1" number="97" class="R"><mg:sg class="R"><mg:s/>*<mg:s/>\brief<mg:s/></mg:sg><mg:sg class="R">请求包<mg:lf/></mg:sg></mg:ln>
</mg:row>
<mg:row>
<mg:ln file="1" number="98" class="R"><mg:sg class="R"><mg:s/>*<mg:lf/></mg:sg></mg:ln>
</mg:row>
<mg:row>
<mg:ln file="1" number="99" class="R"><mg:sg class="R"><mg:s/>*<mg:s/>Tencent</mg:sg><mg:sg class="R">ApiReq用来向其</mg:sg><mg:sg class="R">他业务发送请求包<mg:lf/></mg:sg></mg:ln>
</mg:row>
<mg:row>
<mg:ln file="1" number="100" class="R"><mg:sg class="R"><mg:s/>*/<mg:lf/></mg:sg></mg:ln>
</mg:row>
<mg:row>
<mg:ln file="1" number="101" class="R"><mg:sg class="R">@interface</mg:sg><mg:sg class="R"><mg:s/>TencentAp</mg:sg><mg:sg class="R">iReq<mg:s/><mg:s/>:<mg:s/>NS</mg:sg><mg:sg class="R">Object&lt;NSC</mg:sg><mg:sg class="R">oding&gt;<mg:lf/></mg:sg></mg:ln>
</mg:row>
<mg:row>
<mg:ln file="1" number="102" class="R"><mg:sg class="R"><mg:lf/></mg:sg></mg:ln>
</mg:row>
<mg:row>
<mg:ln file="1" number="103" class="R"><mg:sg class="R">/**<mg:lf/></mg:sg></mg:ln>
</mg:row>
<mg:row>
<mg:ln file="1" number="104" class="R"><mg:sg class="R"><mg:s/>*<mg:s/>根据序列号生成</mg:sg><mg:sg class="R">一个请求包<mg:s/><mg:lf/></mg:sg></mg:ln>
</mg:row>
<mg:row>
<mg:ln file="1" number="105" class="R"><mg:sg class="R"><mg:s/>*<mg:s/>\param<mg:s/></mg:sg><mg:sg class="R">apiSeq<mg:s/>请求序</mg:sg><mg:sg class="R">列号<mg:lf/></mg:sg></mg:ln>
</mg:row>
<mg:row>
<mg:ln file="1" number="106" class="R"><mg:sg class="R"><mg:s/>*<mg:s/>\param<mg:s/></mg:sg><mg:sg class="R">type<mg:s/><mg:s/><mg:s/>请求类</mg:sg><mg:sg class="R">型<mg:lf/></mg:sg></mg:ln>
</mg:row>
<mg:row>
<mg:ln file="1" number="107" class="R"><mg:sg class="R"><mg:s/>*<mg:s/>\return</mg:sg><mg:sg class="R"><mg:s/>tencentAp</mg:sg><mg:sg class="R">iReq实例<mg:lf/></mg:sg></mg:ln>
</mg:row>
<mg:row>
<mg:ln file="1" number="108" class="R"><mg:sg class="R"><mg:s/>*/<mg:lf/></mg:sg></mg:ln>
</mg:row>
<mg:row>
<mg:ln file="1" number="109" class="R"><mg:sg class="R">+<mg:s/>(Tencent</mg:sg><mg:sg class="R">ApiReq<mg:s/>*)r</mg:sg><mg:sg class="R">eqFromSeq:</mg:sg><mg:sg class="R">(NSInteger</mg:sg><mg:sg class="R">)apiSeq<mg:s/>ty</mg:sg><mg:sg class="R">pe:(Tencen</mg:sg><mg:sg class="R">tReqMessag</mg:sg><mg:sg class="R">eType)type</mg:sg><mg:sg class="R">;<mg:lf/></mg:sg></mg:ln>
</mg:row>
<mg:row>
<mg:ln file="1" number="110" class="R"><mg:sg class="R"><mg:lf/></mg:sg></mg:ln>
</mg:row>
<mg:row>
<mg:ln file="1" number="111" class="R"><mg:sg class="R">/**<mg:s/>请求类型<mg:s/>*</mg:sg><mg:sg class="R">/<mg:lf/></mg:sg></mg:ln>
</mg:row>
<mg:row>
<mg:ln file="1" number="112" class="R"><mg:sg class="R">@property<mg:s/></mg:sg><mg:sg class="R">(readonly,</mg:sg><mg:sg class="R"><mg:s/>assign,<mg:s/>n</mg:sg><mg:sg class="R">onatomic)T</mg:sg><mg:sg class="R">CRequiredI</mg:sg><mg:sg class="R">nt<mg:s/>nMessag</mg:sg><mg:sg class="R">eType;<mg:lf/></mg:sg></mg:ln>
</mg:row>
<mg:row>
<mg:ln file="1" number="113" class="R"><mg:sg class="R"><mg:lf/></mg:sg></mg:ln>
</mg:row>
<mg:row>
<mg:ln file="1" number="114" class="R"><mg:sg class="R">/**<mg:s/>请求平台<mg:s/>*</mg:sg><mg:sg class="R">/<mg:lf/></mg:sg></mg:ln>
</mg:row>
<mg:row>
<mg:ln file="1" number="115" class="R"><mg:sg class="R">@property<mg:s/></mg:sg><mg:sg class="R">(readonly,</mg:sg><mg:sg class="R"><mg:s/>assign,<mg:s/>n</mg:sg><mg:sg class="R">onatomic)N</mg:sg><mg:sg class="R">SInteger<mg:s/>n</mg:sg><mg:sg class="R">Platform;<mg:lf/></mg:sg></mg:ln>
</mg:row>
<mg:row>
<mg:ln file="1" number="116" class="R"><mg:sg class="R"><mg:lf/></mg:sg></mg:ln>
</mg:row>
<mg:row>
<mg:ln file="1" number="117" class="R"><mg:sg class="R">/**<mg:s/>请求的SDK</mg:sg><mg:sg class="R">版本号<mg:s/>*/<mg:lf/></mg:sg></mg:ln>
</mg:row>
<mg:row>
<mg:ln file="1" number="118" class="R"><mg:sg class="R">@property<mg:s/></mg:sg><mg:sg class="R">(readonly,</mg:sg><mg:sg class="R"><mg:s/>assign,<mg:s/>n</mg:sg><mg:sg class="R">onatomic)N</mg:sg><mg:sg class="R">SInteger<mg:s/>n</mg:sg><mg:sg class="R">SdkVersion</mg:sg><mg:sg class="R">;<mg:lf/></mg:sg></mg:ln>
</mg:row>
<mg:row>
<mg:ln file="1" number="119" class="R"><mg:sg class="R"><mg:lf/></mg:sg></mg:ln>
</mg:row>
<mg:row>
<mg:ln file="1" number="120" class="R"><mg:sg class="R">/**<mg:s/>请求序列号<mg:s/></mg:sg><mg:sg class="R">*/<mg:lf/></mg:sg></mg:ln>
</mg:row>
<mg:row>
<mg:ln file="1" number="121" class="R"><mg:sg class="R">@property<mg:s/></mg:sg><mg:sg class="R">(readonly,</mg:sg><mg:sg class="R"><mg:s/>assign,<mg:s/>n</mg:sg><mg:sg class="R">onatomic)T</mg:sg><mg:sg class="R">CRequiredI</mg:sg><mg:sg class="R">nt<mg:s/>nSeq;<mg:lf/></mg:sg></mg:ln>
</mg:row>
<mg:row>
<mg:ln file="1" number="122" class="R"><mg:sg class="R"><mg:lf/></mg:sg></mg:ln>
</mg:row>
<mg:row>
<mg:ln file="1" number="123" class="R"><mg:sg class="R">/**<mg:s/>第三方的AP</mg:sg><mg:sg class="R">PID<mg:s/>*/<mg:lf/></mg:sg></mg:ln>
</mg:row>
<mg:row>
<mg:ln file="1" number="124" class="R"><mg:sg class="R">@property<mg:s/></mg:sg><mg:sg class="R">(nonatomic</mg:sg><mg:sg class="R">,<mg:s/>retain)T</mg:sg><mg:sg class="R">CRequiredS</mg:sg><mg:sg class="R">tr<mg:s/>sAppID;</mg:sg><mg:sg class="R"><mg:lf/></mg:sg></mg:ln>
</mg:row>
<mg:row>
<mg:ln file="1" number="125" class="R"><mg:sg class="R"><mg:lf/></mg:sg></mg:ln>
</mg:row>
<mg:row>
<mg:ln file="1" number="126" class="R"><mg:sg class="R">/**<mg:s/>请求内容<mg:s/>T</mg:sg><mg:sg class="R">encentBase</mg:sg><mg:sg class="R">MessageObj</mg:sg><mg:sg class="R">对象数组<mg:s/>*/<mg:lf/></mg:sg></mg:ln>
</mg:row>
<mg:row>
<mg:ln file="1" number="127" class="R"><mg:sg class="R">@property<mg:s/></mg:sg><mg:sg class="R">(nonatomic</mg:sg><mg:sg class="R">,<mg:s/>retain)T</mg:sg><mg:sg class="R">COptionalA</mg:sg><mg:sg class="R">rray<mg:s/>arrMe</mg:sg><mg:sg class="R">ssage;<mg:lf/></mg:sg></mg:ln>
</mg:row>
<mg:row>
<mg:ln file="1" number="128" class="R"><mg:sg class="R"><mg:lf/></mg:sg></mg:ln>
</mg:row>
<mg:row>
<mg:ln file="1" number="129" class="R"><mg:sg class="R">/**<mg:s/>请求的描述<mg:s/></mg:sg><mg:sg class="R">可以用于告诉对方这个</mg:sg><mg:sg class="R">请求的特定场景<mg:s/>*/</mg:sg><mg:sg class="R"><mg:lf/></mg:sg></mg:ln>
</mg:row>
<mg:row>
<mg:ln file="1" number="130" class="R"><mg:sg class="R">@property<mg:s/></mg:sg><mg:sg class="R">(nonatomic</mg:sg><mg:sg class="R">,<mg:s/>retain)T</mg:sg><mg:sg class="R">COptionalS</mg:sg><mg:sg class="R">tr<mg:s/>sDescri</mg:sg><mg:sg class="R">ption;<mg:lf/></mg:sg></mg:ln>
</mg:row>
<mg:row>
<mg:ln file="1" number="131" class="R"><mg:sg class="R"><mg:lf/></mg:sg></mg:ln>
</mg:row>
<mg:row>
<mg:ln file="1" number="132" class="R"><mg:sg class="R">@end<mg:lf/></mg:sg></mg:ln>
</mg:row>
<mg:row>
<mg:ln file="1" number="133" class="R"><mg:sg class="R"><mg:lf/></mg:sg></mg:ln>
</mg:row>
<mg:row>
<mg:ln file="1" number="134" class="R"><mg:sg class="R">/**<mg:lf/></mg:sg></mg:ln>
</mg:row>
<mg:row>
<mg:ln file="1" number="135" class="R"><mg:sg class="R"><mg:s/>*<mg:s/>\brief<mg:s/></mg:sg><mg:sg class="R">答复包<mg:lf/></mg:sg></mg:ln>
</mg:row>
<mg:row>
<mg:ln file="1" number="136" class="R"><mg:sg class="R"><mg:s/>*<mg:lf/></mg:sg></mg:ln>
</mg:row>
<mg:row>
<mg:ln file="1" number="137" class="R"><mg:sg class="R"><mg:s/>*<mg:s/>Tencent</mg:sg><mg:sg class="R">ApiResp用来向</mg:sg><mg:sg class="R">其他业务发送答复包<mg:lf/></mg:sg></mg:ln>
</mg:row>
<mg:row>
<mg:ln file="1" number="138" class="R"><mg:sg class="R"><mg:s/>*/<mg:lf/></mg:sg></mg:ln>
</mg:row>
<mg:row>
<mg:ln file="1" number="139" class="R"><mg:sg class="R">@interface</mg:sg><mg:sg class="R"><mg:s/>TencentAp</mg:sg><mg:sg class="R">iResp<mg:s/>:<mg:s/>NS</mg:sg><mg:sg class="R">Object&lt;NSC</mg:sg><mg:sg class="R">oding&gt;<mg:lf/></mg:sg></mg:ln>
</mg:row>
<mg:row>
<mg:ln file="1" number="140" class="R"><mg:sg class="R"><mg:lf/></mg:sg></mg:ln>
</mg:row>
<mg:row>
<mg:ln file="1" number="141" class="R"><mg:sg class="R">/**<mg:lf/></mg:sg></mg:ln>
</mg:row>
<mg:row>
<mg:ln file="1" number="142" class="R"><mg:sg class="R"><mg:s/>*<mg:s/>根据序列号生成</mg:sg><mg:sg class="R">一个答复包<mg:lf/></mg:sg></mg:ln>
</mg:row>
<mg:row>
<mg:ln file="1" number="143" class="R"><mg:sg class="R"><mg:s/>*<mg:s/>\param<mg:s/></mg:sg><mg:sg class="R">req<mg:s/>答复对应的请</mg:sg><mg:sg class="R">求包（如果req不是</mg:sg><mg:sg class="R">TencentApi</mg:sg><mg:sg class="R">Req或者他的子类，</mg:sg><mg:sg class="R">会抛出异常）<mg:lf/></mg:sg></mg:ln>
</mg:row>
<mg:row>
<mg:ln file="1" number="144" class="R"><mg:sg class="R"><mg:s/>*<mg:s/>\return</mg:sg><mg:sg class="R"><mg:s/>答复包体<mg:lf/></mg:sg></mg:ln>
</mg:row>
<mg:row>
<mg:ln file="1" number="145" class="R"><mg:sg class="R"><mg:s/>*/<mg:lf/></mg:sg></mg:ln>
</mg:row>
<mg:row>
<mg:ln file="1" number="146" class="R"><mg:sg class="R">+<mg:s/>(Tencent</mg:sg><mg:sg class="R">ApiResp<mg:s/>*)</mg:sg><mg:sg class="R">respFromRe</mg:sg><mg:sg class="R">q:(Tencent</mg:sg><mg:sg class="R">ApiReq<mg:s/>*)r</mg:sg><mg:sg class="R">eq;<mg:lf/></mg:sg></mg:ln>
</mg:row>
<mg:row>
<mg:ln file="1" number="147" class="R"><mg:sg class="R"><mg:lf/></mg:sg></mg:ln>
</mg:row>
<mg:row>
<mg:ln file="1" number="148" class="R"><mg:sg class="R">/**<mg:s/>返回码<mg:s/>*/</mg:sg><mg:sg class="R"><mg:lf/></mg:sg></mg:ln>
</mg:row>
<mg:row>
<mg:ln file="1" number="149" class="R"><mg:sg class="R">@property<mg:s/></mg:sg><mg:sg class="R">(nonatomic</mg:sg><mg:sg class="R">,<mg:s/>assign)T</mg:sg><mg:sg class="R">COptionalI</mg:sg><mg:sg class="R">nt<mg:s/><mg:s/>nRetCo</mg:sg><mg:sg class="R">de;<mg:lf/></mg:sg></mg:ln>
</mg:row>
<mg:row>
<mg:ln file="1" number="150" class="R"><mg:sg class="R"><mg:lf/></mg:sg></mg:ln>
</mg:row>
<mg:row>
<mg:ln file="1" number="151" class="R"><mg:sg class="R">/**<mg:s/>返回消息<mg:s/>*</mg:sg><mg:sg class="R">/<mg:lf/></mg:sg></mg:ln>
</mg:row>
<mg:row>
<mg:ln file="1" number="152" class="R"><mg:sg class="R">@property<mg:s/></mg:sg><mg:sg class="R">(nonatomic</mg:sg><mg:sg class="R">,<mg:s/>retain)T</mg:sg><mg:sg class="R">COptionalS</mg:sg><mg:sg class="R">tr<mg:s/><mg:s/>sRetMs</mg:sg><mg:sg class="R">g;<mg:lf/></mg:sg></mg:ln>
</mg:row>
<mg:row>
<mg:ln file="1" number="153" class="R"><mg:sg class="R"><mg:lf/></mg:sg></mg:ln>
</mg:row>
<mg:row>
<mg:ln file="1" number="154" class="R"><mg:sg class="R">/**<mg:s/>答复对应的请</mg:sg><mg:sg class="R">求包<mg:s/>*/<mg:lf/></mg:sg></mg:ln>
</mg:row>
<mg:row>
<mg:ln file="1" number="155" class="R"><mg:sg class="R">@property<mg:s/></mg:sg><mg:sg class="R">(nonatomic</mg:sg><mg:sg class="R">,<mg:s/>retain)T</mg:sg><mg:sg class="R">COptionalR</mg:sg><mg:sg class="R">eq<mg:s/><mg:s/>objReq</mg:sg><mg:sg class="R">;<mg:lf/></mg:sg></mg:ln>
</mg:row>
<mg:row>
<mg:ln file="1" number="156" class="R"><mg:sg class="R"><mg:lf/></mg:sg></mg:ln>
</mg:row>
<mg:row>
<mg:ln file="1" number="157" class="R"><mg:sg class="R">@end<mg:lf/></mg:sg></mg:ln>
</mg:row>
<mg:row>
<mg:ln file="1" number="158" class="R"><mg:sg class="R"><mg:lf/></mg:sg></mg:ln>
</mg:row>
<mg:row>
<mg:ln file="1" number="159" class="R"><mg:sg class="R">/**<mg:lf/></mg:sg></mg:ln>
</mg:row>
<mg:row>
<mg:ln file="1" number="160" class="R"><mg:sg class="R"><mg:s/>*<mg:s/>\brief<mg:s/></mg:sg><mg:sg class="R">消息体<mg:lf/></mg:sg></mg:ln>
</mg:row>
<mg:row>
<mg:ln file="1" number="161" class="R"><mg:sg class="R"><mg:s/>*<mg:lf/></mg:sg></mg:ln>
</mg:row>
<mg:row>
<mg:ln file="1" number="162" class="R"><mg:sg class="R"><mg:s/>*<mg:s/>Tencent</mg:sg><mg:sg class="R">BaseMessag</mg:sg><mg:sg class="R">eObj<mg:s/>应用之间传</mg:sg><mg:sg class="R">递消息体<mg:lf/></mg:sg></mg:ln>
</mg:row>
<mg:row>
<mg:ln file="1" number="163" class="R"><mg:sg class="R"><mg:s/>*/<mg:lf/></mg:sg></mg:ln>
</mg:row>
<mg:row>
<mg:ln file="1" number="164" class="R"><mg:sg class="R">@interface</mg:sg><mg:sg class="R"><mg:s/>TencentBa</mg:sg><mg:sg class="R">seMessageO</mg:sg><mg:sg class="R">bj<mg:s/>:<mg:s/>NSObj</mg:sg><mg:sg class="R">ect&lt;NSCodi</mg:sg><mg:sg class="R">ng&gt;<mg:lf/></mg:sg></mg:ln>
</mg:row>
<mg:row>
<mg:ln file="1" number="165" class="R"><mg:sg class="R"><mg:lf/></mg:sg></mg:ln>
</mg:row>
<mg:row>
<mg:ln file="1" number="166" class="R"><mg:sg class="R">/**<mg:s/>消息类型<mg:s/>*</mg:sg><mg:sg class="R">/<mg:lf/></mg:sg></mg:ln>
</mg:row>
<mg:row>
<mg:ln file="1" number="167" class="R"><mg:sg class="R">@property<mg:s/></mg:sg><mg:sg class="R">(nonatomic</mg:sg><mg:sg class="R">,<mg:s/>assign)N</mg:sg><mg:sg class="R">SInteger<mg:s/>n</mg:sg><mg:sg class="R">Version;<mg:lf/></mg:sg></mg:ln>
</mg:row>
<mg:row>
<mg:ln file="1" number="168" class="R"><mg:sg class="R"><mg:lf/></mg:sg></mg:ln>
</mg:row>
<mg:row>
<mg:ln file="1" number="169" class="R"><mg:sg class="R">/**<mg:s/>消息描述<mg:s/>*</mg:sg><mg:sg class="R">/<mg:lf/></mg:sg></mg:ln>
</mg:row>
<mg:row>
<mg:ln file="1" number="170" class="R"><mg:sg class="R">@property<mg:s/></mg:sg><mg:sg class="R">(nonatomic</mg:sg><mg:sg class="R">,<mg:s/>retain)N</mg:sg><mg:sg class="R">SString<mg:s/><mg:s/>*</mg:sg><mg:sg class="R">sName;<mg:lf/></mg:sg></mg:ln>
</mg:row>
<mg:row>
<mg:ln file="1" number="171" class="R"><mg:sg class="R"><mg:lf/></mg:sg></mg:ln>
</mg:row>
<mg:row>
<mg:ln file="1" number="172" class="R"><mg:sg class="R">/**<mg:s/>消息的扩展信</mg:sg><mg:sg class="R">息<mg:s/>主要是可以用来进</mg:sg><mg:sg class="R">行一些请求消息体的描</mg:sg><mg:sg class="R">述<mg:s/>譬如图片要求的w</mg:sg><mg:sg class="R">idth<mg:s/>heigh</mg:sg><mg:sg class="R">t<mg:s/>文字的关键字什么</mg:sg><mg:sg class="R">的,<mg:s/>也可以不用填写</mg:sg><mg:sg class="R">*/<mg:lf/></mg:sg></mg:ln>
</mg:row>
<mg:row>
<mg:ln file="1" number="173" class="R"><mg:sg class="R">@property<mg:s/></mg:sg><mg:sg class="R">(nonatomic</mg:sg><mg:sg class="R">,<mg:s/>retain)N</mg:sg><mg:sg class="R">SDictionar</mg:sg><mg:sg class="R">y<mg:s/>*dictExp</mg:sg><mg:sg class="R">andInfo;<mg:lf/></mg:sg></mg:ln>
</mg:row>
<mg:row>
<mg:ln file="1" number="174" class="R"><mg:sg class="R"><mg:lf/></mg:sg></mg:ln>
</mg:row>
<mg:row>
<mg:ln file="1" number="175" class="R"><mg:sg class="R">/**<mg:s/><mg:lf/></mg:sg></mg:ln>
</mg:row>
<mg:row>
<mg:ln file="1" number="176" class="R"><mg:sg class="R"><mg:s/>*<mg:s/>消息是否有效<mg:s/></mg:sg><mg:sg class="R"><mg:lf/></mg:sg></mg:ln>
</mg:row>
<mg:row>
<mg:ln file="1" number="177" class="R"><mg:sg class="R"><mg:s/>*/<mg:lf/></mg:sg></mg:ln>
</mg:row>
<mg:row>
<mg:ln file="1" number="178" class="R"><mg:sg class="R">-<mg:s/>(BOOL)is</mg:sg><mg:sg class="R">Vaild;<mg:lf/></mg:sg></mg:ln>
</mg:row>
<mg:row>
<mg:ln file="1" number="179" class="R"><mg:sg class="R"><mg:lf/></mg:sg></mg:ln>
</mg:row>
<mg:row>
<mg:ln file="1" number="180" class="R"><mg:sg class="R">@end<mg:lf/></mg:sg></mg:ln>
</mg:row>
<mg:row>
<mg:ln file="1" number="181" class="R"><mg:sg class="R"><mg:lf/></mg:sg></mg:ln>
</mg:row>
<mg:row>
<mg:ln file="1" number="182" class="R"><mg:sg class="R">#pragma<mg:s/>ma</mg:sg><mg:sg class="R">rk<mg:s/>Tencent</mg:sg><mg:sg class="R">TextMessag</mg:sg><mg:sg class="R">e<mg:lf/></mg:sg></mg:ln>
</mg:row>
<mg:row>
<mg:ln file="1" number="183" class="R"><mg:sg class="R">/**<mg:lf/></mg:sg></mg:ln>
</mg:row>
<mg:row>
<mg:ln file="1" number="184" class="R"><mg:sg class="R"><mg:s/>*<mg:s/>\brief<mg:s/></mg:sg><mg:sg class="R">文本的消息体<mg:lf/></mg:sg></mg:ln>
</mg:row>
<mg:row>
<mg:ln file="1" number="185" class="R"><mg:sg class="R"><mg:s/>*<mg:lf/></mg:sg></mg:ln>
</mg:row>
<mg:row>
<mg:ln file="1" number="186" class="R"><mg:sg class="R"><mg:s/>*<mg:s/>Tencent</mg:sg><mg:sg class="R">TextMessag</mg:sg><mg:sg class="R">eObjV1<mg:s/>应用之</mg:sg><mg:sg class="R">间传递的文本消息体<mg:lf/></mg:sg></mg:ln>
</mg:row>
<mg:row>
<mg:ln file="1" number="187" class="R"><mg:sg class="R"><mg:s/>*/<mg:lf/></mg:sg></mg:ln>
</mg:row>
<mg:row>
<mg:ln file="1" number="188" class="R"><mg:sg class="R">@interface</mg:sg><mg:sg class="R"><mg:s/>TencentTe</mg:sg><mg:sg class="R">xtMessageO</mg:sg><mg:sg class="R">bjV1<mg:s/>:<mg:s/>Ten</mg:sg><mg:sg class="R">centBaseMe</mg:sg><mg:sg class="R">ssageObj<mg:lf/></mg:sg></mg:ln>
</mg:row>
<mg:row>
<mg:ln file="1" number="189" class="R"><mg:sg class="R"><mg:lf/></mg:sg></mg:ln>
</mg:row>
<mg:row>
<mg:ln file="1" number="190" class="R"><mg:sg class="R">/**<mg:s/><mg:lf/></mg:sg></mg:ln>
</mg:row>
<mg:row>
<mg:ln file="1" number="191" class="R"><mg:sg class="R"><mg:s/>*<mg:s/>文本<mg:lf/></mg:sg></mg:ln>
</mg:row>
<mg:row>
<mg:ln file="1" number="192" class="R"><mg:sg class="R"><mg:s/>*<mg:s/>\note<mg:s/>文</mg:sg><mg:sg class="R">本长度不能超过409</mg:sg><mg:sg class="R">6个字<mg:lf/></mg:sg></mg:ln>
</mg:row>
<mg:row>
<mg:ln file="1" number="193" class="R"><mg:sg class="R"><mg:s/>*/<mg:lf/></mg:sg></mg:ln>
</mg:row>
<mg:row>
<mg:ln file="1" number="194" class="R"><mg:sg class="R">@property<mg:s/></mg:sg><mg:sg class="R">(nonatomic</mg:sg><mg:sg class="R">,<mg:s/>retain)<mg:s/></mg:sg><mg:sg class="R"><mg:s/>NSString<mg:s/></mg:sg><mg:sg class="R"><mg:s/><mg:s/>*sText;<mg:lf/></mg:sg></mg:ln>
</mg:row>
<mg:row>
<mg:ln file="1" number="195" class="R"><mg:sg class="R"><mg:lf/></mg:sg></mg:ln>
</mg:row>
<mg:row>
<mg:ln file="1" number="196" class="R"><mg:sg class="R"><mg:lf/></mg:sg></mg:ln>
</mg:row>
<mg:row>
<mg:ln file="1" number="197" class="R"><mg:sg class="R">/**<mg:lf/></mg:sg></mg:ln>
</mg:row>
<mg:row>
<mg:ln file="1" number="198" class="R"><mg:sg class="R"><mg:s/>*<mg:s/>初始化文本消息</mg:sg><mg:sg class="R"><mg:lf/></mg:sg></mg:ln>
</mg:row>
<mg:row>
<mg:ln file="1" number="199" class="R"><mg:sg class="R"><mg:s/>*<mg:s/>\param<mg:s/></mg:sg><mg:sg class="R">text<mg:s/>文本<mg:lf/></mg:sg></mg:ln>
</mg:row>
<mg:row>
<mg:ln file="1" number="200" class="R"><mg:sg class="R"><mg:s/>*<mg:s/>\return</mg:sg><mg:sg class="R"><mg:s/>初始化返回的文本消</mg:sg><mg:sg class="R">息<mg:lf/></mg:sg></mg:ln>
</mg:row>
<mg:row>
<mg:ln file="1" number="201" class="R"><mg:sg class="R"><mg:s/>*/<mg:lf/></mg:sg></mg:ln>
</mg:row>
<mg:row>
<mg:ln file="1" number="202" class="R"><mg:sg class="R">-<mg:s/>(id)init</mg:sg><mg:sg class="R">WithText:(</mg:sg><mg:sg class="R">NSString<mg:s/>*</mg:sg><mg:sg class="R">)text;<mg:lf/></mg:sg></mg:ln>
</mg:row>
<mg:row>
<mg:ln file="1" number="203" class="R"><mg:sg class="R"><mg:lf/></mg:sg></mg:ln>
</mg:row>
<mg:row>
<mg:ln file="1" number="204" class="R"><mg:sg class="R">@end<mg:lf/></mg:sg></mg:ln>
</mg:row>
<mg:row>
<mg:ln file="1" number="205" class="R"><mg:sg class="R"><mg:lf/></mg:sg></mg:ln>
</mg:row>
<mg:row>
<mg:ln file="1" number="206" class="R"><mg:sg class="R"><mg:lf/></mg:sg></mg:ln>
</mg:row>
<mg:row>
<mg:ln file="1" number="207" class="R"><mg:sg class="R">#pragma<mg:s/>ma</mg:sg><mg:sg class="R">rk<mg:s/>TecentI</mg:sg><mg:sg class="R">mageMessag</mg:sg><mg:sg class="R">e<mg:lf/></mg:sg></mg:ln>
</mg:row>
<mg:row>
<mg:ln file="1" number="208" class="R"><mg:sg class="R"><mg:lf/></mg:sg></mg:ln>
</mg:row>
<mg:row>
<mg:ln file="1" number="209" class="R"><mg:sg class="R">/**<mg:lf/></mg:sg></mg:ln>
</mg:row>
<mg:row>
<mg:ln file="1" number="210" class="R"><mg:sg class="R"><mg:s/>*<mg:s/>Tencent</mg:sg><mg:sg class="R">ApiImageSo</mg:sg><mg:sg class="R">urceType<mg:s/>图</mg:sg><mg:sg class="R">片数据类型（请求方对</mg:sg><mg:sg class="R">数据类型可能会有限制</mg:sg><mg:sg class="R">）<mg:lf/></mg:sg></mg:ln>
</mg:row>
<mg:row>
<mg:ln file="1" number="211" class="R"><mg:sg class="R"><mg:s/>*/<mg:lf/></mg:sg></mg:ln>
</mg:row>
<mg:row>
<mg:ln file="1" number="212" class="R"><mg:sg class="R">typedef<mg:s/>en</mg:sg><mg:sg class="R">um<mg:lf/></mg:sg></mg:ln>
</mg:row>
<mg:row>
<mg:ln file="1" number="213" class="R"><mg:sg class="R">{<mg:lf/></mg:sg></mg:ln>
</mg:row>
<mg:row>
<mg:ln file="1" number="214" class="R"><mg:sg class="R"><mg:s/><mg:s/><mg:s/><mg:s/>/**<mg:s/>图片</mg:sg><mg:sg class="R">数据是url或二进制</mg:sg><mg:sg class="R">数据<mg:s/>*/<mg:lf/></mg:sg></mg:ln>
</mg:row>
<mg:row>
<mg:ln file="1" number="215" class="R"><mg:sg class="R"><mg:s/><mg:s/><mg:s/><mg:s/>AllIma</mg:sg><mg:sg class="R">ge,<mg:lf/></mg:sg></mg:ln>
</mg:row>
<mg:row>
<mg:ln file="1" number="216" class="R"><mg:sg class="R"><mg:s/><mg:s/><mg:s/><mg:s/>/**<mg:s/>图片</mg:sg><mg:sg class="R">数据是url<mg:s/>*/<mg:lf/></mg:sg></mg:ln>
</mg:row>
<mg:row>
<mg:ln file="1" number="217" class="R"><mg:sg class="R"><mg:s/><mg:s/><mg:s/><mg:s/>UrlIma</mg:sg><mg:sg class="R">ge,<mg:lf/></mg:sg></mg:ln>
</mg:row>
<mg:row>
<mg:ln file="1" number="218" class="R"><mg:sg class="R"><mg:s/><mg:s/><mg:s/><mg:s/>/**<mg:s/>图片</mg:sg><mg:sg class="R">数据是二进制数据<mg:s/>*</mg:sg><mg:sg class="R">/<mg:lf/></mg:sg></mg:ln>
</mg:row>
<mg:row>
<mg:ln file="1" number="219" class="R"><mg:sg class="R"><mg:s/><mg:s/><mg:s/><mg:s/>DataIm</mg:sg><mg:sg class="R">age,<mg:lf/></mg:sg></mg:ln>
</mg:row>
<mg:row>
<mg:ln file="1" number="220" class="R"><mg:sg class="R">}TencentAp</mg:sg><mg:sg class="R">iImageSour</mg:sg><mg:sg class="R">ceType;<mg:lf/></mg:sg></mg:ln>
</mg:row>
<mg:row>
<mg:ln file="1" number="221" class="R"><mg:sg class="R"><mg:lf/></mg:sg></mg:ln>
</mg:row>
<mg:row>
<mg:ln file="1" number="222" class="R"><mg:sg class="R">/**<mg:lf/></mg:sg></mg:ln>
</mg:row>
<mg:row>
<mg:ln file="1" number="223" class="R"><mg:sg class="R"><mg:s/>*<mg:s/>\brief<mg:s/></mg:sg><mg:sg class="R">图片的消息体<mg:lf/></mg:sg></mg:ln>
</mg:row>
<mg:row>
<mg:ln file="1" number="224" class="R"><mg:sg class="R"><mg:s/>*<mg:lf/></mg:sg></mg:ln>
</mg:row>
<mg:row>
<mg:ln file="1" number="225" class="R"><mg:sg class="R"><mg:s/>*<mg:s/>Tencent</mg:sg><mg:sg class="R">ImageMessa</mg:sg><mg:sg class="R">geObjV1<mg:s/>应用</mg:sg><mg:sg class="R">之间传递的图片消息体</mg:sg><mg:sg class="R"><mg:lf/></mg:sg></mg:ln>
</mg:row>
<mg:row>
<mg:ln file="1" number="226" class="R"><mg:sg class="R"><mg:s/>*/<mg:lf/></mg:sg></mg:ln>
</mg:row>
<mg:row>
<mg:ln file="1" number="227" class="R"><mg:sg class="R">@interface</mg:sg><mg:sg class="R"><mg:s/>TencentIm</mg:sg><mg:sg class="R">ageMessage</mg:sg><mg:sg class="R">ObjV1<mg:s/>:<mg:s/>Te</mg:sg><mg:sg class="R">ncentBaseM</mg:sg><mg:sg class="R">essageObj<mg:lf/></mg:sg></mg:ln>
</mg:row>
<mg:row>
<mg:ln file="1" number="228" class="R"><mg:sg class="R"><mg:lf/></mg:sg></mg:ln>
</mg:row>
<mg:row>
<mg:ln file="1" number="229" class="R"><mg:sg class="R">/**<mg:s/><mg:lf/></mg:sg></mg:ln>
</mg:row>
<mg:row>
<mg:ln file="1" number="230" class="R"><mg:sg class="R"><mg:s/>*<mg:s/>图片数据<mg:lf/></mg:sg></mg:ln>
</mg:row>
<mg:row>
<mg:ln file="1" number="231" class="R"><mg:sg class="R"><mg:s/>*<mg:s/>\note<mg:s/>图</mg:sg><mg:sg class="R">片不能大于10M<mg:lf/></mg:sg></mg:ln>
</mg:row>
<mg:row>
<mg:ln file="1" number="232" class="R"><mg:sg class="R"><mg:s/>*/<mg:lf/></mg:sg></mg:ln>
</mg:row>
<mg:row>
<mg:ln file="1" number="233" class="R"><mg:sg class="R">@property<mg:s/></mg:sg><mg:sg class="R">(nonatomic</mg:sg><mg:sg class="R">,<mg:s/>retain)<mg:s/></mg:sg><mg:sg class="R"><mg:s/>NSData<mg:s/>*d</mg:sg><mg:sg class="R">ataImage;<mg:lf/></mg:sg></mg:ln>
</mg:row>
<mg:row>
<mg:ln file="1" number="234" class="R"><mg:sg class="R"><mg:lf/></mg:sg></mg:ln>
</mg:row>
<mg:row>
<mg:ln file="1" number="235" class="R"><mg:sg class="R">/**<mg:s/><mg:lf/></mg:sg></mg:ln>
</mg:row>
<mg:row>
<mg:ln file="1" number="236" class="R"><mg:sg class="R"><mg:s/>*<mg:s/>缩略图的数据<mg:lf/></mg:sg></mg:ln>
</mg:row>
<mg:row>
<mg:ln file="1" number="237" class="R"><mg:sg class="R"><mg:s/>*<mg:s/>\note<mg:s/>图</mg:sg><mg:sg class="R">片不能大于1M<mg:s/><mg:lf/></mg:sg></mg:ln>
</mg:row>
<mg:row>
<mg:ln file="1" number="238" class="R"><mg:sg class="R"><mg:s/>*/<mg:lf/></mg:sg></mg:ln>
</mg:row>
<mg:row>
<mg:ln file="1" number="239" class="R"><mg:sg class="R">@property<mg:s/></mg:sg><mg:sg class="R">(nonatomic</mg:sg><mg:sg class="R">,<mg:s/>retain)<mg:s/></mg:sg><mg:sg class="R"><mg:s/>NSData<mg:s/>*d</mg:sg><mg:sg class="R">ataThumbIm</mg:sg><mg:sg class="R">age;<mg:lf/></mg:sg></mg:ln>
</mg:row>
<mg:row>
<mg:ln file="1" number="240" class="R"><mg:sg class="R"><mg:lf/></mg:sg></mg:ln>
</mg:row>
<mg:row>
<mg:ln file="1" number="241" class="R"><mg:sg class="R">/**<mg:s/>图片URL<mg:s/></mg:sg><mg:sg class="R">*/<mg:lf/></mg:sg></mg:ln>
</mg:row>
<mg:row>
<mg:ln file="1" number="242" class="R"><mg:sg class="R">@property<mg:s/></mg:sg><mg:sg class="R">(nonatomic</mg:sg><mg:sg class="R">,<mg:s/>retain)<mg:s/></mg:sg><mg:sg class="R"><mg:s/>NSString<mg:s/></mg:sg><mg:sg class="R"><mg:s/><mg:s/>*sUrl;<mg:lf/></mg:sg></mg:ln>
</mg:row>
<mg:row>
<mg:ln file="1" number="243" class="R"><mg:sg class="R"><mg:lf/></mg:sg></mg:ln>
</mg:row>
<mg:row>
<mg:ln file="1" number="244" class="R"><mg:sg class="R">/**<mg:s/>图片的描述<mg:s/></mg:sg><mg:sg class="R">*/<mg:lf/></mg:sg></mg:ln>
</mg:row>
<mg:row>
<mg:ln file="1" number="245" class="R"><mg:sg class="R">@property<mg:s/></mg:sg><mg:sg class="R">(nonatomic</mg:sg><mg:sg class="R">,<mg:s/>retain)<mg:s/></mg:sg><mg:sg class="R"><mg:s/>NSString<mg:s/></mg:sg><mg:sg class="R"><mg:s/><mg:s/>*sDescri</mg:sg><mg:sg class="R">ption;<mg:lf/></mg:sg></mg:ln>
</mg:row>
<mg:row>
<mg:ln file="1" number="246" class="R"><mg:sg class="R"><mg:lf/></mg:sg></mg:ln>
</mg:row>
<mg:row>
<mg:ln file="1" number="247" class="R"><mg:sg class="R">/**<mg:s/>图片的siz</mg:sg><mg:sg class="R">e<mg:s/>*/<mg:lf/></mg:sg></mg:ln>
</mg:row>
<mg:row>
<mg:ln file="1" number="248" class="R"><mg:sg class="R">@property<mg:s/></mg:sg><mg:sg class="R">(nonatomic</mg:sg><mg:sg class="R">,<mg:s/>assign)<mg:s/></mg:sg><mg:sg class="R"><mg:s/>CGSize<mg:s/><mg:s/><mg:s/></mg:sg><mg:sg class="R">szImage;<mg:lf/></mg:sg></mg:ln>
</mg:row>
<mg:row>
<mg:ln file="1" number="249" class="R"><mg:sg class="R"><mg:lf/></mg:sg></mg:ln>
</mg:row>
<mg:row>
<mg:ln file="1" number="250" class="R"><mg:sg class="R">/**<mg:s/><mg:lf/></mg:sg></mg:ln>
</mg:row>
<mg:row>
<mg:ln file="1" number="251" class="R"><mg:sg class="R"><mg:s/>*<mg:s/>图片来源<mg:lf/></mg:sg></mg:ln>
</mg:row>
<mg:row>
<mg:ln file="1" number="252" class="R"><mg:sg class="R"><mg:s/>*<mg:s/>\note<mg:s/>T</mg:sg><mg:sg class="R">encentApiI</mg:sg><mg:sg class="R">mageSource</mg:sg><mg:sg class="R">Type对应的类型<mg:lf/></mg:sg></mg:ln>
</mg:row>
<mg:row>
<mg:ln file="1" number="253" class="R"><mg:sg class="R"><mg:s/>*/<mg:lf/></mg:sg></mg:ln>
</mg:row>
<mg:row>
<mg:ln file="1" number="254" class="R"><mg:sg class="R">@property<mg:s/></mg:sg><mg:sg class="R">(readonly,</mg:sg><mg:sg class="R"><mg:s/>assign)<mg:s/><mg:s/></mg:sg><mg:sg class="R">NSInteger<mg:s/></mg:sg><mg:sg class="R"><mg:s/>nType;<mg:lf/></mg:sg></mg:ln>
</mg:row>
<mg:row>
<mg:ln file="1" number="255" class="R"><mg:sg class="R"><mg:lf/></mg:sg></mg:ln>
</mg:row>
<mg:row>
<mg:ln file="1" number="256" class="R"><mg:sg class="R">/**<mg:lf/></mg:sg></mg:ln>
</mg:row>
<mg:row>
<mg:ln file="1" number="257" class="R"><mg:sg class="R"><mg:s/>*<mg:s/>初始化图片消息</mg:sg><mg:sg class="R"><mg:lf/></mg:sg></mg:ln>
</mg:row>
<mg:row>
<mg:ln file="1" number="258" class="R"><mg:sg class="R"><mg:s/>*<mg:s/>\param<mg:s/></mg:sg><mg:sg class="R">dataImage<mg:s/></mg:sg><mg:sg class="R">图片类型<mg:lf/></mg:sg></mg:ln>
</mg:row>
<mg:row>
<mg:ln file="1" number="259" class="R"><mg:sg class="R"><mg:s/>*<mg:s/>\return</mg:sg><mg:sg class="R"><mg:s/>初始化返回的图片消</mg:sg><mg:sg class="R">息<mg:lf/></mg:sg></mg:ln>
</mg:row>
<mg:row>
<mg:ln file="1" number="260" class="R"><mg:sg class="R"><mg:s/>*/<mg:lf/></mg:sg></mg:ln>
</mg:row>
<mg:row>
<mg:ln file="1" number="261" class="R"><mg:sg class="R">-<mg:s/>(id)init</mg:sg><mg:sg class="R">WithImageD</mg:sg><mg:sg class="R">ata:(NSDat</mg:sg><mg:sg class="R">a<mg:s/>*)dataIm</mg:sg><mg:sg class="R">age;<mg:lf/></mg:sg></mg:ln>
</mg:row>
<mg:row>
<mg:ln file="1" number="262" class="R"><mg:sg class="R"><mg:lf/></mg:sg></mg:ln>
</mg:row>
<mg:row>
<mg:ln file="1" number="263" class="R"><mg:sg class="R">/**<mg:lf/></mg:sg></mg:ln>
</mg:row>
<mg:row>
<mg:ln file="1" number="264" class="R"><mg:sg class="R"><mg:s/>*<mg:s/>初始化图片消息</mg:sg><mg:sg class="R"><mg:lf/></mg:sg></mg:ln>
</mg:row>
<mg:row>
<mg:ln file="1" number="265" class="R"><mg:sg class="R"><mg:s/>*<mg:s/>\param<mg:s/></mg:sg><mg:sg class="R">url<mg:s/>图片url<mg:lf/></mg:sg></mg:ln>
</mg:row>
<mg:row>
<mg:ln file="1" number="266" class="R"><mg:sg class="R"><mg:s/>*<mg:s/>\return</mg:sg><mg:sg class="R"><mg:s/>初始化返回的图片消</mg:sg><mg:sg class="R">息<mg:lf/></mg:sg></mg:ln>
</mg:row>
<mg:row>
<mg:ln file="1" number="267" class="R"><mg:sg class="R"><mg:s/>*/<mg:lf/></mg:sg></mg:ln>
</mg:row>
<mg:row>
<mg:ln file="1" number="268" class="R"><mg:sg class="R">-<mg:s/>(id)init</mg:sg><mg:sg class="R">WithImageU</mg:sg><mg:sg class="R">rl:(NSStri</mg:sg><mg:sg class="R">ng<mg:s/>*)url;<mg:lf/></mg:sg></mg:ln>
</mg:row>
<mg:row>
<mg:ln file="1" number="269" class="R"><mg:sg class="R"><mg:lf/></mg:sg></mg:ln>
</mg:row>
<mg:row>
<mg:ln file="1" number="270" class="R"><mg:sg class="R">/**<mg:lf/></mg:sg></mg:ln>
</mg:row>
<mg:row>
<mg:ln file="1" number="271" class="R"><mg:sg class="R"><mg:s/>*<mg:s/>初始化图片消息</mg:sg><mg:sg class="R"><mg:lf/></mg:sg></mg:ln>
</mg:row>
<mg:row>
<mg:ln file="1" number="272" class="R"><mg:sg class="R"><mg:s/>*<mg:s/>\param<mg:s/></mg:sg><mg:sg class="R">type<mg:s/>图片类型<mg:lf/></mg:sg></mg:ln>
</mg:row>
<mg:row>
<mg:ln file="1" number="273" class="R"><mg:sg class="R"><mg:s/>*<mg:s/>\return</mg:sg><mg:sg class="R"><mg:s/>初始化返回的图片消</mg:sg><mg:sg class="R">息<mg:lf/></mg:sg></mg:ln>
</mg:row>
<mg:row>
<mg:ln file="1" number="274" class="R"><mg:sg class="R"><mg:s/>*/<mg:lf/></mg:sg></mg:ln>
</mg:row>
<mg:row>
<mg:ln file="1" number="275" class="R"><mg:sg class="R">-<mg:s/>(id)init</mg:sg><mg:sg class="R">WithType:(</mg:sg><mg:sg class="R">TencentApi</mg:sg><mg:sg class="R">ImageSourc</mg:sg><mg:sg class="R">eType)type</mg:sg><mg:sg class="R">;<mg:lf/></mg:sg></mg:ln>
</mg:row>
<mg:row>
<mg:ln file="1" number="276" class="R"><mg:sg class="R">@end<mg:lf/></mg:sg></mg:ln>
</mg:row>
<mg:row>
<mg:ln file="1" number="277" class="R"><mg:sg class="R"><mg:lf/></mg:sg></mg:ln>
</mg:row>
<mg:row>
<mg:ln file="1" number="278" class="R"><mg:sg class="R"><mg:lf/></mg:sg></mg:ln>
</mg:row>
<mg:row>
<mg:ln file="1" number="279" class="R"><mg:sg class="R">#pragma<mg:s/>ma</mg:sg><mg:sg class="R">rk<mg:s/>Tencent</mg:sg><mg:sg class="R">AudioMessa</mg:sg><mg:sg class="R">ge<mg:lf/></mg:sg></mg:ln>
</mg:row>
<mg:row>
<mg:ln file="1" number="280" class="R"><mg:sg class="R">/**<mg:lf/></mg:sg></mg:ln>
</mg:row>
<mg:row>
<mg:ln file="1" number="281" class="R"><mg:sg class="R"><mg:s/>*<mg:s/>\brief<mg:s/></mg:sg><mg:sg class="R">音频的消息体<mg:lf/></mg:sg></mg:ln>
</mg:row>
<mg:row>
<mg:ln file="1" number="282" class="R"><mg:sg class="R"><mg:s/>*<mg:lf/></mg:sg></mg:ln>
</mg:row>
<mg:row>
<mg:ln file="1" number="283" class="R"><mg:sg class="R"><mg:s/>*<mg:s/>Tencent</mg:sg><mg:sg class="R">AudioMessa</mg:sg><mg:sg class="R">geObjV1<mg:s/>应用</mg:sg><mg:sg class="R">之间传递的音频消息体</mg:sg><mg:sg class="R"><mg:lf/></mg:sg></mg:ln>
</mg:row>
<mg:row>
<mg:ln file="1" number="284" class="R"><mg:sg class="R"><mg:s/>*/<mg:lf/></mg:sg></mg:ln>
</mg:row>
<mg:row>
<mg:ln file="1" number="285" class="R"><mg:sg class="R">@interface</mg:sg><mg:sg class="R"><mg:s/>TencentAu</mg:sg><mg:sg class="R">dioMessage</mg:sg><mg:sg class="R">ObjV1<mg:s/>:<mg:s/>Te</mg:sg><mg:sg class="R">ncentBaseM</mg:sg><mg:sg class="R">essageObj<mg:lf/></mg:sg></mg:ln>
</mg:row>
<mg:row>
<mg:ln file="1" number="286" class="R"><mg:sg class="R"><mg:lf/></mg:sg></mg:ln>
</mg:row>
<mg:row>
<mg:ln file="1" number="287" class="R"><mg:sg class="R">/**<mg:s/>音频URL<mg:s/></mg:sg><mg:sg class="R">*/<mg:lf/></mg:sg></mg:ln>
</mg:row>
<mg:row>
<mg:ln file="1" number="288" class="R"><mg:sg class="R">@property<mg:s/></mg:sg><mg:sg class="R">(nonatomic</mg:sg><mg:sg class="R">,<mg:s/>retain)<mg:s/></mg:sg><mg:sg class="R"><mg:s/>NSString<mg:s/></mg:sg><mg:sg class="R"><mg:s/><mg:s/>*sUrl;<mg:lf/></mg:sg></mg:ln>
</mg:row>
<mg:row>
<mg:ln file="1" number="289" class="R"><mg:sg class="R"><mg:lf/></mg:sg></mg:ln>
</mg:row>
<mg:row>
<mg:ln file="1" number="290" class="R"><mg:sg class="R">/**<mg:s/><mg:lf/></mg:sg></mg:ln>
</mg:row>
<mg:row>
<mg:ln file="1" number="291" class="R"><mg:sg class="R"><mg:s/>*<mg:s/>音频的预览图<mg:lf/></mg:sg></mg:ln>
</mg:row>
<mg:row>
<mg:ln file="1" number="292" class="R"><mg:sg class="R"><mg:s/>*<mg:s/>\note图片</mg:sg><mg:sg class="R">不能大于1M<mg:s/><mg:lf/></mg:sg></mg:ln>
</mg:row>
<mg:row>
<mg:ln file="1" number="293" class="R"><mg:sg class="R"><mg:s/>*/<mg:lf/></mg:sg></mg:ln>
</mg:row>
<mg:row>
<mg:ln file="1" number="294" class="R"><mg:sg class="R">@property<mg:s/></mg:sg><mg:sg class="R">(nonatomic</mg:sg><mg:sg class="R">,<mg:s/>retain)<mg:s/></mg:sg><mg:sg class="R"><mg:s/>NSData<mg:s/><mg:s/><mg:s/></mg:sg><mg:sg class="R"><mg:s/><mg:s/>*dataIma</mg:sg><mg:sg class="R">gePreview;</mg:sg><mg:sg class="R"><mg:lf/></mg:sg></mg:ln>
</mg:row>
<mg:row>
<mg:ln file="1" number="295" class="R"><mg:sg class="R"><mg:lf/></mg:sg></mg:ln>
</mg:row>
<mg:row>
<mg:ln file="1" number="296" class="R"><mg:sg class="R">/**<mg:s/>音频的预览图</mg:sg><mg:sg class="R">URL<mg:s/>*/<mg:lf/></mg:sg></mg:ln>
</mg:row>
<mg:row>
<mg:ln file="1" number="297" class="R"><mg:sg class="R">@property<mg:s/></mg:sg><mg:sg class="R">(nonatomic</mg:sg><mg:sg class="R">,<mg:s/>retain)<mg:s/></mg:sg><mg:sg class="R"><mg:s/>NSString<mg:s/></mg:sg><mg:sg class="R"><mg:s/><mg:s/>*sImageP</mg:sg><mg:sg class="R">reviewUrl;</mg:sg><mg:sg class="R"><mg:lf/></mg:sg></mg:ln>
</mg:row>
<mg:row>
<mg:ln file="1" number="298" class="R"><mg:sg class="R"><mg:lf/></mg:sg></mg:ln>
</mg:row>
<mg:row>
<mg:ln file="1" number="299" class="R"><mg:sg class="R">/**<mg:s/>音频的描述<mg:s/></mg:sg><mg:sg class="R">*/<mg:lf/></mg:sg></mg:ln>
</mg:row>
<mg:row>
<mg:ln file="1" number="300" class="R"><mg:sg class="R">@property<mg:s/></mg:sg><mg:sg class="R">(nonatomic</mg:sg><mg:sg class="R">,<mg:s/>retain)<mg:s/></mg:sg><mg:sg class="R"><mg:s/>NSString<mg:s/></mg:sg><mg:sg class="R"><mg:s/><mg:s/>*sDescri</mg:sg><mg:sg class="R">ption;<mg:lf/></mg:sg></mg:ln>
</mg:row>
<mg:row>
<mg:ln file="1" number="301" class="R"><mg:sg class="R"><mg:lf/></mg:sg></mg:ln>
</mg:row>
<mg:row>
<mg:ln file="1" number="302" class="R"><mg:sg class="R">/**<mg:lf/></mg:sg></mg:ln>
</mg:row>
<mg:row>
<mg:ln file="1" number="303" class="R"><mg:sg class="R"><mg:s/>*<mg:s/>初始化图片消息</mg:sg><mg:sg class="R"><mg:lf/></mg:sg></mg:ln>
</mg:row>
<mg:row>
<mg:ln file="1" number="304" class="R"><mg:sg class="R"><mg:s/>*<mg:s/>\param<mg:s/></mg:sg><mg:sg class="R">url<mg:s/>音频URL<mg:lf/></mg:sg></mg:ln>
</mg:row>
<mg:row>
<mg:ln file="1" number="305" class="R"><mg:sg class="R"><mg:s/>*<mg:s/>\return</mg:sg><mg:sg class="R"><mg:s/>初始化返回的音频消</mg:sg><mg:sg class="R">息<mg:lf/></mg:sg></mg:ln>
</mg:row>
<mg:row>
<mg:ln file="1" number="306" class="R"><mg:sg class="R"><mg:s/>*/<mg:lf/></mg:sg></mg:ln>
</mg:row>
<mg:row>
<mg:ln file="1" number="307" class="R"><mg:sg class="R">-<mg:s/>(id)init</mg:sg><mg:sg class="R">WithAudioU</mg:sg><mg:sg class="R">rl:(NSStri</mg:sg><mg:sg class="R">ng<mg:s/>*)url;<mg:lf/></mg:sg></mg:ln>
</mg:row>
<mg:row>
<mg:ln file="1" number="308" class="R"><mg:sg class="R"><mg:lf/></mg:sg></mg:ln>
</mg:row>
<mg:row>
<mg:ln file="1" number="309" class="R"><mg:sg class="R">@end<mg:lf/></mg:sg></mg:ln>
</mg:row>
<mg:row>
<mg:ln file="1" number="310" class="R"><mg:sg class="R"><mg:lf/></mg:sg></mg:ln>
</mg:row>
<mg:row>
<mg:ln file="1" number="311" class="R"><mg:sg class="R"><mg:lf/></mg:sg></mg:ln>
</mg:row>
<mg:row>
<mg:ln file="1" number="312" class="R"><mg:sg class="R">#pragma<mg:s/>ma</mg:sg><mg:sg class="R">rk<mg:s/>Tencent</mg:sg><mg:sg class="R">VideoMessa</mg:sg><mg:sg class="R">ge<mg:lf/></mg:sg></mg:ln>
</mg:row>
<mg:row>
<mg:ln file="1" number="313" class="R"><mg:sg class="R"><mg:lf/></mg:sg></mg:ln>
</mg:row>
<mg:row>
<mg:ln file="1" number="314" class="R"><mg:sg class="R">/**<mg:lf/></mg:sg></mg:ln>
</mg:row>
<mg:row>
<mg:ln file="1" number="315" class="R"><mg:sg class="R"><mg:s/>*<mg:s/>Tencent</mg:sg><mg:sg class="R">ApiVideoSo</mg:sg><mg:sg class="R">urceType<mg:s/>视</mg:sg><mg:sg class="R">频数据类型（请求方对</mg:sg><mg:sg class="R">数据类型可能会有限制</mg:sg><mg:sg class="R">）<mg:lf/></mg:sg></mg:ln>
</mg:row>
<mg:row>
<mg:ln file="1" number="316" class="R"><mg:sg class="R"><mg:s/>*/<mg:lf/></mg:sg></mg:ln>
</mg:row>
<mg:row>
<mg:ln file="1" number="317" class="R"><mg:sg class="R"><mg:lf/></mg:sg></mg:ln>
</mg:row>
<mg:row>
<mg:ln file="1" number="318" class="R"><mg:sg class="R">typedef<mg:s/>en</mg:sg><mg:sg class="R">um<mg:lf/></mg:sg></mg:ln>
</mg:row>
<mg:row>
<mg:ln file="1" number="319" class="R"><mg:sg class="R">{<mg:lf/></mg:sg></mg:ln>
</mg:row>
<mg:row>
<mg:ln file="1" number="320" class="R"><mg:sg class="R"><mg:s/><mg:s/><mg:s/><mg:s/>/**<mg:s/>视频</mg:sg><mg:sg class="R">来源于本地或网络<mg:s/>*</mg:sg><mg:sg class="R">/<mg:lf/></mg:sg></mg:ln>
</mg:row>
<mg:row>
<mg:ln file="1" number="321" class="R"><mg:sg class="R"><mg:s/><mg:s/><mg:s/><mg:s/>AllVid</mg:sg><mg:sg class="R">eo,<mg:lf/></mg:sg></mg:ln>
</mg:row>
<mg:row>
<mg:ln file="1" number="322" class="R"><mg:sg class="R"><mg:s/><mg:s/><mg:s/><mg:s/>/**<mg:s/>视频</mg:sg><mg:sg class="R">来源于本地<mg:s/>*/<mg:lf/></mg:sg></mg:ln>
</mg:row>
<mg:row>
<mg:ln file="1" number="323" class="R"><mg:sg class="R"><mg:s/><mg:s/><mg:s/><mg:s/>LocalV</mg:sg><mg:sg class="R">ideo,<mg:lf/></mg:sg></mg:ln>
</mg:row>
<mg:row>
<mg:ln file="1" number="324" class="R"><mg:sg class="R"><mg:s/><mg:s/><mg:s/><mg:s/>/**<mg:s/>视频</mg:sg><mg:sg class="R">来源于网络<mg:s/>*/<mg:lf/></mg:sg></mg:ln>
</mg:row>
<mg:row>
<mg:ln file="1" number="325" class="R"><mg:sg class="R"><mg:s/><mg:s/><mg:s/><mg:s/>NetVid</mg:sg><mg:sg class="R">eo,<mg:lf/></mg:sg></mg:ln>
</mg:row>
<mg:row>
<mg:ln file="1" number="326" class="R"><mg:sg class="R">}TencentAp</mg:sg><mg:sg class="R">iVideoSour</mg:sg><mg:sg class="R">ceType;<mg:lf/></mg:sg></mg:ln>
</mg:row>
<mg:row>
<mg:ln file="1" number="327" class="R"><mg:sg class="R"><mg:lf/></mg:sg></mg:ln>
</mg:row>
<mg:row>
<mg:ln file="1" number="328" class="R"><mg:sg class="R">/**<mg:lf/></mg:sg></mg:ln>
</mg:row>
<mg:row>
<mg:ln file="1" number="329" class="R"><mg:sg class="R"><mg:s/>*<mg:s/>\brief<mg:s/></mg:sg><mg:sg class="R">视频的消息体<mg:lf/></mg:sg></mg:ln>
</mg:row>
<mg:row>
<mg:ln file="1" number="330" class="R"><mg:sg class="R"><mg:s/>*<mg:lf/></mg:sg></mg:ln>
</mg:row>
<mg:row>
<mg:ln file="1" number="331" class="R"><mg:sg class="R"><mg:s/>*<mg:s/>Tencent</mg:sg><mg:sg class="R">VideoMessa</mg:sg><mg:sg class="R">geV1<mg:s/>应用之间传</mg:sg><mg:sg class="R">递的视频消息体<mg:lf/></mg:sg></mg:ln>
</mg:row>
<mg:row>
<mg:ln file="1" number="332" class="R"><mg:sg class="R"><mg:s/>*/<mg:lf/></mg:sg></mg:ln>
</mg:row>
<mg:row>
<mg:ln file="1" number="333" class="R"><mg:sg class="R">@interface</mg:sg><mg:sg class="R"><mg:s/>TencentVi</mg:sg><mg:sg class="R">deoMessage</mg:sg><mg:sg class="R">V1<mg:s/>:<mg:s/>Tence</mg:sg><mg:sg class="R">ntBaseMess</mg:sg><mg:sg class="R">ageObj<mg:lf/></mg:sg></mg:ln>
</mg:row>
<mg:row>
<mg:ln file="1" number="334" class="R"><mg:sg class="R"><mg:lf/></mg:sg></mg:ln>
</mg:row>
<mg:row>
<mg:ln file="1" number="335" class="R"><mg:sg class="R">/**<mg:s/><mg:lf/></mg:sg></mg:ln>
</mg:row>
<mg:row>
<mg:ln file="1" number="336" class="R"><mg:sg class="R"><mg:s/>*<mg:s/>视频URL<mg:s/><mg:lf/></mg:sg></mg:ln>
</mg:row>
<mg:row>
<mg:ln file="1" number="337" class="R"><mg:sg class="R"><mg:s/>*<mg:s/>\note<mg:s/>不</mg:sg><mg:sg class="R">能超过1024<mg:lf/></mg:sg></mg:ln>
</mg:row>
<mg:row>
<mg:ln file="1" number="338" class="R"><mg:sg class="R"><mg:s/>*/<mg:lf/></mg:sg></mg:ln>
</mg:row>
<mg:row>
<mg:ln file="1" number="339" class="R"><mg:sg class="R">@property<mg:s/></mg:sg><mg:sg class="R">(nonatomic</mg:sg><mg:sg class="R">,<mg:s/>retain)<mg:s/></mg:sg><mg:sg class="R"><mg:s/>NSString<mg:s/></mg:sg><mg:sg class="R"><mg:s/><mg:s/>*sUrl;<mg:lf/></mg:sg></mg:ln>
</mg:row>
<mg:row>
<mg:ln file="1" number="340" class="R"><mg:sg class="R"><mg:lf/></mg:sg></mg:ln>
</mg:row>
<mg:row>
<mg:ln file="1" number="341" class="R"><mg:sg class="R">/**<mg:s/><mg:lf/></mg:sg></mg:ln>
</mg:row>
<mg:row>
<mg:ln file="1" number="342" class="R"><mg:sg class="R"><mg:s/>*<mg:s/>视频来源<mg:s/>主要</mg:sg><mg:sg class="R">是用来让发起方指定视</mg:sg><mg:sg class="R">频的来源<mg:lf/></mg:sg></mg:ln>
</mg:row>
<mg:row>
<mg:ln file="1" number="343" class="R"><mg:sg class="R"><mg:s/>*<mg:s/>\note<mg:s/>T</mg:sg><mg:sg class="R">encentApiV</mg:sg><mg:sg class="R">ideoSource</mg:sg><mg:sg class="R">Type<mg:s/>对应的类型</mg:sg><mg:sg class="R"><mg:s/>只读参数<mg:lf/></mg:sg></mg:ln>
</mg:row>
<mg:row>
<mg:ln file="1" number="344" class="R"><mg:sg class="R"><mg:s/>*/<mg:lf/></mg:sg></mg:ln>
</mg:row>
<mg:row>
<mg:ln file="1" number="345" class="R"><mg:sg class="R">@property<mg:s/></mg:sg><mg:sg class="R">(readonly,</mg:sg><mg:sg class="R"><mg:s/>assign,<mg:s/>n</mg:sg><mg:sg class="R">onatomic)<mg:s/></mg:sg><mg:sg class="R"><mg:s/>NSInteger</mg:sg><mg:sg class="R"><mg:s/>nType;<mg:lf/></mg:sg></mg:ln>
</mg:row>
<mg:row>
<mg:ln file="1" number="346" class="R"><mg:sg class="R"><mg:lf/></mg:sg></mg:ln>
</mg:row>
<mg:row>
<mg:ln file="1" number="347" class="R"><mg:sg class="R">/**<mg:s/><mg:lf/></mg:sg></mg:ln>
</mg:row>
<mg:row>
<mg:ln file="1" number="348" class="R"><mg:sg class="R"><mg:s/>*<mg:s/>视频的预览图<mg:s/></mg:sg><mg:sg class="R"><mg:lf/></mg:sg></mg:ln>
</mg:row>
<mg:row>
<mg:ln file="1" number="349" class="R"><mg:sg class="R"><mg:s/>*<mg:s/>\note<mg:s/>图</mg:sg><mg:sg class="R">片不能大于1M<mg:s/><mg:lf/></mg:sg></mg:ln>
</mg:row>
<mg:row>
<mg:ln file="1" number="350" class="R"><mg:sg class="R"><mg:s/>*/<mg:lf/></mg:sg></mg:ln>
</mg:row>
<mg:row>
<mg:ln file="1" number="351" class="R"><mg:sg class="R">@property<mg:s/></mg:sg><mg:sg class="R">(nonatomic</mg:sg><mg:sg class="R">,<mg:s/>retain)<mg:s/></mg:sg><mg:sg class="R"><mg:s/>NSData<mg:s/><mg:s/><mg:s/></mg:sg><mg:sg class="R"><mg:s/><mg:s/>*dataIma</mg:sg><mg:sg class="R">gePreview;</mg:sg><mg:sg class="R"><mg:lf/></mg:sg></mg:ln>
</mg:row>
<mg:row>
<mg:ln file="1" number="352" class="R"><mg:sg class="R"><mg:lf/></mg:sg></mg:ln>
</mg:row>
<mg:row>
<mg:ln file="1" number="353" class="R"><mg:sg class="R">/**<mg:s/>视频的预览图</mg:sg><mg:sg class="R">URL<mg:s/>*/<mg:lf/></mg:sg></mg:ln>
</mg:row>
<mg:row>
<mg:ln file="1" number="354" class="R"><mg:sg class="R">@property<mg:s/></mg:sg><mg:sg class="R">(nonatomic</mg:sg><mg:sg class="R">,<mg:s/>retain)<mg:s/></mg:sg><mg:sg class="R"><mg:s/>NSString<mg:s/></mg:sg><mg:sg class="R"><mg:s/><mg:s/>*sImageP</mg:sg><mg:sg class="R">reviewUrl;</mg:sg><mg:sg class="R"><mg:lf/></mg:sg></mg:ln>
</mg:row>
<mg:row>
<mg:ln file="1" number="355" class="R"><mg:sg class="R"><mg:lf/></mg:sg></mg:ln>
</mg:row>
<mg:row>
<mg:ln file="1" number="356" class="R"><mg:sg class="R">/**<mg:s/>视频的描述<mg:s/></mg:sg><mg:sg class="R">*/<mg:lf/></mg:sg></mg:ln>
</mg:row>
<mg:row>
<mg:ln file="1" number="357" class="R"><mg:sg class="R">@property<mg:s/></mg:sg><mg:sg class="R">(nonatomic</mg:sg><mg:sg class="R">,<mg:s/>retain)<mg:s/></mg:sg><mg:sg class="R"><mg:s/>NSString<mg:s/></mg:sg><mg:sg class="R"><mg:s/><mg:s/>*sDescri</mg:sg><mg:sg class="R">ption;<mg:lf/></mg:sg></mg:ln>
</mg:row>
<mg:row>
<mg:ln file="1" number="358" class="R"><mg:sg class="R"><mg:lf/></mg:sg></mg:ln>
</mg:row>
<mg:row>
<mg:ln file="1" number="359" class="R"><mg:sg class="R">/**<mg:lf/></mg:sg></mg:ln>
</mg:row>
<mg:row>
<mg:ln file="1" number="360" class="R"><mg:sg class="R"><mg:s/>*<mg:s/>初始化视频消息</mg:sg><mg:sg class="R"><mg:lf/></mg:sg></mg:ln>
</mg:row>
<mg:row>
<mg:ln file="1" number="361" class="R"><mg:sg class="R"><mg:s/>*<mg:s/>\param<mg:s/></mg:sg><mg:sg class="R">url<mg:s/><mg:s/>视频URL</mg:sg><mg:sg class="R"><mg:lf/></mg:sg></mg:ln>
</mg:row>
<mg:row>
<mg:ln file="1" number="362" class="R"><mg:sg class="R"><mg:s/>*<mg:s/>\param<mg:s/></mg:sg><mg:sg class="R">type<mg:s/>视频来源类</mg:sg><mg:sg class="R">型<mg:lf/></mg:sg></mg:ln>
</mg:row>
<mg:row>
<mg:ln file="1" number="363" class="R"><mg:sg class="R"><mg:s/>*<mg:s/>\return</mg:sg><mg:sg class="R"><mg:s/>初始化返回的视频消</mg:sg><mg:sg class="R">息<mg:lf/></mg:sg></mg:ln>
</mg:row>
<mg:row>
<mg:ln file="1" number="364" class="R"><mg:sg class="R"><mg:s/>*/<mg:lf/></mg:sg></mg:ln>
</mg:row>
<mg:row>
<mg:ln file="1" number="365" class="R"><mg:sg class="R">-<mg:s/>(id)init</mg:sg><mg:sg class="R">WithVideoU</mg:sg><mg:sg class="R">rl:(NSStri</mg:sg><mg:sg class="R">ng<mg:s/>*)url<mg:s/>t</mg:sg><mg:sg class="R">ype:(Tence</mg:sg><mg:sg class="R">ntApiVideo</mg:sg><mg:sg class="R">SourceType</mg:sg><mg:sg class="R">)type;<mg:lf/></mg:sg></mg:ln>
</mg:row>
<mg:row>
<mg:ln file="1" number="366" class="R"><mg:sg class="R"><mg:lf/></mg:sg></mg:ln>
</mg:row>
<mg:row>
<mg:ln file="1" number="367" class="R"><mg:sg class="R"><mg:lf/></mg:sg></mg:ln>
</mg:row>
<mg:row>
<mg:ln file="1" number="368" class="R"><mg:sg class="R">/**<mg:lf/></mg:sg></mg:ln>
</mg:row>
<mg:row>
<mg:ln file="1" number="369" class="R"><mg:sg class="R"><mg:s/>*<mg:s/>初始化视频消息</mg:sg><mg:sg class="R"><mg:lf/></mg:sg></mg:ln>
</mg:row>
<mg:row>
<mg:ln file="1" number="370" class="R"><mg:sg class="R"><mg:s/>*<mg:s/>\param<mg:s/></mg:sg><mg:sg class="R">type<mg:s/>视频来源类</mg:sg><mg:sg class="R">型<mg:lf/></mg:sg></mg:ln>
</mg:row>
<mg:row>
<mg:ln file="1" number="371" class="R"><mg:sg class="R"><mg:s/>*<mg:s/>\return</mg:sg><mg:sg class="R"><mg:s/>初始化返回的视频消</mg:sg><mg:sg class="R">息<mg:lf/></mg:sg></mg:ln>
</mg:row>
<mg:row>
<mg:ln file="1" number="372" class="R"><mg:sg class="R"><mg:s/>*/<mg:lf/></mg:sg></mg:ln>
</mg:row>
<mg:row>
<mg:ln file="1" number="373" class="R"><mg:sg class="R">-<mg:s/>(id)init</mg:sg><mg:sg class="R">WithType:(</mg:sg><mg:sg class="R">TencentApi</mg:sg><mg:sg class="R">VideoSourc</mg:sg><mg:sg class="R">eType)type</mg:sg><mg:sg class="R">;<mg:lf/></mg:sg></mg:ln>
</mg:row>
<mg:row>
<mg:ln file="1" number="374" class="R"><mg:sg class="R">@end<mg:lf/></mg:sg></mg:ln>
</mg:row>
<mg:row>
<mg:ln file="1" number="375" class="R"><mg:sg class="R"><mg:lf/></mg:sg></mg:ln>
</mg:row>
<mg:row>
<mg:ln file="1" number="376" class="R"><mg:sg class="R">#pragma<mg:s/>ma</mg:sg><mg:sg class="R">rk<mg:s/>Tencent</mg:sg><mg:sg class="R">ImageMessa</mg:sg><mg:sg class="R">geObj<mg:lf/></mg:sg></mg:ln>
</mg:row>
<mg:row>
<mg:ln file="1" number="377" class="R"><mg:sg class="R">/**<mg:lf/></mg:sg></mg:ln>
</mg:row>
<mg:row>
<mg:ln file="1" number="378" class="R"><mg:sg class="R"><mg:s/>*<mg:s/>\brief<mg:s/></mg:sg><mg:sg class="R">视频图片消息体<mg:lf/></mg:sg></mg:ln>
</mg:row>
<mg:row>
<mg:ln file="1" number="379" class="R"><mg:sg class="R"><mg:s/>*<mg:lf/></mg:sg></mg:ln>
</mg:row>
<mg:row>
<mg:ln file="1" number="380" class="R"><mg:sg class="R"><mg:s/>*<mg:s/>Tencent</mg:sg><mg:sg class="R">VideoMessa</mg:sg><mg:sg class="R">geV1<mg:s/>这是一个扩</mg:sg><mg:sg class="R">展的类<mg:s/>是一个图片视</mg:sg><mg:sg class="R">频类<mg:s/><mg:lf/></mg:sg></mg:ln>
</mg:row>
<mg:row>
<mg:ln file="1" number="381" class="R"><mg:sg class="R"><mg:s/>*<mg:s/>\note<mg:s/>图</mg:sg><mg:sg class="R">片视频可以任选一个内</mg:sg><mg:sg class="R">容填充<mg:s/>但是注意只能</mg:sg><mg:sg class="R">填一个<mg:s/>当有一种类型</mg:sg><mg:sg class="R">被填充后<mg:s/>另外一个种</mg:sg><mg:sg class="R">类型就无法填充了<mg:lf/></mg:sg></mg:ln>
</mg:row>
<mg:row>
<mg:ln file="1" number="382" class="R"><mg:sg class="R"><mg:s/>*/<mg:lf/></mg:sg></mg:ln>
</mg:row>
<mg:row>
<mg:ln file="1" number="383" class="R"><mg:sg class="R">@interface</mg:sg><mg:sg class="R"><mg:s/>TencentIm</mg:sg><mg:sg class="R">ageAndVide</mg:sg><mg:sg class="R">oMessageOb</mg:sg><mg:sg class="R">jV1<mg:s/>:<mg:s/>Tenc</mg:sg><mg:sg class="R">entBaseMes</mg:sg><mg:sg class="R">sageObj<mg:lf/></mg:sg></mg:ln>
</mg:row>
<mg:row>
<mg:ln file="1" number="384" class="R"><mg:sg class="R"><mg:lf/></mg:sg></mg:ln>
</mg:row>
<mg:row>
<mg:ln file="1" number="385" class="R"><mg:sg class="R">/**<mg:s/>图片消息<mg:s/>*</mg:sg><mg:sg class="R">/<mg:lf/></mg:sg></mg:ln>
</mg:row>
<mg:row>
<mg:ln file="1" number="386" class="R"><mg:sg class="R">@property<mg:s/></mg:sg><mg:sg class="R">(nonatomic</mg:sg><mg:sg class="R">,<mg:s/>retain)<mg:s/></mg:sg><mg:sg class="R">TencentIma</mg:sg><mg:sg class="R">geMessageO</mg:sg><mg:sg class="R">bjV1<mg:s/>*objI</mg:sg><mg:sg class="R">mageMessag</mg:sg><mg:sg class="R">e;<mg:lf/></mg:sg></mg:ln>
</mg:row>
<mg:row>
<mg:ln file="1" number="387" class="R"><mg:sg class="R"><mg:lf/></mg:sg></mg:ln>
</mg:row>
<mg:row>
<mg:ln file="1" number="388" class="R"><mg:sg class="R">/**<mg:s/>视频消息<mg:s/>*</mg:sg><mg:sg class="R">/<mg:lf/></mg:sg></mg:ln>
</mg:row>
<mg:row>
<mg:ln file="1" number="389" class="R"><mg:sg class="R">@property<mg:s/></mg:sg><mg:sg class="R">(nonatomic</mg:sg><mg:sg class="R">,<mg:s/>retain)<mg:s/></mg:sg><mg:sg class="R">TencentVid</mg:sg><mg:sg class="R">eoMessageV</mg:sg><mg:sg class="R">1<mg:s/>*objVide</mg:sg><mg:sg class="R">oMessage;<mg:lf/></mg:sg></mg:ln>
</mg:row>
<mg:row>
<mg:ln file="1" number="390" class="R"><mg:sg class="R"><mg:lf/></mg:sg></mg:ln>
</mg:row>
<mg:row>
<mg:ln file="1" number="391" class="R"><mg:sg class="R">/**<mg:lf/></mg:sg></mg:ln>
</mg:row>
<mg:row>
<mg:ln file="1" number="392" class="R"><mg:sg class="R"><mg:s/>*<mg:s/>初始化图片消息</mg:sg><mg:sg class="R"><mg:lf/></mg:sg></mg:ln>
</mg:row>
<mg:row>
<mg:ln file="1" number="393" class="R"><mg:sg class="R"><mg:s/>*<mg:s/>\param<mg:s/></mg:sg><mg:sg class="R">dataImage<mg:s/></mg:sg><mg:sg class="R">图片数据<mg:lf/></mg:sg></mg:ln>
</mg:row>
<mg:row>
<mg:ln file="1" number="394" class="R"><mg:sg class="R"><mg:s/>*<mg:s/>\param<mg:s/></mg:sg><mg:sg class="R">url<mg:s/><mg:s/><mg:s/><mg:s/><mg:s/><mg:s/><mg:s/></mg:sg><mg:sg class="R">视频url<mg:lf/></mg:sg></mg:ln>
</mg:row>
<mg:row>
<mg:ln file="1" number="395" class="R"><mg:sg class="R"><mg:s/>*<mg:s/>\return</mg:sg><mg:sg class="R"><mg:s/>初始化返回的图片视</mg:sg><mg:sg class="R">频消息<mg:lf/></mg:sg></mg:ln>
</mg:row>
<mg:row>
<mg:ln file="1" number="396" class="R"><mg:sg class="R"><mg:s/>*/<mg:lf/></mg:sg></mg:ln>
</mg:row>
<mg:row>
<mg:ln file="1" number="397" class="R"><mg:sg class="R">-<mg:s/>(id)init</mg:sg><mg:sg class="R">WithMessag</mg:sg><mg:sg class="R">e:(NSData<mg:s/></mg:sg><mg:sg class="R">*)dataImag</mg:sg><mg:sg class="R">e<mg:s/>videoUrl</mg:sg><mg:sg class="R">:(NSString</mg:sg><mg:sg class="R"><mg:s/>*)url;<mg:lf/></mg:sg></mg:ln>
</mg:row>
<mg:row>
<mg:ln file="1" number="398" class="R"><mg:sg class="R"><mg:lf/></mg:sg></mg:ln>
</mg:row>
<mg:row>
<mg:ln file="1" number="399" class="R"><mg:sg class="R">/**<mg:s/><mg:lf/></mg:sg></mg:ln>
</mg:row>
<mg:row>
<mg:ln file="1" number="400" class="R"><mg:sg class="R"><mg:s/>*<mg:s/>设置图片<mg:lf/></mg:sg></mg:ln>
</mg:row>
<mg:row>
<mg:ln file="1" number="401" class="R"><mg:sg class="R"><mg:s/>*<mg:s/>\param<mg:s/></mg:sg><mg:sg class="R">dataImage<mg:s/></mg:sg><mg:sg class="R">图片数据<mg:lf/></mg:sg></mg:ln>
</mg:row>
<mg:row>
<mg:ln file="1" number="402" class="R"><mg:sg class="R"><mg:s/>*/<mg:lf/></mg:sg></mg:ln>
</mg:row>
<mg:row>
<mg:ln file="1" number="403" class="R"><mg:sg class="R">-<mg:s/>(void)se</mg:sg><mg:sg class="R">tDataImage</mg:sg><mg:sg class="R">:(NSData<mg:s/>*</mg:sg><mg:sg class="R">)dataImage</mg:sg><mg:sg class="R">;<mg:lf/></mg:sg></mg:ln>
</mg:row>
<mg:row>
<mg:ln file="1" number="404" class="R"><mg:sg class="R"><mg:lf/></mg:sg></mg:ln>
</mg:row>
<mg:row>
<mg:ln file="1" number="405" class="R"><mg:sg class="R">/**<mg:lf/></mg:sg></mg:ln>
</mg:row>
<mg:row>
<mg:ln file="1" number="406" class="R"><mg:sg class="R"><mg:s/>*<mg:s/>设置视频<mg:lf/></mg:sg></mg:ln>
</mg:row>
<mg:row>
<mg:ln file="1" number="407" class="R"><mg:sg class="R"><mg:s/>*<mg:s/>\param<mg:s/></mg:sg><mg:sg class="R">videoUrl<mg:s/>视</mg:sg><mg:sg class="R">频URL<mg:lf/></mg:sg></mg:ln>
</mg:row>
<mg:row>
<mg:ln file="1" number="408" class="R"><mg:sg class="R"><mg:s/>*/<mg:lf/></mg:sg></mg:ln>
</mg:row>
<mg:row>
<mg:ln file="1" number="409" class="R"><mg:sg class="R">-<mg:s/>(void)se</mg:sg><mg:sg class="R">tVideoUrl:</mg:sg><mg:sg class="R">(NSString<mg:s/></mg:sg><mg:sg class="R">*)videoUrl</mg:sg><mg:sg class="R">;<mg:lf/></mg:sg></mg:ln>
</mg:row>
<mg:row>
<mg:ln file="1" number="410" class="R"><mg:sg class="R">@end<mg:lf/></mg:sg></mg:ln>
</mg:row>
<mg:row>
<mg:ln file="1" number="411" class="R"><mg:sg class="R"><mg:lf/></mg:sg></mg:ln>
</mg:row>
<mg:row>
<mg:ln file="1" number="412" class="R"><mg:sg class="R">#endif<mg:lf/></mg:sg></mg:ln>
</mg:row>
</mg:rowGroup>
</mg:rowData>
</mg:report>
