﻿<?xml version="1.0" encoding="UTF-8" ?>

<mg:report version="1.0" xmlns:mg="http://www.araxis.com/2002/Merge/Reporting" type="FileComparison">
<mg:metaData>
  <mg:title>Araxis Merge File Comparison Report</mg:title>
  <mg:id show="true">1059</mg:id>
  <mg:date>2019/4/19 20:25:40</mg:date>
<mg:options>
<mg:option name="clIgnoreDifferencesInWhitespaceAtTheStartOfLines">0</mg:option>
<mg:option name="clIgnoreDifferencesInWhitespaceAtTheEndOfLines">0</mg:option>
<mg:option name="clTreatConsecutiveWhitespaceAsASingleSpace">1</mg:option>
<mg:option name="clIgnoreAllDifferencesInWhitespace">0</mg:option>
<mg:option name="clWhitespaceSignificant">0</mg:option>
<mg:option name="clIgnoreCase">0</mg:option>
<mg:option name="clIgnoreLineEndings">1</mg:option>
<mg:option name="clHideCRLF">1</mg:option>
<mg:option name="clShowLineNums">1</mg:option>
<mg:option name="clShowOmittedLinesRow">0</mg:option>

<mg:regexps>
<mg:regexp enabled="false">
<mg:expression>^[ \t]*$</mg:expression>
<mg:description>Blank lines</mg:description>
</mg:regexp>
<mg:regexp enabled="false">
<mg:expression>[ \t]*//[^&quot;]*$</mg:expression>
<mg:description>C++ comments</mg:description>
</mg:regexp>
<mg:regexp enabled="false">
<mg:expression>^[ \t]*//.*\$(Date|Archive|Author|Header|JustDate|Modtime|Revision|Workfile):.*\$.*$</mg:expression>
<mg:description>SourceSafe comments</mg:description>
</mg:regexp>
<mg:regexp enabled="false">
<mg:expression>^[ \t]*//(:(Header|Source):|.*Generated.*Genitor).*\$</mg:expression>
<mg:description>Genitor comments</mg:description>
</mg:regexp>
<mg:regexp enabled="false">
<mg:expression>\$(Archive|Author|Date|Header|JustDate|Logfile|Modtime|Revision|Workfile):[^$]*\$</mg:expression>
<mg:description>SourceSafe keywords</mg:description>
</mg:regexp>
<mg:regexp enabled="false">
<mg:expression>^[ \t]*'.*$</mg:expression>
<mg:description>Visual Basic comments</mg:description>
</mg:regexp>
<mg:regexp enabled="false">
<mg:expression>\$(Author|Date|Header|Id|Locker|Name|RCSfile|Revision|Source|State):[^$]*\$</mg:expression>
<mg:description>CVS comments</mg:description>
</mg:regexp>
<mg:regexp enabled="false">
<mg:expression>\$(ACident|ACheader|AClog|ACpart|ACversion|Author|Date|Header|Line|Locker|Log|Revision|Smsfile|Smspath|Today|Vcfile|Vcpath|Workfile):?[^$]*\$</mg:expression>
<mg:description>AllChange keywords</mg:description>
</mg:regexp>
<mg:regexp enabled="false">
<mg:expression></mg:expression>
<mg:description></mg:description>
</mg:regexp>
<mg:regexp enabled="false">
<mg:expression></mg:expression>
<mg:description></mg:description>
</mg:regexp>
</mg:regexps>
</mg:options>
<mg:fileDetails file="1">
  <mg:name>PLCrashReporterConfig.h</mg:name>
  <mg:title></mg:title>
  <mg:location>E:\MA75\Branch_20190409\Prototypes\Sky\Sky\iphoneos\Netease\CrashHunter\CrashReporter.framework\Versions\A\Headers</mg:location>
  <mg:lastModified>Fri Apr 19 11:02:00 2019 UTC</mg:lastModified>
</mg:fileDetails>
<mg:fileDetails file="2">
  <mg:name></mg:name>
  <mg:title></mg:title>
  <mg:location></mg:location>
  <mg:lastModified>Fri Apr 19 12:25:40 2019 UTC</mg:lastModified>
</mg:fileDetails>
<mg:fileDetails file="3">
  <mg:name></mg:name>
  <mg:title></mg:title>
  <mg:location></mg:location>
  <mg:lastModified>Fri Apr 19 12:25:40 2019 UTC</mg:lastModified>
</mg:fileDetails>
<mg:changeSummaries>
  <mg:changeSummary files="1,2">
	  <mg:changeCount type="unchanged" blocks1="0" blocks2="0" blocks="0" lines1="0" lines2="0" lines="0" />
	  <mg:changeCount type="removed" blocks1="1" blocks2="0" blocks="1" lines1="165" lines2="0" lines="165" />
	  <mg:changeCount type="inserted" blocks1="0" blocks2="0" blocks="0" lines1="0" lines2="0" lines="0" />
	  <mg:changeCount type="changed" blocks1="0" blocks2="0" blocks="0" lines1="0" lines2="0" lines="0" />
  </mg:changeSummary>
<mg:changeSummary files="2,3">
	  <mg:changeCount type="unchanged" blocks1="0" blocks2="0" blocks="0" lines1="0" lines2="0" lines="0" />
	  <mg:changeCount type="removed" blocks1="0" blocks2="0" blocks="0" lines1="0" lines2="0" lines="0" />
	  <mg:changeCount type="inserted" blocks1="0" blocks2="0" blocks="0" lines1="0" lines2="0" lines="0" />
	  <mg:changeCount type="changed" blocks1="0" blocks2="0" blocks="0" lines1="0" lines2="0" lines="0" />
  </mg:changeSummary>
<mg:changeSummary files="1,2,3"><mg:changeCount type="removed" blocks="0" lines="0"/><mg:changeCount type="inserted" blocks="1" lines="165"/><mg:changeCount type="changed" blocks="0" lines="0"/><mg:changeCount type="conflicts" count="0"/></mg:changeSummary></mg:changeSummaries>
		<mg:classes file="1">
<mg:class name="U">
<mg:cssAttribute name="color">#000000</mg:cssAttribute>
<mg:cssAttribute name="background-color">#FFFFFF</mg:cssAttribute>
<mg:cssAttribute name="font-family">Consolas</mg:cssAttribute>
<mg:cssAttribute name="font-weight">normal</mg:cssAttribute>
<mg:cssAttribute name="font-style">normal</mg:cssAttribute>
<mg:cssAttribute name="font-size">9pt</mg:cssAttribute>
<mg:cssAttribute name="text-decoration">none</mg:cssAttribute>
</mg:class>
<mg:class name="R">
<mg:cssAttribute name="color">#800000</mg:cssAttribute>
<mg:cssAttribute name="background-color">#F3E6D8</mg:cssAttribute>
<mg:cssAttribute name="font-family">Consolas</mg:cssAttribute>
<mg:cssAttribute name="font-weight">normal</mg:cssAttribute>
<mg:cssAttribute name="font-style">normal</mg:cssAttribute>
<mg:cssAttribute name="font-size">9pt</mg:cssAttribute>
<mg:cssAttribute name="text-decoration">none</mg:cssAttribute>
</mg:class>
<mg:class name="I">
<mg:cssAttribute name="color">#800000</mg:cssAttribute>
<mg:cssAttribute name="background-color">#D1E8CF</mg:cssAttribute>
<mg:cssAttribute name="font-family">Consolas</mg:cssAttribute>
<mg:cssAttribute name="font-weight">normal</mg:cssAttribute>
<mg:cssAttribute name="font-style">normal</mg:cssAttribute>
<mg:cssAttribute name="font-size">9pt</mg:cssAttribute>
<mg:cssAttribute name="text-decoration">none</mg:cssAttribute>
</mg:class>
<mg:class name="C">
<mg:cssAttribute name="color">#800000</mg:cssAttribute>
<mg:cssAttribute name="background-color">#DACDE6</mg:cssAttribute>
<mg:cssAttribute name="font-family">Consolas</mg:cssAttribute>
<mg:cssAttribute name="font-weight">normal</mg:cssAttribute>
<mg:cssAttribute name="font-style">normal</mg:cssAttribute>
<mg:cssAttribute name="font-size">9pt</mg:cssAttribute>
<mg:cssAttribute name="text-decoration">none</mg:cssAttribute>
</mg:class>
		</mg:classes>
		<mg:classes file="2">
<mg:class name="UU">
<mg:cssAttribute name="color">#000000</mg:cssAttribute>
<mg:cssAttribute name="background-color">#FFFFFF</mg:cssAttribute>
<mg:cssAttribute name="font-family">Consolas</mg:cssAttribute>
<mg:cssAttribute name="font-weight">normal</mg:cssAttribute>
<mg:cssAttribute name="font-style">normal</mg:cssAttribute>
<mg:cssAttribute name="font-size">9pt</mg:cssAttribute>
<mg:cssAttribute name="text-decoration">none</mg:cssAttribute>
</mg:class>
<mg:class name="UR">
<mg:cssAttribute name="color">#400000</mg:cssAttribute>
<mg:cssAttribute name="background-color">#F9F2EB</mg:cssAttribute>
<mg:cssAttribute name="font-family">Consolas</mg:cssAttribute>
<mg:cssAttribute name="font-weight">normal</mg:cssAttribute>
<mg:cssAttribute name="font-style">normal</mg:cssAttribute>
<mg:cssAttribute name="font-size">9pt</mg:cssAttribute>
<mg:cssAttribute name="text-decoration">none</mg:cssAttribute>
</mg:class>
<mg:class name="UI">
<mg:cssAttribute name="color">#400000</mg:cssAttribute>
<mg:cssAttribute name="background-color">#E8F3E7</mg:cssAttribute>
<mg:cssAttribute name="font-family">Consolas</mg:cssAttribute>
<mg:cssAttribute name="font-weight">normal</mg:cssAttribute>
<mg:cssAttribute name="font-style">normal</mg:cssAttribute>
<mg:cssAttribute name="font-size">9pt</mg:cssAttribute>
<mg:cssAttribute name="text-decoration">none</mg:cssAttribute>
</mg:class>
<mg:class name="UC">
<mg:cssAttribute name="color">#400000</mg:cssAttribute>
<mg:cssAttribute name="background-color">#ECE6F2</mg:cssAttribute>
<mg:cssAttribute name="font-family">Consolas</mg:cssAttribute>
<mg:cssAttribute name="font-weight">normal</mg:cssAttribute>
<mg:cssAttribute name="font-style">normal</mg:cssAttribute>
<mg:cssAttribute name="font-size">9pt</mg:cssAttribute>
<mg:cssAttribute name="text-decoration">none</mg:cssAttribute>
</mg:class>
<mg:class name="RU">
<mg:cssAttribute name="color">#400000</mg:cssAttribute>
<mg:cssAttribute name="background-color">#F9F2EB</mg:cssAttribute>
<mg:cssAttribute name="font-family">Consolas</mg:cssAttribute>
<mg:cssAttribute name="font-weight">normal</mg:cssAttribute>
<mg:cssAttribute name="font-style">normal</mg:cssAttribute>
<mg:cssAttribute name="font-size">9pt</mg:cssAttribute>
<mg:cssAttribute name="text-decoration">none</mg:cssAttribute>
</mg:class>
<mg:class name="RR">
<mg:cssAttribute name="color">#800000</mg:cssAttribute>
<mg:cssAttribute name="background-color">#F3E6D8</mg:cssAttribute>
<mg:cssAttribute name="font-family">Consolas</mg:cssAttribute>
<mg:cssAttribute name="font-weight">normal</mg:cssAttribute>
<mg:cssAttribute name="font-style">normal</mg:cssAttribute>
<mg:cssAttribute name="font-size">9pt</mg:cssAttribute>
<mg:cssAttribute name="text-decoration">none</mg:cssAttribute>
</mg:class>
<mg:class name="RI">
<mg:cssAttribute name="color">#800000</mg:cssAttribute>
<mg:cssAttribute name="background-color">#E2E7D3</mg:cssAttribute>
<mg:cssAttribute name="font-family">Consolas</mg:cssAttribute>
<mg:cssAttribute name="font-weight">normal</mg:cssAttribute>
<mg:cssAttribute name="font-style">normal</mg:cssAttribute>
<mg:cssAttribute name="font-size">9pt</mg:cssAttribute>
<mg:cssAttribute name="text-decoration">none</mg:cssAttribute>
</mg:class>
<mg:class name="RC">
<mg:cssAttribute name="color">#800000</mg:cssAttribute>
<mg:cssAttribute name="background-color">#E6D9DF</mg:cssAttribute>
<mg:cssAttribute name="font-family">Consolas</mg:cssAttribute>
<mg:cssAttribute name="font-weight">normal</mg:cssAttribute>
<mg:cssAttribute name="font-style">normal</mg:cssAttribute>
<mg:cssAttribute name="font-size">9pt</mg:cssAttribute>
<mg:cssAttribute name="text-decoration">none</mg:cssAttribute>
</mg:class>
<mg:class name="IU">
<mg:cssAttribute name="color">#400000</mg:cssAttribute>
<mg:cssAttribute name="background-color">#E8F3E7</mg:cssAttribute>
<mg:cssAttribute name="font-family">Consolas</mg:cssAttribute>
<mg:cssAttribute name="font-weight">normal</mg:cssAttribute>
<mg:cssAttribute name="font-style">normal</mg:cssAttribute>
<mg:cssAttribute name="font-size">9pt</mg:cssAttribute>
<mg:cssAttribute name="text-decoration">none</mg:cssAttribute>
</mg:class>
<mg:class name="IR">
<mg:cssAttribute name="color">#800000</mg:cssAttribute>
<mg:cssAttribute name="background-color">#E2E7D3</mg:cssAttribute>
<mg:cssAttribute name="font-family">Consolas</mg:cssAttribute>
<mg:cssAttribute name="font-weight">normal</mg:cssAttribute>
<mg:cssAttribute name="font-style">normal</mg:cssAttribute>
<mg:cssAttribute name="font-size">9pt</mg:cssAttribute>
<mg:cssAttribute name="text-decoration">none</mg:cssAttribute>
</mg:class>
<mg:class name="II">
<mg:cssAttribute name="color">#800000</mg:cssAttribute>
<mg:cssAttribute name="background-color">#D1E8CF</mg:cssAttribute>
<mg:cssAttribute name="font-family">Consolas</mg:cssAttribute>
<mg:cssAttribute name="font-weight">normal</mg:cssAttribute>
<mg:cssAttribute name="font-style">normal</mg:cssAttribute>
<mg:cssAttribute name="font-size">9pt</mg:cssAttribute>
<mg:cssAttribute name="text-decoration">none</mg:cssAttribute>
</mg:class>
<mg:class name="IC">
<mg:cssAttribute name="color">#800000</mg:cssAttribute>
<mg:cssAttribute name="background-color">#D5DADA</mg:cssAttribute>
<mg:cssAttribute name="font-family">Consolas</mg:cssAttribute>
<mg:cssAttribute name="font-weight">normal</mg:cssAttribute>
<mg:cssAttribute name="font-style">normal</mg:cssAttribute>
<mg:cssAttribute name="font-size">9pt</mg:cssAttribute>
<mg:cssAttribute name="text-decoration">none</mg:cssAttribute>
</mg:class>
<mg:class name="CU">
<mg:cssAttribute name="color">#400000</mg:cssAttribute>
<mg:cssAttribute name="background-color">#ECE6F2</mg:cssAttribute>
<mg:cssAttribute name="font-family">Consolas</mg:cssAttribute>
<mg:cssAttribute name="font-weight">normal</mg:cssAttribute>
<mg:cssAttribute name="font-style">normal</mg:cssAttribute>
<mg:cssAttribute name="font-size">9pt</mg:cssAttribute>
<mg:cssAttribute name="text-decoration">none</mg:cssAttribute>
</mg:class>
<mg:class name="CR">
<mg:cssAttribute name="color">#800000</mg:cssAttribute>
<mg:cssAttribute name="background-color">#E6D9DF</mg:cssAttribute>
<mg:cssAttribute name="font-family">Consolas</mg:cssAttribute>
<mg:cssAttribute name="font-weight">normal</mg:cssAttribute>
<mg:cssAttribute name="font-style">normal</mg:cssAttribute>
<mg:cssAttribute name="font-size">9pt</mg:cssAttribute>
<mg:cssAttribute name="text-decoration">none</mg:cssAttribute>
</mg:class>
<mg:class name="CI">
<mg:cssAttribute name="color">#800000</mg:cssAttribute>
<mg:cssAttribute name="background-color">#D5DADA</mg:cssAttribute>
<mg:cssAttribute name="font-family">Consolas</mg:cssAttribute>
<mg:cssAttribute name="font-weight">normal</mg:cssAttribute>
<mg:cssAttribute name="font-style">normal</mg:cssAttribute>
<mg:cssAttribute name="font-size">9pt</mg:cssAttribute>
<mg:cssAttribute name="text-decoration">none</mg:cssAttribute>
</mg:class>
<mg:class name="CC">
<mg:cssAttribute name="color">#800000</mg:cssAttribute>
<mg:cssAttribute name="background-color">#DACDE6</mg:cssAttribute>
<mg:cssAttribute name="font-family">Consolas</mg:cssAttribute>
<mg:cssAttribute name="font-weight">normal</mg:cssAttribute>
<mg:cssAttribute name="font-style">normal</mg:cssAttribute>
<mg:cssAttribute name="font-size">9pt</mg:cssAttribute>
<mg:cssAttribute name="text-decoration">none</mg:cssAttribute>
</mg:class>
		</mg:classes>
		<mg:classes file="3">
<mg:class name="U">
<mg:cssAttribute name="color">#000000</mg:cssAttribute>
<mg:cssAttribute name="background-color">#FFFFFF</mg:cssAttribute>
<mg:cssAttribute name="font-family">Consolas</mg:cssAttribute>
<mg:cssAttribute name="font-weight">normal</mg:cssAttribute>
<mg:cssAttribute name="font-style">normal</mg:cssAttribute>
<mg:cssAttribute name="font-size">9pt</mg:cssAttribute>
<mg:cssAttribute name="text-decoration">none</mg:cssAttribute>
</mg:class>
<mg:class name="R">
<mg:cssAttribute name="color">#800000</mg:cssAttribute>
<mg:cssAttribute name="background-color">#F3E6D8</mg:cssAttribute>
<mg:cssAttribute name="font-family">Consolas</mg:cssAttribute>
<mg:cssAttribute name="font-weight">normal</mg:cssAttribute>
<mg:cssAttribute name="font-style">normal</mg:cssAttribute>
<mg:cssAttribute name="font-size">9pt</mg:cssAttribute>
<mg:cssAttribute name="text-decoration">none</mg:cssAttribute>
</mg:class>
<mg:class name="I">
<mg:cssAttribute name="color">#800000</mg:cssAttribute>
<mg:cssAttribute name="background-color">#D1E8CF</mg:cssAttribute>
<mg:cssAttribute name="font-family">Consolas</mg:cssAttribute>
<mg:cssAttribute name="font-weight">normal</mg:cssAttribute>
<mg:cssAttribute name="font-style">normal</mg:cssAttribute>
<mg:cssAttribute name="font-size">9pt</mg:cssAttribute>
<mg:cssAttribute name="text-decoration">none</mg:cssAttribute>
</mg:class>
<mg:class name="C">
<mg:cssAttribute name="color">#800000</mg:cssAttribute>
<mg:cssAttribute name="background-color">#DACDE6</mg:cssAttribute>
<mg:cssAttribute name="font-family">Consolas</mg:cssAttribute>
<mg:cssAttribute name="font-weight">normal</mg:cssAttribute>
<mg:cssAttribute name="font-style">normal</mg:cssAttribute>
<mg:cssAttribute name="font-size">9pt</mg:cssAttribute>
<mg:cssAttribute name="text-decoration">none</mg:cssAttribute>
</mg:class>
		</mg:classes>
</mg:metaData>
<mg:rowData>
<mg:rowGroup>
<mg:row>
<mg:ln file="1" number="1" class="R"><mg:sg class="R">/*<mg:lf/></mg:sg></mg:ln>
</mg:row>
<mg:row>
<mg:ln file="1" number="2" class="R"><mg:sg class="R"><mg:s/>*<mg:s/>Author:</mg:sg><mg:sg class="R"><mg:s/>Landon<mg:s/>Fu</mg:sg><mg:sg class="R">ller<mg:s/>&lt;land</mg:sg><mg:sg class="R">onf@plausi</mg:sg><mg:sg class="R">ble.coop&gt;<mg:lf/></mg:sg></mg:ln>
</mg:row>
<mg:row>
<mg:ln file="1" number="3" class="R"><mg:sg class="R"><mg:s/>*<mg:lf/></mg:sg></mg:ln>
</mg:row>
<mg:row>
<mg:ln file="1" number="4" class="R"><mg:sg class="R"><mg:s/>*<mg:s/>Copyrig</mg:sg><mg:sg class="R">ht<mg:s/>(c)<mg:s/>201</mg:sg><mg:sg class="R">3<mg:s/>Plausibl</mg:sg><mg:sg class="R">e<mg:s/>Labs<mg:s/>Coo</mg:sg><mg:sg class="R">perative,<mg:s/></mg:sg><mg:sg class="R">Inc.<mg:lf/></mg:sg></mg:ln>
</mg:row>
<mg:row>
<mg:ln file="1" number="5" class="R"><mg:sg class="R"><mg:s/>*<mg:s/>All<mg:s/>rig</mg:sg><mg:sg class="R">hts<mg:s/>reserv</mg:sg><mg:sg class="R">ed.<mg:lf/></mg:sg></mg:ln>
</mg:row>
<mg:row>
<mg:ln file="1" number="6" class="R"><mg:sg class="R"><mg:s/>*<mg:lf/></mg:sg></mg:ln>
</mg:row>
<mg:row>
<mg:ln file="1" number="7" class="R"><mg:sg class="R"><mg:s/>*<mg:s/>Permiss</mg:sg><mg:sg class="R">ion<mg:s/>is<mg:s/>her</mg:sg><mg:sg class="R">eby<mg:s/>grante</mg:sg><mg:sg class="R">d,<mg:s/>free<mg:s/>of</mg:sg><mg:sg class="R"><mg:s/>charge,<mg:s/>t</mg:sg><mg:sg class="R">o<mg:s/>any<mg:s/>pers</mg:sg><mg:sg class="R">on<mg:lf/></mg:sg></mg:ln>
</mg:row>
<mg:row>
<mg:ln file="1" number="8" class="R"><mg:sg class="R"><mg:s/>*<mg:s/>obtaini</mg:sg><mg:sg class="R">ng<mg:s/>a<mg:s/>copy<mg:s/></mg:sg><mg:sg class="R">of<mg:s/>this<mg:s/>so</mg:sg><mg:sg class="R">ftware<mg:s/>and</mg:sg><mg:sg class="R"><mg:s/>associate</mg:sg><mg:sg class="R">d<mg:s/>document</mg:sg><mg:sg class="R">ation<mg:lf/></mg:sg></mg:ln>
</mg:row>
<mg:row>
<mg:ln file="1" number="9" class="R"><mg:sg class="R"><mg:s/>*<mg:s/>files<mg:s/>(</mg:sg><mg:sg class="R">the<mg:s/>&quot;Softw</mg:sg><mg:sg class="R">are&quot;),<mg:s/>to<mg:s/></mg:sg><mg:sg class="R">deal<mg:s/>in<mg:s/>th</mg:sg><mg:sg class="R">e<mg:s/>Software</mg:sg><mg:sg class="R"><mg:s/>without<mg:lf/></mg:sg></mg:ln>
</mg:row>
<mg:row>
<mg:ln file="1" number="10" class="R"><mg:sg class="R"><mg:s/>*<mg:s/>restric</mg:sg><mg:sg class="R">tion,<mg:s/>incl</mg:sg><mg:sg class="R">uding<mg:s/>with</mg:sg><mg:sg class="R">out<mg:s/>limita</mg:sg><mg:sg class="R">tion<mg:s/>the<mg:s/>r</mg:sg><mg:sg class="R">ights<mg:s/>to<mg:s/>u</mg:sg><mg:sg class="R">se,<mg:lf/></mg:sg></mg:ln>
</mg:row>
<mg:row>
<mg:ln file="1" number="11" class="R"><mg:sg class="R"><mg:s/>*<mg:s/>copy,<mg:s/>m</mg:sg><mg:sg class="R">odify,<mg:s/>mer</mg:sg><mg:sg class="R">ge,<mg:s/>publis</mg:sg><mg:sg class="R">h,<mg:s/>distrib</mg:sg><mg:sg class="R">ute,<mg:s/>subli</mg:sg><mg:sg class="R">cense,<mg:s/>and</mg:sg><mg:sg class="R">/or<mg:s/>sell<mg:lf/></mg:sg></mg:ln>
</mg:row>
<mg:row>
<mg:ln file="1" number="12" class="R"><mg:sg class="R"><mg:s/>*<mg:s/>copies<mg:s/></mg:sg><mg:sg class="R">of<mg:s/>the<mg:s/>Sof</mg:sg><mg:sg class="R">tware,<mg:s/>and</mg:sg><mg:sg class="R"><mg:s/>to<mg:s/>permit</mg:sg><mg:sg class="R"><mg:s/>persons<mg:s/>t</mg:sg><mg:sg class="R">o<mg:s/>whom<mg:s/>the</mg:sg><mg:sg class="R"><mg:lf/></mg:sg></mg:ln>
</mg:row>
<mg:row>
<mg:ln file="1" number="13" class="R"><mg:sg class="R"><mg:s/>*<mg:s/>Softwar</mg:sg><mg:sg class="R">e<mg:s/>is<mg:s/>furni</mg:sg><mg:sg class="R">shed<mg:s/>to<mg:s/>do</mg:sg><mg:sg class="R"><mg:s/>so,<mg:s/>subje</mg:sg><mg:sg class="R">ct<mg:s/>to<mg:s/>the<mg:s/></mg:sg><mg:sg class="R">following<mg:lf/></mg:sg></mg:ln>
</mg:row>
<mg:row>
<mg:ln file="1" number="14" class="R"><mg:sg class="R"><mg:s/>*<mg:s/>conditi</mg:sg><mg:sg class="R">ons:<mg:lf/></mg:sg></mg:ln>
</mg:row>
<mg:row>
<mg:ln file="1" number="15" class="R"><mg:sg class="R"><mg:s/>*<mg:lf/></mg:sg></mg:ln>
</mg:row>
<mg:row>
<mg:ln file="1" number="16" class="R"><mg:sg class="R"><mg:s/>*<mg:s/>The<mg:s/>abo</mg:sg><mg:sg class="R">ve<mg:s/>copyrig</mg:sg><mg:sg class="R">ht<mg:s/>notice<mg:s/></mg:sg><mg:sg class="R">and<mg:s/>this<mg:s/>p</mg:sg><mg:sg class="R">ermission<mg:s/></mg:sg><mg:sg class="R">notice<mg:s/>sha</mg:sg><mg:sg class="R">ll<mg:s/>be<mg:lf/></mg:sg></mg:ln>
</mg:row>
<mg:row>
<mg:ln file="1" number="17" class="R"><mg:sg class="R"><mg:s/>*<mg:s/>include</mg:sg><mg:sg class="R">d<mg:s/>in<mg:s/>all<mg:s/>c</mg:sg><mg:sg class="R">opies<mg:s/>or<mg:s/>s</mg:sg><mg:sg class="R">ubstantial</mg:sg><mg:sg class="R"><mg:s/>portions<mg:s/></mg:sg><mg:sg class="R">of<mg:s/>the<mg:s/>Sof</mg:sg><mg:sg class="R">tware.<mg:lf/></mg:sg></mg:ln>
</mg:row>
<mg:row>
<mg:ln file="1" number="18" class="R"><mg:sg class="R"><mg:s/>*<mg:lf/></mg:sg></mg:ln>
</mg:row>
<mg:row>
<mg:ln file="1" number="19" class="R"><mg:sg class="R"><mg:s/>*<mg:s/>THE<mg:s/>SOF</mg:sg><mg:sg class="R">TWARE<mg:s/>IS<mg:s/>P</mg:sg><mg:sg class="R">ROVIDED<mg:s/>&quot;A</mg:sg><mg:sg class="R">S<mg:s/>IS&quot;,<mg:s/>WIT</mg:sg><mg:sg class="R">HOUT<mg:s/>WARRA</mg:sg><mg:sg class="R">NTY<mg:s/>OF<mg:s/>ANY</mg:sg><mg:sg class="R"><mg:s/>KIND,<mg:lf/></mg:sg></mg:ln>
</mg:row>
<mg:row>
<mg:ln file="1" number="20" class="R"><mg:sg class="R"><mg:s/>*<mg:s/>EXPRESS</mg:sg><mg:sg class="R"><mg:s/>OR<mg:s/>IMPLIE</mg:sg><mg:sg class="R">D,<mg:s/>INCLUDI</mg:sg><mg:sg class="R">NG<mg:s/>BUT<mg:s/>NOT</mg:sg><mg:sg class="R"><mg:s/>LIMITED<mg:s/>T</mg:sg><mg:sg class="R">O<mg:s/>THE<mg:s/>WARR</mg:sg><mg:sg class="R">ANTIES<mg:lf/></mg:sg></mg:ln>
</mg:row>
<mg:row>
<mg:ln file="1" number="21" class="R"><mg:sg class="R"><mg:s/>*<mg:s/>OF<mg:s/>MERC</mg:sg><mg:sg class="R">HANTABILIT</mg:sg><mg:sg class="R">Y,<mg:s/>FITNESS</mg:sg><mg:sg class="R"><mg:s/>FOR<mg:s/>A<mg:s/>PAR</mg:sg><mg:sg class="R">TICULAR<mg:s/>PU</mg:sg><mg:sg class="R">RPOSE<mg:s/>AND<mg:lf/></mg:sg></mg:ln>
</mg:row>
<mg:row>
<mg:ln file="1" number="22" class="R"><mg:sg class="R"><mg:s/>*<mg:s/>NONINFR</mg:sg><mg:sg class="R">INGEMENT.<mg:s/></mg:sg><mg:sg class="R">IN<mg:s/>NO<mg:s/>EVEN</mg:sg><mg:sg class="R">T<mg:s/>SHALL<mg:s/>TH</mg:sg><mg:sg class="R">E<mg:s/>AUTHORS<mg:s/></mg:sg><mg:sg class="R">OR<mg:s/>COPYRIG</mg:sg><mg:sg class="R">HT<mg:lf/></mg:sg></mg:ln>
</mg:row>
<mg:row>
<mg:ln file="1" number="23" class="R"><mg:sg class="R"><mg:s/>*<mg:s/>HOLDERS</mg:sg><mg:sg class="R"><mg:s/>BE<mg:s/>LIABLE</mg:sg><mg:sg class="R"><mg:s/>FOR<mg:s/>ANY<mg:s/>C</mg:sg><mg:sg class="R">LAIM,<mg:s/>DAMA</mg:sg><mg:sg class="R">GES<mg:s/>OR<mg:s/>OTH</mg:sg><mg:sg class="R">ER<mg:s/>LIABILI</mg:sg><mg:sg class="R">TY,<mg:lf/></mg:sg></mg:ln>
</mg:row>
<mg:row>
<mg:ln file="1" number="24" class="R"><mg:sg class="R"><mg:s/>*<mg:s/>WHETHER</mg:sg><mg:sg class="R"><mg:s/>IN<mg:s/>AN<mg:s/>ACT</mg:sg><mg:sg class="R">ION<mg:s/>OF<mg:s/>CON</mg:sg><mg:sg class="R">TRACT,<mg:s/>TOR</mg:sg><mg:sg class="R">T<mg:s/>OR<mg:s/>OTHER</mg:sg><mg:sg class="R">WISE,<mg:s/>ARIS</mg:sg><mg:sg class="R">ING<mg:lf/></mg:sg></mg:ln>
</mg:row>
<mg:row>
<mg:ln file="1" number="25" class="R"><mg:sg class="R"><mg:s/>*<mg:s/>FROM,<mg:s/>O</mg:sg><mg:sg class="R">UT<mg:s/>OF<mg:s/>OR<mg:s/>I</mg:sg><mg:sg class="R">N<mg:s/>CONNECTI</mg:sg><mg:sg class="R">ON<mg:s/>WITH<mg:s/>TH</mg:sg><mg:sg class="R">E<mg:s/>SOFTWARE</mg:sg><mg:sg class="R"><mg:s/>OR<mg:s/>THE<mg:s/>US</mg:sg><mg:sg class="R">E<mg:s/>OR<mg:lf/></mg:sg></mg:ln>
</mg:row>
<mg:row>
<mg:ln file="1" number="26" class="R"><mg:sg class="R"><mg:s/>*<mg:s/>OTHER<mg:s/>D</mg:sg><mg:sg class="R">EALINGS<mg:s/>IN</mg:sg><mg:sg class="R"><mg:s/>THE<mg:s/>SOFTW</mg:sg><mg:sg class="R">ARE.<mg:lf/></mg:sg></mg:ln>
</mg:row>
<mg:row>
<mg:ln file="1" number="27" class="R"><mg:sg class="R"><mg:s/>*/<mg:lf/></mg:sg></mg:ln>
</mg:row>
<mg:row>
<mg:ln file="1" number="28" class="R"><mg:sg class="R"><mg:lf/></mg:sg></mg:ln>
</mg:row>
<mg:row>
<mg:ln file="1" number="29" class="R"><mg:sg class="R">#import<mg:s/>&lt;F</mg:sg><mg:sg class="R">oundation/</mg:sg><mg:sg class="R">Foundation</mg:sg><mg:sg class="R">.h&gt;<mg:lf/></mg:sg></mg:ln>
</mg:row>
<mg:row>
<mg:ln file="1" number="30" class="R"><mg:sg class="R">#import<mg:s/>&quot;P</mg:sg><mg:sg class="R">LCrashFeat</mg:sg><mg:sg class="R">ureConfig.</mg:sg><mg:sg class="R">h&quot;<mg:lf/></mg:sg></mg:ln>
</mg:row>
<mg:row>
<mg:ln file="1" number="31" class="R"><mg:sg class="R"><mg:lf/></mg:sg></mg:ln>
</mg:row>
<mg:row>
<mg:ln file="1" number="32" class="R"><mg:sg class="R">/**<mg:lf/></mg:sg></mg:ln>
</mg:row>
<mg:row>
<mg:ln file="1" number="33" class="R"><mg:sg class="R"><mg:s/>*<mg:s/>@ingrou</mg:sg><mg:sg class="R">p<mg:s/>enums<mg:lf/></mg:sg></mg:ln>
</mg:row>
<mg:row>
<mg:ln file="1" number="34" class="R"><mg:sg class="R"><mg:s/>*<mg:s/>Support</mg:sg><mg:sg class="R">ed<mg:s/>mechani</mg:sg><mg:sg class="R">sms<mg:s/>for<mg:s/>tr</mg:sg><mg:sg class="R">apping<mg:s/>and</mg:sg><mg:sg class="R"><mg:s/>handling<mg:s/></mg:sg><mg:sg class="R">crashes.<mg:lf/></mg:sg></mg:ln>
</mg:row>
<mg:row>
<mg:ln file="1" number="35" class="R"><mg:sg class="R"><mg:s/>*/<mg:lf/></mg:sg></mg:ln>
</mg:row>
<mg:row>
<mg:ln file="1" number="36" class="R"><mg:sg class="R">typedef<mg:s/>NS</mg:sg><mg:sg class="R">_ENUM(NSUI</mg:sg><mg:sg class="R">nteger,<mg:s/>PL</mg:sg><mg:sg class="R">CrashRepor</mg:sg><mg:sg class="R">terSignalH</mg:sg><mg:sg class="R">andlerType</mg:sg><mg:sg class="R">)<mg:s/>{<mg:lf/></mg:sg></mg:ln>
</mg:row>
<mg:row>
<mg:ln file="1" number="37" class="R"><mg:sg class="R"><mg:s/><mg:s/><mg:s/><mg:s/>/**<mg:lf/></mg:sg></mg:ln>
</mg:row>
<mg:row>
<mg:ln file="1" number="38" class="R"><mg:sg class="R"><mg:s/><mg:s/><mg:s/><mg:s/><mg:s/>*<mg:s/>Tra</mg:sg><mg:sg class="R">p<mg:s/>fatal<mg:s/>si</mg:sg><mg:sg class="R">gnals<mg:s/>via<mg:s/></mg:sg><mg:sg class="R">a<mg:s/>sigactio</mg:sg><mg:sg class="R">n(2)-regis</mg:sg><mg:sg class="R">tered<mg:s/>BSD<mg:s/></mg:sg><mg:sg class="R">signal<mg:s/>han</mg:sg><mg:sg class="R">dler.<mg:lf/></mg:sg></mg:ln>
</mg:row>
<mg:row>
<mg:ln file="1" number="39" class="R"><mg:sg class="R"><mg:s/><mg:s/><mg:s/><mg:s/><mg:s/>*<mg:lf/></mg:sg></mg:ln>
</mg:row>
<mg:row>
<mg:ln file="1" number="40" class="R"><mg:sg class="R"><mg:s/><mg:s/><mg:s/><mg:s/><mg:s/>*<mg:s/>PLC</mg:sg><mg:sg class="R">rashReport</mg:sg><mg:sg class="R">er's<mg:s/>signa</mg:sg><mg:sg class="R">l<mg:s/>handler<mg:s/></mg:sg><mg:sg class="R">will<mg:s/>super</mg:sg><mg:sg class="R">sede<mg:s/>previ</mg:sg><mg:sg class="R">ously<mg:s/>regi</mg:sg><mg:sg class="R">stered<mg:s/>han</mg:sg><mg:sg class="R">dlers;<mg:s/>exi</mg:sg><mg:sg class="R">sting<mg:lf/></mg:sg></mg:ln>
</mg:row>
<mg:row>
<mg:ln file="1" number="41" class="R"><mg:sg class="R"><mg:s/><mg:s/><mg:s/><mg:s/><mg:s/>*<mg:s/>han</mg:sg><mg:sg class="R">dlers<mg:s/>will</mg:sg><mg:sg class="R"><mg:s/>not<mg:s/>be<mg:s/>ca</mg:sg><mg:sg class="R">lled.<mg:s/>This</mg:sg><mg:sg class="R"><mg:s/>behavior<mg:s/></mg:sg><mg:sg class="R">may<mg:s/>be<mg:s/>mod</mg:sg><mg:sg class="R">ified<mg:s/>in<mg:s/>a</mg:sg><mg:sg class="R"><mg:s/>future<mg:s/>re</mg:sg><mg:sg class="R">lease,<mg:s/>and</mg:sg><mg:sg class="R"><mg:s/>should<mg:lf/></mg:sg></mg:ln>
</mg:row>
<mg:row>
<mg:ln file="1" number="42" class="R"><mg:sg class="R"><mg:s/><mg:s/><mg:s/><mg:s/><mg:s/>*<mg:s/>not</mg:sg><mg:sg class="R"><mg:s/>be<mg:s/>relied</mg:sg><mg:sg class="R"><mg:s/>upon<mg:s/>as<mg:s/>a</mg:sg><mg:sg class="R"><mg:s/>mechanism</mg:sg><mg:sg class="R"><mg:s/>to<mg:s/>preven</mg:sg><mg:sg class="R">t<mg:s/>existing</mg:sg><mg:sg class="R"><mg:s/>signal<mg:s/>ha</mg:sg><mg:sg class="R">ndlers<mg:s/>fro</mg:sg><mg:sg class="R">m<mg:s/>being<mg:s/>ca</mg:sg><mg:sg class="R">lled.<mg:lf/></mg:sg></mg:ln>
</mg:row>
<mg:row>
<mg:ln file="1" number="43" class="R"><mg:sg class="R"><mg:s/><mg:s/><mg:s/><mg:s/><mg:s/>*<mg:lf/></mg:sg></mg:ln>
</mg:row>
<mg:row>
<mg:ln file="1" number="44" class="R"><mg:sg class="R"><mg:s/><mg:s/><mg:s/><mg:s/><mg:s/>*<mg:s/>The</mg:sg><mg:sg class="R">re<mg:s/>are<mg:s/>som</mg:sg><mg:sg class="R">e<mg:s/>limitati</mg:sg><mg:sg class="R">ons<mg:s/>to<mg:s/>sig</mg:sg><mg:sg class="R">nal-based<mg:s/></mg:sg><mg:sg class="R">crash<mg:s/>hand</mg:sg><mg:sg class="R">ling<mg:s/>on<mg:s/>Ma</mg:sg><mg:sg class="R">c<mg:s/>OS<mg:s/>X<mg:s/>and</mg:sg><mg:sg class="R"><mg:s/>iOS;<mg:s/>spec</mg:sg><mg:sg class="R">ifically:<mg:lf/></mg:sg></mg:ln>
</mg:row>
<mg:row>
<mg:ln file="1" number="45" class="R"><mg:sg class="R"><mg:s/><mg:s/><mg:s/><mg:s/><mg:s/>*<mg:lf/></mg:sg></mg:ln>
</mg:row>
<mg:row>
<mg:ln file="1" number="46" class="R"><mg:sg class="R"><mg:s/><mg:s/><mg:s/><mg:s/><mg:s/>*<mg:s/>-<mg:s/>O</mg:sg><mg:sg class="R">n<mg:s/>Mac<mg:s/>OS<mg:s/>X</mg:sg><mg:sg class="R">,<mg:s/>stack<mg:s/>ov</mg:sg><mg:sg class="R">erflows<mg:s/>wi</mg:sg><mg:sg class="R">ll<mg:s/>only<mg:s/>be</mg:sg><mg:sg class="R"><mg:s/>handled<mg:s/>o</mg:sg><mg:sg class="R">n<mg:s/>the<mg:s/>thre</mg:sg><mg:sg class="R">ad<mg:s/>on<mg:s/>whic</mg:sg><mg:sg class="R">h<mg:lf/></mg:sg></mg:ln>
</mg:row>
<mg:row>
<mg:ln file="1" number="47" class="R"><mg:sg class="R"><mg:s/><mg:s/><mg:s/><mg:s/><mg:s/>*<mg:s/><mg:s/><mg:s/>t</mg:sg><mg:sg class="R">he<mg:s/>crash<mg:s/>r</mg:sg><mg:sg class="R">eporter<mg:s/>wa</mg:sg><mg:sg class="R">s<mg:s/>initiali</mg:sg><mg:sg class="R">zed.<mg:s/>This<mg:s/></mg:sg><mg:sg class="R">should<mg:s/>gen</mg:sg><mg:sg class="R">erally<mg:s/>be<mg:s/></mg:sg><mg:sg class="R">the<mg:s/>main<mg:s/>t</mg:sg><mg:sg class="R">hread.<mg:lf/></mg:sg></mg:ln>
</mg:row>
<mg:row>
<mg:ln file="1" number="48" class="R"><mg:sg class="R"><mg:s/><mg:s/><mg:s/><mg:s/><mg:s/>*<mg:s/>-<mg:s/>O</mg:sg><mg:sg class="R">n<mg:s/>iOS<mg:s/>6.0<mg:s/></mg:sg><mg:sg class="R">and<mg:s/>later,</mg:sg><mg:sg class="R"><mg:s/>any<mg:s/>stack</mg:sg><mg:sg class="R"><mg:s/>overflows</mg:sg><mg:sg class="R"><mg:s/>will<mg:s/>not<mg:s/></mg:sg><mg:sg class="R">be<mg:s/>handled</mg:sg><mg:sg class="R"><mg:s/>due<mg:s/>to<mg:s/>si</mg:sg><mg:sg class="R">galtstack(</mg:sg><mg:sg class="R">)<mg:s/>being<mg:lf/></mg:sg></mg:ln>
</mg:row>
<mg:row>
<mg:ln file="1" number="49" class="R"><mg:sg class="R"><mg:s/><mg:s/><mg:s/><mg:s/><mg:s/>*<mg:s/><mg:s/><mg:s/>n</mg:sg><mg:sg class="R">on-functio</mg:sg><mg:sg class="R">nal<mg:s/>on<mg:s/>the</mg:sg><mg:sg class="R"><mg:s/>device.<mg:s/>(</mg:sg><mg:sg class="R">see<mg:s/>rdar:/</mg:sg><mg:sg class="R">/13002712<mg:s/></mg:sg><mg:sg class="R">-<mg:s/>SA_ONSTA</mg:sg><mg:sg class="R">CK/sigalts</mg:sg><mg:sg class="R">tack()<mg:s/>ign</mg:sg><mg:sg class="R">ored<mg:s/>on<mg:s/>iO</mg:sg><mg:sg class="R">S).<mg:lf/></mg:sg></mg:ln>
</mg:row>
<mg:row>
<mg:ln file="1" number="50" class="R"><mg:sg class="R"><mg:s/><mg:s/><mg:s/><mg:s/><mg:s/>*<mg:s/>-<mg:s/>S</mg:sg><mg:sg class="R">ome<mg:s/>exit<mg:s/>p</mg:sg><mg:sg class="R">aths<mg:s/>in<mg:s/>Ap</mg:sg><mg:sg class="R">ple's<mg:s/>Libc</mg:sg><mg:sg class="R"><mg:s/>will<mg:s/>dere</mg:sg><mg:sg class="R">gister<mg:s/>a<mg:s/>s</mg:sg><mg:sg class="R">ignal<mg:s/>hand</mg:sg><mg:sg class="R">ler<mg:s/>before</mg:sg><mg:sg class="R"><mg:s/>firing<mg:s/>SI</mg:sg><mg:sg class="R">GABRT,<mg:s/>res</mg:sg><mg:sg class="R">ulting<mg:lf/></mg:sg></mg:ln>
</mg:row>
<mg:row>
<mg:ln file="1" number="51" class="R"><mg:sg class="R"><mg:s/><mg:s/><mg:s/><mg:s/><mg:s/>*<mg:s/><mg:s/><mg:s/>i</mg:sg><mg:sg class="R">n<mg:s/>the<mg:s/>sign</mg:sg><mg:sg class="R">al<mg:s/>handler</mg:sg><mg:sg class="R"><mg:s/>never<mg:s/>bei</mg:sg><mg:sg class="R">ng<mg:s/>called<mg:s/></mg:sg><mg:sg class="R">(see<mg:s/>rdar:</mg:sg><mg:sg class="R">//14313497</mg:sg><mg:sg class="R"><mg:s/>-<mg:s/>___abor</mg:sg><mg:sg class="R">t()<mg:s/>disabl</mg:sg><mg:sg class="R">es<mg:s/>SIGABRT</mg:sg><mg:sg class="R"><mg:s/>signal<mg:lf/></mg:sg></mg:ln>
</mg:row>
<mg:row>
<mg:ln file="1" number="52" class="R"><mg:sg class="R"><mg:s/><mg:s/><mg:s/><mg:s/><mg:s/>*<mg:s/><mg:s/><mg:s/>h</mg:sg><mg:sg class="R">andlers<mg:s/>pr</mg:sg><mg:sg class="R">ior<mg:s/>to<mg:s/>rai</mg:sg><mg:sg class="R">sing<mg:s/>SIGAB</mg:sg><mg:sg class="R">RT).<mg:s/><mg:s/>Thes</mg:sg><mg:sg class="R">e<mg:s/>__abort(</mg:sg><mg:sg class="R">)-based<mg:s/>ch</mg:sg><mg:sg class="R">ecks<mg:s/>are:<mg:lf/></mg:sg></mg:ln>
</mg:row>
<mg:row>
<mg:ln file="1" number="53" class="R"><mg:sg class="R"><mg:s/><mg:s/><mg:s/><mg:s/><mg:s/>*<mg:s/><mg:s/><mg:s/><mg:s/></mg:sg><mg:sg class="R"><mg:s/>-<mg:s/>Impleme</mg:sg><mg:sg class="R">nted<mg:s/>for<mg:s/>u</mg:sg><mg:sg class="R">nsafe<mg:s/>memc</mg:sg><mg:sg class="R">py/strcpy/</mg:sg><mg:sg class="R">snprintf<mg:s/>C</mg:sg><mg:sg class="R"><mg:s/>functions</mg:sg><mg:sg class="R">.<mg:lf/></mg:sg></mg:ln>
</mg:row>
<mg:row>
<mg:ln file="1" number="54" class="R"><mg:sg class="R"><mg:s/><mg:s/><mg:s/><mg:s/><mg:s/>*<mg:s/><mg:s/><mg:s/><mg:s/></mg:sg><mg:sg class="R"><mg:s/>-<mg:s/>Only<mg:s/>en</mg:sg><mg:sg class="R">abled<mg:s/>when</mg:sg><mg:sg class="R"><mg:s/>operating</mg:sg><mg:sg class="R"><mg:s/>on<mg:s/>a<mg:s/>fixe</mg:sg><mg:sg class="R">d-width<mg:s/>ta</mg:sg><mg:sg class="R">rget<mg:s/>buffe</mg:sg><mg:sg class="R">r<mg:s/>(in<mg:s/>whic</mg:sg><mg:sg class="R">h<mg:s/>case<mg:s/>the</mg:sg><mg:sg class="R"><mg:lf/></mg:sg></mg:ln>
</mg:row>
<mg:row>
<mg:ln file="1" number="55" class="R"><mg:sg class="R"><mg:s/><mg:s/><mg:s/><mg:s/><mg:s/>*<mg:s/><mg:s/><mg:s/><mg:s/></mg:sg><mg:sg class="R"><mg:s/><mg:s/><mg:s/>compile</mg:sg><mg:sg class="R">r<mg:s/>rewrites</mg:sg><mg:sg class="R"><mg:s/>the<mg:s/>funct</mg:sg><mg:sg class="R">ion<mg:s/>calls<mg:s/></mg:sg><mg:sg class="R">to<mg:s/>the<mg:s/>bui</mg:sg><mg:sg class="R">lt-in<mg:s/>vari</mg:sg><mg:sg class="R">ants,<mg:s/>and<mg:s/></mg:sg><mg:sg class="R">provides<mg:s/>t</mg:sg><mg:sg class="R">he<mg:s/>fixed-w</mg:sg><mg:sg class="R">idth<mg:s/>lengt</mg:sg><mg:sg class="R">h<mg:s/>as<mg:s/>an<mg:s/>ar</mg:sg><mg:sg class="R">gument).<mg:lf/></mg:sg></mg:ln>
</mg:row>
<mg:row>
<mg:ln file="1" number="56" class="R"><mg:sg class="R"><mg:s/><mg:s/><mg:s/><mg:s/><mg:s/>*<mg:s/><mg:s/><mg:s/><mg:s/></mg:sg><mg:sg class="R"><mg:s/>-<mg:s/>Only<mg:s/>tr</mg:sg><mg:sg class="R">igger<mg:s/>in<mg:s/>t</mg:sg><mg:sg class="R">he<mg:s/>case<mg:s/>th</mg:sg><mg:sg class="R">at<mg:s/>the<mg:s/>sou</mg:sg><mg:sg class="R">rce<mg:s/>data<mg:s/>e</mg:sg><mg:sg class="R">xceeds<mg:s/>the</mg:sg><mg:sg class="R"><mg:s/>size<mg:s/>of<mg:s/>t</mg:sg><mg:sg class="R">he<mg:s/>fixed<mg:s/>w</mg:sg><mg:sg class="R">idth<mg:s/>targe</mg:sg><mg:sg class="R">t<mg:lf/></mg:sg></mg:ln>
</mg:row>
<mg:row>
<mg:ln file="1" number="57" class="R"><mg:sg class="R"><mg:s/><mg:s/><mg:s/><mg:s/><mg:s/>*<mg:s/><mg:s/><mg:s/><mg:s/></mg:sg><mg:sg class="R"><mg:s/><mg:s/><mg:s/>buffer,</mg:sg><mg:sg class="R"><mg:s/>and<mg:s/>the<mg:s/>m</mg:sg><mg:sg class="R">aximum<mg:s/>len</mg:sg><mg:sg class="R">gth<mg:s/>argume</mg:sg><mg:sg class="R">nt<mg:s/>either<mg:s/></mg:sg><mg:sg class="R">isn't<mg:s/>supp</mg:sg><mg:sg class="R">lied<mg:s/>by<mg:s/>th</mg:sg><mg:sg class="R">e<mg:s/>caller<mg:s/>(</mg:sg><mg:sg class="R">eg,<mg:s/>when<mg:s/>u</mg:sg><mg:sg class="R">sing<mg:s/>strcp</mg:sg><mg:sg class="R">y),<mg:lf/></mg:sg></mg:ln>
</mg:row>
<mg:row>
<mg:ln file="1" number="58" class="R"><mg:sg class="R"><mg:s/><mg:s/><mg:s/><mg:s/><mg:s/>*<mg:s/><mg:s/><mg:s/><mg:s/></mg:sg><mg:sg class="R"><mg:s/><mg:s/><mg:s/>or<mg:s/>a<mg:s/>to</mg:sg><mg:sg class="R">o-long<mg:s/>arg</mg:sg><mg:sg class="R">ument<mg:s/>is<mg:s/>s</mg:sg><mg:sg class="R">upplied<mg:s/>(e</mg:sg><mg:sg class="R">g,<mg:s/>strncpy</mg:sg><mg:sg class="R"><mg:s/>with<mg:s/>a<mg:s/>le</mg:sg><mg:sg class="R">ngth<mg:s/>argum</mg:sg><mg:sg class="R">ent<mg:s/>longer</mg:sg><mg:sg class="R"><mg:s/>than<mg:s/>the<mg:s/></mg:sg><mg:sg class="R">target<mg:s/>buf</mg:sg><mg:sg class="R">fer),<mg:lf/></mg:sg></mg:ln>
</mg:row>
<mg:row>
<mg:ln file="1" number="59" class="R"><mg:sg class="R"><mg:s/><mg:s/><mg:s/><mg:s/><mg:s/>*<mg:s/><mg:s/><mg:s/><mg:s/></mg:sg><mg:sg class="R"><mg:s/><mg:s/><mg:s/>AND<mg:s/>tha</mg:sg><mg:sg class="R">t<mg:s/>argument</mg:sg><mg:sg class="R"><mg:s/>can't<mg:s/>be<mg:s/></mg:sg><mg:sg class="R">checked<mg:s/>at</mg:sg><mg:sg class="R"><mg:s/>compile-t</mg:sg><mg:sg class="R">ime.<mg:lf/></mg:sg></mg:ln>
</mg:row>
<mg:row>
<mg:ln file="1" number="60" class="R"><mg:sg class="R"><mg:s/><mg:s/><mg:s/><mg:s/><mg:s/>*/<mg:lf/></mg:sg></mg:ln>
</mg:row>
<mg:row>
<mg:ln file="1" number="61" class="R"><mg:sg class="R"><mg:s/><mg:s/><mg:s/><mg:s/>PLCras</mg:sg><mg:sg class="R">hReporterS</mg:sg><mg:sg class="R">ignalHandl</mg:sg><mg:sg class="R">erTypeBSD<mg:s/></mg:sg><mg:sg class="R">=<mg:s/>0,<mg:lf/></mg:sg></mg:ln>
</mg:row>
<mg:row>
<mg:ln file="1" number="62" class="R"><mg:sg class="R"><mg:lf/></mg:sg></mg:ln>
</mg:row>
<mg:row>
<mg:ln file="1" number="63" class="R"><mg:sg class="R">#if<mg:s/>PLCRAS</mg:sg><mg:sg class="R">H_FEATURE_</mg:sg><mg:sg class="R">MACH_EXCEP</mg:sg><mg:sg class="R">TIONS<mg:lf/></mg:sg></mg:ln>
</mg:row>
<mg:row>
<mg:ln file="1" number="64" class="R"><mg:sg class="R"><mg:s/><mg:s/><mg:s/><mg:s/>/**<mg:lf/></mg:sg></mg:ln>
</mg:row>
<mg:row>
<mg:ln file="1" number="65" class="R"><mg:sg class="R"><mg:s/><mg:s/><mg:s/><mg:s/><mg:s/>*<mg:s/>Tra</mg:sg><mg:sg class="R">p<mg:s/>fatal<mg:s/>si</mg:sg><mg:sg class="R">gnals<mg:s/>via<mg:s/></mg:sg><mg:sg class="R">a<mg:s/>Mach<mg:s/>exc</mg:sg><mg:sg class="R">eption<mg:s/>ser</mg:sg><mg:sg class="R">ver.<mg:lf/></mg:sg></mg:ln>
</mg:row>
<mg:row>
<mg:ln file="1" number="66" class="R"><mg:sg class="R"><mg:s/><mg:s/><mg:s/><mg:s/><mg:s/>*<mg:lf/></mg:sg></mg:ln>
</mg:row>
<mg:row>
<mg:ln file="1" number="67" class="R"><mg:sg class="R"><mg:s/><mg:s/><mg:s/><mg:s/><mg:s/>*<mg:s/>If<mg:s/></mg:sg><mg:sg class="R">any<mg:s/>existi</mg:sg><mg:sg class="R">ng<mg:s/>Mach<mg:s/>ex</mg:sg><mg:sg class="R">ception<mg:s/>se</mg:sg><mg:sg class="R">rver<mg:s/>has<mg:s/>b</mg:sg><mg:sg class="R">een<mg:s/>regist</mg:sg><mg:sg class="R">ered<mg:s/>for<mg:s/>t</mg:sg><mg:sg class="R">he<mg:s/>task,<mg:s/>e</mg:sg><mg:sg class="R">xceptions<mg:s/></mg:sg><mg:sg class="R">will<mg:s/>be<mg:s/>fo</mg:sg><mg:sg class="R">rwarded<mg:s/>to</mg:sg><mg:sg class="R"><mg:s/>that<mg:lf/></mg:sg></mg:ln>
</mg:row>
<mg:row>
<mg:ln file="1" number="68" class="R"><mg:sg class="R"><mg:s/><mg:s/><mg:s/><mg:s/><mg:s/>*<mg:s/>exc</mg:sg><mg:sg class="R">eption<mg:s/>han</mg:sg><mg:sg class="R">dler.<mg:s/>Shou</mg:sg><mg:sg class="R">ld<mg:s/>the<mg:s/>exc</mg:sg><mg:sg class="R">eptions<mg:s/>be</mg:sg><mg:sg class="R"><mg:s/>handled<mg:s/>b</mg:sg><mg:sg class="R">y<mg:s/>an<mg:s/>exist</mg:sg><mg:sg class="R">ing<mg:s/>handle</mg:sg><mg:sg class="R">r,<mg:s/>no<mg:s/>repo</mg:sg><mg:sg class="R">rt<mg:s/>will<mg:s/>be</mg:sg><mg:sg class="R"><mg:s/>generated</mg:sg><mg:sg class="R"><mg:lf/></mg:sg></mg:ln>
</mg:row>
<mg:row>
<mg:ln file="1" number="69" class="R"><mg:sg class="R"><mg:s/><mg:s/><mg:s/><mg:s/><mg:s/>*<mg:s/>by<mg:s/></mg:sg><mg:sg class="R">PLCrashRep</mg:sg><mg:sg class="R">orter.<mg:lf/></mg:sg></mg:ln>
</mg:row>
<mg:row>
<mg:ln file="1" number="70" class="R"><mg:sg class="R"><mg:s/><mg:s/><mg:s/><mg:s/><mg:s/>*<mg:lf/></mg:sg></mg:ln>
</mg:row>
<mg:row>
<mg:ln file="1" number="71" class="R"><mg:sg class="R"><mg:s/><mg:s/><mg:s/><mg:s/><mg:s/>*<mg:s/>@pa</mg:sg><mg:sg class="R">r<mg:s/>Mac<mg:s/>OS<mg:s/>X</mg:sg><mg:sg class="R"><mg:lf/></mg:sg></mg:ln>
</mg:row>
<mg:row>
<mg:ln file="1" number="72" class="R"><mg:sg class="R"><mg:s/><mg:s/><mg:s/><mg:s/><mg:s/>*<mg:lf/></mg:sg></mg:ln>
</mg:row>
<mg:row>
<mg:ln file="1" number="73" class="R"><mg:sg class="R"><mg:s/><mg:s/><mg:s/><mg:s/><mg:s/>*<mg:s/>On<mg:s/></mg:sg><mg:sg class="R">Mac<mg:s/>OS<mg:s/>X,<mg:s/></mg:sg><mg:sg class="R">the<mg:s/>Mach<mg:s/>e</mg:sg><mg:sg class="R">xception<mg:s/>i</mg:sg><mg:sg class="R">mplementat</mg:sg><mg:sg class="R">ion<mg:s/>is<mg:s/>ful</mg:sg><mg:sg class="R">ly<mg:s/>support</mg:sg><mg:sg class="R">ed,<mg:s/>using<mg:s/></mg:sg><mg:sg class="R">publicly<mg:s/>a</mg:sg><mg:sg class="R">vailable<mg:s/>A</mg:sg><mg:sg class="R">PI<mg:s/>--<mg:s/>note</mg:sg><mg:sg class="R">,<mg:lf/></mg:sg></mg:ln>
</mg:row>
<mg:row>
<mg:ln file="1" number="74" class="R"><mg:sg class="R"><mg:s/><mg:s/><mg:s/><mg:s/><mg:s/>*<mg:s/>how</mg:sg><mg:sg class="R">ever,<mg:s/>that</mg:sg><mg:sg class="R"><mg:s/>some<mg:s/>kern</mg:sg><mg:sg class="R">el-interna</mg:sg><mg:sg class="R">l<mg:s/>constant</mg:sg><mg:sg class="R">s,<mg:s/>as<mg:s/>well</mg:sg><mg:sg class="R"><mg:s/>as<mg:s/>archit</mg:sg><mg:sg class="R">ecture-spe</mg:sg><mg:sg class="R">cific<mg:s/>trap</mg:sg><mg:sg class="R"><mg:s/>informati</mg:sg><mg:sg class="R">on,<mg:lf/></mg:sg></mg:ln>
</mg:row>
<mg:row>
<mg:ln file="1" number="75" class="R"><mg:sg class="R"><mg:s/><mg:s/><mg:s/><mg:s/><mg:s/>*<mg:s/>may</mg:sg><mg:sg class="R"><mg:s/>be<mg:s/>requir</mg:sg><mg:sg class="R">ed<mg:s/>to<mg:s/>full</mg:sg><mg:sg class="R">y<mg:s/>interpre</mg:sg><mg:sg class="R">t<mg:s/>a<mg:s/>Mach<mg:s/>e</mg:sg><mg:sg class="R">xception's</mg:sg><mg:sg class="R"><mg:s/>root<mg:s/>caus</mg:sg><mg:sg class="R">e.<mg:lf/></mg:sg></mg:ln>
</mg:row>
<mg:row>
<mg:ln file="1" number="76" class="R"><mg:sg class="R"><mg:s/><mg:s/><mg:s/><mg:s/><mg:s/>*<mg:lf/></mg:sg></mg:ln>
</mg:row>
<mg:row>
<mg:ln file="1" number="77" class="R"><mg:sg class="R"><mg:s/><mg:s/><mg:s/><mg:s/><mg:s/>*<mg:s/>@pa</mg:sg><mg:sg class="R">r<mg:s/>iOS<mg:lf/></mg:sg></mg:ln>
</mg:row>
<mg:row>
<mg:ln file="1" number="78" class="R"><mg:sg class="R"><mg:s/><mg:s/><mg:s/><mg:s/><mg:s/>*<mg:lf/></mg:sg></mg:ln>
</mg:row>
<mg:row>
<mg:ln file="1" number="79" class="R"><mg:sg class="R"><mg:s/><mg:s/><mg:s/><mg:s/><mg:s/>*<mg:s/>On<mg:s/></mg:sg><mg:sg class="R">iOS,<mg:s/>the<mg:s/>A</mg:sg><mg:sg class="R">PIs<mg:s/>requir</mg:sg><mg:sg class="R">ed<mg:s/>for<mg:s/>a<mg:s/>c</mg:sg><mg:sg class="R">omplete<mg:s/>im</mg:sg><mg:sg class="R">plementati</mg:sg><mg:sg class="R">on<mg:s/>are<mg:s/>not</mg:sg><mg:sg class="R"><mg:s/>fully<mg:s/>pub</mg:sg><mg:sg class="R">lic.<mg:lf/></mg:sg></mg:ln>
</mg:row>
<mg:row>
<mg:ln file="1" number="80" class="R"><mg:sg class="R"><mg:s/><mg:s/><mg:s/><mg:s/><mg:s/>*<mg:lf/></mg:sg></mg:ln>
</mg:row>
<mg:row>
<mg:ln file="1" number="81" class="R"><mg:sg class="R"><mg:s/><mg:s/><mg:s/><mg:s/><mg:s/>*<mg:s/>The</mg:sg><mg:sg class="R"><mg:s/>exposed<mg:s/>s</mg:sg><mg:sg class="R">urface<mg:s/>of<mg:s/></mg:sg><mg:sg class="R">undocument</mg:sg><mg:sg class="R">ed<mg:s/>API<mg:s/>usa</mg:sg><mg:sg class="R">ge<mg:s/>is<mg:s/>rela</mg:sg><mg:sg class="R">tively<mg:s/>low</mg:sg><mg:sg class="R">,<mg:s/>and<mg:s/>ther</mg:sg><mg:sg class="R">e<mg:s/>has<mg:s/>been</mg:sg><mg:sg class="R"><mg:s/>strong<mg:s/>us</mg:sg><mg:sg class="R">er<mg:s/>demand<mg:s/></mg:sg><mg:sg class="R">to<mg:lf/></mg:sg></mg:ln>
</mg:row>
<mg:row>
<mg:ln file="1" number="82" class="R"><mg:sg class="R"><mg:s/><mg:s/><mg:s/><mg:s/><mg:s/>*<mg:s/>imp</mg:sg><mg:sg class="R">lement<mg:s/>Mac</mg:sg><mg:sg class="R">h<mg:s/>exceptio</mg:sg><mg:sg class="R">n<mg:s/>handling</mg:sg><mg:sg class="R"><mg:s/>regardles</mg:sg><mg:sg class="R">s<mg:s/>of<mg:s/>conce</mg:sg><mg:sg class="R">rns<mg:s/>over<mg:s/>A</mg:sg><mg:sg class="R">PI<mg:s/>visibli</mg:sg><mg:sg class="R">ty.<mg:s/>Given<mg:s/></mg:sg><mg:sg class="R">this,<mg:s/>we'v</mg:sg><mg:sg class="R">e<mg:s/>included</mg:sg><mg:sg class="R"><mg:lf/></mg:sg></mg:ln>
</mg:row>
<mg:row>
<mg:ln file="1" number="83" class="R"><mg:sg class="R"><mg:s/><mg:s/><mg:s/><mg:s/><mg:s/>*<mg:s/>Mac</mg:sg><mg:sg class="R">h<mg:s/>exceptio</mg:sg><mg:sg class="R">n<mg:s/>handling</mg:sg><mg:sg class="R"><mg:s/>as<mg:s/>an<mg:s/>opt</mg:sg><mg:sg class="R">ional<mg:s/>feat</mg:sg><mg:sg class="R">ure,<mg:s/>with<mg:s/></mg:sg><mg:sg class="R">both<mg:s/>build</mg:sg><mg:sg class="R">-time<mg:s/>and<mg:s/></mg:sg><mg:sg class="R">runtime<mg:s/>co</mg:sg><mg:sg class="R">nfiguratio</mg:sg><mg:sg class="R">n<mg:lf/></mg:sg></mg:ln>
</mg:row>
<mg:row>
<mg:ln file="1" number="84" class="R"><mg:sg class="R"><mg:s/><mg:s/><mg:s/><mg:s/><mg:s/>*<mg:s/>to<mg:s/></mg:sg><mg:sg class="R">disable<mg:s/>it</mg:sg><mg:sg class="R">s<mg:s/>inclusio</mg:sg><mg:sg class="R">n<mg:s/>or<mg:s/>use,<mg:s/></mg:sg><mg:sg class="R">respective</mg:sg><mg:sg class="R">ly.<mg:lf/></mg:sg></mg:ln>
</mg:row>
<mg:row>
<mg:ln file="1" number="85" class="R"><mg:sg class="R"><mg:s/><mg:s/><mg:s/><mg:s/><mg:s/>*<mg:lf/></mg:sg></mg:ln>
</mg:row>
<mg:row>
<mg:ln file="1" number="86" class="R"><mg:sg class="R"><mg:s/><mg:s/><mg:s/><mg:s/><mg:s/>*<mg:s/>@pa</mg:sg><mg:sg class="R">r<mg:s/>Debugger</mg:sg><mg:sg class="R"><mg:s/>Incompati</mg:sg><mg:sg class="R">bility<mg:lf/></mg:sg></mg:ln>
</mg:row>
<mg:row>
<mg:ln file="1" number="87" class="R"><mg:sg class="R"><mg:s/><mg:s/><mg:s/><mg:s/><mg:s/>*<mg:lf/></mg:sg></mg:ln>
</mg:row>
<mg:row>
<mg:ln file="1" number="88" class="R"><mg:sg class="R"><mg:s/><mg:s/><mg:s/><mg:s/><mg:s/>*<mg:s/>The</mg:sg><mg:sg class="R"><mg:s/>Mach<mg:s/>exce</mg:sg><mg:sg class="R">ption<mg:s/>hand</mg:sg><mg:sg class="R">ler<mg:s/>execut</mg:sg><mg:sg class="R">es<mg:s/>in-proc</mg:sg><mg:sg class="R">ess,<mg:s/>and<mg:s/>w</mg:sg><mg:sg class="R">ill<mg:s/>interf</mg:sg><mg:sg class="R">ere<mg:s/>with<mg:s/>d</mg:sg><mg:sg class="R">ebuggers<mg:s/>w</mg:sg><mg:sg class="R">hen<mg:s/>they<mg:s/>a</mg:sg><mg:sg class="R">ttempt<mg:s/>to<mg:lf/></mg:sg></mg:ln>
</mg:row>
<mg:row>
<mg:ln file="1" number="89" class="R"><mg:sg class="R"><mg:s/><mg:s/><mg:s/><mg:s/><mg:s/>*<mg:s/>sus</mg:sg><mg:sg class="R">pend<mg:s/>all<mg:s/>a</mg:sg><mg:sg class="R">ctive<mg:s/>thre</mg:sg><mg:sg class="R">ads<mg:s/>(which</mg:sg><mg:sg class="R"><mg:s/>will<mg:s/>incl</mg:sg><mg:sg class="R">ude<mg:s/>the<mg:s/>Ma</mg:sg><mg:sg class="R">ch<mg:s/>excepti</mg:sg><mg:sg class="R">on<mg:s/>handler</mg:sg><mg:sg class="R">).<mg:s/>Mach-ba</mg:sg><mg:sg class="R">sed<mg:s/>handli</mg:sg><mg:sg class="R">ng<mg:lf/></mg:sg></mg:ln>
</mg:row>
<mg:row>
<mg:ln file="1" number="90" class="R"><mg:sg class="R"><mg:s/><mg:s/><mg:s/><mg:s/><mg:s/>*<mg:s/>sho</mg:sg><mg:sg class="R">uld<mg:s/>not<mg:s/>be</mg:sg><mg:sg class="R"><mg:s/>used<mg:s/>when</mg:sg><mg:sg class="R"><mg:s/>a<mg:s/>debugge</mg:sg><mg:sg class="R">r<mg:s/>is<mg:s/>attac</mg:sg><mg:sg class="R">hed.<mg:lf/></mg:sg></mg:ln>
</mg:row>
<mg:row>
<mg:ln file="1" number="91" class="R"><mg:sg class="R"><mg:s/><mg:s/><mg:s/><mg:s/><mg:s/>*<mg:lf/></mg:sg></mg:ln>
</mg:row>
<mg:row>
<mg:ln file="1" number="92" class="R"><mg:sg class="R"><mg:s/><mg:s/><mg:s/><mg:s/><mg:s/>*<mg:s/>@pa</mg:sg><mg:sg class="R">r<mg:s/>More<mg:s/>Det</mg:sg><mg:sg class="R">ails<mg:lf/></mg:sg></mg:ln>
</mg:row>
<mg:row>
<mg:ln file="1" number="93" class="R"><mg:sg class="R"><mg:s/><mg:s/><mg:s/><mg:s/><mg:s/>*<mg:lf/></mg:sg></mg:ln>
</mg:row>
<mg:row>
<mg:ln file="1" number="94" class="R"><mg:sg class="R"><mg:s/><mg:s/><mg:s/><mg:s/><mg:s/>*<mg:s/>For</mg:sg><mg:sg class="R"><mg:s/>more<mg:s/>info</mg:sg><mg:sg class="R">rmation,<mg:s/>r</mg:sg><mg:sg class="R">efer<mg:s/>to<mg:s/>@r</mg:sg><mg:sg class="R">ef<mg:s/>mach_ex</mg:sg><mg:sg class="R">ceptions.<mg:lf/></mg:sg></mg:ln>
</mg:row>
<mg:row>
<mg:ln file="1" number="95" class="R"><mg:sg class="R"><mg:s/><mg:s/><mg:s/><mg:s/><mg:s/>*/<mg:lf/></mg:sg></mg:ln>
</mg:row>
<mg:row>
<mg:ln file="1" number="96" class="R"><mg:sg class="R"><mg:s/><mg:s/><mg:s/><mg:s/>PLCras</mg:sg><mg:sg class="R">hReporterS</mg:sg><mg:sg class="R">ignalHandl</mg:sg><mg:sg class="R">erTypeMach</mg:sg><mg:sg class="R"><mg:s/>=<mg:s/>1<mg:lf/></mg:sg></mg:ln>
</mg:row>
<mg:row>
<mg:ln file="1" number="97" class="R"><mg:sg class="R">#endif<mg:s/>/*<mg:s/></mg:sg><mg:sg class="R">PLCRASH_FE</mg:sg><mg:sg class="R">ATURE_MACH</mg:sg><mg:sg class="R">_EXCEPTION</mg:sg><mg:sg class="R">S<mg:s/>*/<mg:lf/></mg:sg></mg:ln>
</mg:row>
<mg:row>
<mg:ln file="1" number="98" class="R"><mg:sg class="R">};<mg:lf/></mg:sg></mg:ln>
</mg:row>
<mg:row>
<mg:ln file="1" number="99" class="R"><mg:sg class="R"><mg:lf/></mg:sg></mg:ln>
</mg:row>
<mg:row>
<mg:ln file="1" number="100" class="R"><mg:sg class="R">/**<mg:lf/></mg:sg></mg:ln>
</mg:row>
<mg:row>
<mg:ln file="1" number="101" class="R"><mg:sg class="R"><mg:s/>*<mg:s/>@ingrou</mg:sg><mg:sg class="R">p<mg:s/>enums<mg:lf/></mg:sg></mg:ln>
</mg:row>
<mg:row>
<mg:ln file="1" number="102" class="R"><mg:sg class="R"><mg:s/>*<mg:s/>Support</mg:sg><mg:sg class="R">ed<mg:s/>mechani</mg:sg><mg:sg class="R">sms<mg:s/>for<mg:s/>pe</mg:sg><mg:sg class="R">rforming<mg:s/>l</mg:sg><mg:sg class="R">ocal<mg:s/>symbo</mg:sg><mg:sg class="R">lication.<mg:lf/></mg:sg></mg:ln>
</mg:row>
<mg:row>
<mg:ln file="1" number="103" class="R"><mg:sg class="R"><mg:s/>*<mg:lf/></mg:sg></mg:ln>
</mg:row>
<mg:row>
<mg:ln file="1" number="104" class="R"><mg:sg class="R"><mg:s/>*<mg:s/>Local<mg:s/>s</mg:sg><mg:sg class="R">ymbolicati</mg:sg><mg:sg class="R">on<mg:s/>is<mg:s/>perf</mg:sg><mg:sg class="R">ormed<mg:s/>usin</mg:sg><mg:sg class="R">g<mg:s/>inexact<mg:s/></mg:sg><mg:sg class="R">heuristics</mg:sg><mg:sg class="R"><mg:s/>and<mg:s/>symbo</mg:sg><mg:sg class="R">l<mg:s/>data<mg:s/>ava</mg:sg><mg:sg class="R">ilable<mg:s/>at<mg:s/></mg:sg><mg:sg class="R">runtime;<mg:s/>i</mg:sg><mg:sg class="R">t<mg:s/>may<mg:lf/></mg:sg></mg:ln>
</mg:row>
<mg:row>
<mg:ln file="1" number="105" class="R"><mg:sg class="R"><mg:s/>*<mg:s/>return<mg:s/></mg:sg><mg:sg class="R">informatio</mg:sg><mg:sg class="R">n<mg:s/>that<mg:s/>is<mg:s/></mg:sg><mg:sg class="R">incorrect.</mg:sg><mg:sg class="R"><mg:s/>This<mg:s/>may<mg:s/></mg:sg><mg:sg class="R">still<mg:s/>be<mg:s/>u</mg:sg><mg:sg class="R">seful<mg:s/>in<mg:s/>t</mg:sg><mg:sg class="R">he<mg:s/>case<mg:s/>wh</mg:sg><mg:sg class="R">ere<mg:s/>DWARF<mg:s/></mg:sg><mg:sg class="R">data<mg:s/>is<mg:s/>un</mg:sg><mg:sg class="R">available<mg:lf/></mg:sg></mg:ln>
</mg:row>
<mg:row>
<mg:ln file="1" number="106" class="R"><mg:sg class="R"><mg:s/>*<mg:s/>for<mg:s/>a<mg:s/>g</mg:sg><mg:sg class="R">iven<mg:s/>build</mg:sg><mg:sg class="R">;<mg:s/>in<mg:s/>that<mg:s/></mg:sg><mg:sg class="R">case,<mg:s/>it<mg:s/>c</mg:sg><mg:sg class="R">an<mg:s/>provide</mg:sg><mg:sg class="R"><mg:s/>function<mg:s/></mg:sg><mg:sg class="R">and<mg:s/>method</mg:sg><mg:sg class="R"><mg:s/>names<mg:s/>(th</mg:sg><mg:sg class="R">ough<mg:s/>not<mg:s/>l</mg:sg><mg:sg class="R">ine<mg:s/>number</mg:sg><mg:sg class="R">s)<mg:s/>for<mg:s/>a<mg:lf/></mg:sg></mg:ln>
</mg:row>
<mg:row>
<mg:ln file="1" number="107" class="R"><mg:sg class="R"><mg:s/>*<mg:s/>crash<mg:s/>r</mg:sg><mg:sg class="R">eport<mg:s/>that</mg:sg><mg:sg class="R"><mg:s/>may<mg:s/>other</mg:sg><mg:sg class="R">wise<mg:s/>be<mg:s/>un</mg:sg><mg:sg class="R">usable.<mg:lf/></mg:sg></mg:ln>
</mg:row>
<mg:row>
<mg:ln file="1" number="108" class="R"><mg:sg class="R"><mg:s/>*<mg:lf/></mg:sg></mg:ln>
</mg:row>
<mg:row>
<mg:ln file="1" number="109" class="R"><mg:sg class="R"><mg:s/>*<mg:s/>Note,<mg:s/>h</mg:sg><mg:sg class="R">owever,<mg:s/>th</mg:sg><mg:sg class="R">is<mg:s/>comes<mg:s/>a</mg:sg><mg:sg class="R">t<mg:s/>the<mg:s/>cost</mg:sg><mg:sg class="R"><mg:s/>of<mg:s/>a<mg:s/>sign</mg:sg><mg:sg class="R">ificant<mg:s/>in</mg:sg><mg:sg class="R">crease<mg:s/>in<mg:s/></mg:sg><mg:sg class="R">code<mg:s/>that<mg:s/></mg:sg><mg:sg class="R">must<mg:s/>run<mg:s/>w</mg:sg><mg:sg class="R">ithin<mg:s/>the<mg:s/></mg:sg><mg:sg class="R">critical<mg:lf/></mg:sg></mg:ln>
</mg:row>
<mg:row>
<mg:ln file="1" number="110" class="R"><mg:sg class="R"><mg:s/>*<mg:s/>crash<mg:s/>r</mg:sg><mg:sg class="R">eporting<mg:s/>s</mg:sg><mg:sg class="R">ection,<mg:s/>wh</mg:sg><mg:sg class="R">ere<mg:s/>failur</mg:sg><mg:sg class="R">es<mg:s/>may<mg:s/>res</mg:sg><mg:sg class="R">ult<mg:s/>in<mg:s/>cra</mg:sg><mg:sg class="R">sh<mg:s/>reports</mg:sg><mg:sg class="R"><mg:s/>being<mg:s/>cor</mg:sg><mg:sg class="R">rupted<mg:s/>or<mg:s/></mg:sg><mg:sg class="R">left<mg:s/>unwri</mg:sg><mg:sg class="R">tten.<mg:s/>In<mg:lf/></mg:sg></mg:ln>
</mg:row>
<mg:row>
<mg:ln file="1" number="111" class="R"><mg:sg class="R"><mg:s/>*<mg:s/>additio</mg:sg><mg:sg class="R">n,<mg:s/>some<mg:s/>of</mg:sg><mg:sg class="R"><mg:s/>the<mg:s/>provi</mg:sg><mg:sg class="R">ded<mg:s/>symbol</mg:sg><mg:sg class="R">ication<mg:s/>st</mg:sg><mg:sg class="R">rategies<mg:s/>r</mg:sg><mg:sg class="R">ely<mg:s/>on<mg:s/>kno</mg:sg><mg:sg class="R">wledge<mg:s/>of<mg:s/></mg:sg><mg:sg class="R">runtime<mg:s/>in</mg:sg><mg:sg class="R">ternals<mg:s/>th</mg:sg><mg:sg class="R">at<mg:s/>may<mg:lf/></mg:sg></mg:ln>
</mg:row>
<mg:row>
<mg:ln file="1" number="112" class="R"><mg:sg class="R"><mg:s/>*<mg:s/>change<mg:s/></mg:sg><mg:sg class="R">in<mg:s/>future<mg:s/></mg:sg><mg:sg class="R">iOS<mg:s/>releas</mg:sg><mg:sg class="R">es.<mg:s/>Given<mg:s/></mg:sg><mg:sg class="R">that<mg:s/>DWARF</mg:sg><mg:sg class="R"><mg:s/>symbolica</mg:sg><mg:sg class="R">tion<mg:s/>data<mg:s/></mg:sg><mg:sg class="R">will<mg:s/>&lt;em&gt;a</mg:sg><mg:sg class="R">lways&lt;/em&gt;</mg:sg><mg:sg class="R"><mg:s/>be<mg:s/>more<mg:s/>a</mg:sg><mg:sg class="R">ccurate,<mg:s/>a</mg:sg><mg:sg class="R">nd<mg:lf/></mg:sg></mg:ln>
</mg:row>
<mg:row>
<mg:ln file="1" number="113" class="R"><mg:sg class="R"><mg:s/>*<mg:s/>the<mg:s/>ris</mg:sg><mg:sg class="R">ks<mg:s/>inheren</mg:sg><mg:sg class="R">t<mg:s/>in<mg:s/>execu</mg:sg><mg:sg class="R">ting<mg:s/>consi</mg:sg><mg:sg class="R">derably<mg:s/>mo</mg:sg><mg:sg class="R">re<mg:s/>code<mg:s/>at</mg:sg><mg:sg class="R"><mg:s/>crash<mg:s/>tim</mg:sg><mg:sg class="R">e,<mg:s/>it<mg:s/>is<mg:s/>s</mg:sg><mg:sg class="R">trongly<mg:s/>re</mg:sg><mg:sg class="R">commended<mg:s/></mg:sg><mg:sg class="R">that<mg:s/>local</mg:sg><mg:sg class="R"><mg:lf/></mg:sg></mg:ln>
</mg:row>
<mg:row>
<mg:ln file="1" number="114" class="R"><mg:sg class="R"><mg:s/>*<mg:s/>symboli</mg:sg><mg:sg class="R">cation<mg:s/>onl</mg:sg><mg:sg class="R">y<mg:s/>be<mg:s/>enabl</mg:sg><mg:sg class="R">ed<mg:s/>for<mg:s/>non</mg:sg><mg:sg class="R">-release<mg:s/>b</mg:sg><mg:sg class="R">uilds.<mg:lf/></mg:sg></mg:ln>
</mg:row>
<mg:row>
<mg:ln file="1" number="115" class="R"><mg:sg class="R"><mg:s/>*<mg:lf/></mg:sg></mg:ln>
</mg:row>
<mg:row>
<mg:ln file="1" number="116" class="R"><mg:sg class="R"><mg:s/>*<mg:s/>Multipl</mg:sg><mg:sg class="R">e<mg:s/>symbolic</mg:sg><mg:sg class="R">ation<mg:s/>stra</mg:sg><mg:sg class="R">tegies<mg:s/>may</mg:sg><mg:sg class="R"><mg:s/>be<mg:s/>enable</mg:sg><mg:sg class="R">d,<mg:s/>in<mg:s/>whic</mg:sg><mg:sg class="R">h<mg:s/>case<mg:s/>a<mg:s/>b</mg:sg><mg:sg class="R">est-match<mg:s/></mg:sg><mg:sg class="R">heuristic<mg:s/></mg:sg><mg:sg class="R">will<mg:s/>be<mg:s/>ap</mg:sg><mg:sg class="R">plied<mg:s/>to<mg:s/>t</mg:sg><mg:sg class="R">he<mg:lf/></mg:sg></mg:ln>
</mg:row>
<mg:row>
<mg:ln file="1" number="117" class="R"><mg:sg class="R"><mg:s/>*<mg:s/>results</mg:sg><mg:sg class="R">.<mg:lf/></mg:sg></mg:ln>
</mg:row>
<mg:row>
<mg:ln file="1" number="118" class="R"><mg:sg class="R"><mg:s/>*/<mg:lf/></mg:sg></mg:ln>
</mg:row>
<mg:row>
<mg:ln file="1" number="119" class="R"><mg:sg class="R">typedef<mg:s/>NS</mg:sg><mg:sg class="R">_OPTIONS(N</mg:sg><mg:sg class="R">SUInteger,</mg:sg><mg:sg class="R"><mg:s/>PLCrashRe</mg:sg><mg:sg class="R">porterSymb</mg:sg><mg:sg class="R">olicationS</mg:sg><mg:sg class="R">trategy)<mg:s/>{</mg:sg><mg:sg class="R"><mg:lf/></mg:sg></mg:ln>
</mg:row>
<mg:row>
<mg:ln file="1" number="120" class="R"><mg:sg class="R"><mg:s/><mg:s/><mg:s/><mg:s/>/**<mg:s/>No</mg:sg><mg:sg class="R"><mg:s/>symbolica</mg:sg><mg:sg class="R">tion.<mg:s/>*/<mg:lf/></mg:sg></mg:ln>
</mg:row>
<mg:row>
<mg:ln file="1" number="121" class="R"><mg:sg class="R"><mg:s/><mg:s/><mg:s/><mg:s/>PLCras</mg:sg><mg:sg class="R">hReporterS</mg:sg><mg:sg class="R">ymbolicati</mg:sg><mg:sg class="R">onStrategy</mg:sg><mg:sg class="R">None<mg:s/>=<mg:s/>0,<mg:lf/></mg:sg></mg:ln>
</mg:row>
<mg:row>
<mg:ln file="1" number="122" class="R"><mg:sg class="R"><mg:lf/></mg:sg></mg:ln>
</mg:row>
<mg:row>
<mg:ln file="1" number="123" class="R"><mg:sg class="R"><mg:s/><mg:s/><mg:s/><mg:s/>/**<mg:lf/></mg:sg></mg:ln>
</mg:row>
<mg:row>
<mg:ln file="1" number="124" class="R"><mg:sg class="R"><mg:s/><mg:s/><mg:s/><mg:s/><mg:s/>*<mg:s/>Use</mg:sg><mg:sg class="R"><mg:s/>the<mg:s/>stand</mg:sg><mg:sg class="R">ard<mg:s/>binary</mg:sg><mg:sg class="R"><mg:s/>symbol<mg:s/>ta</mg:sg><mg:sg class="R">ble.<mg:s/>On<mg:s/>iO</mg:sg><mg:sg class="R">S,<mg:s/>this<mg:s/>al</mg:sg><mg:sg class="R">one<mg:s/>will<mg:s/>r</mg:sg><mg:sg class="R">eturn<mg:lf/></mg:sg></mg:ln>
</mg:row>
<mg:row>
<mg:ln file="1" number="125" class="R"><mg:sg class="R"><mg:s/><mg:s/><mg:s/><mg:s/><mg:s/>*<mg:s/>inc</mg:sg><mg:sg class="R">omplete<mg:s/>re</mg:sg><mg:sg class="R">sults,<mg:s/>as<mg:s/></mg:sg><mg:sg class="R">most<mg:s/>symbo</mg:sg><mg:sg class="R">ls<mg:s/>are<mg:s/>rew</mg:sg><mg:sg class="R">ritten<mg:s/>to<mg:s/></mg:sg><mg:sg class="R">the<mg:s/>common</mg:sg><mg:sg class="R"><mg:s/>'\&lt;redact</mg:sg><mg:sg class="R">ed&gt;'<mg:s/>strin</mg:sg><mg:sg class="R">g.<mg:lf/></mg:sg></mg:ln>
</mg:row>
<mg:row>
<mg:ln file="1" number="126" class="R"><mg:sg class="R"><mg:s/><mg:s/><mg:s/><mg:s/><mg:s/>*/<mg:lf/></mg:sg></mg:ln>
</mg:row>
<mg:row>
<mg:ln file="1" number="127" class="R"><mg:sg class="R"><mg:s/><mg:s/><mg:s/><mg:s/>PLCras</mg:sg><mg:sg class="R">hReporterS</mg:sg><mg:sg class="R">ymbolicati</mg:sg><mg:sg class="R">onStrategy</mg:sg><mg:sg class="R">SymbolTabl</mg:sg><mg:sg class="R">e<mg:s/>=<mg:s/>1<mg:s/>&lt;&lt;<mg:s/>0</mg:sg><mg:sg class="R">,<mg:lf/></mg:sg></mg:ln>
</mg:row>
<mg:row>
<mg:ln file="1" number="128" class="R"><mg:sg class="R"><mg:lf/></mg:sg></mg:ln>
</mg:row>
<mg:row>
<mg:ln file="1" number="129" class="R"><mg:sg class="R"><mg:s/><mg:s/><mg:s/><mg:s/>/**<mg:lf/></mg:sg></mg:ln>
</mg:row>
<mg:row>
<mg:ln file="1" number="130" class="R"><mg:sg class="R"><mg:s/><mg:s/><mg:s/><mg:s/><mg:s/>*<mg:s/>Use</mg:sg><mg:sg class="R"><mg:s/>Objective</mg:sg><mg:sg class="R">-C<mg:s/>metadat</mg:sg><mg:sg class="R">a<mg:s/>to<mg:s/>find<mg:s/></mg:sg><mg:sg class="R">method<mg:s/>and</mg:sg><mg:sg class="R"><mg:s/>class<mg:s/>nam</mg:sg><mg:sg class="R">es.<mg:s/>This<mg:s/>r</mg:sg><mg:sg class="R">elies<mg:s/>on<mg:s/>d</mg:sg><mg:sg class="R">etailed<mg:s/>pa</mg:sg><mg:sg class="R">rsing<mg:lf/></mg:sg></mg:ln>
</mg:row>
<mg:row>
<mg:ln file="1" number="131" class="R"><mg:sg class="R"><mg:s/><mg:s/><mg:s/><mg:s/><mg:s/>*<mg:s/>of<mg:s/></mg:sg><mg:sg class="R">the<mg:s/>Object</mg:sg><mg:sg class="R">ive-C<mg:s/>runt</mg:sg><mg:sg class="R">ime<mg:s/>data,<mg:s/></mg:sg><mg:sg class="R">including<mg:s/></mg:sg><mg:sg class="R">undefined<mg:s/></mg:sg><mg:sg class="R">flags<mg:s/>and<mg:s/></mg:sg><mg:sg class="R">other<mg:s/>runt</mg:sg><mg:sg class="R">ime<mg:s/>intern</mg:sg><mg:sg class="R">als.<mg:s/>As<mg:s/>su</mg:sg><mg:sg class="R">ch,<mg:lf/></mg:sg></mg:ln>
</mg:row>
<mg:row>
<mg:ln file="1" number="132" class="R"><mg:sg class="R"><mg:s/><mg:s/><mg:s/><mg:s/><mg:s/>*<mg:s/>it<mg:s/></mg:sg><mg:sg class="R">may<mg:s/>return</mg:sg><mg:sg class="R"><mg:s/>incorrect</mg:sg><mg:sg class="R"><mg:s/>data<mg:s/>shou</mg:sg><mg:sg class="R">ld<mg:s/>the<mg:s/>run</mg:sg><mg:sg class="R">time<mg:s/>be<mg:s/>ch</mg:sg><mg:sg class="R">anged<mg:s/>inco</mg:sg><mg:sg class="R">mpatibly.<mg:lf/></mg:sg></mg:ln>
</mg:row>
<mg:row>
<mg:ln file="1" number="133" class="R"><mg:sg class="R"><mg:s/><mg:s/><mg:s/><mg:s/><mg:s/>*/<mg:lf/></mg:sg></mg:ln>
</mg:row>
<mg:row>
<mg:ln file="1" number="134" class="R"><mg:sg class="R"><mg:s/><mg:s/><mg:s/><mg:s/>PLCras</mg:sg><mg:sg class="R">hReporterS</mg:sg><mg:sg class="R">ymbolicati</mg:sg><mg:sg class="R">onStrategy</mg:sg><mg:sg class="R">ObjC<mg:s/>=<mg:s/>1<mg:s/>&lt;</mg:sg><mg:sg class="R">&lt;<mg:s/>1,<mg:lf/></mg:sg></mg:ln>
</mg:row>
<mg:row>
<mg:ln file="1" number="135" class="R"><mg:sg class="R"><mg:s/><mg:s/><mg:s/><mg:s/><mg:lf/></mg:sg></mg:ln>
</mg:row>
<mg:row>
<mg:ln file="1" number="136" class="R"><mg:sg class="R"><mg:s/><mg:s/><mg:s/><mg:s/>/**<mg:lf/></mg:sg></mg:ln>
</mg:row>
<mg:row>
<mg:ln file="1" number="137" class="R"><mg:sg class="R"><mg:s/><mg:s/><mg:s/><mg:s/><mg:s/>*<mg:s/>Ena</mg:sg><mg:sg class="R">ble<mg:s/>all<mg:s/>av</mg:sg><mg:sg class="R">ailable<mg:s/>sy</mg:sg><mg:sg class="R">mbolicatio</mg:sg><mg:sg class="R">n<mg:s/>strategi</mg:sg><mg:sg class="R">es.<mg:lf/></mg:sg></mg:ln>
</mg:row>
<mg:row>
<mg:ln file="1" number="138" class="R"><mg:sg class="R"><mg:s/><mg:s/><mg:s/><mg:s/><mg:s/>*/<mg:lf/></mg:sg></mg:ln>
</mg:row>
<mg:row>
<mg:ln file="1" number="139" class="R"><mg:sg class="R"><mg:s/><mg:s/><mg:s/><mg:s/>PLCras</mg:sg><mg:sg class="R">hReporterS</mg:sg><mg:sg class="R">ymbolicati</mg:sg><mg:sg class="R">onStrategy</mg:sg><mg:sg class="R">All<mg:s/>=<mg:s/>(PLC</mg:sg><mg:sg class="R">rashReport</mg:sg><mg:sg class="R">erSymbolic</mg:sg><mg:sg class="R">ationStrat</mg:sg><mg:sg class="R">egySymbolT</mg:sg><mg:sg class="R">able|PLCra</mg:sg><mg:sg class="R">shReporter</mg:sg><mg:sg class="R">Symbolicat</mg:sg><mg:sg class="R">ionStrateg</mg:sg><mg:sg class="R">yObjC)<mg:lf/></mg:sg></mg:ln>
</mg:row>
<mg:row>
<mg:ln file="1" number="140" class="R"><mg:sg class="R">};<mg:lf/></mg:sg></mg:ln>
</mg:row>
<mg:row>
<mg:ln file="1" number="141" class="R"><mg:sg class="R"><mg:lf/></mg:sg></mg:ln>
</mg:row>
<mg:row>
<mg:ln file="1" number="142" class="R"><mg:sg class="R">@interface</mg:sg><mg:sg class="R"><mg:s/>PLCrashRe</mg:sg><mg:sg class="R">porterConf</mg:sg><mg:sg class="R">ig<mg:s/>:<mg:s/>NSObj</mg:sg><mg:sg class="R">ect<mg:s/>{<mg:lf/></mg:sg></mg:ln>
</mg:row>
<mg:row>
<mg:ln file="1" number="143" class="R"><mg:sg class="R">@private<mg:lf/></mg:sg></mg:ln>
</mg:row>
<mg:row>
<mg:ln file="1" number="144" class="R"><mg:sg class="R"><mg:s/><mg:s/><mg:s/><mg:s/>/**<mg:s/>Th</mg:sg><mg:sg class="R">e<mg:s/>configur</mg:sg><mg:sg class="R">ed<mg:s/>signal<mg:s/></mg:sg><mg:sg class="R">handler<mg:s/>ty</mg:sg><mg:sg class="R">pe.<mg:s/>*/<mg:lf/></mg:sg></mg:ln>
</mg:row>
<mg:row>
<mg:ln file="1" number="145" class="R"><mg:sg class="R"><mg:s/><mg:s/><mg:s/><mg:s/>PLCras</mg:sg><mg:sg class="R">hReporterS</mg:sg><mg:sg class="R">ignalHandl</mg:sg><mg:sg class="R">erType<mg:s/>_si</mg:sg><mg:sg class="R">gnalHandle</mg:sg><mg:sg class="R">rType;<mg:lf/></mg:sg></mg:ln>
</mg:row>
<mg:row>
<mg:ln file="1" number="146" class="R"><mg:sg class="R"><mg:s/><mg:s/><mg:s/><mg:s/><mg:lf/></mg:sg></mg:ln>
</mg:row>
<mg:row>
<mg:ln file="1" number="147" class="R"><mg:sg class="R"><mg:s/><mg:s/><mg:s/><mg:s/>/**<mg:s/>Th</mg:sg><mg:sg class="R">e<mg:s/>configur</mg:sg><mg:sg class="R">ed<mg:s/>symboli</mg:sg><mg:sg class="R">cation<mg:s/>str</mg:sg><mg:sg class="R">ategy.<mg:s/>*/<mg:lf/></mg:sg></mg:ln>
</mg:row>
<mg:row>
<mg:ln file="1" number="148" class="R"><mg:sg class="R"><mg:s/><mg:s/><mg:s/><mg:s/>PLCras</mg:sg><mg:sg class="R">hReporterS</mg:sg><mg:sg class="R">ymbolicati</mg:sg><mg:sg class="R">onStrategy</mg:sg><mg:sg class="R"><mg:s/>_symbolic</mg:sg><mg:sg class="R">ationStrat</mg:sg><mg:sg class="R">egy;<mg:lf/></mg:sg></mg:ln>
</mg:row>
<mg:row>
<mg:ln file="1" number="149" class="R"><mg:sg class="R">}<mg:lf/></mg:sg></mg:ln>
</mg:row>
<mg:row>
<mg:ln file="1" number="150" class="R"><mg:sg class="R"><mg:lf/></mg:sg></mg:ln>
</mg:row>
<mg:row>
<mg:ln file="1" number="151" class="R"><mg:sg class="R">+<mg:s/>(instanc</mg:sg><mg:sg class="R">etype)<mg:s/>def</mg:sg><mg:sg class="R">aultConfig</mg:sg><mg:sg class="R">uration;<mg:lf/></mg:sg></mg:ln>
</mg:row>
<mg:row>
<mg:ln file="1" number="152" class="R"><mg:sg class="R"><mg:lf/></mg:sg></mg:ln>
</mg:row>
<mg:row>
<mg:ln file="1" number="153" class="R"><mg:sg class="R">-<mg:s/>(instanc</mg:sg><mg:sg class="R">etype)<mg:s/>ini</mg:sg><mg:sg class="R">t;<mg:lf/></mg:sg></mg:ln>
</mg:row>
<mg:row>
<mg:ln file="1" number="154" class="R"><mg:sg class="R">-<mg:s/>(instanc</mg:sg><mg:sg class="R">etype)<mg:s/>ini</mg:sg><mg:sg class="R">tWithSigna</mg:sg><mg:sg class="R">lHandlerTy</mg:sg><mg:sg class="R">pe:<mg:s/>(PLCra</mg:sg><mg:sg class="R">shReporter</mg:sg><mg:sg class="R">SignalHand</mg:sg><mg:sg class="R">lerType)<mg:s/>s</mg:sg><mg:sg class="R">ignalHandl</mg:sg><mg:sg class="R">erType<mg:lf/></mg:sg></mg:ln>
</mg:row>
<mg:row>
<mg:ln file="1" number="155" class="R"><mg:sg class="R"><mg:s/><mg:s/><mg:s/><mg:s/><mg:s/><mg:s/><mg:s/><mg:s/><mg:s/><mg:s/></mg:sg><mg:sg class="R"><mg:s/><mg:s/><mg:s/><mg:s/><mg:s/><mg:s/><mg:s/><mg:s/><mg:s/><mg:s/></mg:sg><mg:sg class="R"><mg:s/>symbolica</mg:sg><mg:sg class="R">tionStrate</mg:sg><mg:sg class="R">gy:<mg:s/>(PLCra</mg:sg><mg:sg class="R">shReporter</mg:sg><mg:sg class="R">Symbolicat</mg:sg><mg:sg class="R">ionStrateg</mg:sg><mg:sg class="R">y)<mg:s/>symboli</mg:sg><mg:sg class="R">cationStra</mg:sg><mg:sg class="R">tegy;<mg:lf/></mg:sg></mg:ln>
</mg:row>
<mg:row>
<mg:ln file="1" number="156" class="R"><mg:sg class="R"><mg:lf/></mg:sg></mg:ln>
</mg:row>
<mg:row>
<mg:ln file="1" number="157" class="R"><mg:sg class="R">/**<mg:s/>The<mg:s/>co</mg:sg><mg:sg class="R">nfigured<mg:s/>s</mg:sg><mg:sg class="R">ignal<mg:s/>hand</mg:sg><mg:sg class="R">ler<mg:s/>type.<mg:s/></mg:sg><mg:sg class="R">*/<mg:lf/></mg:sg></mg:ln>
</mg:row>
<mg:row>
<mg:ln file="1" number="158" class="R"><mg:sg class="R">@property(</mg:sg><mg:sg class="R">nonatomic,</mg:sg><mg:sg class="R"><mg:s/>readonly)</mg:sg><mg:sg class="R"><mg:s/>PLCrashRe</mg:sg><mg:sg class="R">porterSign</mg:sg><mg:sg class="R">alHandlerT</mg:sg><mg:sg class="R">ype<mg:s/>signal</mg:sg><mg:sg class="R">HandlerTyp</mg:sg><mg:sg class="R">e;<mg:lf/></mg:sg></mg:ln>
</mg:row>
<mg:row>
<mg:ln file="1" number="159" class="R"><mg:sg class="R"><mg:lf/></mg:sg></mg:ln>
</mg:row>
<mg:row>
<mg:ln file="1" number="160" class="R"><mg:sg class="R">/**<mg:s/>The<mg:s/>co</mg:sg><mg:sg class="R">nfigured<mg:s/>s</mg:sg><mg:sg class="R">ymbolicati</mg:sg><mg:sg class="R">on<mg:s/>strateg</mg:sg><mg:sg class="R">y.<mg:s/>*/<mg:lf/></mg:sg></mg:ln>
</mg:row>
<mg:row>
<mg:ln file="1" number="161" class="R"><mg:sg class="R">@property(</mg:sg><mg:sg class="R">nonatomic,</mg:sg><mg:sg class="R"><mg:s/>readonly)</mg:sg><mg:sg class="R"><mg:s/>PLCrashRe</mg:sg><mg:sg class="R">porterSymb</mg:sg><mg:sg class="R">olicationS</mg:sg><mg:sg class="R">trategy<mg:s/>sy</mg:sg><mg:sg class="R">mbolicatio</mg:sg><mg:sg class="R">nStrategy;</mg:sg><mg:sg class="R"><mg:lf/></mg:sg></mg:ln>
</mg:row>
<mg:row>
<mg:ln file="1" number="162" class="R"><mg:sg class="R"><mg:lf/></mg:sg></mg:ln>
</mg:row>
<mg:row>
<mg:ln file="1" number="163" class="R"><mg:sg class="R"><mg:lf/></mg:sg></mg:ln>
</mg:row>
<mg:row>
<mg:ln file="1" number="164" class="R"><mg:sg class="R">@end<mg:lf/></mg:sg></mg:ln>
</mg:row>
<mg:row>
<mg:ln file="1" number="165" class="R"><mg:sg class="R"><mg:lf/></mg:sg></mg:ln>
</mg:row>
</mg:rowGroup>
</mg:rowData>
</mg:report>
