﻿<?xml version="1.0" encoding="UTF-8" ?>

<mg:report version="1.0" xmlns:mg="http://www.araxis.com/2002/Merge/Reporting" type="FileComparison">
<mg:metaData>
  <mg:title>Araxis Merge File Comparison Report</mg:title>
  <mg:id show="true">1101</mg:id>
  <mg:date>2019/4/19 20:25:40</mg:date>
<mg:options>
<mg:option name="clIgnoreDifferencesInWhitespaceAtTheStartOfLines">0</mg:option>
<mg:option name="clIgnoreDifferencesInWhitespaceAtTheEndOfLines">0</mg:option>
<mg:option name="clTreatConsecutiveWhitespaceAsASingleSpace">1</mg:option>
<mg:option name="clIgnoreAllDifferencesInWhitespace">0</mg:option>
<mg:option name="clWhitespaceSignificant">0</mg:option>
<mg:option name="clIgnoreCase">0</mg:option>
<mg:option name="clIgnoreLineEndings">1</mg:option>
<mg:option name="clHideCRLF">1</mg:option>
<mg:option name="clShowLineNums">1</mg:option>
<mg:option name="clShowOmittedLinesRow">0</mg:option>

<mg:regexps>
<mg:regexp enabled="false">
<mg:expression>^[ \t]*$</mg:expression>
<mg:description>Blank lines</mg:description>
</mg:regexp>
<mg:regexp enabled="false">
<mg:expression>[ \t]*//[^&quot;]*$</mg:expression>
<mg:description>C++ comments</mg:description>
</mg:regexp>
<mg:regexp enabled="false">
<mg:expression>^[ \t]*//.*\$(Date|Archive|Author|Header|JustDate|Modtime|Revision|Workfile):.*\$.*$</mg:expression>
<mg:description>SourceSafe comments</mg:description>
</mg:regexp>
<mg:regexp enabled="false">
<mg:expression>^[ \t]*//(:(Header|Source):|.*Generated.*Genitor).*\$</mg:expression>
<mg:description>Genitor comments</mg:description>
</mg:regexp>
<mg:regexp enabled="false">
<mg:expression>\$(Archive|Author|Date|Header|JustDate|Logfile|Modtime|Revision|Workfile):[^$]*\$</mg:expression>
<mg:description>SourceSafe keywords</mg:description>
</mg:regexp>
<mg:regexp enabled="false">
<mg:expression>^[ \t]*'.*$</mg:expression>
<mg:description>Visual Basic comments</mg:description>
</mg:regexp>
<mg:regexp enabled="false">
<mg:expression>\$(Author|Date|Header|Id|Locker|Name|RCSfile|Revision|Source|State):[^$]*\$</mg:expression>
<mg:description>CVS comments</mg:description>
</mg:regexp>
<mg:regexp enabled="false">
<mg:expression>\$(ACident|ACheader|AClog|ACpart|ACversion|Author|Date|Header|Line|Locker|Log|Revision|Smsfile|Smspath|Today|Vcfile|Vcpath|Workfile):?[^$]*\$</mg:expression>
<mg:description>AllChange keywords</mg:description>
</mg:regexp>
<mg:regexp enabled="false">
<mg:expression></mg:expression>
<mg:description></mg:description>
</mg:regexp>
<mg:regexp enabled="false">
<mg:expression></mg:expression>
<mg:description></mg:description>
</mg:regexp>
</mg:regexps>
</mg:options>
<mg:fileDetails file="1">
  <mg:name>MASConstraintMaker.h</mg:name>
  <mg:title></mg:title>
  <mg:location>E:\MA75\Branch_20190409\Prototypes\Sky\Sky\iphoneos\Netease\Masonry</mg:location>
  <mg:lastModified>Fri Apr 19 11:02:14 2019 UTC</mg:lastModified>
</mg:fileDetails>
<mg:fileDetails file="2">
  <mg:name></mg:name>
  <mg:title></mg:title>
  <mg:location></mg:location>
  <mg:lastModified>Fri Apr 19 12:25:40 2019 UTC</mg:lastModified>
</mg:fileDetails>
<mg:fileDetails file="3">
  <mg:name></mg:name>
  <mg:title></mg:title>
  <mg:location></mg:location>
  <mg:lastModified>Fri Apr 19 12:25:40 2019 UTC</mg:lastModified>
</mg:fileDetails>
<mg:changeSummaries>
  <mg:changeSummary files="1,2">
	  <mg:changeCount type="unchanged" blocks1="0" blocks2="0" blocks="0" lines1="0" lines2="0" lines="0" />
	  <mg:changeCount type="removed" blocks1="1" blocks2="0" blocks="1" lines1="138" lines2="0" lines="138" />
	  <mg:changeCount type="inserted" blocks1="0" blocks2="0" blocks="0" lines1="0" lines2="0" lines="0" />
	  <mg:changeCount type="changed" blocks1="0" blocks2="0" blocks="0" lines1="0" lines2="0" lines="0" />
  </mg:changeSummary>
<mg:changeSummary files="2,3">
	  <mg:changeCount type="unchanged" blocks1="0" blocks2="0" blocks="0" lines1="0" lines2="0" lines="0" />
	  <mg:changeCount type="removed" blocks1="0" blocks2="0" blocks="0" lines1="0" lines2="0" lines="0" />
	  <mg:changeCount type="inserted" blocks1="0" blocks2="0" blocks="0" lines1="0" lines2="0" lines="0" />
	  <mg:changeCount type="changed" blocks1="0" blocks2="0" blocks="0" lines1="0" lines2="0" lines="0" />
  </mg:changeSummary>
<mg:changeSummary files="1,2,3"><mg:changeCount type="removed" blocks="0" lines="0"/><mg:changeCount type="inserted" blocks="1" lines="138"/><mg:changeCount type="changed" blocks="0" lines="0"/><mg:changeCount type="conflicts" count="0"/></mg:changeSummary></mg:changeSummaries>
		<mg:classes file="1">
<mg:class name="U">
<mg:cssAttribute name="color">#000000</mg:cssAttribute>
<mg:cssAttribute name="background-color">#FFFFFF</mg:cssAttribute>
<mg:cssAttribute name="font-family">Consolas</mg:cssAttribute>
<mg:cssAttribute name="font-weight">normal</mg:cssAttribute>
<mg:cssAttribute name="font-style">normal</mg:cssAttribute>
<mg:cssAttribute name="font-size">9pt</mg:cssAttribute>
<mg:cssAttribute name="text-decoration">none</mg:cssAttribute>
</mg:class>
<mg:class name="R">
<mg:cssAttribute name="color">#800000</mg:cssAttribute>
<mg:cssAttribute name="background-color">#F3E6D8</mg:cssAttribute>
<mg:cssAttribute name="font-family">Consolas</mg:cssAttribute>
<mg:cssAttribute name="font-weight">normal</mg:cssAttribute>
<mg:cssAttribute name="font-style">normal</mg:cssAttribute>
<mg:cssAttribute name="font-size">9pt</mg:cssAttribute>
<mg:cssAttribute name="text-decoration">none</mg:cssAttribute>
</mg:class>
<mg:class name="I">
<mg:cssAttribute name="color">#800000</mg:cssAttribute>
<mg:cssAttribute name="background-color">#D1E8CF</mg:cssAttribute>
<mg:cssAttribute name="font-family">Consolas</mg:cssAttribute>
<mg:cssAttribute name="font-weight">normal</mg:cssAttribute>
<mg:cssAttribute name="font-style">normal</mg:cssAttribute>
<mg:cssAttribute name="font-size">9pt</mg:cssAttribute>
<mg:cssAttribute name="text-decoration">none</mg:cssAttribute>
</mg:class>
<mg:class name="C">
<mg:cssAttribute name="color">#800000</mg:cssAttribute>
<mg:cssAttribute name="background-color">#DACDE6</mg:cssAttribute>
<mg:cssAttribute name="font-family">Consolas</mg:cssAttribute>
<mg:cssAttribute name="font-weight">normal</mg:cssAttribute>
<mg:cssAttribute name="font-style">normal</mg:cssAttribute>
<mg:cssAttribute name="font-size">9pt</mg:cssAttribute>
<mg:cssAttribute name="text-decoration">none</mg:cssAttribute>
</mg:class>
		</mg:classes>
		<mg:classes file="2">
<mg:class name="UU">
<mg:cssAttribute name="color">#000000</mg:cssAttribute>
<mg:cssAttribute name="background-color">#FFFFFF</mg:cssAttribute>
<mg:cssAttribute name="font-family">Consolas</mg:cssAttribute>
<mg:cssAttribute name="font-weight">normal</mg:cssAttribute>
<mg:cssAttribute name="font-style">normal</mg:cssAttribute>
<mg:cssAttribute name="font-size">9pt</mg:cssAttribute>
<mg:cssAttribute name="text-decoration">none</mg:cssAttribute>
</mg:class>
<mg:class name="UR">
<mg:cssAttribute name="color">#400000</mg:cssAttribute>
<mg:cssAttribute name="background-color">#F9F2EB</mg:cssAttribute>
<mg:cssAttribute name="font-family">Consolas</mg:cssAttribute>
<mg:cssAttribute name="font-weight">normal</mg:cssAttribute>
<mg:cssAttribute name="font-style">normal</mg:cssAttribute>
<mg:cssAttribute name="font-size">9pt</mg:cssAttribute>
<mg:cssAttribute name="text-decoration">none</mg:cssAttribute>
</mg:class>
<mg:class name="UI">
<mg:cssAttribute name="color">#400000</mg:cssAttribute>
<mg:cssAttribute name="background-color">#E8F3E7</mg:cssAttribute>
<mg:cssAttribute name="font-family">Consolas</mg:cssAttribute>
<mg:cssAttribute name="font-weight">normal</mg:cssAttribute>
<mg:cssAttribute name="font-style">normal</mg:cssAttribute>
<mg:cssAttribute name="font-size">9pt</mg:cssAttribute>
<mg:cssAttribute name="text-decoration">none</mg:cssAttribute>
</mg:class>
<mg:class name="UC">
<mg:cssAttribute name="color">#400000</mg:cssAttribute>
<mg:cssAttribute name="background-color">#ECE6F2</mg:cssAttribute>
<mg:cssAttribute name="font-family">Consolas</mg:cssAttribute>
<mg:cssAttribute name="font-weight">normal</mg:cssAttribute>
<mg:cssAttribute name="font-style">normal</mg:cssAttribute>
<mg:cssAttribute name="font-size">9pt</mg:cssAttribute>
<mg:cssAttribute name="text-decoration">none</mg:cssAttribute>
</mg:class>
<mg:class name="RU">
<mg:cssAttribute name="color">#400000</mg:cssAttribute>
<mg:cssAttribute name="background-color">#F9F2EB</mg:cssAttribute>
<mg:cssAttribute name="font-family">Consolas</mg:cssAttribute>
<mg:cssAttribute name="font-weight">normal</mg:cssAttribute>
<mg:cssAttribute name="font-style">normal</mg:cssAttribute>
<mg:cssAttribute name="font-size">9pt</mg:cssAttribute>
<mg:cssAttribute name="text-decoration">none</mg:cssAttribute>
</mg:class>
<mg:class name="RR">
<mg:cssAttribute name="color">#800000</mg:cssAttribute>
<mg:cssAttribute name="background-color">#F3E6D8</mg:cssAttribute>
<mg:cssAttribute name="font-family">Consolas</mg:cssAttribute>
<mg:cssAttribute name="font-weight">normal</mg:cssAttribute>
<mg:cssAttribute name="font-style">normal</mg:cssAttribute>
<mg:cssAttribute name="font-size">9pt</mg:cssAttribute>
<mg:cssAttribute name="text-decoration">none</mg:cssAttribute>
</mg:class>
<mg:class name="RI">
<mg:cssAttribute name="color">#800000</mg:cssAttribute>
<mg:cssAttribute name="background-color">#E2E7D3</mg:cssAttribute>
<mg:cssAttribute name="font-family">Consolas</mg:cssAttribute>
<mg:cssAttribute name="font-weight">normal</mg:cssAttribute>
<mg:cssAttribute name="font-style">normal</mg:cssAttribute>
<mg:cssAttribute name="font-size">9pt</mg:cssAttribute>
<mg:cssAttribute name="text-decoration">none</mg:cssAttribute>
</mg:class>
<mg:class name="RC">
<mg:cssAttribute name="color">#800000</mg:cssAttribute>
<mg:cssAttribute name="background-color">#E6D9DF</mg:cssAttribute>
<mg:cssAttribute name="font-family">Consolas</mg:cssAttribute>
<mg:cssAttribute name="font-weight">normal</mg:cssAttribute>
<mg:cssAttribute name="font-style">normal</mg:cssAttribute>
<mg:cssAttribute name="font-size">9pt</mg:cssAttribute>
<mg:cssAttribute name="text-decoration">none</mg:cssAttribute>
</mg:class>
<mg:class name="IU">
<mg:cssAttribute name="color">#400000</mg:cssAttribute>
<mg:cssAttribute name="background-color">#E8F3E7</mg:cssAttribute>
<mg:cssAttribute name="font-family">Consolas</mg:cssAttribute>
<mg:cssAttribute name="font-weight">normal</mg:cssAttribute>
<mg:cssAttribute name="font-style">normal</mg:cssAttribute>
<mg:cssAttribute name="font-size">9pt</mg:cssAttribute>
<mg:cssAttribute name="text-decoration">none</mg:cssAttribute>
</mg:class>
<mg:class name="IR">
<mg:cssAttribute name="color">#800000</mg:cssAttribute>
<mg:cssAttribute name="background-color">#E2E7D3</mg:cssAttribute>
<mg:cssAttribute name="font-family">Consolas</mg:cssAttribute>
<mg:cssAttribute name="font-weight">normal</mg:cssAttribute>
<mg:cssAttribute name="font-style">normal</mg:cssAttribute>
<mg:cssAttribute name="font-size">9pt</mg:cssAttribute>
<mg:cssAttribute name="text-decoration">none</mg:cssAttribute>
</mg:class>
<mg:class name="II">
<mg:cssAttribute name="color">#800000</mg:cssAttribute>
<mg:cssAttribute name="background-color">#D1E8CF</mg:cssAttribute>
<mg:cssAttribute name="font-family">Consolas</mg:cssAttribute>
<mg:cssAttribute name="font-weight">normal</mg:cssAttribute>
<mg:cssAttribute name="font-style">normal</mg:cssAttribute>
<mg:cssAttribute name="font-size">9pt</mg:cssAttribute>
<mg:cssAttribute name="text-decoration">none</mg:cssAttribute>
</mg:class>
<mg:class name="IC">
<mg:cssAttribute name="color">#800000</mg:cssAttribute>
<mg:cssAttribute name="background-color">#D5DADA</mg:cssAttribute>
<mg:cssAttribute name="font-family">Consolas</mg:cssAttribute>
<mg:cssAttribute name="font-weight">normal</mg:cssAttribute>
<mg:cssAttribute name="font-style">normal</mg:cssAttribute>
<mg:cssAttribute name="font-size">9pt</mg:cssAttribute>
<mg:cssAttribute name="text-decoration">none</mg:cssAttribute>
</mg:class>
<mg:class name="CU">
<mg:cssAttribute name="color">#400000</mg:cssAttribute>
<mg:cssAttribute name="background-color">#ECE6F2</mg:cssAttribute>
<mg:cssAttribute name="font-family">Consolas</mg:cssAttribute>
<mg:cssAttribute name="font-weight">normal</mg:cssAttribute>
<mg:cssAttribute name="font-style">normal</mg:cssAttribute>
<mg:cssAttribute name="font-size">9pt</mg:cssAttribute>
<mg:cssAttribute name="text-decoration">none</mg:cssAttribute>
</mg:class>
<mg:class name="CR">
<mg:cssAttribute name="color">#800000</mg:cssAttribute>
<mg:cssAttribute name="background-color">#E6D9DF</mg:cssAttribute>
<mg:cssAttribute name="font-family">Consolas</mg:cssAttribute>
<mg:cssAttribute name="font-weight">normal</mg:cssAttribute>
<mg:cssAttribute name="font-style">normal</mg:cssAttribute>
<mg:cssAttribute name="font-size">9pt</mg:cssAttribute>
<mg:cssAttribute name="text-decoration">none</mg:cssAttribute>
</mg:class>
<mg:class name="CI">
<mg:cssAttribute name="color">#800000</mg:cssAttribute>
<mg:cssAttribute name="background-color">#D5DADA</mg:cssAttribute>
<mg:cssAttribute name="font-family">Consolas</mg:cssAttribute>
<mg:cssAttribute name="font-weight">normal</mg:cssAttribute>
<mg:cssAttribute name="font-style">normal</mg:cssAttribute>
<mg:cssAttribute name="font-size">9pt</mg:cssAttribute>
<mg:cssAttribute name="text-decoration">none</mg:cssAttribute>
</mg:class>
<mg:class name="CC">
<mg:cssAttribute name="color">#800000</mg:cssAttribute>
<mg:cssAttribute name="background-color">#DACDE6</mg:cssAttribute>
<mg:cssAttribute name="font-family">Consolas</mg:cssAttribute>
<mg:cssAttribute name="font-weight">normal</mg:cssAttribute>
<mg:cssAttribute name="font-style">normal</mg:cssAttribute>
<mg:cssAttribute name="font-size">9pt</mg:cssAttribute>
<mg:cssAttribute name="text-decoration">none</mg:cssAttribute>
</mg:class>
		</mg:classes>
		<mg:classes file="3">
<mg:class name="U">
<mg:cssAttribute name="color">#000000</mg:cssAttribute>
<mg:cssAttribute name="background-color">#FFFFFF</mg:cssAttribute>
<mg:cssAttribute name="font-family">Consolas</mg:cssAttribute>
<mg:cssAttribute name="font-weight">normal</mg:cssAttribute>
<mg:cssAttribute name="font-style">normal</mg:cssAttribute>
<mg:cssAttribute name="font-size">9pt</mg:cssAttribute>
<mg:cssAttribute name="text-decoration">none</mg:cssAttribute>
</mg:class>
<mg:class name="R">
<mg:cssAttribute name="color">#800000</mg:cssAttribute>
<mg:cssAttribute name="background-color">#F3E6D8</mg:cssAttribute>
<mg:cssAttribute name="font-family">Consolas</mg:cssAttribute>
<mg:cssAttribute name="font-weight">normal</mg:cssAttribute>
<mg:cssAttribute name="font-style">normal</mg:cssAttribute>
<mg:cssAttribute name="font-size">9pt</mg:cssAttribute>
<mg:cssAttribute name="text-decoration">none</mg:cssAttribute>
</mg:class>
<mg:class name="I">
<mg:cssAttribute name="color">#800000</mg:cssAttribute>
<mg:cssAttribute name="background-color">#D1E8CF</mg:cssAttribute>
<mg:cssAttribute name="font-family">Consolas</mg:cssAttribute>
<mg:cssAttribute name="font-weight">normal</mg:cssAttribute>
<mg:cssAttribute name="font-style">normal</mg:cssAttribute>
<mg:cssAttribute name="font-size">9pt</mg:cssAttribute>
<mg:cssAttribute name="text-decoration">none</mg:cssAttribute>
</mg:class>
<mg:class name="C">
<mg:cssAttribute name="color">#800000</mg:cssAttribute>
<mg:cssAttribute name="background-color">#DACDE6</mg:cssAttribute>
<mg:cssAttribute name="font-family">Consolas</mg:cssAttribute>
<mg:cssAttribute name="font-weight">normal</mg:cssAttribute>
<mg:cssAttribute name="font-style">normal</mg:cssAttribute>
<mg:cssAttribute name="font-size">9pt</mg:cssAttribute>
<mg:cssAttribute name="text-decoration">none</mg:cssAttribute>
</mg:class>
		</mg:classes>
</mg:metaData>
<mg:rowData>
<mg:rowGroup>
<mg:row>
<mg:ln file="1" number="1" class="R"><mg:sg class="R">//<mg:lf/></mg:sg></mg:ln>
</mg:row>
<mg:row>
<mg:ln file="1" number="2" class="R"><mg:sg class="R">//<mg:s/><mg:s/>MASCon</mg:sg><mg:sg class="R">straintMak</mg:sg><mg:sg class="R">er.h<mg:lf/></mg:sg></mg:ln>
</mg:row>
<mg:row>
<mg:ln file="1" number="3" class="R"><mg:sg class="R">//<mg:s/><mg:s/>Masonr</mg:sg><mg:sg class="R">y<mg:lf/></mg:sg></mg:ln>
</mg:row>
<mg:row>
<mg:ln file="1" number="4" class="R"><mg:sg class="R">//<mg:lf/></mg:sg></mg:ln>
</mg:row>
<mg:row>
<mg:ln file="1" number="5" class="R"><mg:sg class="R">//<mg:s/><mg:s/>Create</mg:sg><mg:sg class="R">d<mg:s/>by<mg:s/>Jonas</mg:sg><mg:sg class="R"><mg:s/>Budelmann</mg:sg><mg:sg class="R"><mg:s/>on<mg:s/>20/07/</mg:sg><mg:sg class="R">13.<mg:lf/></mg:sg></mg:ln>
</mg:row>
<mg:row>
<mg:ln file="1" number="6" class="R"><mg:sg class="R">//<mg:s/><mg:s/>Copyri</mg:sg><mg:sg class="R">ght<mg:s/>(c)<mg:s/>20</mg:sg><mg:sg class="R">13<mg:s/>cloudli</mg:sg><mg:sg class="R">ng.<mg:s/>All<mg:s/>ri</mg:sg><mg:sg class="R">ghts<mg:s/>reser</mg:sg><mg:sg class="R">ved.<mg:lf/></mg:sg></mg:ln>
</mg:row>
<mg:row>
<mg:ln file="1" number="7" class="R"><mg:sg class="R">//<mg:lf/></mg:sg></mg:ln>
</mg:row>
<mg:row>
<mg:ln file="1" number="8" class="R"><mg:sg class="R"><mg:lf/></mg:sg></mg:ln>
</mg:row>
<mg:row>
<mg:ln file="1" number="9" class="R"><mg:sg class="R">#import<mg:s/>&quot;M</mg:sg><mg:sg class="R">ASConstrai</mg:sg><mg:sg class="R">nt.h&quot;<mg:lf/></mg:sg></mg:ln>
</mg:row>
<mg:row>
<mg:ln file="1" number="10" class="R"><mg:sg class="R">#import<mg:s/>&quot;M</mg:sg><mg:sg class="R">ASUtilitie</mg:sg><mg:sg class="R">s.h&quot;<mg:lf/></mg:sg></mg:ln>
</mg:row>
<mg:row>
<mg:ln file="1" number="11" class="R"><mg:sg class="R"><mg:lf/></mg:sg></mg:ln>
</mg:row>
<mg:row>
<mg:ln file="1" number="12" class="R"><mg:sg class="R">typedef<mg:s/>NS</mg:sg><mg:sg class="R">_OPTIONS(N</mg:sg><mg:sg class="R">SInteger,<mg:s/></mg:sg><mg:sg class="R">MASAttribu</mg:sg><mg:sg class="R">te)<mg:s/>{<mg:lf/></mg:sg></mg:ln>
</mg:row>
<mg:row>
<mg:ln file="1" number="13" class="R"><mg:sg class="R"><mg:s/><mg:s/><mg:s/><mg:s/>MASAtt</mg:sg><mg:sg class="R">ributeLeft</mg:sg><mg:sg class="R"><mg:s/>=<mg:s/>1<mg:s/>&lt;&lt;<mg:s/>NS</mg:sg><mg:sg class="R">LayoutAttr</mg:sg><mg:sg class="R">ibuteLeft,</mg:sg><mg:sg class="R"><mg:lf/></mg:sg></mg:ln>
</mg:row>
<mg:row>
<mg:ln file="1" number="14" class="R"><mg:sg class="R"><mg:s/><mg:s/><mg:s/><mg:s/>MASAtt</mg:sg><mg:sg class="R">ributeRigh</mg:sg><mg:sg class="R">t<mg:s/>=<mg:s/>1<mg:s/>&lt;&lt;<mg:s/>N</mg:sg><mg:sg class="R">SLayoutAtt</mg:sg><mg:sg class="R">ributeRigh</mg:sg><mg:sg class="R">t,<mg:lf/></mg:sg></mg:ln>
</mg:row>
<mg:row>
<mg:ln file="1" number="15" class="R"><mg:sg class="R"><mg:s/><mg:s/><mg:s/><mg:s/>MASAtt</mg:sg><mg:sg class="R">ributeTop<mg:s/></mg:sg><mg:sg class="R">=<mg:s/>1<mg:s/>&lt;&lt;<mg:s/>NSL</mg:sg><mg:sg class="R">ayoutAttri</mg:sg><mg:sg class="R">buteTop,<mg:lf/></mg:sg></mg:ln>
</mg:row>
<mg:row>
<mg:ln file="1" number="16" class="R"><mg:sg class="R"><mg:s/><mg:s/><mg:s/><mg:s/>MASAtt</mg:sg><mg:sg class="R">ributeBott</mg:sg><mg:sg class="R">om<mg:s/>=<mg:s/>1<mg:s/>&lt;&lt;<mg:s/></mg:sg><mg:sg class="R">NSLayoutAt</mg:sg><mg:sg class="R">tributeBot</mg:sg><mg:sg class="R">tom,<mg:lf/></mg:sg></mg:ln>
</mg:row>
<mg:row>
<mg:ln file="1" number="17" class="R"><mg:sg class="R"><mg:s/><mg:s/><mg:s/><mg:s/>MASAtt</mg:sg><mg:sg class="R">ributeLead</mg:sg><mg:sg class="R">ing<mg:s/>=<mg:s/>1<mg:s/>&lt;&lt;</mg:sg><mg:sg class="R"><mg:s/>NSLayoutA</mg:sg><mg:sg class="R">ttributeLe</mg:sg><mg:sg class="R">ading,<mg:lf/></mg:sg></mg:ln>
</mg:row>
<mg:row>
<mg:ln file="1" number="18" class="R"><mg:sg class="R"><mg:s/><mg:s/><mg:s/><mg:s/>MASAtt</mg:sg><mg:sg class="R">ributeTrai</mg:sg><mg:sg class="R">ling<mg:s/>=<mg:s/>1<mg:s/>&lt;</mg:sg><mg:sg class="R">&lt;<mg:s/>NSLayout</mg:sg><mg:sg class="R">AttributeT</mg:sg><mg:sg class="R">railing,<mg:lf/></mg:sg></mg:ln>
</mg:row>
<mg:row>
<mg:ln file="1" number="19" class="R"><mg:sg class="R"><mg:s/><mg:s/><mg:s/><mg:s/>MASAtt</mg:sg><mg:sg class="R">ributeWidt</mg:sg><mg:sg class="R">h<mg:s/>=<mg:s/>1<mg:s/>&lt;&lt;<mg:s/>N</mg:sg><mg:sg class="R">SLayoutAtt</mg:sg><mg:sg class="R">ributeWidt</mg:sg><mg:sg class="R">h,<mg:lf/></mg:sg></mg:ln>
</mg:row>
<mg:row>
<mg:ln file="1" number="20" class="R"><mg:sg class="R"><mg:s/><mg:s/><mg:s/><mg:s/>MASAtt</mg:sg><mg:sg class="R">ributeHeig</mg:sg><mg:sg class="R">ht<mg:s/>=<mg:s/>1<mg:s/>&lt;&lt;<mg:s/></mg:sg><mg:sg class="R">NSLayoutAt</mg:sg><mg:sg class="R">tributeHei</mg:sg><mg:sg class="R">ght,<mg:lf/></mg:sg></mg:ln>
</mg:row>
<mg:row>
<mg:ln file="1" number="21" class="R"><mg:sg class="R"><mg:s/><mg:s/><mg:s/><mg:s/>MASAtt</mg:sg><mg:sg class="R">ributeCent</mg:sg><mg:sg class="R">erX<mg:s/>=<mg:s/>1<mg:s/>&lt;&lt;</mg:sg><mg:sg class="R"><mg:s/>NSLayoutA</mg:sg><mg:sg class="R">ttributeCe</mg:sg><mg:sg class="R">nterX,<mg:lf/></mg:sg></mg:ln>
</mg:row>
<mg:row>
<mg:ln file="1" number="22" class="R"><mg:sg class="R"><mg:s/><mg:s/><mg:s/><mg:s/>MASAtt</mg:sg><mg:sg class="R">ributeCent</mg:sg><mg:sg class="R">erY<mg:s/>=<mg:s/>1<mg:s/>&lt;&lt;</mg:sg><mg:sg class="R"><mg:s/>NSLayoutA</mg:sg><mg:sg class="R">ttributeCe</mg:sg><mg:sg class="R">nterY,<mg:lf/></mg:sg></mg:ln>
</mg:row>
<mg:row>
<mg:ln file="1" number="23" class="R"><mg:sg class="R"><mg:s/><mg:s/><mg:s/><mg:s/>MASAtt</mg:sg><mg:sg class="R">ributeBase</mg:sg><mg:sg class="R">line<mg:s/>=<mg:s/>1<mg:s/>&lt;</mg:sg><mg:sg class="R">&lt;<mg:s/>NSLayout</mg:sg><mg:sg class="R">AttributeB</mg:sg><mg:sg class="R">aseline,<mg:lf/></mg:sg></mg:ln>
</mg:row>
<mg:row>
<mg:ln file="1" number="24" class="R"><mg:sg class="R"><mg:lf/></mg:sg></mg:ln>
</mg:row>
<mg:row>
<mg:ln file="1" number="25" class="R"><mg:sg class="R"><mg:s/><mg:s/><mg:s/><mg:s/>MASAtt</mg:sg><mg:sg class="R">ributeFirs</mg:sg><mg:sg class="R">tBaseline<mg:s/></mg:sg><mg:sg class="R">=<mg:s/>1<mg:s/>&lt;&lt;<mg:s/>NSL</mg:sg><mg:sg class="R">ayoutAttri</mg:sg><mg:sg class="R">buteFirstB</mg:sg><mg:sg class="R">aseline,<mg:lf/></mg:sg></mg:ln>
</mg:row>
<mg:row>
<mg:ln file="1" number="26" class="R"><mg:sg class="R"><mg:s/><mg:s/><mg:s/><mg:s/>MASAtt</mg:sg><mg:sg class="R">ributeLast</mg:sg><mg:sg class="R">Baseline<mg:s/>=</mg:sg><mg:sg class="R"><mg:s/>1<mg:s/>&lt;&lt;<mg:s/>NSLa</mg:sg><mg:sg class="R">youtAttrib</mg:sg><mg:sg class="R">uteLastBas</mg:sg><mg:sg class="R">eline,<mg:lf/></mg:sg></mg:ln>
</mg:row>
<mg:row>
<mg:ln file="1" number="27" class="R"><mg:sg class="R"><mg:s/><mg:s/><mg:s/><mg:s/><mg:lf/></mg:sg></mg:ln>
</mg:row>
<mg:row>
<mg:ln file="1" number="28" class="R"><mg:sg class="R">#if<mg:s/>TARGET</mg:sg><mg:sg class="R">_OS_IPHONE</mg:sg><mg:sg class="R"><mg:s/>||<mg:s/>TARGET</mg:sg><mg:sg class="R">_OS_TV<mg:lf/></mg:sg></mg:ln>
</mg:row>
<mg:row>
<mg:ln file="1" number="29" class="R"><mg:sg class="R"><mg:s/><mg:s/><mg:s/><mg:s/><mg:lf/></mg:sg></mg:ln>
</mg:row>
<mg:row>
<mg:ln file="1" number="30" class="R"><mg:sg class="R"><mg:s/><mg:s/><mg:s/><mg:s/>MASAtt</mg:sg><mg:sg class="R">ributeLeft</mg:sg><mg:sg class="R">Margin<mg:s/>=<mg:s/>1</mg:sg><mg:sg class="R"><mg:s/>&lt;&lt;<mg:s/>NSLayo</mg:sg><mg:sg class="R">utAttribut</mg:sg><mg:sg class="R">eLeftMargi</mg:sg><mg:sg class="R">n,<mg:lf/></mg:sg></mg:ln>
</mg:row>
<mg:row>
<mg:ln file="1" number="31" class="R"><mg:sg class="R"><mg:s/><mg:s/><mg:s/><mg:s/>MASAtt</mg:sg><mg:sg class="R">ributeRigh</mg:sg><mg:sg class="R">tMargin<mg:s/>=<mg:s/></mg:sg><mg:sg class="R">1<mg:s/>&lt;&lt;<mg:s/>NSLay</mg:sg><mg:sg class="R">outAttribu</mg:sg><mg:sg class="R">teRightMar</mg:sg><mg:sg class="R">gin,<mg:lf/></mg:sg></mg:ln>
</mg:row>
<mg:row>
<mg:ln file="1" number="32" class="R"><mg:sg class="R"><mg:s/><mg:s/><mg:s/><mg:s/>MASAtt</mg:sg><mg:sg class="R">ributeTopM</mg:sg><mg:sg class="R">argin<mg:s/>=<mg:s/>1<mg:s/></mg:sg><mg:sg class="R">&lt;&lt;<mg:s/>NSLayou</mg:sg><mg:sg class="R">tAttribute</mg:sg><mg:sg class="R">TopMargin,</mg:sg><mg:sg class="R"><mg:lf/></mg:sg></mg:ln>
</mg:row>
<mg:row>
<mg:ln file="1" number="33" class="R"><mg:sg class="R"><mg:s/><mg:s/><mg:s/><mg:s/>MASAtt</mg:sg><mg:sg class="R">ributeBott</mg:sg><mg:sg class="R">omMargin<mg:s/>=</mg:sg><mg:sg class="R"><mg:s/>1<mg:s/>&lt;&lt;<mg:s/>NSLa</mg:sg><mg:sg class="R">youtAttrib</mg:sg><mg:sg class="R">uteBottomM</mg:sg><mg:sg class="R">argin,<mg:lf/></mg:sg></mg:ln>
</mg:row>
<mg:row>
<mg:ln file="1" number="34" class="R"><mg:sg class="R"><mg:s/><mg:s/><mg:s/><mg:s/>MASAtt</mg:sg><mg:sg class="R">ributeLead</mg:sg><mg:sg class="R">ingMargin<mg:s/></mg:sg><mg:sg class="R">=<mg:s/>1<mg:s/>&lt;&lt;<mg:s/>NSL</mg:sg><mg:sg class="R">ayoutAttri</mg:sg><mg:sg class="R">buteLeadin</mg:sg><mg:sg class="R">gMargin,<mg:lf/></mg:sg></mg:ln>
</mg:row>
<mg:row>
<mg:ln file="1" number="35" class="R"><mg:sg class="R"><mg:s/><mg:s/><mg:s/><mg:s/>MASAtt</mg:sg><mg:sg class="R">ributeTrai</mg:sg><mg:sg class="R">lingMargin</mg:sg><mg:sg class="R"><mg:s/>=<mg:s/>1<mg:s/>&lt;&lt;<mg:s/>NS</mg:sg><mg:sg class="R">LayoutAttr</mg:sg><mg:sg class="R">ibuteTrail</mg:sg><mg:sg class="R">ingMargin,</mg:sg><mg:sg class="R"><mg:lf/></mg:sg></mg:ln>
</mg:row>
<mg:row>
<mg:ln file="1" number="36" class="R"><mg:sg class="R"><mg:s/><mg:s/><mg:s/><mg:s/>MASAtt</mg:sg><mg:sg class="R">ributeCent</mg:sg><mg:sg class="R">erXWithinM</mg:sg><mg:sg class="R">argins<mg:s/>=<mg:s/>1</mg:sg><mg:sg class="R"><mg:s/>&lt;&lt;<mg:s/>NSLayo</mg:sg><mg:sg class="R">utAttribut</mg:sg><mg:sg class="R">eCenterXWi</mg:sg><mg:sg class="R">thinMargin</mg:sg><mg:sg class="R">s,<mg:lf/></mg:sg></mg:ln>
</mg:row>
<mg:row>
<mg:ln file="1" number="37" class="R"><mg:sg class="R"><mg:s/><mg:s/><mg:s/><mg:s/>MASAtt</mg:sg><mg:sg class="R">ributeCent</mg:sg><mg:sg class="R">erYWithinM</mg:sg><mg:sg class="R">argins<mg:s/>=<mg:s/>1</mg:sg><mg:sg class="R"><mg:s/>&lt;&lt;<mg:s/>NSLayo</mg:sg><mg:sg class="R">utAttribut</mg:sg><mg:sg class="R">eCenterYWi</mg:sg><mg:sg class="R">thinMargin</mg:sg><mg:sg class="R">s,<mg:lf/></mg:sg></mg:ln>
</mg:row>
<mg:row>
<mg:ln file="1" number="38" class="R"><mg:sg class="R"><mg:lf/></mg:sg></mg:ln>
</mg:row>
<mg:row>
<mg:ln file="1" number="39" class="R"><mg:sg class="R">#endif<mg:lf/></mg:sg></mg:ln>
</mg:row>
<mg:row>
<mg:ln file="1" number="40" class="R"><mg:sg class="R"><mg:s/><mg:s/><mg:s/><mg:s/><mg:lf/></mg:sg></mg:ln>
</mg:row>
<mg:row>
<mg:ln file="1" number="41" class="R"><mg:sg class="R">};<mg:lf/></mg:sg></mg:ln>
</mg:row>
<mg:row>
<mg:ln file="1" number="42" class="R"><mg:sg class="R"><mg:lf/></mg:sg></mg:ln>
</mg:row>
<mg:row>
<mg:ln file="1" number="43" class="R"><mg:sg class="R">/**<mg:lf/></mg:sg></mg:ln>
</mg:row>
<mg:row>
<mg:ln file="1" number="44" class="R"><mg:sg class="R"><mg:s/>*<mg:s/><mg:s/>Provid</mg:sg><mg:sg class="R">es<mg:s/>factory</mg:sg><mg:sg class="R"><mg:s/>methods<mg:s/>f</mg:sg><mg:sg class="R">or<mg:s/>creatin</mg:sg><mg:sg class="R">g<mg:s/>MASConst</mg:sg><mg:sg class="R">raints.<mg:lf/></mg:sg></mg:ln>
</mg:row>
<mg:row>
<mg:ln file="1" number="45" class="R"><mg:sg class="R"><mg:s/>*<mg:s/><mg:s/>Constr</mg:sg><mg:sg class="R">aints<mg:s/>are<mg:s/></mg:sg><mg:sg class="R">collected<mg:s/></mg:sg><mg:sg class="R">until<mg:s/>they</mg:sg><mg:sg class="R"><mg:s/>are<mg:s/>ready</mg:sg><mg:sg class="R"><mg:s/>to<mg:s/>be<mg:s/>ins</mg:sg><mg:sg class="R">talled<mg:lf/></mg:sg></mg:ln>
</mg:row>
<mg:row>
<mg:ln file="1" number="46" class="R"><mg:sg class="R"><mg:s/>*<mg:lf/></mg:sg></mg:ln>
</mg:row>
<mg:row>
<mg:ln file="1" number="47" class="R"><mg:sg class="R"><mg:s/>*/<mg:lf/></mg:sg></mg:ln>
</mg:row>
<mg:row>
<mg:ln file="1" number="48" class="R"><mg:sg class="R">@interface</mg:sg><mg:sg class="R"><mg:s/>MASConstr</mg:sg><mg:sg class="R">aintMaker<mg:s/></mg:sg><mg:sg class="R">:<mg:s/>NSObject</mg:sg><mg:sg class="R"><mg:lf/></mg:sg></mg:ln>
</mg:row>
<mg:row>
<mg:ln file="1" number="49" class="R"><mg:sg class="R"><mg:lf/></mg:sg></mg:ln>
</mg:row>
<mg:row>
<mg:ln file="1" number="50" class="R"><mg:sg class="R">/**<mg:lf/></mg:sg></mg:ln>
</mg:row>
<mg:row>
<mg:ln file="1" number="51" class="R"><mg:sg class="R"><mg:s/>*<mg:s/><mg:s/><mg:s/><mg:s/><mg:s/><mg:s/>Th</mg:sg><mg:sg class="R">e<mg:s/>followin</mg:sg><mg:sg class="R">g<mg:s/>properti</mg:sg><mg:sg class="R">es<mg:s/>return<mg:s/></mg:sg><mg:sg class="R">a<mg:s/>new<mg:s/>MASV</mg:sg><mg:sg class="R">iewConstra</mg:sg><mg:sg class="R">int<mg:lf/></mg:sg></mg:ln>
</mg:row>
<mg:row>
<mg:ln file="1" number="52" class="R"><mg:sg class="R"><mg:s/>*<mg:s/><mg:s/>with<mg:s/>t</mg:sg><mg:sg class="R">he<mg:s/>first<mg:s/>i</mg:sg><mg:sg class="R">tem<mg:s/>set<mg:s/>to</mg:sg><mg:sg class="R"><mg:s/>the<mg:s/>maker</mg:sg><mg:sg class="R">s<mg:s/>associat</mg:sg><mg:sg class="R">ed<mg:s/>view<mg:s/>an</mg:sg><mg:sg class="R">d<mg:s/>the<mg:s/>appr</mg:sg><mg:sg class="R">opriate<mg:s/>MA</mg:sg><mg:sg class="R">SViewAttri</mg:sg><mg:sg class="R">bute<mg:lf/></mg:sg></mg:ln>
</mg:row>
<mg:row>
<mg:ln file="1" number="53" class="R"><mg:sg class="R"><mg:s/>*/<mg:lf/></mg:sg></mg:ln>
</mg:row>
<mg:row>
<mg:ln file="1" number="54" class="R"><mg:sg class="R">@property<mg:s/></mg:sg><mg:sg class="R">(nonatomic</mg:sg><mg:sg class="R">,<mg:s/>strong,<mg:s/></mg:sg><mg:sg class="R">readonly)<mg:s/></mg:sg><mg:sg class="R">MASConstra</mg:sg><mg:sg class="R">int<mg:s/>*left;</mg:sg><mg:sg class="R"><mg:lf/></mg:sg></mg:ln>
</mg:row>
<mg:row>
<mg:ln file="1" number="55" class="R"><mg:sg class="R">@property<mg:s/></mg:sg><mg:sg class="R">(nonatomic</mg:sg><mg:sg class="R">,<mg:s/>strong,<mg:s/></mg:sg><mg:sg class="R">readonly)<mg:s/></mg:sg><mg:sg class="R">MASConstra</mg:sg><mg:sg class="R">int<mg:s/>*top;<mg:lf/></mg:sg></mg:ln>
</mg:row>
<mg:row>
<mg:ln file="1" number="56" class="R"><mg:sg class="R">@property<mg:s/></mg:sg><mg:sg class="R">(nonatomic</mg:sg><mg:sg class="R">,<mg:s/>strong,<mg:s/></mg:sg><mg:sg class="R">readonly)<mg:s/></mg:sg><mg:sg class="R">MASConstra</mg:sg><mg:sg class="R">int<mg:s/>*right</mg:sg><mg:sg class="R">;<mg:lf/></mg:sg></mg:ln>
</mg:row>
<mg:row>
<mg:ln file="1" number="57" class="R"><mg:sg class="R">@property<mg:s/></mg:sg><mg:sg class="R">(nonatomic</mg:sg><mg:sg class="R">,<mg:s/>strong,<mg:s/></mg:sg><mg:sg class="R">readonly)<mg:s/></mg:sg><mg:sg class="R">MASConstra</mg:sg><mg:sg class="R">int<mg:s/>*botto</mg:sg><mg:sg class="R">m;<mg:lf/></mg:sg></mg:ln>
</mg:row>
<mg:row>
<mg:ln file="1" number="58" class="R"><mg:sg class="R">@property<mg:s/></mg:sg><mg:sg class="R">(nonatomic</mg:sg><mg:sg class="R">,<mg:s/>strong,<mg:s/></mg:sg><mg:sg class="R">readonly)<mg:s/></mg:sg><mg:sg class="R">MASConstra</mg:sg><mg:sg class="R">int<mg:s/>*leadi</mg:sg><mg:sg class="R">ng;<mg:lf/></mg:sg></mg:ln>
</mg:row>
<mg:row>
<mg:ln file="1" number="59" class="R"><mg:sg class="R">@property<mg:s/></mg:sg><mg:sg class="R">(nonatomic</mg:sg><mg:sg class="R">,<mg:s/>strong,<mg:s/></mg:sg><mg:sg class="R">readonly)<mg:s/></mg:sg><mg:sg class="R">MASConstra</mg:sg><mg:sg class="R">int<mg:s/>*trail</mg:sg><mg:sg class="R">ing;<mg:lf/></mg:sg></mg:ln>
</mg:row>
<mg:row>
<mg:ln file="1" number="60" class="R"><mg:sg class="R">@property<mg:s/></mg:sg><mg:sg class="R">(nonatomic</mg:sg><mg:sg class="R">,<mg:s/>strong,<mg:s/></mg:sg><mg:sg class="R">readonly)<mg:s/></mg:sg><mg:sg class="R">MASConstra</mg:sg><mg:sg class="R">int<mg:s/>*width</mg:sg><mg:sg class="R">;<mg:lf/></mg:sg></mg:ln>
</mg:row>
<mg:row>
<mg:ln file="1" number="61" class="R"><mg:sg class="R">@property<mg:s/></mg:sg><mg:sg class="R">(nonatomic</mg:sg><mg:sg class="R">,<mg:s/>strong,<mg:s/></mg:sg><mg:sg class="R">readonly)<mg:s/></mg:sg><mg:sg class="R">MASConstra</mg:sg><mg:sg class="R">int<mg:s/>*heigh</mg:sg><mg:sg class="R">t;<mg:lf/></mg:sg></mg:ln>
</mg:row>
<mg:row>
<mg:ln file="1" number="62" class="R"><mg:sg class="R">@property<mg:s/></mg:sg><mg:sg class="R">(nonatomic</mg:sg><mg:sg class="R">,<mg:s/>strong,<mg:s/></mg:sg><mg:sg class="R">readonly)<mg:s/></mg:sg><mg:sg class="R">MASConstra</mg:sg><mg:sg class="R">int<mg:s/>*cente</mg:sg><mg:sg class="R">rX;<mg:lf/></mg:sg></mg:ln>
</mg:row>
<mg:row>
<mg:ln file="1" number="63" class="R"><mg:sg class="R">@property<mg:s/></mg:sg><mg:sg class="R">(nonatomic</mg:sg><mg:sg class="R">,<mg:s/>strong,<mg:s/></mg:sg><mg:sg class="R">readonly)<mg:s/></mg:sg><mg:sg class="R">MASConstra</mg:sg><mg:sg class="R">int<mg:s/>*cente</mg:sg><mg:sg class="R">rY;<mg:lf/></mg:sg></mg:ln>
</mg:row>
<mg:row>
<mg:ln file="1" number="64" class="R"><mg:sg class="R">@property<mg:s/></mg:sg><mg:sg class="R">(nonatomic</mg:sg><mg:sg class="R">,<mg:s/>strong,<mg:s/></mg:sg><mg:sg class="R">readonly)<mg:s/></mg:sg><mg:sg class="R">MASConstra</mg:sg><mg:sg class="R">int<mg:s/>*basel</mg:sg><mg:sg class="R">ine;<mg:lf/></mg:sg></mg:ln>
</mg:row>
<mg:row>
<mg:ln file="1" number="65" class="R"><mg:sg class="R"><mg:lf/></mg:sg></mg:ln>
</mg:row>
<mg:row>
<mg:ln file="1" number="66" class="R"><mg:sg class="R">@property<mg:s/></mg:sg><mg:sg class="R">(nonatomic</mg:sg><mg:sg class="R">,<mg:s/>strong,<mg:s/></mg:sg><mg:sg class="R">readonly)<mg:s/></mg:sg><mg:sg class="R">MASConstra</mg:sg><mg:sg class="R">int<mg:s/>*first</mg:sg><mg:sg class="R">Baseline;<mg:lf/></mg:sg></mg:ln>
</mg:row>
<mg:row>
<mg:ln file="1" number="67" class="R"><mg:sg class="R">@property<mg:s/></mg:sg><mg:sg class="R">(nonatomic</mg:sg><mg:sg class="R">,<mg:s/>strong,<mg:s/></mg:sg><mg:sg class="R">readonly)<mg:s/></mg:sg><mg:sg class="R">MASConstra</mg:sg><mg:sg class="R">int<mg:s/>*lastB</mg:sg><mg:sg class="R">aseline;<mg:lf/></mg:sg></mg:ln>
</mg:row>
<mg:row>
<mg:ln file="1" number="68" class="R"><mg:sg class="R"><mg:lf/></mg:sg></mg:ln>
</mg:row>
<mg:row>
<mg:ln file="1" number="69" class="R"><mg:sg class="R">#if<mg:s/>TARGET</mg:sg><mg:sg class="R">_OS_IPHONE</mg:sg><mg:sg class="R"><mg:s/>||<mg:s/>TARGET</mg:sg><mg:sg class="R">_OS_TV<mg:lf/></mg:sg></mg:ln>
</mg:row>
<mg:row>
<mg:ln file="1" number="70" class="R"><mg:sg class="R"><mg:lf/></mg:sg></mg:ln>
</mg:row>
<mg:row>
<mg:ln file="1" number="71" class="R"><mg:sg class="R">@property<mg:s/></mg:sg><mg:sg class="R">(nonatomic</mg:sg><mg:sg class="R">,<mg:s/>strong,<mg:s/></mg:sg><mg:sg class="R">readonly)<mg:s/></mg:sg><mg:sg class="R">MASConstra</mg:sg><mg:sg class="R">int<mg:s/>*leftM</mg:sg><mg:sg class="R">argin;<mg:lf/></mg:sg></mg:ln>
</mg:row>
<mg:row>
<mg:ln file="1" number="72" class="R"><mg:sg class="R">@property<mg:s/></mg:sg><mg:sg class="R">(nonatomic</mg:sg><mg:sg class="R">,<mg:s/>strong,<mg:s/></mg:sg><mg:sg class="R">readonly)<mg:s/></mg:sg><mg:sg class="R">MASConstra</mg:sg><mg:sg class="R">int<mg:s/>*right</mg:sg><mg:sg class="R">Margin;<mg:lf/></mg:sg></mg:ln>
</mg:row>
<mg:row>
<mg:ln file="1" number="73" class="R"><mg:sg class="R">@property<mg:s/></mg:sg><mg:sg class="R">(nonatomic</mg:sg><mg:sg class="R">,<mg:s/>strong,<mg:s/></mg:sg><mg:sg class="R">readonly)<mg:s/></mg:sg><mg:sg class="R">MASConstra</mg:sg><mg:sg class="R">int<mg:s/>*topMa</mg:sg><mg:sg class="R">rgin;<mg:lf/></mg:sg></mg:ln>
</mg:row>
<mg:row>
<mg:ln file="1" number="74" class="R"><mg:sg class="R">@property<mg:s/></mg:sg><mg:sg class="R">(nonatomic</mg:sg><mg:sg class="R">,<mg:s/>strong,<mg:s/></mg:sg><mg:sg class="R">readonly)<mg:s/></mg:sg><mg:sg class="R">MASConstra</mg:sg><mg:sg class="R">int<mg:s/>*botto</mg:sg><mg:sg class="R">mMargin;<mg:lf/></mg:sg></mg:ln>
</mg:row>
<mg:row>
<mg:ln file="1" number="75" class="R"><mg:sg class="R">@property<mg:s/></mg:sg><mg:sg class="R">(nonatomic</mg:sg><mg:sg class="R">,<mg:s/>strong,<mg:s/></mg:sg><mg:sg class="R">readonly)<mg:s/></mg:sg><mg:sg class="R">MASConstra</mg:sg><mg:sg class="R">int<mg:s/>*leadi</mg:sg><mg:sg class="R">ngMargin;<mg:lf/></mg:sg></mg:ln>
</mg:row>
<mg:row>
<mg:ln file="1" number="76" class="R"><mg:sg class="R">@property<mg:s/></mg:sg><mg:sg class="R">(nonatomic</mg:sg><mg:sg class="R">,<mg:s/>strong,<mg:s/></mg:sg><mg:sg class="R">readonly)<mg:s/></mg:sg><mg:sg class="R">MASConstra</mg:sg><mg:sg class="R">int<mg:s/>*trail</mg:sg><mg:sg class="R">ingMargin;</mg:sg><mg:sg class="R"><mg:lf/></mg:sg></mg:ln>
</mg:row>
<mg:row>
<mg:ln file="1" number="77" class="R"><mg:sg class="R">@property<mg:s/></mg:sg><mg:sg class="R">(nonatomic</mg:sg><mg:sg class="R">,<mg:s/>strong,<mg:s/></mg:sg><mg:sg class="R">readonly)<mg:s/></mg:sg><mg:sg class="R">MASConstra</mg:sg><mg:sg class="R">int<mg:s/>*cente</mg:sg><mg:sg class="R">rXWithinMa</mg:sg><mg:sg class="R">rgins;<mg:lf/></mg:sg></mg:ln>
</mg:row>
<mg:row>
<mg:ln file="1" number="78" class="R"><mg:sg class="R">@property<mg:s/></mg:sg><mg:sg class="R">(nonatomic</mg:sg><mg:sg class="R">,<mg:s/>strong,<mg:s/></mg:sg><mg:sg class="R">readonly)<mg:s/></mg:sg><mg:sg class="R">MASConstra</mg:sg><mg:sg class="R">int<mg:s/>*cente</mg:sg><mg:sg class="R">rYWithinMa</mg:sg><mg:sg class="R">rgins;<mg:lf/></mg:sg></mg:ln>
</mg:row>
<mg:row>
<mg:ln file="1" number="79" class="R"><mg:sg class="R"><mg:lf/></mg:sg></mg:ln>
</mg:row>
<mg:row>
<mg:ln file="1" number="80" class="R"><mg:sg class="R">#endif<mg:lf/></mg:sg></mg:ln>
</mg:row>
<mg:row>
<mg:ln file="1" number="81" class="R"><mg:sg class="R"><mg:lf/></mg:sg></mg:ln>
</mg:row>
<mg:row>
<mg:ln file="1" number="82" class="R"><mg:sg class="R">/**<mg:lf/></mg:sg></mg:ln>
</mg:row>
<mg:row>
<mg:ln file="1" number="83" class="R"><mg:sg class="R"><mg:s/>*<mg:s/><mg:s/>Return</mg:sg><mg:sg class="R">s<mg:s/>a<mg:s/>block<mg:s/></mg:sg><mg:sg class="R">which<mg:s/>crea</mg:sg><mg:sg class="R">tes<mg:s/>a<mg:s/>new<mg:s/></mg:sg><mg:sg class="R">MASComposi</mg:sg><mg:sg class="R">teConstrai</mg:sg><mg:sg class="R">nt<mg:s/>with<mg:s/>th</mg:sg><mg:sg class="R">e<mg:s/>first<mg:s/>it</mg:sg><mg:sg class="R">em<mg:s/>set<mg:lf/></mg:sg></mg:ln>
</mg:row>
<mg:row>
<mg:ln file="1" number="84" class="R"><mg:sg class="R"><mg:s/>*<mg:s/><mg:s/>to<mg:s/>the</mg:sg><mg:sg class="R"><mg:s/>makers<mg:s/>as</mg:sg><mg:sg class="R">sociated<mg:s/>v</mg:sg><mg:sg class="R">iew<mg:s/>and<mg:s/>ch</mg:sg><mg:sg class="R">ildren<mg:s/>cor</mg:sg><mg:sg class="R">responding</mg:sg><mg:sg class="R"><mg:s/>to<mg:s/>the<mg:s/>se</mg:sg><mg:sg class="R">t<mg:s/>bits<mg:s/>in<mg:s/></mg:sg><mg:sg class="R">the<mg:lf/></mg:sg></mg:ln>
</mg:row>
<mg:row>
<mg:ln file="1" number="85" class="R"><mg:sg class="R"><mg:s/>*<mg:s/><mg:s/>MASAtt</mg:sg><mg:sg class="R">ribute<mg:s/>par</mg:sg><mg:sg class="R">ameter.<mg:s/>Co</mg:sg><mg:sg class="R">mbine<mg:s/>mult</mg:sg><mg:sg class="R">iple<mg:s/>attri</mg:sg><mg:sg class="R">butes<mg:s/>via<mg:s/></mg:sg><mg:sg class="R">binary-or.</mg:sg><mg:sg class="R"><mg:lf/></mg:sg></mg:ln>
</mg:row>
<mg:row>
<mg:ln file="1" number="86" class="R"><mg:sg class="R"><mg:s/>*/<mg:lf/></mg:sg></mg:ln>
</mg:row>
<mg:row>
<mg:ln file="1" number="87" class="R"><mg:sg class="R">@property<mg:s/></mg:sg><mg:sg class="R">(nonatomic</mg:sg><mg:sg class="R">,<mg:s/>strong,<mg:s/></mg:sg><mg:sg class="R">readonly)<mg:s/></mg:sg><mg:sg class="R">MASConstra</mg:sg><mg:sg class="R">int<mg:s/>*(^att</mg:sg><mg:sg class="R">ributes)(M</mg:sg><mg:sg class="R">ASAttribut</mg:sg><mg:sg class="R">e<mg:s/>attrs);<mg:lf/></mg:sg></mg:ln>
</mg:row>
<mg:row>
<mg:ln file="1" number="88" class="R"><mg:sg class="R"><mg:lf/></mg:sg></mg:ln>
</mg:row>
<mg:row>
<mg:ln file="1" number="89" class="R"><mg:sg class="R">/**<mg:lf/></mg:sg></mg:ln>
</mg:row>
<mg:row>
<mg:ln file="1" number="90" class="R"><mg:sg class="R"><mg:s/>*<mg:s/><mg:s/><mg:s/><mg:s/><mg:s/><mg:s/>Cr</mg:sg><mg:sg class="R">eates<mg:s/>a<mg:s/>MA</mg:sg><mg:sg class="R">SComposite</mg:sg><mg:sg class="R">Constraint</mg:sg><mg:sg class="R"><mg:s/>with<mg:s/>type</mg:sg><mg:sg class="R"><mg:s/>MASCompos</mg:sg><mg:sg class="R">iteConstra</mg:sg><mg:sg class="R">intTypeEdg</mg:sg><mg:sg class="R">es<mg:lf/></mg:sg></mg:ln>
</mg:row>
<mg:row>
<mg:ln file="1" number="91" class="R"><mg:sg class="R"><mg:s/>*<mg:s/><mg:s/>which<mg:s/></mg:sg><mg:sg class="R">generates<mg:s/></mg:sg><mg:sg class="R">the<mg:s/>approp</mg:sg><mg:sg class="R">riate<mg:s/>MASV</mg:sg><mg:sg class="R">iewConstra</mg:sg><mg:sg class="R">int<mg:s/>childr</mg:sg><mg:sg class="R">en<mg:s/>(top,<mg:s/>l</mg:sg><mg:sg class="R">eft,<mg:s/>botto</mg:sg><mg:sg class="R">m,<mg:s/>right)<mg:lf/></mg:sg></mg:ln>
</mg:row>
<mg:row>
<mg:ln file="1" number="92" class="R"><mg:sg class="R"><mg:s/>*<mg:s/><mg:s/>with<mg:s/>t</mg:sg><mg:sg class="R">he<mg:s/>first<mg:s/>i</mg:sg><mg:sg class="R">tem<mg:s/>set<mg:s/>to</mg:sg><mg:sg class="R"><mg:s/>the<mg:s/>maker</mg:sg><mg:sg class="R">s<mg:s/>associat</mg:sg><mg:sg class="R">ed<mg:s/>view<mg:lf/></mg:sg></mg:ln>
</mg:row>
<mg:row>
<mg:ln file="1" number="93" class="R"><mg:sg class="R"><mg:s/>*/<mg:lf/></mg:sg></mg:ln>
</mg:row>
<mg:row>
<mg:ln file="1" number="94" class="R"><mg:sg class="R">@property<mg:s/></mg:sg><mg:sg class="R">(nonatomic</mg:sg><mg:sg class="R">,<mg:s/>strong,<mg:s/></mg:sg><mg:sg class="R">readonly)<mg:s/></mg:sg><mg:sg class="R">MASConstra</mg:sg><mg:sg class="R">int<mg:s/>*edges</mg:sg><mg:sg class="R">;<mg:lf/></mg:sg></mg:ln>
</mg:row>
<mg:row>
<mg:ln file="1" number="95" class="R"><mg:sg class="R"><mg:lf/></mg:sg></mg:ln>
</mg:row>
<mg:row>
<mg:ln file="1" number="96" class="R"><mg:sg class="R">/**<mg:lf/></mg:sg></mg:ln>
</mg:row>
<mg:row>
<mg:ln file="1" number="97" class="R"><mg:sg class="R"><mg:s/>*<mg:s/><mg:s/><mg:s/><mg:s/><mg:s/><mg:s/>Cr</mg:sg><mg:sg class="R">eates<mg:s/>a<mg:s/>MA</mg:sg><mg:sg class="R">SComposite</mg:sg><mg:sg class="R">Constraint</mg:sg><mg:sg class="R"><mg:s/>with<mg:s/>type</mg:sg><mg:sg class="R"><mg:s/>MASCompos</mg:sg><mg:sg class="R">iteConstra</mg:sg><mg:sg class="R">intTypeSiz</mg:sg><mg:sg class="R">e<mg:lf/></mg:sg></mg:ln>
</mg:row>
<mg:row>
<mg:ln file="1" number="98" class="R"><mg:sg class="R"><mg:s/>*<mg:s/><mg:s/>which<mg:s/></mg:sg><mg:sg class="R">generates<mg:s/></mg:sg><mg:sg class="R">the<mg:s/>approp</mg:sg><mg:sg class="R">riate<mg:s/>MASV</mg:sg><mg:sg class="R">iewConstra</mg:sg><mg:sg class="R">int<mg:s/>childr</mg:sg><mg:sg class="R">en<mg:s/>(width,</mg:sg><mg:sg class="R"><mg:s/>height)<mg:lf/></mg:sg></mg:ln>
</mg:row>
<mg:row>
<mg:ln file="1" number="99" class="R"><mg:sg class="R"><mg:s/>*<mg:s/><mg:s/>with<mg:s/>t</mg:sg><mg:sg class="R">he<mg:s/>first<mg:s/>i</mg:sg><mg:sg class="R">tem<mg:s/>set<mg:s/>to</mg:sg><mg:sg class="R"><mg:s/>the<mg:s/>maker</mg:sg><mg:sg class="R">s<mg:s/>associat</mg:sg><mg:sg class="R">ed<mg:s/>view<mg:lf/></mg:sg></mg:ln>
</mg:row>
<mg:row>
<mg:ln file="1" number="100" class="R"><mg:sg class="R"><mg:s/>*/<mg:lf/></mg:sg></mg:ln>
</mg:row>
<mg:row>
<mg:ln file="1" number="101" class="R"><mg:sg class="R">@property<mg:s/></mg:sg><mg:sg class="R">(nonatomic</mg:sg><mg:sg class="R">,<mg:s/>strong,<mg:s/></mg:sg><mg:sg class="R">readonly)<mg:s/></mg:sg><mg:sg class="R">MASConstra</mg:sg><mg:sg class="R">int<mg:s/>*size;</mg:sg><mg:sg class="R"><mg:lf/></mg:sg></mg:ln>
</mg:row>
<mg:row>
<mg:ln file="1" number="102" class="R"><mg:sg class="R"><mg:lf/></mg:sg></mg:ln>
</mg:row>
<mg:row>
<mg:ln file="1" number="103" class="R"><mg:sg class="R">/**<mg:lf/></mg:sg></mg:ln>
</mg:row>
<mg:row>
<mg:ln file="1" number="104" class="R"><mg:sg class="R"><mg:s/>*<mg:s/><mg:s/><mg:s/><mg:s/><mg:s/><mg:s/>Cr</mg:sg><mg:sg class="R">eates<mg:s/>a<mg:s/>MA</mg:sg><mg:sg class="R">SComposite</mg:sg><mg:sg class="R">Constraint</mg:sg><mg:sg class="R"><mg:s/>with<mg:s/>type</mg:sg><mg:sg class="R"><mg:s/>MASCompos</mg:sg><mg:sg class="R">iteConstra</mg:sg><mg:sg class="R">intTypeCen</mg:sg><mg:sg class="R">ter<mg:lf/></mg:sg></mg:ln>
</mg:row>
<mg:row>
<mg:ln file="1" number="105" class="R"><mg:sg class="R"><mg:s/>*<mg:s/><mg:s/>which<mg:s/></mg:sg><mg:sg class="R">generates<mg:s/></mg:sg><mg:sg class="R">the<mg:s/>approp</mg:sg><mg:sg class="R">riate<mg:s/>MASV</mg:sg><mg:sg class="R">iewConstra</mg:sg><mg:sg class="R">int<mg:s/>childr</mg:sg><mg:sg class="R">en<mg:s/>(center</mg:sg><mg:sg class="R">X,<mg:s/>centerY</mg:sg><mg:sg class="R">)<mg:lf/></mg:sg></mg:ln>
</mg:row>
<mg:row>
<mg:ln file="1" number="106" class="R"><mg:sg class="R"><mg:s/>*<mg:s/><mg:s/>with<mg:s/>t</mg:sg><mg:sg class="R">he<mg:s/>first<mg:s/>i</mg:sg><mg:sg class="R">tem<mg:s/>set<mg:s/>to</mg:sg><mg:sg class="R"><mg:s/>the<mg:s/>maker</mg:sg><mg:sg class="R">s<mg:s/>associat</mg:sg><mg:sg class="R">ed<mg:s/>view<mg:lf/></mg:sg></mg:ln>
</mg:row>
<mg:row>
<mg:ln file="1" number="107" class="R"><mg:sg class="R"><mg:s/>*/<mg:lf/></mg:sg></mg:ln>
</mg:row>
<mg:row>
<mg:ln file="1" number="108" class="R"><mg:sg class="R">@property<mg:s/></mg:sg><mg:sg class="R">(nonatomic</mg:sg><mg:sg class="R">,<mg:s/>strong,<mg:s/></mg:sg><mg:sg class="R">readonly)<mg:s/></mg:sg><mg:sg class="R">MASConstra</mg:sg><mg:sg class="R">int<mg:s/>*cente</mg:sg><mg:sg class="R">r;<mg:lf/></mg:sg></mg:ln>
</mg:row>
<mg:row>
<mg:ln file="1" number="109" class="R"><mg:sg class="R"><mg:lf/></mg:sg></mg:ln>
</mg:row>
<mg:row>
<mg:ln file="1" number="110" class="R"><mg:sg class="R">/**<mg:lf/></mg:sg></mg:ln>
</mg:row>
<mg:row>
<mg:ln file="1" number="111" class="R"><mg:sg class="R"><mg:s/>*<mg:s/><mg:s/>Whethe</mg:sg><mg:sg class="R">r<mg:s/>or<mg:s/>not<mg:s/>t</mg:sg><mg:sg class="R">o<mg:s/>check<mg:s/>fo</mg:sg><mg:sg class="R">r<mg:s/>an<mg:s/>exist</mg:sg><mg:sg class="R">ing<mg:s/>constr</mg:sg><mg:sg class="R">aint<mg:s/>inste</mg:sg><mg:sg class="R">ad<mg:s/>of<mg:s/>addi</mg:sg><mg:sg class="R">ng<mg:s/>constra</mg:sg><mg:sg class="R">int<mg:lf/></mg:sg></mg:ln>
</mg:row>
<mg:row>
<mg:ln file="1" number="112" class="R"><mg:sg class="R"><mg:s/>*/<mg:lf/></mg:sg></mg:ln>
</mg:row>
<mg:row>
<mg:ln file="1" number="113" class="R"><mg:sg class="R">@property<mg:s/></mg:sg><mg:sg class="R">(nonatomic</mg:sg><mg:sg class="R">,<mg:s/>assign)<mg:s/></mg:sg><mg:sg class="R">BOOL<mg:s/>updat</mg:sg><mg:sg class="R">eExisting;</mg:sg><mg:sg class="R"><mg:lf/></mg:sg></mg:ln>
</mg:row>
<mg:row>
<mg:ln file="1" number="114" class="R"><mg:sg class="R"><mg:lf/></mg:sg></mg:ln>
</mg:row>
<mg:row>
<mg:ln file="1" number="115" class="R"><mg:sg class="R">/**<mg:lf/></mg:sg></mg:ln>
</mg:row>
<mg:row>
<mg:ln file="1" number="116" class="R"><mg:sg class="R"><mg:s/>*<mg:s/><mg:s/>Whethe</mg:sg><mg:sg class="R">r<mg:s/>or<mg:s/>not<mg:s/>t</mg:sg><mg:sg class="R">o<mg:s/>remove<mg:s/>e</mg:sg><mg:sg class="R">xisting<mg:s/>co</mg:sg><mg:sg class="R">nstraints<mg:s/></mg:sg><mg:sg class="R">prior<mg:s/>to<mg:s/>i</mg:sg><mg:sg class="R">nstalling<mg:lf/></mg:sg></mg:ln>
</mg:row>
<mg:row>
<mg:ln file="1" number="117" class="R"><mg:sg class="R"><mg:s/>*/<mg:lf/></mg:sg></mg:ln>
</mg:row>
<mg:row>
<mg:ln file="1" number="118" class="R"><mg:sg class="R">@property<mg:s/></mg:sg><mg:sg class="R">(nonatomic</mg:sg><mg:sg class="R">,<mg:s/>assign)<mg:s/></mg:sg><mg:sg class="R">BOOL<mg:s/>remov</mg:sg><mg:sg class="R">eExisting;</mg:sg><mg:sg class="R"><mg:lf/></mg:sg></mg:ln>
</mg:row>
<mg:row>
<mg:ln file="1" number="119" class="R"><mg:sg class="R"><mg:lf/></mg:sg></mg:ln>
</mg:row>
<mg:row>
<mg:ln file="1" number="120" class="R"><mg:sg class="R">/**<mg:lf/></mg:sg></mg:ln>
</mg:row>
<mg:row>
<mg:ln file="1" number="121" class="R"><mg:sg class="R"><mg:s/>*<mg:s/><mg:s/><mg:s/><mg:s/><mg:s/><mg:s/>in</mg:sg><mg:sg class="R">itialises<mg:s/></mg:sg><mg:sg class="R">the<mg:s/>maker<mg:s/></mg:sg><mg:sg class="R">with<mg:s/>a<mg:s/>def</mg:sg><mg:sg class="R">ault<mg:s/>view<mg:lf/></mg:sg></mg:ln>
</mg:row>
<mg:row>
<mg:ln file="1" number="122" class="R"><mg:sg class="R"><mg:s/>*<mg:lf/></mg:sg></mg:ln>
</mg:row>
<mg:row>
<mg:ln file="1" number="123" class="R"><mg:sg class="R"><mg:s/>*<mg:s/><mg:s/><mg:s/><mg:s/><mg:s/><mg:s/>@p</mg:sg><mg:sg class="R">aram<mg:s/><mg:s/>view</mg:sg><mg:sg class="R"><mg:s/><mg:s/><mg:s/><mg:s/>any<mg:s/>MA</mg:sg><mg:sg class="R">SConstrain</mg:sg><mg:sg class="R">t<mg:s/>are<mg:s/>crea</mg:sg><mg:sg class="R">ted<mg:s/>with<mg:s/>t</mg:sg><mg:sg class="R">his<mg:s/>view<mg:s/>a</mg:sg><mg:sg class="R">s<mg:s/>the<mg:s/>firs</mg:sg><mg:sg class="R">t<mg:s/>item<mg:lf/></mg:sg></mg:ln>
</mg:row>
<mg:row>
<mg:ln file="1" number="124" class="R"><mg:sg class="R"><mg:s/>*<mg:lf/></mg:sg></mg:ln>
</mg:row>
<mg:row>
<mg:ln file="1" number="125" class="R"><mg:sg class="R"><mg:s/>*<mg:s/><mg:s/><mg:s/><mg:s/><mg:s/><mg:s/>@r</mg:sg><mg:sg class="R">eturn<mg:s/>a<mg:s/>ne</mg:sg><mg:sg class="R">w<mg:s/>MASConst</mg:sg><mg:sg class="R">raintMaker</mg:sg><mg:sg class="R"><mg:lf/></mg:sg></mg:ln>
</mg:row>
<mg:row>
<mg:ln file="1" number="126" class="R"><mg:sg class="R"><mg:s/>*/<mg:lf/></mg:sg></mg:ln>
</mg:row>
<mg:row>
<mg:ln file="1" number="127" class="R"><mg:sg class="R">-<mg:s/>(id)init</mg:sg><mg:sg class="R">WithView:(</mg:sg><mg:sg class="R">MAS_VIEW<mg:s/>*</mg:sg><mg:sg class="R">)view;<mg:lf/></mg:sg></mg:ln>
</mg:row>
<mg:row>
<mg:ln file="1" number="128" class="R"><mg:sg class="R"><mg:lf/></mg:sg></mg:ln>
</mg:row>
<mg:row>
<mg:ln file="1" number="129" class="R"><mg:sg class="R">/**<mg:lf/></mg:sg></mg:ln>
</mg:row>
<mg:row>
<mg:ln file="1" number="130" class="R"><mg:sg class="R"><mg:s/>*<mg:s/><mg:s/><mg:s/><mg:s/><mg:s/><mg:s/>Ca</mg:sg><mg:sg class="R">lls<mg:s/>instal</mg:sg><mg:sg class="R">l<mg:s/>method<mg:s/>o</mg:sg><mg:sg class="R">n<mg:s/>any<mg:s/>MASC</mg:sg><mg:sg class="R">onstraints</mg:sg><mg:sg class="R"><mg:s/>which<mg:s/>hav</mg:sg><mg:sg class="R">e<mg:s/>been<mg:s/>cre</mg:sg><mg:sg class="R">ated<mg:s/>by<mg:s/>th</mg:sg><mg:sg class="R">is<mg:s/>maker<mg:lf/></mg:sg></mg:ln>
</mg:row>
<mg:row>
<mg:ln file="1" number="131" class="R"><mg:sg class="R"><mg:s/>*<mg:lf/></mg:sg></mg:ln>
</mg:row>
<mg:row>
<mg:ln file="1" number="132" class="R"><mg:sg class="R"><mg:s/>*<mg:s/><mg:s/><mg:s/><mg:s/><mg:s/><mg:s/>@r</mg:sg><mg:sg class="R">eturn<mg:s/>an<mg:s/>a</mg:sg><mg:sg class="R">rray<mg:s/>of<mg:s/>al</mg:sg><mg:sg class="R">l<mg:s/>the<mg:s/>inst</mg:sg><mg:sg class="R">alled<mg:s/>MASC</mg:sg><mg:sg class="R">onstraints</mg:sg><mg:sg class="R"><mg:lf/></mg:sg></mg:ln>
</mg:row>
<mg:row>
<mg:ln file="1" number="133" class="R"><mg:sg class="R"><mg:s/>*/<mg:lf/></mg:sg></mg:ln>
</mg:row>
<mg:row>
<mg:ln file="1" number="134" class="R"><mg:sg class="R">-<mg:s/>(NSArray</mg:sg><mg:sg class="R"><mg:s/>*)install</mg:sg><mg:sg class="R">;<mg:lf/></mg:sg></mg:ln>
</mg:row>
<mg:row>
<mg:ln file="1" number="135" class="R"><mg:sg class="R"><mg:lf/></mg:sg></mg:ln>
</mg:row>
<mg:row>
<mg:ln file="1" number="136" class="R"><mg:sg class="R">-<mg:s/>(MASCons</mg:sg><mg:sg class="R">traint<mg:s/>*<mg:s/>(</mg:sg><mg:sg class="R">^)(dispatc</mg:sg><mg:sg class="R">h_block_t)</mg:sg><mg:sg class="R">)group;<mg:lf/></mg:sg></mg:ln>
</mg:row>
<mg:row>
<mg:ln file="1" number="137" class="R"><mg:sg class="R"><mg:lf/></mg:sg></mg:ln>
</mg:row>
<mg:row>
<mg:ln file="1" number="138" class="R"><mg:sg class="R">@end<mg:lf/></mg:sg></mg:ln>
</mg:row>
</mg:rowGroup>
</mg:rowData>
</mg:report>
