﻿<?xml version="1.0" encoding="UTF-8" ?>

<mg:report version="1.0" xmlns:mg="http://www.araxis.com/2002/Merge/Reporting" type="FileComparison">
<mg:metaData>
  <mg:title>Araxis Merge File Comparison Report</mg:title>
  <mg:id show="true">1110</mg:id>
  <mg:date>2019/4/19 20:25:41</mg:date>
<mg:options>
<mg:option name="clIgnoreDifferencesInWhitespaceAtTheStartOfLines">0</mg:option>
<mg:option name="clIgnoreDifferencesInWhitespaceAtTheEndOfLines">0</mg:option>
<mg:option name="clTreatConsecutiveWhitespaceAsASingleSpace">1</mg:option>
<mg:option name="clIgnoreAllDifferencesInWhitespace">0</mg:option>
<mg:option name="clWhitespaceSignificant">0</mg:option>
<mg:option name="clIgnoreCase">0</mg:option>
<mg:option name="clIgnoreLineEndings">1</mg:option>
<mg:option name="clHideCRLF">1</mg:option>
<mg:option name="clShowLineNums">1</mg:option>
<mg:option name="clShowOmittedLinesRow">0</mg:option>

<mg:regexps>
<mg:regexp enabled="false">
<mg:expression>^[ \t]*$</mg:expression>
<mg:description>Blank lines</mg:description>
</mg:regexp>
<mg:regexp enabled="false">
<mg:expression>[ \t]*//[^&quot;]*$</mg:expression>
<mg:description>C++ comments</mg:description>
</mg:regexp>
<mg:regexp enabled="false">
<mg:expression>^[ \t]*//.*\$(Date|Archive|Author|Header|JustDate|Modtime|Revision|Workfile):.*\$.*$</mg:expression>
<mg:description>SourceSafe comments</mg:description>
</mg:regexp>
<mg:regexp enabled="false">
<mg:expression>^[ \t]*//(:(Header|Source):|.*Generated.*Genitor).*\$</mg:expression>
<mg:description>Genitor comments</mg:description>
</mg:regexp>
<mg:regexp enabled="false">
<mg:expression>\$(Archive|Author|Date|Header|JustDate|Logfile|Modtime|Revision|Workfile):[^$]*\$</mg:expression>
<mg:description>SourceSafe keywords</mg:description>
</mg:regexp>
<mg:regexp enabled="false">
<mg:expression>^[ \t]*'.*$</mg:expression>
<mg:description>Visual Basic comments</mg:description>
</mg:regexp>
<mg:regexp enabled="false">
<mg:expression>\$(Author|Date|Header|Id|Locker|Name|RCSfile|Revision|Source|State):[^$]*\$</mg:expression>
<mg:description>CVS comments</mg:description>
</mg:regexp>
<mg:regexp enabled="false">
<mg:expression>\$(ACident|ACheader|AClog|ACpart|ACversion|Author|Date|Header|Line|Locker|Log|Revision|Smsfile|Smspath|Today|Vcfile|Vcpath|Workfile):?[^$]*\$</mg:expression>
<mg:description>AllChange keywords</mg:description>
</mg:regexp>
<mg:regexp enabled="false">
<mg:expression></mg:expression>
<mg:description></mg:description>
</mg:regexp>
<mg:regexp enabled="false">
<mg:expression></mg:expression>
<mg:description></mg:description>
</mg:regexp>
</mg:regexps>
</mg:options>
<mg:fileDetails file="1">
  <mg:name>View+MASAdditions.h</mg:name>
  <mg:title></mg:title>
  <mg:location>E:\MA75\Branch_20190409\Prototypes\Sky\Sky\iphoneos\Netease\Masonry</mg:location>
  <mg:lastModified>Fri Apr 19 11:02:12 2019 UTC</mg:lastModified>
</mg:fileDetails>
<mg:fileDetails file="2">
  <mg:name></mg:name>
  <mg:title></mg:title>
  <mg:location></mg:location>
  <mg:lastModified>Fri Apr 19 12:25:41 2019 UTC</mg:lastModified>
</mg:fileDetails>
<mg:fileDetails file="3">
  <mg:name></mg:name>
  <mg:title></mg:title>
  <mg:location></mg:location>
  <mg:lastModified>Fri Apr 19 12:25:41 2019 UTC</mg:lastModified>
</mg:fileDetails>
<mg:changeSummaries>
  <mg:changeSummary files="1,2">
	  <mg:changeCount type="unchanged" blocks1="0" blocks2="0" blocks="0" lines1="0" lines2="0" lines="0" />
	  <mg:changeCount type="removed" blocks1="1" blocks2="0" blocks="1" lines1="109" lines2="0" lines="109" />
	  <mg:changeCount type="inserted" blocks1="0" blocks2="0" blocks="0" lines1="0" lines2="0" lines="0" />
	  <mg:changeCount type="changed" blocks1="0" blocks2="0" blocks="0" lines1="0" lines2="0" lines="0" />
  </mg:changeSummary>
<mg:changeSummary files="2,3">
	  <mg:changeCount type="unchanged" blocks1="0" blocks2="0" blocks="0" lines1="0" lines2="0" lines="0" />
	  <mg:changeCount type="removed" blocks1="0" blocks2="0" blocks="0" lines1="0" lines2="0" lines="0" />
	  <mg:changeCount type="inserted" blocks1="0" blocks2="0" blocks="0" lines1="0" lines2="0" lines="0" />
	  <mg:changeCount type="changed" blocks1="0" blocks2="0" blocks="0" lines1="0" lines2="0" lines="0" />
  </mg:changeSummary>
<mg:changeSummary files="1,2,3"><mg:changeCount type="removed" blocks="0" lines="0"/><mg:changeCount type="inserted" blocks="1" lines="109"/><mg:changeCount type="changed" blocks="0" lines="0"/><mg:changeCount type="conflicts" count="0"/></mg:changeSummary></mg:changeSummaries>
		<mg:classes file="1">
<mg:class name="U">
<mg:cssAttribute name="color">#000000</mg:cssAttribute>
<mg:cssAttribute name="background-color">#FFFFFF</mg:cssAttribute>
<mg:cssAttribute name="font-family">Consolas</mg:cssAttribute>
<mg:cssAttribute name="font-weight">normal</mg:cssAttribute>
<mg:cssAttribute name="font-style">normal</mg:cssAttribute>
<mg:cssAttribute name="font-size">9pt</mg:cssAttribute>
<mg:cssAttribute name="text-decoration">none</mg:cssAttribute>
</mg:class>
<mg:class name="R">
<mg:cssAttribute name="color">#800000</mg:cssAttribute>
<mg:cssAttribute name="background-color">#F3E6D8</mg:cssAttribute>
<mg:cssAttribute name="font-family">Consolas</mg:cssAttribute>
<mg:cssAttribute name="font-weight">normal</mg:cssAttribute>
<mg:cssAttribute name="font-style">normal</mg:cssAttribute>
<mg:cssAttribute name="font-size">9pt</mg:cssAttribute>
<mg:cssAttribute name="text-decoration">none</mg:cssAttribute>
</mg:class>
<mg:class name="I">
<mg:cssAttribute name="color">#800000</mg:cssAttribute>
<mg:cssAttribute name="background-color">#D1E8CF</mg:cssAttribute>
<mg:cssAttribute name="font-family">Consolas</mg:cssAttribute>
<mg:cssAttribute name="font-weight">normal</mg:cssAttribute>
<mg:cssAttribute name="font-style">normal</mg:cssAttribute>
<mg:cssAttribute name="font-size">9pt</mg:cssAttribute>
<mg:cssAttribute name="text-decoration">none</mg:cssAttribute>
</mg:class>
<mg:class name="C">
<mg:cssAttribute name="color">#800000</mg:cssAttribute>
<mg:cssAttribute name="background-color">#DACDE6</mg:cssAttribute>
<mg:cssAttribute name="font-family">Consolas</mg:cssAttribute>
<mg:cssAttribute name="font-weight">normal</mg:cssAttribute>
<mg:cssAttribute name="font-style">normal</mg:cssAttribute>
<mg:cssAttribute name="font-size">9pt</mg:cssAttribute>
<mg:cssAttribute name="text-decoration">none</mg:cssAttribute>
</mg:class>
		</mg:classes>
		<mg:classes file="2">
<mg:class name="UU">
<mg:cssAttribute name="color">#000000</mg:cssAttribute>
<mg:cssAttribute name="background-color">#FFFFFF</mg:cssAttribute>
<mg:cssAttribute name="font-family">Consolas</mg:cssAttribute>
<mg:cssAttribute name="font-weight">normal</mg:cssAttribute>
<mg:cssAttribute name="font-style">normal</mg:cssAttribute>
<mg:cssAttribute name="font-size">9pt</mg:cssAttribute>
<mg:cssAttribute name="text-decoration">none</mg:cssAttribute>
</mg:class>
<mg:class name="UR">
<mg:cssAttribute name="color">#400000</mg:cssAttribute>
<mg:cssAttribute name="background-color">#F9F2EB</mg:cssAttribute>
<mg:cssAttribute name="font-family">Consolas</mg:cssAttribute>
<mg:cssAttribute name="font-weight">normal</mg:cssAttribute>
<mg:cssAttribute name="font-style">normal</mg:cssAttribute>
<mg:cssAttribute name="font-size">9pt</mg:cssAttribute>
<mg:cssAttribute name="text-decoration">none</mg:cssAttribute>
</mg:class>
<mg:class name="UI">
<mg:cssAttribute name="color">#400000</mg:cssAttribute>
<mg:cssAttribute name="background-color">#E8F3E7</mg:cssAttribute>
<mg:cssAttribute name="font-family">Consolas</mg:cssAttribute>
<mg:cssAttribute name="font-weight">normal</mg:cssAttribute>
<mg:cssAttribute name="font-style">normal</mg:cssAttribute>
<mg:cssAttribute name="font-size">9pt</mg:cssAttribute>
<mg:cssAttribute name="text-decoration">none</mg:cssAttribute>
</mg:class>
<mg:class name="UC">
<mg:cssAttribute name="color">#400000</mg:cssAttribute>
<mg:cssAttribute name="background-color">#ECE6F2</mg:cssAttribute>
<mg:cssAttribute name="font-family">Consolas</mg:cssAttribute>
<mg:cssAttribute name="font-weight">normal</mg:cssAttribute>
<mg:cssAttribute name="font-style">normal</mg:cssAttribute>
<mg:cssAttribute name="font-size">9pt</mg:cssAttribute>
<mg:cssAttribute name="text-decoration">none</mg:cssAttribute>
</mg:class>
<mg:class name="RU">
<mg:cssAttribute name="color">#400000</mg:cssAttribute>
<mg:cssAttribute name="background-color">#F9F2EB</mg:cssAttribute>
<mg:cssAttribute name="font-family">Consolas</mg:cssAttribute>
<mg:cssAttribute name="font-weight">normal</mg:cssAttribute>
<mg:cssAttribute name="font-style">normal</mg:cssAttribute>
<mg:cssAttribute name="font-size">9pt</mg:cssAttribute>
<mg:cssAttribute name="text-decoration">none</mg:cssAttribute>
</mg:class>
<mg:class name="RR">
<mg:cssAttribute name="color">#800000</mg:cssAttribute>
<mg:cssAttribute name="background-color">#F3E6D8</mg:cssAttribute>
<mg:cssAttribute name="font-family">Consolas</mg:cssAttribute>
<mg:cssAttribute name="font-weight">normal</mg:cssAttribute>
<mg:cssAttribute name="font-style">normal</mg:cssAttribute>
<mg:cssAttribute name="font-size">9pt</mg:cssAttribute>
<mg:cssAttribute name="text-decoration">none</mg:cssAttribute>
</mg:class>
<mg:class name="RI">
<mg:cssAttribute name="color">#800000</mg:cssAttribute>
<mg:cssAttribute name="background-color">#E2E7D3</mg:cssAttribute>
<mg:cssAttribute name="font-family">Consolas</mg:cssAttribute>
<mg:cssAttribute name="font-weight">normal</mg:cssAttribute>
<mg:cssAttribute name="font-style">normal</mg:cssAttribute>
<mg:cssAttribute name="font-size">9pt</mg:cssAttribute>
<mg:cssAttribute name="text-decoration">none</mg:cssAttribute>
</mg:class>
<mg:class name="RC">
<mg:cssAttribute name="color">#800000</mg:cssAttribute>
<mg:cssAttribute name="background-color">#E6D9DF</mg:cssAttribute>
<mg:cssAttribute name="font-family">Consolas</mg:cssAttribute>
<mg:cssAttribute name="font-weight">normal</mg:cssAttribute>
<mg:cssAttribute name="font-style">normal</mg:cssAttribute>
<mg:cssAttribute name="font-size">9pt</mg:cssAttribute>
<mg:cssAttribute name="text-decoration">none</mg:cssAttribute>
</mg:class>
<mg:class name="IU">
<mg:cssAttribute name="color">#400000</mg:cssAttribute>
<mg:cssAttribute name="background-color">#E8F3E7</mg:cssAttribute>
<mg:cssAttribute name="font-family">Consolas</mg:cssAttribute>
<mg:cssAttribute name="font-weight">normal</mg:cssAttribute>
<mg:cssAttribute name="font-style">normal</mg:cssAttribute>
<mg:cssAttribute name="font-size">9pt</mg:cssAttribute>
<mg:cssAttribute name="text-decoration">none</mg:cssAttribute>
</mg:class>
<mg:class name="IR">
<mg:cssAttribute name="color">#800000</mg:cssAttribute>
<mg:cssAttribute name="background-color">#E2E7D3</mg:cssAttribute>
<mg:cssAttribute name="font-family">Consolas</mg:cssAttribute>
<mg:cssAttribute name="font-weight">normal</mg:cssAttribute>
<mg:cssAttribute name="font-style">normal</mg:cssAttribute>
<mg:cssAttribute name="font-size">9pt</mg:cssAttribute>
<mg:cssAttribute name="text-decoration">none</mg:cssAttribute>
</mg:class>
<mg:class name="II">
<mg:cssAttribute name="color">#800000</mg:cssAttribute>
<mg:cssAttribute name="background-color">#D1E8CF</mg:cssAttribute>
<mg:cssAttribute name="font-family">Consolas</mg:cssAttribute>
<mg:cssAttribute name="font-weight">normal</mg:cssAttribute>
<mg:cssAttribute name="font-style">normal</mg:cssAttribute>
<mg:cssAttribute name="font-size">9pt</mg:cssAttribute>
<mg:cssAttribute name="text-decoration">none</mg:cssAttribute>
</mg:class>
<mg:class name="IC">
<mg:cssAttribute name="color">#800000</mg:cssAttribute>
<mg:cssAttribute name="background-color">#D5DADA</mg:cssAttribute>
<mg:cssAttribute name="font-family">Consolas</mg:cssAttribute>
<mg:cssAttribute name="font-weight">normal</mg:cssAttribute>
<mg:cssAttribute name="font-style">normal</mg:cssAttribute>
<mg:cssAttribute name="font-size">9pt</mg:cssAttribute>
<mg:cssAttribute name="text-decoration">none</mg:cssAttribute>
</mg:class>
<mg:class name="CU">
<mg:cssAttribute name="color">#400000</mg:cssAttribute>
<mg:cssAttribute name="background-color">#ECE6F2</mg:cssAttribute>
<mg:cssAttribute name="font-family">Consolas</mg:cssAttribute>
<mg:cssAttribute name="font-weight">normal</mg:cssAttribute>
<mg:cssAttribute name="font-style">normal</mg:cssAttribute>
<mg:cssAttribute name="font-size">9pt</mg:cssAttribute>
<mg:cssAttribute name="text-decoration">none</mg:cssAttribute>
</mg:class>
<mg:class name="CR">
<mg:cssAttribute name="color">#800000</mg:cssAttribute>
<mg:cssAttribute name="background-color">#E6D9DF</mg:cssAttribute>
<mg:cssAttribute name="font-family">Consolas</mg:cssAttribute>
<mg:cssAttribute name="font-weight">normal</mg:cssAttribute>
<mg:cssAttribute name="font-style">normal</mg:cssAttribute>
<mg:cssAttribute name="font-size">9pt</mg:cssAttribute>
<mg:cssAttribute name="text-decoration">none</mg:cssAttribute>
</mg:class>
<mg:class name="CI">
<mg:cssAttribute name="color">#800000</mg:cssAttribute>
<mg:cssAttribute name="background-color">#D5DADA</mg:cssAttribute>
<mg:cssAttribute name="font-family">Consolas</mg:cssAttribute>
<mg:cssAttribute name="font-weight">normal</mg:cssAttribute>
<mg:cssAttribute name="font-style">normal</mg:cssAttribute>
<mg:cssAttribute name="font-size">9pt</mg:cssAttribute>
<mg:cssAttribute name="text-decoration">none</mg:cssAttribute>
</mg:class>
<mg:class name="CC">
<mg:cssAttribute name="color">#800000</mg:cssAttribute>
<mg:cssAttribute name="background-color">#DACDE6</mg:cssAttribute>
<mg:cssAttribute name="font-family">Consolas</mg:cssAttribute>
<mg:cssAttribute name="font-weight">normal</mg:cssAttribute>
<mg:cssAttribute name="font-style">normal</mg:cssAttribute>
<mg:cssAttribute name="font-size">9pt</mg:cssAttribute>
<mg:cssAttribute name="text-decoration">none</mg:cssAttribute>
</mg:class>
		</mg:classes>
		<mg:classes file="3">
<mg:class name="U">
<mg:cssAttribute name="color">#000000</mg:cssAttribute>
<mg:cssAttribute name="background-color">#FFFFFF</mg:cssAttribute>
<mg:cssAttribute name="font-family">Consolas</mg:cssAttribute>
<mg:cssAttribute name="font-weight">normal</mg:cssAttribute>
<mg:cssAttribute name="font-style">normal</mg:cssAttribute>
<mg:cssAttribute name="font-size">9pt</mg:cssAttribute>
<mg:cssAttribute name="text-decoration">none</mg:cssAttribute>
</mg:class>
<mg:class name="R">
<mg:cssAttribute name="color">#800000</mg:cssAttribute>
<mg:cssAttribute name="background-color">#F3E6D8</mg:cssAttribute>
<mg:cssAttribute name="font-family">Consolas</mg:cssAttribute>
<mg:cssAttribute name="font-weight">normal</mg:cssAttribute>
<mg:cssAttribute name="font-style">normal</mg:cssAttribute>
<mg:cssAttribute name="font-size">9pt</mg:cssAttribute>
<mg:cssAttribute name="text-decoration">none</mg:cssAttribute>
</mg:class>
<mg:class name="I">
<mg:cssAttribute name="color">#800000</mg:cssAttribute>
<mg:cssAttribute name="background-color">#D1E8CF</mg:cssAttribute>
<mg:cssAttribute name="font-family">Consolas</mg:cssAttribute>
<mg:cssAttribute name="font-weight">normal</mg:cssAttribute>
<mg:cssAttribute name="font-style">normal</mg:cssAttribute>
<mg:cssAttribute name="font-size">9pt</mg:cssAttribute>
<mg:cssAttribute name="text-decoration">none</mg:cssAttribute>
</mg:class>
<mg:class name="C">
<mg:cssAttribute name="color">#800000</mg:cssAttribute>
<mg:cssAttribute name="background-color">#DACDE6</mg:cssAttribute>
<mg:cssAttribute name="font-family">Consolas</mg:cssAttribute>
<mg:cssAttribute name="font-weight">normal</mg:cssAttribute>
<mg:cssAttribute name="font-style">normal</mg:cssAttribute>
<mg:cssAttribute name="font-size">9pt</mg:cssAttribute>
<mg:cssAttribute name="text-decoration">none</mg:cssAttribute>
</mg:class>
		</mg:classes>
</mg:metaData>
<mg:rowData>
<mg:rowGroup>
<mg:row>
<mg:ln file="1" number="1" class="R"><mg:sg class="R">//<mg:lf/></mg:sg></mg:ln>
</mg:row>
<mg:row>
<mg:ln file="1" number="2" class="R"><mg:sg class="R">//<mg:s/><mg:s/>UIView</mg:sg><mg:sg class="R">+MASAdditi</mg:sg><mg:sg class="R">ons.h<mg:lf/></mg:sg></mg:ln>
</mg:row>
<mg:row>
<mg:ln file="1" number="3" class="R"><mg:sg class="R">//<mg:s/><mg:s/>Masonr</mg:sg><mg:sg class="R">y<mg:lf/></mg:sg></mg:ln>
</mg:row>
<mg:row>
<mg:ln file="1" number="4" class="R"><mg:sg class="R">//<mg:lf/></mg:sg></mg:ln>
</mg:row>
<mg:row>
<mg:ln file="1" number="5" class="R"><mg:sg class="R">//<mg:s/><mg:s/>Create</mg:sg><mg:sg class="R">d<mg:s/>by<mg:s/>Jonas</mg:sg><mg:sg class="R"><mg:s/>Budelmann</mg:sg><mg:sg class="R"><mg:s/>on<mg:s/>20/07/</mg:sg><mg:sg class="R">13.<mg:lf/></mg:sg></mg:ln>
</mg:row>
<mg:row>
<mg:ln file="1" number="6" class="R"><mg:sg class="R">//<mg:s/><mg:s/>Copyri</mg:sg><mg:sg class="R">ght<mg:s/>(c)<mg:s/>20</mg:sg><mg:sg class="R">13<mg:s/>cloudli</mg:sg><mg:sg class="R">ng.<mg:s/>All<mg:s/>ri</mg:sg><mg:sg class="R">ghts<mg:s/>reser</mg:sg><mg:sg class="R">ved.<mg:lf/></mg:sg></mg:ln>
</mg:row>
<mg:row>
<mg:ln file="1" number="7" class="R"><mg:sg class="R">//<mg:lf/></mg:sg></mg:ln>
</mg:row>
<mg:row>
<mg:ln file="1" number="8" class="R"><mg:sg class="R"><mg:lf/></mg:sg></mg:ln>
</mg:row>
<mg:row>
<mg:ln file="1" number="9" class="R"><mg:sg class="R">#import<mg:s/>&quot;M</mg:sg><mg:sg class="R">ASUtilitie</mg:sg><mg:sg class="R">s.h&quot;<mg:lf/></mg:sg></mg:ln>
</mg:row>
<mg:row>
<mg:ln file="1" number="10" class="R"><mg:sg class="R">#import<mg:s/>&quot;M</mg:sg><mg:sg class="R">ASConstrai</mg:sg><mg:sg class="R">ntMaker.h&quot;</mg:sg><mg:sg class="R"><mg:lf/></mg:sg></mg:ln>
</mg:row>
<mg:row>
<mg:ln file="1" number="11" class="R"><mg:sg class="R">#import<mg:s/>&quot;M</mg:sg><mg:sg class="R">ASViewAttr</mg:sg><mg:sg class="R">ibute.h&quot;<mg:lf/></mg:sg></mg:ln>
</mg:row>
<mg:row>
<mg:ln file="1" number="12" class="R"><mg:sg class="R"><mg:lf/></mg:sg></mg:ln>
</mg:row>
<mg:row>
<mg:ln file="1" number="13" class="R"><mg:sg class="R">/**<mg:lf/></mg:sg></mg:ln>
</mg:row>
<mg:row>
<mg:ln file="1" number="14" class="R"><mg:sg class="R"><mg:s/>*<mg:s/><mg:s/><mg:s/><mg:s/><mg:s/><mg:s/>Pr</mg:sg><mg:sg class="R">ovides<mg:s/>con</mg:sg><mg:sg class="R">straint<mg:s/>ma</mg:sg><mg:sg class="R">ker<mg:s/>block<mg:lf/></mg:sg></mg:ln>
</mg:row>
<mg:row>
<mg:ln file="1" number="15" class="R"><mg:sg class="R"><mg:s/>*<mg:s/><mg:s/>and<mg:s/>co</mg:sg><mg:sg class="R">nvience<mg:s/>me</mg:sg><mg:sg class="R">thods<mg:s/>for<mg:s/></mg:sg><mg:sg class="R">creating<mg:s/>M</mg:sg><mg:sg class="R">ASViewAttr</mg:sg><mg:sg class="R">ibute<mg:s/>whic</mg:sg><mg:sg class="R">h<mg:s/>are<mg:s/>view</mg:sg><mg:sg class="R"><mg:s/>+<mg:s/>NSLayou</mg:sg><mg:sg class="R">tAttribute</mg:sg><mg:sg class="R"><mg:s/>pairs<mg:lf/></mg:sg></mg:ln>
</mg:row>
<mg:row>
<mg:ln file="1" number="16" class="R"><mg:sg class="R"><mg:s/>*/<mg:lf/></mg:sg></mg:ln>
</mg:row>
<mg:row>
<mg:ln file="1" number="17" class="R"><mg:sg class="R">@interface</mg:sg><mg:sg class="R"><mg:s/>MAS_VIEW<mg:s/></mg:sg><mg:sg class="R">(MASAdditi</mg:sg><mg:sg class="R">ons)<mg:lf/></mg:sg></mg:ln>
</mg:row>
<mg:row>
<mg:ln file="1" number="18" class="R"><mg:sg class="R"><mg:lf/></mg:sg></mg:ln>
</mg:row>
<mg:row>
<mg:ln file="1" number="19" class="R"><mg:sg class="R">/**<mg:lf/></mg:sg></mg:ln>
</mg:row>
<mg:row>
<mg:ln file="1" number="20" class="R"><mg:sg class="R"><mg:s/>*<mg:s/><mg:s/><mg:s/><mg:s/><mg:s/><mg:s/>fo</mg:sg><mg:sg class="R">llowing<mg:s/>pr</mg:sg><mg:sg class="R">operties<mg:s/>r</mg:sg><mg:sg class="R">eturn<mg:s/>a<mg:s/>ne</mg:sg><mg:sg class="R">w<mg:s/>MASViewA</mg:sg><mg:sg class="R">ttribute<mg:s/>w</mg:sg><mg:sg class="R">ith<mg:s/>curren</mg:sg><mg:sg class="R">t<mg:s/>view<mg:s/>and</mg:sg><mg:sg class="R"><mg:s/>appropria</mg:sg><mg:sg class="R">te<mg:s/>NSLayou</mg:sg><mg:sg class="R">tAttribute</mg:sg><mg:sg class="R"><mg:lf/></mg:sg></mg:ln>
</mg:row>
<mg:row>
<mg:ln file="1" number="21" class="R"><mg:sg class="R"><mg:s/>*/<mg:lf/></mg:sg></mg:ln>
</mg:row>
<mg:row>
<mg:ln file="1" number="22" class="R"><mg:sg class="R">@property<mg:s/></mg:sg><mg:sg class="R">(nonatomic</mg:sg><mg:sg class="R">,<mg:s/>strong,<mg:s/></mg:sg><mg:sg class="R">readonly)<mg:s/></mg:sg><mg:sg class="R">MASViewAtt</mg:sg><mg:sg class="R">ribute<mg:s/>*ma</mg:sg><mg:sg class="R">s_left;<mg:lf/></mg:sg></mg:ln>
</mg:row>
<mg:row>
<mg:ln file="1" number="23" class="R"><mg:sg class="R">@property<mg:s/></mg:sg><mg:sg class="R">(nonatomic</mg:sg><mg:sg class="R">,<mg:s/>strong,<mg:s/></mg:sg><mg:sg class="R">readonly)<mg:s/></mg:sg><mg:sg class="R">MASViewAtt</mg:sg><mg:sg class="R">ribute<mg:s/>*ma</mg:sg><mg:sg class="R">s_top;<mg:lf/></mg:sg></mg:ln>
</mg:row>
<mg:row>
<mg:ln file="1" number="24" class="R"><mg:sg class="R">@property<mg:s/></mg:sg><mg:sg class="R">(nonatomic</mg:sg><mg:sg class="R">,<mg:s/>strong,<mg:s/></mg:sg><mg:sg class="R">readonly)<mg:s/></mg:sg><mg:sg class="R">MASViewAtt</mg:sg><mg:sg class="R">ribute<mg:s/>*ma</mg:sg><mg:sg class="R">s_right;<mg:lf/></mg:sg></mg:ln>
</mg:row>
<mg:row>
<mg:ln file="1" number="25" class="R"><mg:sg class="R">@property<mg:s/></mg:sg><mg:sg class="R">(nonatomic</mg:sg><mg:sg class="R">,<mg:s/>strong,<mg:s/></mg:sg><mg:sg class="R">readonly)<mg:s/></mg:sg><mg:sg class="R">MASViewAtt</mg:sg><mg:sg class="R">ribute<mg:s/>*ma</mg:sg><mg:sg class="R">s_bottom;<mg:lf/></mg:sg></mg:ln>
</mg:row>
<mg:row>
<mg:ln file="1" number="26" class="R"><mg:sg class="R">@property<mg:s/></mg:sg><mg:sg class="R">(nonatomic</mg:sg><mg:sg class="R">,<mg:s/>strong,<mg:s/></mg:sg><mg:sg class="R">readonly)<mg:s/></mg:sg><mg:sg class="R">MASViewAtt</mg:sg><mg:sg class="R">ribute<mg:s/>*ma</mg:sg><mg:sg class="R">s_leading;</mg:sg><mg:sg class="R"><mg:lf/></mg:sg></mg:ln>
</mg:row>
<mg:row>
<mg:ln file="1" number="27" class="R"><mg:sg class="R">@property<mg:s/></mg:sg><mg:sg class="R">(nonatomic</mg:sg><mg:sg class="R">,<mg:s/>strong,<mg:s/></mg:sg><mg:sg class="R">readonly)<mg:s/></mg:sg><mg:sg class="R">MASViewAtt</mg:sg><mg:sg class="R">ribute<mg:s/>*ma</mg:sg><mg:sg class="R">s_trailing</mg:sg><mg:sg class="R">;<mg:lf/></mg:sg></mg:ln>
</mg:row>
<mg:row>
<mg:ln file="1" number="28" class="R"><mg:sg class="R">@property<mg:s/></mg:sg><mg:sg class="R">(nonatomic</mg:sg><mg:sg class="R">,<mg:s/>strong,<mg:s/></mg:sg><mg:sg class="R">readonly)<mg:s/></mg:sg><mg:sg class="R">MASViewAtt</mg:sg><mg:sg class="R">ribute<mg:s/>*ma</mg:sg><mg:sg class="R">s_width;<mg:lf/></mg:sg></mg:ln>
</mg:row>
<mg:row>
<mg:ln file="1" number="29" class="R"><mg:sg class="R">@property<mg:s/></mg:sg><mg:sg class="R">(nonatomic</mg:sg><mg:sg class="R">,<mg:s/>strong,<mg:s/></mg:sg><mg:sg class="R">readonly)<mg:s/></mg:sg><mg:sg class="R">MASViewAtt</mg:sg><mg:sg class="R">ribute<mg:s/>*ma</mg:sg><mg:sg class="R">s_height;<mg:lf/></mg:sg></mg:ln>
</mg:row>
<mg:row>
<mg:ln file="1" number="30" class="R"><mg:sg class="R">@property<mg:s/></mg:sg><mg:sg class="R">(nonatomic</mg:sg><mg:sg class="R">,<mg:s/>strong,<mg:s/></mg:sg><mg:sg class="R">readonly)<mg:s/></mg:sg><mg:sg class="R">MASViewAtt</mg:sg><mg:sg class="R">ribute<mg:s/>*ma</mg:sg><mg:sg class="R">s_centerX;</mg:sg><mg:sg class="R"><mg:lf/></mg:sg></mg:ln>
</mg:row>
<mg:row>
<mg:ln file="1" number="31" class="R"><mg:sg class="R">@property<mg:s/></mg:sg><mg:sg class="R">(nonatomic</mg:sg><mg:sg class="R">,<mg:s/>strong,<mg:s/></mg:sg><mg:sg class="R">readonly)<mg:s/></mg:sg><mg:sg class="R">MASViewAtt</mg:sg><mg:sg class="R">ribute<mg:s/>*ma</mg:sg><mg:sg class="R">s_centerY;</mg:sg><mg:sg class="R"><mg:lf/></mg:sg></mg:ln>
</mg:row>
<mg:row>
<mg:ln file="1" number="32" class="R"><mg:sg class="R">@property<mg:s/></mg:sg><mg:sg class="R">(nonatomic</mg:sg><mg:sg class="R">,<mg:s/>strong,<mg:s/></mg:sg><mg:sg class="R">readonly)<mg:s/></mg:sg><mg:sg class="R">MASViewAtt</mg:sg><mg:sg class="R">ribute<mg:s/>*ma</mg:sg><mg:sg class="R">s_baseline</mg:sg><mg:sg class="R">;<mg:lf/></mg:sg></mg:ln>
</mg:row>
<mg:row>
<mg:ln file="1" number="33" class="R"><mg:sg class="R">@property<mg:s/></mg:sg><mg:sg class="R">(nonatomic</mg:sg><mg:sg class="R">,<mg:s/>strong,<mg:s/></mg:sg><mg:sg class="R">readonly)<mg:s/></mg:sg><mg:sg class="R">MASViewAtt</mg:sg><mg:sg class="R">ribute<mg:s/>*(^</mg:sg><mg:sg class="R">mas_attrib</mg:sg><mg:sg class="R">ute)(NSLay</mg:sg><mg:sg class="R">outAttribu</mg:sg><mg:sg class="R">te<mg:s/>attr);<mg:lf/></mg:sg></mg:ln>
</mg:row>
<mg:row>
<mg:ln file="1" number="34" class="R"><mg:sg class="R"><mg:lf/></mg:sg></mg:ln>
</mg:row>
<mg:row>
<mg:ln file="1" number="35" class="R"><mg:sg class="R">@property<mg:s/></mg:sg><mg:sg class="R">(nonatomic</mg:sg><mg:sg class="R">,<mg:s/>strong,<mg:s/></mg:sg><mg:sg class="R">readonly)<mg:s/></mg:sg><mg:sg class="R">MASViewAtt</mg:sg><mg:sg class="R">ribute<mg:s/>*ma</mg:sg><mg:sg class="R">s_firstBas</mg:sg><mg:sg class="R">eline;<mg:lf/></mg:sg></mg:ln>
</mg:row>
<mg:row>
<mg:ln file="1" number="36" class="R"><mg:sg class="R">@property<mg:s/></mg:sg><mg:sg class="R">(nonatomic</mg:sg><mg:sg class="R">,<mg:s/>strong,<mg:s/></mg:sg><mg:sg class="R">readonly)<mg:s/></mg:sg><mg:sg class="R">MASViewAtt</mg:sg><mg:sg class="R">ribute<mg:s/>*ma</mg:sg><mg:sg class="R">s_lastBase</mg:sg><mg:sg class="R">line;<mg:lf/></mg:sg></mg:ln>
</mg:row>
<mg:row>
<mg:ln file="1" number="37" class="R"><mg:sg class="R"><mg:lf/></mg:sg></mg:ln>
</mg:row>
<mg:row>
<mg:ln file="1" number="38" class="R"><mg:sg class="R">#if<mg:s/>TARGET</mg:sg><mg:sg class="R">_OS_IPHONE</mg:sg><mg:sg class="R"><mg:s/>||<mg:s/>TARGET</mg:sg><mg:sg class="R">_OS_TV<mg:lf/></mg:sg></mg:ln>
</mg:row>
<mg:row>
<mg:ln file="1" number="39" class="R"><mg:sg class="R"><mg:lf/></mg:sg></mg:ln>
</mg:row>
<mg:row>
<mg:ln file="1" number="40" class="R"><mg:sg class="R">@property<mg:s/></mg:sg><mg:sg class="R">(nonatomic</mg:sg><mg:sg class="R">,<mg:s/>strong,<mg:s/></mg:sg><mg:sg class="R">readonly)<mg:s/></mg:sg><mg:sg class="R">MASViewAtt</mg:sg><mg:sg class="R">ribute<mg:s/>*ma</mg:sg><mg:sg class="R">s_leftMarg</mg:sg><mg:sg class="R">in;<mg:lf/></mg:sg></mg:ln>
</mg:row>
<mg:row>
<mg:ln file="1" number="41" class="R"><mg:sg class="R">@property<mg:s/></mg:sg><mg:sg class="R">(nonatomic</mg:sg><mg:sg class="R">,<mg:s/>strong,<mg:s/></mg:sg><mg:sg class="R">readonly)<mg:s/></mg:sg><mg:sg class="R">MASViewAtt</mg:sg><mg:sg class="R">ribute<mg:s/>*ma</mg:sg><mg:sg class="R">s_rightMar</mg:sg><mg:sg class="R">gin;<mg:lf/></mg:sg></mg:ln>
</mg:row>
<mg:row>
<mg:ln file="1" number="42" class="R"><mg:sg class="R">@property<mg:s/></mg:sg><mg:sg class="R">(nonatomic</mg:sg><mg:sg class="R">,<mg:s/>strong,<mg:s/></mg:sg><mg:sg class="R">readonly)<mg:s/></mg:sg><mg:sg class="R">MASViewAtt</mg:sg><mg:sg class="R">ribute<mg:s/>*ma</mg:sg><mg:sg class="R">s_topMargi</mg:sg><mg:sg class="R">n;<mg:lf/></mg:sg></mg:ln>
</mg:row>
<mg:row>
<mg:ln file="1" number="43" class="R"><mg:sg class="R">@property<mg:s/></mg:sg><mg:sg class="R">(nonatomic</mg:sg><mg:sg class="R">,<mg:s/>strong,<mg:s/></mg:sg><mg:sg class="R">readonly)<mg:s/></mg:sg><mg:sg class="R">MASViewAtt</mg:sg><mg:sg class="R">ribute<mg:s/>*ma</mg:sg><mg:sg class="R">s_bottomMa</mg:sg><mg:sg class="R">rgin;<mg:lf/></mg:sg></mg:ln>
</mg:row>
<mg:row>
<mg:ln file="1" number="44" class="R"><mg:sg class="R">@property<mg:s/></mg:sg><mg:sg class="R">(nonatomic</mg:sg><mg:sg class="R">,<mg:s/>strong,<mg:s/></mg:sg><mg:sg class="R">readonly)<mg:s/></mg:sg><mg:sg class="R">MASViewAtt</mg:sg><mg:sg class="R">ribute<mg:s/>*ma</mg:sg><mg:sg class="R">s_leadingM</mg:sg><mg:sg class="R">argin;<mg:lf/></mg:sg></mg:ln>
</mg:row>
<mg:row>
<mg:ln file="1" number="45" class="R"><mg:sg class="R">@property<mg:s/></mg:sg><mg:sg class="R">(nonatomic</mg:sg><mg:sg class="R">,<mg:s/>strong,<mg:s/></mg:sg><mg:sg class="R">readonly)<mg:s/></mg:sg><mg:sg class="R">MASViewAtt</mg:sg><mg:sg class="R">ribute<mg:s/>*ma</mg:sg><mg:sg class="R">s_trailing</mg:sg><mg:sg class="R">Margin;<mg:lf/></mg:sg></mg:ln>
</mg:row>
<mg:row>
<mg:ln file="1" number="46" class="R"><mg:sg class="R">@property<mg:s/></mg:sg><mg:sg class="R">(nonatomic</mg:sg><mg:sg class="R">,<mg:s/>strong,<mg:s/></mg:sg><mg:sg class="R">readonly)<mg:s/></mg:sg><mg:sg class="R">MASViewAtt</mg:sg><mg:sg class="R">ribute<mg:s/>*ma</mg:sg><mg:sg class="R">s_centerXW</mg:sg><mg:sg class="R">ithinMargi</mg:sg><mg:sg class="R">ns;<mg:lf/></mg:sg></mg:ln>
</mg:row>
<mg:row>
<mg:ln file="1" number="47" class="R"><mg:sg class="R">@property<mg:s/></mg:sg><mg:sg class="R">(nonatomic</mg:sg><mg:sg class="R">,<mg:s/>strong,<mg:s/></mg:sg><mg:sg class="R">readonly)<mg:s/></mg:sg><mg:sg class="R">MASViewAtt</mg:sg><mg:sg class="R">ribute<mg:s/>*ma</mg:sg><mg:sg class="R">s_centerYW</mg:sg><mg:sg class="R">ithinMargi</mg:sg><mg:sg class="R">ns;<mg:lf/></mg:sg></mg:ln>
</mg:row>
<mg:row>
<mg:ln file="1" number="48" class="R"><mg:sg class="R"><mg:lf/></mg:sg></mg:ln>
</mg:row>
<mg:row>
<mg:ln file="1" number="49" class="R"><mg:sg class="R">@property<mg:s/></mg:sg><mg:sg class="R">(nonatomic</mg:sg><mg:sg class="R">,<mg:s/>strong,<mg:s/></mg:sg><mg:sg class="R">readonly)<mg:s/></mg:sg><mg:sg class="R">MASViewAtt</mg:sg><mg:sg class="R">ribute<mg:s/>*ma</mg:sg><mg:sg class="R">s_safeArea</mg:sg><mg:sg class="R">LayoutGuid</mg:sg><mg:sg class="R">e<mg:s/>NS_AVAIL</mg:sg><mg:sg class="R">ABLE_IOS(1</mg:sg><mg:sg class="R">1.0);<mg:lf/></mg:sg></mg:ln>
</mg:row>
<mg:row>
<mg:ln file="1" number="50" class="R"><mg:sg class="R">@property<mg:s/></mg:sg><mg:sg class="R">(nonatomic</mg:sg><mg:sg class="R">,<mg:s/>strong,<mg:s/></mg:sg><mg:sg class="R">readonly)<mg:s/></mg:sg><mg:sg class="R">MASViewAtt</mg:sg><mg:sg class="R">ribute<mg:s/>*ma</mg:sg><mg:sg class="R">s_safeArea</mg:sg><mg:sg class="R">LayoutGuid</mg:sg><mg:sg class="R">eLeading<mg:s/>N</mg:sg><mg:sg class="R">S_AVAILABL</mg:sg><mg:sg class="R">E_IOS(11.0</mg:sg><mg:sg class="R">);<mg:lf/></mg:sg></mg:ln>
</mg:row>
<mg:row>
<mg:ln file="1" number="51" class="R"><mg:sg class="R">@property<mg:s/></mg:sg><mg:sg class="R">(nonatomic</mg:sg><mg:sg class="R">,<mg:s/>strong,<mg:s/></mg:sg><mg:sg class="R">readonly)<mg:s/></mg:sg><mg:sg class="R">MASViewAtt</mg:sg><mg:sg class="R">ribute<mg:s/>*ma</mg:sg><mg:sg class="R">s_safeArea</mg:sg><mg:sg class="R">LayoutGuid</mg:sg><mg:sg class="R">eTrailing<mg:s/></mg:sg><mg:sg class="R">NS_AVAILAB</mg:sg><mg:sg class="R">LE_IOS(11.</mg:sg><mg:sg class="R">0);<mg:lf/></mg:sg></mg:ln>
</mg:row>
<mg:row>
<mg:ln file="1" number="52" class="R"><mg:sg class="R">@property<mg:s/></mg:sg><mg:sg class="R">(nonatomic</mg:sg><mg:sg class="R">,<mg:s/>strong,<mg:s/></mg:sg><mg:sg class="R">readonly)<mg:s/></mg:sg><mg:sg class="R">MASViewAtt</mg:sg><mg:sg class="R">ribute<mg:s/>*ma</mg:sg><mg:sg class="R">s_safeArea</mg:sg><mg:sg class="R">LayoutGuid</mg:sg><mg:sg class="R">eLeft<mg:s/>NS_A</mg:sg><mg:sg class="R">VAILABLE_I</mg:sg><mg:sg class="R">OS(11.0);<mg:lf/></mg:sg></mg:ln>
</mg:row>
<mg:row>
<mg:ln file="1" number="53" class="R"><mg:sg class="R">@property<mg:s/></mg:sg><mg:sg class="R">(nonatomic</mg:sg><mg:sg class="R">,<mg:s/>strong,<mg:s/></mg:sg><mg:sg class="R">readonly)<mg:s/></mg:sg><mg:sg class="R">MASViewAtt</mg:sg><mg:sg class="R">ribute<mg:s/>*ma</mg:sg><mg:sg class="R">s_safeArea</mg:sg><mg:sg class="R">LayoutGuid</mg:sg><mg:sg class="R">eRight<mg:s/>NS_</mg:sg><mg:sg class="R">AVAILABLE_</mg:sg><mg:sg class="R">IOS(11.0);</mg:sg><mg:sg class="R"><mg:lf/></mg:sg></mg:ln>
</mg:row>
<mg:row>
<mg:ln file="1" number="54" class="R"><mg:sg class="R">@property<mg:s/></mg:sg><mg:sg class="R">(nonatomic</mg:sg><mg:sg class="R">,<mg:s/>strong,<mg:s/></mg:sg><mg:sg class="R">readonly)<mg:s/></mg:sg><mg:sg class="R">MASViewAtt</mg:sg><mg:sg class="R">ribute<mg:s/>*ma</mg:sg><mg:sg class="R">s_safeArea</mg:sg><mg:sg class="R">LayoutGuid</mg:sg><mg:sg class="R">eTop<mg:s/>NS_AV</mg:sg><mg:sg class="R">AILABLE_IO</mg:sg><mg:sg class="R">S(11.0);<mg:lf/></mg:sg></mg:ln>
</mg:row>
<mg:row>
<mg:ln file="1" number="55" class="R"><mg:sg class="R">@property<mg:s/></mg:sg><mg:sg class="R">(nonatomic</mg:sg><mg:sg class="R">,<mg:s/>strong,<mg:s/></mg:sg><mg:sg class="R">readonly)<mg:s/></mg:sg><mg:sg class="R">MASViewAtt</mg:sg><mg:sg class="R">ribute<mg:s/>*ma</mg:sg><mg:sg class="R">s_safeArea</mg:sg><mg:sg class="R">LayoutGuid</mg:sg><mg:sg class="R">eBottom<mg:s/>NS</mg:sg><mg:sg class="R">_AVAILABLE</mg:sg><mg:sg class="R">_IOS(11.0)</mg:sg><mg:sg class="R">;<mg:lf/></mg:sg></mg:ln>
</mg:row>
<mg:row>
<mg:ln file="1" number="56" class="R"><mg:sg class="R">@property<mg:s/></mg:sg><mg:sg class="R">(nonatomic</mg:sg><mg:sg class="R">,<mg:s/>strong,<mg:s/></mg:sg><mg:sg class="R">readonly)<mg:s/></mg:sg><mg:sg class="R">MASViewAtt</mg:sg><mg:sg class="R">ribute<mg:s/>*ma</mg:sg><mg:sg class="R">s_safeArea</mg:sg><mg:sg class="R">LayoutGuid</mg:sg><mg:sg class="R">eWidth<mg:s/>NS_</mg:sg><mg:sg class="R">AVAILABLE_</mg:sg><mg:sg class="R">IOS(11.0);</mg:sg><mg:sg class="R"><mg:lf/></mg:sg></mg:ln>
</mg:row>
<mg:row>
<mg:ln file="1" number="57" class="R"><mg:sg class="R">@property<mg:s/></mg:sg><mg:sg class="R">(nonatomic</mg:sg><mg:sg class="R">,<mg:s/>strong,<mg:s/></mg:sg><mg:sg class="R">readonly)<mg:s/></mg:sg><mg:sg class="R">MASViewAtt</mg:sg><mg:sg class="R">ribute<mg:s/>*ma</mg:sg><mg:sg class="R">s_safeArea</mg:sg><mg:sg class="R">LayoutGuid</mg:sg><mg:sg class="R">eHeight<mg:s/>NS</mg:sg><mg:sg class="R">_AVAILABLE</mg:sg><mg:sg class="R">_IOS(11.0)</mg:sg><mg:sg class="R">;<mg:lf/></mg:sg></mg:ln>
</mg:row>
<mg:row>
<mg:ln file="1" number="58" class="R"><mg:sg class="R">@property<mg:s/></mg:sg><mg:sg class="R">(nonatomic</mg:sg><mg:sg class="R">,<mg:s/>strong,<mg:s/></mg:sg><mg:sg class="R">readonly)<mg:s/></mg:sg><mg:sg class="R">MASViewAtt</mg:sg><mg:sg class="R">ribute<mg:s/>*ma</mg:sg><mg:sg class="R">s_safeArea</mg:sg><mg:sg class="R">LayoutGuid</mg:sg><mg:sg class="R">eCenterX<mg:s/>N</mg:sg><mg:sg class="R">S_AVAILABL</mg:sg><mg:sg class="R">E_IOS(11.0</mg:sg><mg:sg class="R">);<mg:lf/></mg:sg></mg:ln>
</mg:row>
<mg:row>
<mg:ln file="1" number="59" class="R"><mg:sg class="R">@property<mg:s/></mg:sg><mg:sg class="R">(nonatomic</mg:sg><mg:sg class="R">,<mg:s/>strong,<mg:s/></mg:sg><mg:sg class="R">readonly)<mg:s/></mg:sg><mg:sg class="R">MASViewAtt</mg:sg><mg:sg class="R">ribute<mg:s/>*ma</mg:sg><mg:sg class="R">s_safeArea</mg:sg><mg:sg class="R">LayoutGuid</mg:sg><mg:sg class="R">eCenterY<mg:s/>N</mg:sg><mg:sg class="R">S_AVAILABL</mg:sg><mg:sg class="R">E_IOS(11.0</mg:sg><mg:sg class="R">);<mg:lf/></mg:sg></mg:ln>
</mg:row>
<mg:row>
<mg:ln file="1" number="60" class="R"><mg:sg class="R"><mg:lf/></mg:sg></mg:ln>
</mg:row>
<mg:row>
<mg:ln file="1" number="61" class="R"><mg:sg class="R">#endif<mg:lf/></mg:sg></mg:ln>
</mg:row>
<mg:row>
<mg:ln file="1" number="62" class="R"><mg:sg class="R"><mg:lf/></mg:sg></mg:ln>
</mg:row>
<mg:row>
<mg:ln file="1" number="63" class="R"><mg:sg class="R">/**<mg:lf/></mg:sg></mg:ln>
</mg:row>
<mg:row>
<mg:ln file="1" number="64" class="R"><mg:sg class="R"><mg:s/>*<mg:s/><mg:s/><mg:s/><mg:s/><mg:s/><mg:s/>a<mg:s/></mg:sg><mg:sg class="R">key<mg:s/>to<mg:s/>ass</mg:sg><mg:sg class="R">ociate<mg:s/>wit</mg:sg><mg:sg class="R">h<mg:s/>this<mg:s/>vie</mg:sg><mg:sg class="R">w<mg:lf/></mg:sg></mg:ln>
</mg:row>
<mg:row>
<mg:ln file="1" number="65" class="R"><mg:sg class="R"><mg:s/>*/<mg:lf/></mg:sg></mg:ln>
</mg:row>
<mg:row>
<mg:ln file="1" number="66" class="R"><mg:sg class="R">@property<mg:s/></mg:sg><mg:sg class="R">(nonatomic</mg:sg><mg:sg class="R">,<mg:s/>strong)<mg:s/></mg:sg><mg:sg class="R">id<mg:s/>mas_key</mg:sg><mg:sg class="R">;<mg:lf/></mg:sg></mg:ln>
</mg:row>
<mg:row>
<mg:ln file="1" number="67" class="R"><mg:sg class="R"><mg:lf/></mg:sg></mg:ln>
</mg:row>
<mg:row>
<mg:ln file="1" number="68" class="R"><mg:sg class="R">/**<mg:lf/></mg:sg></mg:ln>
</mg:row>
<mg:row>
<mg:ln file="1" number="69" class="R"><mg:sg class="R"><mg:s/>*<mg:s/><mg:s/><mg:s/><mg:s/><mg:s/><mg:s/>Fi</mg:sg><mg:sg class="R">nds<mg:s/>the<mg:s/>cl</mg:sg><mg:sg class="R">osest<mg:s/>comm</mg:sg><mg:sg class="R">on<mg:s/>supervi</mg:sg><mg:sg class="R">ew<mg:s/>between</mg:sg><mg:sg class="R"><mg:s/>this<mg:s/>view</mg:sg><mg:sg class="R"><mg:s/>and<mg:s/>anoth</mg:sg><mg:sg class="R">er<mg:s/>view<mg:lf/></mg:sg></mg:ln>
</mg:row>
<mg:row>
<mg:ln file="1" number="70" class="R"><mg:sg class="R"><mg:s/>*<mg:lf/></mg:sg></mg:ln>
</mg:row>
<mg:row>
<mg:ln file="1" number="71" class="R"><mg:sg class="R"><mg:s/>*<mg:s/><mg:s/><mg:s/><mg:s/><mg:s/><mg:s/>@p</mg:sg><mg:sg class="R">aram<mg:s/><mg:s/>view</mg:sg><mg:sg class="R"><mg:s/><mg:s/><mg:s/><mg:s/>other<mg:s/></mg:sg><mg:sg class="R">view<mg:lf/></mg:sg></mg:ln>
</mg:row>
<mg:row>
<mg:ln file="1" number="72" class="R"><mg:sg class="R"><mg:s/>*<mg:lf/></mg:sg></mg:ln>
</mg:row>
<mg:row>
<mg:ln file="1" number="73" class="R"><mg:sg class="R"><mg:s/>*<mg:s/><mg:s/><mg:s/><mg:s/><mg:s/><mg:s/>@r</mg:sg><mg:sg class="R">eturn<mg:s/>retu</mg:sg><mg:sg class="R">rns<mg:s/>nil<mg:s/>if</mg:sg><mg:sg class="R"><mg:s/>common<mg:s/>su</mg:sg><mg:sg class="R">perview<mg:s/>co</mg:sg><mg:sg class="R">uld<mg:s/>not<mg:s/>be</mg:sg><mg:sg class="R"><mg:s/>found<mg:lf/></mg:sg></mg:ln>
</mg:row>
<mg:row>
<mg:ln file="1" number="74" class="R"><mg:sg class="R"><mg:s/>*/<mg:lf/></mg:sg></mg:ln>
</mg:row>
<mg:row>
<mg:ln file="1" number="75" class="R"><mg:sg class="R">-<mg:s/>(instanc</mg:sg><mg:sg class="R">etype)mas_</mg:sg><mg:sg class="R">closestCom</mg:sg><mg:sg class="R">monSupervi</mg:sg><mg:sg class="R">ew:(MAS_VI</mg:sg><mg:sg class="R">EW<mg:s/>*)view;</mg:sg><mg:sg class="R"><mg:lf/></mg:sg></mg:ln>
</mg:row>
<mg:row>
<mg:ln file="1" number="76" class="R"><mg:sg class="R"><mg:lf/></mg:sg></mg:ln>
</mg:row>
<mg:row>
<mg:ln file="1" number="77" class="R"><mg:sg class="R">/**<mg:lf/></mg:sg></mg:ln>
</mg:row>
<mg:row>
<mg:ln file="1" number="78" class="R"><mg:sg class="R"><mg:s/>*<mg:s/><mg:s/>Create</mg:sg><mg:sg class="R">s<mg:s/>a<mg:s/>MASCon</mg:sg><mg:sg class="R">straintMak</mg:sg><mg:sg class="R">er<mg:s/>with<mg:s/>th</mg:sg><mg:sg class="R">e<mg:s/>callee<mg:s/>v</mg:sg><mg:sg class="R">iew.<mg:lf/></mg:sg></mg:ln>
</mg:row>
<mg:row>
<mg:ln file="1" number="79" class="R"><mg:sg class="R"><mg:s/>*<mg:s/><mg:s/>Any<mg:s/>co</mg:sg><mg:sg class="R">nstraints<mg:s/></mg:sg><mg:sg class="R">defined<mg:s/>ar</mg:sg><mg:sg class="R">e<mg:s/>added<mg:s/>to</mg:sg><mg:sg class="R"><mg:s/>the<mg:s/>view<mg:s/></mg:sg><mg:sg class="R">or<mg:s/>the<mg:s/>app</mg:sg><mg:sg class="R">ropriate<mg:s/>s</mg:sg><mg:sg class="R">uperview<mg:s/>o</mg:sg><mg:sg class="R">nce<mg:s/>the<mg:s/>bl</mg:sg><mg:sg class="R">ock<mg:s/>has<mg:s/>fi</mg:sg><mg:sg class="R">nished<mg:s/>exe</mg:sg><mg:sg class="R">cuting<mg:lf/></mg:sg></mg:ln>
</mg:row>
<mg:row>
<mg:ln file="1" number="80" class="R"><mg:sg class="R"><mg:s/>*<mg:lf/></mg:sg></mg:ln>
</mg:row>
<mg:row>
<mg:ln file="1" number="81" class="R"><mg:sg class="R"><mg:s/>*<mg:s/><mg:s/>@param</mg:sg><mg:sg class="R"><mg:s/>block<mg:s/>sco</mg:sg><mg:sg class="R">pe<mg:s/>within<mg:s/></mg:sg><mg:sg class="R">which<mg:s/>you<mg:s/></mg:sg><mg:sg class="R">can<mg:s/>build<mg:s/></mg:sg><mg:sg class="R">up<mg:s/>the<mg:s/>con</mg:sg><mg:sg class="R">straints<mg:s/>w</mg:sg><mg:sg class="R">hich<mg:s/>you<mg:s/>w</mg:sg><mg:sg class="R">ish<mg:s/>to<mg:s/>app</mg:sg><mg:sg class="R">ly<mg:s/>to<mg:s/>the<mg:s/></mg:sg><mg:sg class="R">view.<mg:lf/></mg:sg></mg:ln>
</mg:row>
<mg:row>
<mg:ln file="1" number="82" class="R"><mg:sg class="R"><mg:s/>*<mg:lf/></mg:sg></mg:ln>
</mg:row>
<mg:row>
<mg:ln file="1" number="83" class="R"><mg:sg class="R"><mg:s/>*<mg:s/><mg:s/>@retur</mg:sg><mg:sg class="R">n<mg:s/>Array<mg:s/>of</mg:sg><mg:sg class="R"><mg:s/>created<mg:s/>M</mg:sg><mg:sg class="R">ASConstrai</mg:sg><mg:sg class="R">nts<mg:lf/></mg:sg></mg:ln>
</mg:row>
<mg:row>
<mg:ln file="1" number="84" class="R"><mg:sg class="R"><mg:s/>*/<mg:lf/></mg:sg></mg:ln>
</mg:row>
<mg:row>
<mg:ln file="1" number="85" class="R"><mg:sg class="R">-<mg:s/>(NSArray</mg:sg><mg:sg class="R"><mg:s/>*)mas_mak</mg:sg><mg:sg class="R">eConstrain</mg:sg><mg:sg class="R">ts:(void(N</mg:sg><mg:sg class="R">S_NOESCAPE</mg:sg><mg:sg class="R"><mg:s/>^)(MASCon</mg:sg><mg:sg class="R">straintMak</mg:sg><mg:sg class="R">er<mg:s/>*make))</mg:sg><mg:sg class="R">block;<mg:lf/></mg:sg></mg:ln>
</mg:row>
<mg:row>
<mg:ln file="1" number="86" class="R"><mg:sg class="R"><mg:lf/></mg:sg></mg:ln>
</mg:row>
<mg:row>
<mg:ln file="1" number="87" class="R"><mg:sg class="R">/**<mg:lf/></mg:sg></mg:ln>
</mg:row>
<mg:row>
<mg:ln file="1" number="88" class="R"><mg:sg class="R"><mg:s/>*<mg:s/><mg:s/>Create</mg:sg><mg:sg class="R">s<mg:s/>a<mg:s/>MASCon</mg:sg><mg:sg class="R">straintMak</mg:sg><mg:sg class="R">er<mg:s/>with<mg:s/>th</mg:sg><mg:sg class="R">e<mg:s/>callee<mg:s/>v</mg:sg><mg:sg class="R">iew.<mg:lf/></mg:sg></mg:ln>
</mg:row>
<mg:row>
<mg:ln file="1" number="89" class="R"><mg:sg class="R"><mg:s/>*<mg:s/><mg:s/>Any<mg:s/>co</mg:sg><mg:sg class="R">nstraints<mg:s/></mg:sg><mg:sg class="R">defined<mg:s/>ar</mg:sg><mg:sg class="R">e<mg:s/>added<mg:s/>to</mg:sg><mg:sg class="R"><mg:s/>the<mg:s/>view<mg:s/></mg:sg><mg:sg class="R">or<mg:s/>the<mg:s/>app</mg:sg><mg:sg class="R">ropriate<mg:s/>s</mg:sg><mg:sg class="R">uperview<mg:s/>o</mg:sg><mg:sg class="R">nce<mg:s/>the<mg:s/>bl</mg:sg><mg:sg class="R">ock<mg:s/>has<mg:s/>fi</mg:sg><mg:sg class="R">nished<mg:s/>exe</mg:sg><mg:sg class="R">cuting.<mg:lf/></mg:sg></mg:ln>
</mg:row>
<mg:row>
<mg:ln file="1" number="90" class="R"><mg:sg class="R"><mg:s/>*<mg:s/><mg:s/>If<mg:s/>an<mg:s/></mg:sg><mg:sg class="R">existing<mg:s/>c</mg:sg><mg:sg class="R">onstraint<mg:s/></mg:sg><mg:sg class="R">exists<mg:s/>the</mg:sg><mg:sg class="R">n<mg:s/>it<mg:s/>will<mg:s/></mg:sg><mg:sg class="R">be<mg:s/>updated</mg:sg><mg:sg class="R"><mg:s/>instead.<mg:lf/></mg:sg></mg:ln>
</mg:row>
<mg:row>
<mg:ln file="1" number="91" class="R"><mg:sg class="R"><mg:s/>*<mg:lf/></mg:sg></mg:ln>
</mg:row>
<mg:row>
<mg:ln file="1" number="92" class="R"><mg:sg class="R"><mg:s/>*<mg:s/><mg:s/>@param</mg:sg><mg:sg class="R"><mg:s/>block<mg:s/>sco</mg:sg><mg:sg class="R">pe<mg:s/>within<mg:s/></mg:sg><mg:sg class="R">which<mg:s/>you<mg:s/></mg:sg><mg:sg class="R">can<mg:s/>build<mg:s/></mg:sg><mg:sg class="R">up<mg:s/>the<mg:s/>con</mg:sg><mg:sg class="R">straints<mg:s/>w</mg:sg><mg:sg class="R">hich<mg:s/>you<mg:s/>w</mg:sg><mg:sg class="R">ish<mg:s/>to<mg:s/>app</mg:sg><mg:sg class="R">ly<mg:s/>to<mg:s/>the<mg:s/></mg:sg><mg:sg class="R">view.<mg:lf/></mg:sg></mg:ln>
</mg:row>
<mg:row>
<mg:ln file="1" number="93" class="R"><mg:sg class="R"><mg:s/>*<mg:lf/></mg:sg></mg:ln>
</mg:row>
<mg:row>
<mg:ln file="1" number="94" class="R"><mg:sg class="R"><mg:s/>*<mg:s/><mg:s/>@retur</mg:sg><mg:sg class="R">n<mg:s/>Array<mg:s/>of</mg:sg><mg:sg class="R"><mg:s/>created/u</mg:sg><mg:sg class="R">pdated<mg:s/>MAS</mg:sg><mg:sg class="R">Constraint</mg:sg><mg:sg class="R">s<mg:lf/></mg:sg></mg:ln>
</mg:row>
<mg:row>
<mg:ln file="1" number="95" class="R"><mg:sg class="R"><mg:s/>*/<mg:lf/></mg:sg></mg:ln>
</mg:row>
<mg:row>
<mg:ln file="1" number="96" class="R"><mg:sg class="R">-<mg:s/>(NSArray</mg:sg><mg:sg class="R"><mg:s/>*)mas_upd</mg:sg><mg:sg class="R">ateConstra</mg:sg><mg:sg class="R">ints:(void</mg:sg><mg:sg class="R">(NS_NOESCA</mg:sg><mg:sg class="R">PE<mg:s/>^)(MASC</mg:sg><mg:sg class="R">onstraintM</mg:sg><mg:sg class="R">aker<mg:s/>*make</mg:sg><mg:sg class="R">))block;<mg:lf/></mg:sg></mg:ln>
</mg:row>
<mg:row>
<mg:ln file="1" number="97" class="R"><mg:sg class="R"><mg:lf/></mg:sg></mg:ln>
</mg:row>
<mg:row>
<mg:ln file="1" number="98" class="R"><mg:sg class="R">/**<mg:lf/></mg:sg></mg:ln>
</mg:row>
<mg:row>
<mg:ln file="1" number="99" class="R"><mg:sg class="R"><mg:s/>*<mg:s/><mg:s/>Create</mg:sg><mg:sg class="R">s<mg:s/>a<mg:s/>MASCon</mg:sg><mg:sg class="R">straintMak</mg:sg><mg:sg class="R">er<mg:s/>with<mg:s/>th</mg:sg><mg:sg class="R">e<mg:s/>callee<mg:s/>v</mg:sg><mg:sg class="R">iew.<mg:lf/></mg:sg></mg:ln>
</mg:row>
<mg:row>
<mg:ln file="1" number="100" class="R"><mg:sg class="R"><mg:s/>*<mg:s/><mg:s/>Any<mg:s/>co</mg:sg><mg:sg class="R">nstraints<mg:s/></mg:sg><mg:sg class="R">defined<mg:s/>ar</mg:sg><mg:sg class="R">e<mg:s/>added<mg:s/>to</mg:sg><mg:sg class="R"><mg:s/>the<mg:s/>view<mg:s/></mg:sg><mg:sg class="R">or<mg:s/>the<mg:s/>app</mg:sg><mg:sg class="R">ropriate<mg:s/>s</mg:sg><mg:sg class="R">uperview<mg:s/>o</mg:sg><mg:sg class="R">nce<mg:s/>the<mg:s/>bl</mg:sg><mg:sg class="R">ock<mg:s/>has<mg:s/>fi</mg:sg><mg:sg class="R">nished<mg:s/>exe</mg:sg><mg:sg class="R">cuting.<mg:lf/></mg:sg></mg:ln>
</mg:row>
<mg:row>
<mg:ln file="1" number="101" class="R"><mg:sg class="R"><mg:s/>*<mg:s/><mg:s/>All<mg:s/>co</mg:sg><mg:sg class="R">nstraints<mg:s/></mg:sg><mg:sg class="R">previously</mg:sg><mg:sg class="R"><mg:s/>installed</mg:sg><mg:sg class="R"><mg:s/>for<mg:s/>the<mg:s/>v</mg:sg><mg:sg class="R">iew<mg:s/>will<mg:s/>b</mg:sg><mg:sg class="R">e<mg:s/>removed.</mg:sg><mg:sg class="R"><mg:lf/></mg:sg></mg:ln>
</mg:row>
<mg:row>
<mg:ln file="1" number="102" class="R"><mg:sg class="R"><mg:s/>*<mg:lf/></mg:sg></mg:ln>
</mg:row>
<mg:row>
<mg:ln file="1" number="103" class="R"><mg:sg class="R"><mg:s/>*<mg:s/><mg:s/>@param</mg:sg><mg:sg class="R"><mg:s/>block<mg:s/>sco</mg:sg><mg:sg class="R">pe<mg:s/>within<mg:s/></mg:sg><mg:sg class="R">which<mg:s/>you<mg:s/></mg:sg><mg:sg class="R">can<mg:s/>build<mg:s/></mg:sg><mg:sg class="R">up<mg:s/>the<mg:s/>con</mg:sg><mg:sg class="R">straints<mg:s/>w</mg:sg><mg:sg class="R">hich<mg:s/>you<mg:s/>w</mg:sg><mg:sg class="R">ish<mg:s/>to<mg:s/>app</mg:sg><mg:sg class="R">ly<mg:s/>to<mg:s/>the<mg:s/></mg:sg><mg:sg class="R">view.<mg:lf/></mg:sg></mg:ln>
</mg:row>
<mg:row>
<mg:ln file="1" number="104" class="R"><mg:sg class="R"><mg:s/>*<mg:lf/></mg:sg></mg:ln>
</mg:row>
<mg:row>
<mg:ln file="1" number="105" class="R"><mg:sg class="R"><mg:s/>*<mg:s/><mg:s/>@retur</mg:sg><mg:sg class="R">n<mg:s/>Array<mg:s/>of</mg:sg><mg:sg class="R"><mg:s/>created/u</mg:sg><mg:sg class="R">pdated<mg:s/>MAS</mg:sg><mg:sg class="R">Constraint</mg:sg><mg:sg class="R">s<mg:lf/></mg:sg></mg:ln>
</mg:row>
<mg:row>
<mg:ln file="1" number="106" class="R"><mg:sg class="R"><mg:s/>*/<mg:lf/></mg:sg></mg:ln>
</mg:row>
<mg:row>
<mg:ln file="1" number="107" class="R"><mg:sg class="R">-<mg:s/>(NSArray</mg:sg><mg:sg class="R"><mg:s/>*)mas_rem</mg:sg><mg:sg class="R">akeConstra</mg:sg><mg:sg class="R">ints:(void</mg:sg><mg:sg class="R">(NS_NOESCA</mg:sg><mg:sg class="R">PE<mg:s/>^)(MASC</mg:sg><mg:sg class="R">onstraintM</mg:sg><mg:sg class="R">aker<mg:s/>*make</mg:sg><mg:sg class="R">))block;<mg:lf/></mg:sg></mg:ln>
</mg:row>
<mg:row>
<mg:ln file="1" number="108" class="R"><mg:sg class="R"><mg:lf/></mg:sg></mg:ln>
</mg:row>
<mg:row>
<mg:ln file="1" number="109" class="R"><mg:sg class="R">@end<mg:lf/></mg:sg></mg:ln>
</mg:row>
</mg:rowGroup>
</mg:rowData>
</mg:report>
