﻿<?xml version="1.0" encoding="UTF-8" ?>

<mg:report version="1.0" xmlns:mg="http://www.araxis.com/2002/Merge/Reporting" type="FileComparison">
<mg:metaData>
  <mg:title>Araxis Merge File Comparison Report</mg:title>
  <mg:id show="true">1091</mg:id>
  <mg:date>2019/4/19 20:25:40</mg:date>
<mg:options>
<mg:option name="clIgnoreDifferencesInWhitespaceAtTheStartOfLines">0</mg:option>
<mg:option name="clIgnoreDifferencesInWhitespaceAtTheEndOfLines">0</mg:option>
<mg:option name="clTreatConsecutiveWhitespaceAsASingleSpace">1</mg:option>
<mg:option name="clIgnoreAllDifferencesInWhitespace">0</mg:option>
<mg:option name="clWhitespaceSignificant">0</mg:option>
<mg:option name="clIgnoreCase">0</mg:option>
<mg:option name="clIgnoreLineEndings">1</mg:option>
<mg:option name="clHideCRLF">1</mg:option>
<mg:option name="clShowLineNums">1</mg:option>
<mg:option name="clShowOmittedLinesRow">0</mg:option>

<mg:regexps>
<mg:regexp enabled="false">
<mg:expression>^[ \t]*$</mg:expression>
<mg:description>Blank lines</mg:description>
</mg:regexp>
<mg:regexp enabled="false">
<mg:expression>[ \t]*//[^&quot;]*$</mg:expression>
<mg:description>C++ comments</mg:description>
</mg:regexp>
<mg:regexp enabled="false">
<mg:expression>^[ \t]*//.*\$(Date|Archive|Author|Header|JustDate|Modtime|Revision|Workfile):.*\$.*$</mg:expression>
<mg:description>SourceSafe comments</mg:description>
</mg:regexp>
<mg:regexp enabled="false">
<mg:expression>^[ \t]*//(:(Header|Source):|.*Generated.*Genitor).*\$</mg:expression>
<mg:description>Genitor comments</mg:description>
</mg:regexp>
<mg:regexp enabled="false">
<mg:expression>\$(Archive|Author|Date|Header|JustDate|Logfile|Modtime|Revision|Workfile):[^$]*\$</mg:expression>
<mg:description>SourceSafe keywords</mg:description>
</mg:regexp>
<mg:regexp enabled="false">
<mg:expression>^[ \t]*'.*$</mg:expression>
<mg:description>Visual Basic comments</mg:description>
</mg:regexp>
<mg:regexp enabled="false">
<mg:expression>\$(Author|Date|Header|Id|Locker|Name|RCSfile|Revision|Source|State):[^$]*\$</mg:expression>
<mg:description>CVS comments</mg:description>
</mg:regexp>
<mg:regexp enabled="false">
<mg:expression>\$(ACident|ACheader|AClog|ACpart|ACversion|Author|Date|Header|Line|Locker|Log|Revision|Smsfile|Smspath|Today|Vcfile|Vcpath|Workfile):?[^$]*\$</mg:expression>
<mg:description>AllChange keywords</mg:description>
</mg:regexp>
<mg:regexp enabled="false">
<mg:expression></mg:expression>
<mg:description></mg:description>
</mg:regexp>
<mg:regexp enabled="false">
<mg:expression></mg:expression>
<mg:description></mg:description>
</mg:regexp>
</mg:regexps>
</mg:options>
<mg:fileDetails file="1">
  <mg:name>NtUniSdkAmrRecorder.h</mg:name>
  <mg:title></mg:title>
  <mg:location>E:\MA75\Branch_20190409\Prototypes\Sky\Sky\iphoneos\Netease\GMBridge\NtVoice.framework\Headers</mg:location>
  <mg:lastModified>Fri Apr 19 11:02:04 2019 UTC</mg:lastModified>
</mg:fileDetails>
<mg:fileDetails file="2">
  <mg:name></mg:name>
  <mg:title></mg:title>
  <mg:location></mg:location>
  <mg:lastModified>Fri Apr 19 12:25:40 2019 UTC</mg:lastModified>
</mg:fileDetails>
<mg:fileDetails file="3">
  <mg:name></mg:name>
  <mg:title></mg:title>
  <mg:location></mg:location>
  <mg:lastModified>Fri Apr 19 12:25:40 2019 UTC</mg:lastModified>
</mg:fileDetails>
<mg:changeSummaries>
  <mg:changeSummary files="1,2">
	  <mg:changeCount type="unchanged" blocks1="0" blocks2="0" blocks="0" lines1="0" lines2="0" lines="0" />
	  <mg:changeCount type="removed" blocks1="1" blocks2="0" blocks="1" lines1="79" lines2="0" lines="79" />
	  <mg:changeCount type="inserted" blocks1="0" blocks2="0" blocks="0" lines1="0" lines2="0" lines="0" />
	  <mg:changeCount type="changed" blocks1="0" blocks2="0" blocks="0" lines1="0" lines2="0" lines="0" />
  </mg:changeSummary>
<mg:changeSummary files="2,3">
	  <mg:changeCount type="unchanged" blocks1="0" blocks2="0" blocks="0" lines1="0" lines2="0" lines="0" />
	  <mg:changeCount type="removed" blocks1="0" blocks2="0" blocks="0" lines1="0" lines2="0" lines="0" />
	  <mg:changeCount type="inserted" blocks1="0" blocks2="0" blocks="0" lines1="0" lines2="0" lines="0" />
	  <mg:changeCount type="changed" blocks1="0" blocks2="0" blocks="0" lines1="0" lines2="0" lines="0" />
  </mg:changeSummary>
<mg:changeSummary files="1,2,3"><mg:changeCount type="removed" blocks="0" lines="0"/><mg:changeCount type="inserted" blocks="1" lines="79"/><mg:changeCount type="changed" blocks="0" lines="0"/><mg:changeCount type="conflicts" count="0"/></mg:changeSummary></mg:changeSummaries>
		<mg:classes file="1">
<mg:class name="U">
<mg:cssAttribute name="color">#000000</mg:cssAttribute>
<mg:cssAttribute name="background-color">#FFFFFF</mg:cssAttribute>
<mg:cssAttribute name="font-family">Consolas</mg:cssAttribute>
<mg:cssAttribute name="font-weight">normal</mg:cssAttribute>
<mg:cssAttribute name="font-style">normal</mg:cssAttribute>
<mg:cssAttribute name="font-size">9pt</mg:cssAttribute>
<mg:cssAttribute name="text-decoration">none</mg:cssAttribute>
</mg:class>
<mg:class name="R">
<mg:cssAttribute name="color">#800000</mg:cssAttribute>
<mg:cssAttribute name="background-color">#F3E6D8</mg:cssAttribute>
<mg:cssAttribute name="font-family">Consolas</mg:cssAttribute>
<mg:cssAttribute name="font-weight">normal</mg:cssAttribute>
<mg:cssAttribute name="font-style">normal</mg:cssAttribute>
<mg:cssAttribute name="font-size">9pt</mg:cssAttribute>
<mg:cssAttribute name="text-decoration">none</mg:cssAttribute>
</mg:class>
<mg:class name="I">
<mg:cssAttribute name="color">#800000</mg:cssAttribute>
<mg:cssAttribute name="background-color">#D1E8CF</mg:cssAttribute>
<mg:cssAttribute name="font-family">Consolas</mg:cssAttribute>
<mg:cssAttribute name="font-weight">normal</mg:cssAttribute>
<mg:cssAttribute name="font-style">normal</mg:cssAttribute>
<mg:cssAttribute name="font-size">9pt</mg:cssAttribute>
<mg:cssAttribute name="text-decoration">none</mg:cssAttribute>
</mg:class>
<mg:class name="C">
<mg:cssAttribute name="color">#800000</mg:cssAttribute>
<mg:cssAttribute name="background-color">#DACDE6</mg:cssAttribute>
<mg:cssAttribute name="font-family">Consolas</mg:cssAttribute>
<mg:cssAttribute name="font-weight">normal</mg:cssAttribute>
<mg:cssAttribute name="font-style">normal</mg:cssAttribute>
<mg:cssAttribute name="font-size">9pt</mg:cssAttribute>
<mg:cssAttribute name="text-decoration">none</mg:cssAttribute>
</mg:class>
		</mg:classes>
		<mg:classes file="2">
<mg:class name="UU">
<mg:cssAttribute name="color">#000000</mg:cssAttribute>
<mg:cssAttribute name="background-color">#FFFFFF</mg:cssAttribute>
<mg:cssAttribute name="font-family">Consolas</mg:cssAttribute>
<mg:cssAttribute name="font-weight">normal</mg:cssAttribute>
<mg:cssAttribute name="font-style">normal</mg:cssAttribute>
<mg:cssAttribute name="font-size">9pt</mg:cssAttribute>
<mg:cssAttribute name="text-decoration">none</mg:cssAttribute>
</mg:class>
<mg:class name="UR">
<mg:cssAttribute name="color">#400000</mg:cssAttribute>
<mg:cssAttribute name="background-color">#F9F2EB</mg:cssAttribute>
<mg:cssAttribute name="font-family">Consolas</mg:cssAttribute>
<mg:cssAttribute name="font-weight">normal</mg:cssAttribute>
<mg:cssAttribute name="font-style">normal</mg:cssAttribute>
<mg:cssAttribute name="font-size">9pt</mg:cssAttribute>
<mg:cssAttribute name="text-decoration">none</mg:cssAttribute>
</mg:class>
<mg:class name="UI">
<mg:cssAttribute name="color">#400000</mg:cssAttribute>
<mg:cssAttribute name="background-color">#E8F3E7</mg:cssAttribute>
<mg:cssAttribute name="font-family">Consolas</mg:cssAttribute>
<mg:cssAttribute name="font-weight">normal</mg:cssAttribute>
<mg:cssAttribute name="font-style">normal</mg:cssAttribute>
<mg:cssAttribute name="font-size">9pt</mg:cssAttribute>
<mg:cssAttribute name="text-decoration">none</mg:cssAttribute>
</mg:class>
<mg:class name="UC">
<mg:cssAttribute name="color">#400000</mg:cssAttribute>
<mg:cssAttribute name="background-color">#ECE6F2</mg:cssAttribute>
<mg:cssAttribute name="font-family">Consolas</mg:cssAttribute>
<mg:cssAttribute name="font-weight">normal</mg:cssAttribute>
<mg:cssAttribute name="font-style">normal</mg:cssAttribute>
<mg:cssAttribute name="font-size">9pt</mg:cssAttribute>
<mg:cssAttribute name="text-decoration">none</mg:cssAttribute>
</mg:class>
<mg:class name="RU">
<mg:cssAttribute name="color">#400000</mg:cssAttribute>
<mg:cssAttribute name="background-color">#F9F2EB</mg:cssAttribute>
<mg:cssAttribute name="font-family">Consolas</mg:cssAttribute>
<mg:cssAttribute name="font-weight">normal</mg:cssAttribute>
<mg:cssAttribute name="font-style">normal</mg:cssAttribute>
<mg:cssAttribute name="font-size">9pt</mg:cssAttribute>
<mg:cssAttribute name="text-decoration">none</mg:cssAttribute>
</mg:class>
<mg:class name="RR">
<mg:cssAttribute name="color">#800000</mg:cssAttribute>
<mg:cssAttribute name="background-color">#F3E6D8</mg:cssAttribute>
<mg:cssAttribute name="font-family">Consolas</mg:cssAttribute>
<mg:cssAttribute name="font-weight">normal</mg:cssAttribute>
<mg:cssAttribute name="font-style">normal</mg:cssAttribute>
<mg:cssAttribute name="font-size">9pt</mg:cssAttribute>
<mg:cssAttribute name="text-decoration">none</mg:cssAttribute>
</mg:class>
<mg:class name="RI">
<mg:cssAttribute name="color">#800000</mg:cssAttribute>
<mg:cssAttribute name="background-color">#E2E7D3</mg:cssAttribute>
<mg:cssAttribute name="font-family">Consolas</mg:cssAttribute>
<mg:cssAttribute name="font-weight">normal</mg:cssAttribute>
<mg:cssAttribute name="font-style">normal</mg:cssAttribute>
<mg:cssAttribute name="font-size">9pt</mg:cssAttribute>
<mg:cssAttribute name="text-decoration">none</mg:cssAttribute>
</mg:class>
<mg:class name="RC">
<mg:cssAttribute name="color">#800000</mg:cssAttribute>
<mg:cssAttribute name="background-color">#E6D9DF</mg:cssAttribute>
<mg:cssAttribute name="font-family">Consolas</mg:cssAttribute>
<mg:cssAttribute name="font-weight">normal</mg:cssAttribute>
<mg:cssAttribute name="font-style">normal</mg:cssAttribute>
<mg:cssAttribute name="font-size">9pt</mg:cssAttribute>
<mg:cssAttribute name="text-decoration">none</mg:cssAttribute>
</mg:class>
<mg:class name="IU">
<mg:cssAttribute name="color">#400000</mg:cssAttribute>
<mg:cssAttribute name="background-color">#E8F3E7</mg:cssAttribute>
<mg:cssAttribute name="font-family">Consolas</mg:cssAttribute>
<mg:cssAttribute name="font-weight">normal</mg:cssAttribute>
<mg:cssAttribute name="font-style">normal</mg:cssAttribute>
<mg:cssAttribute name="font-size">9pt</mg:cssAttribute>
<mg:cssAttribute name="text-decoration">none</mg:cssAttribute>
</mg:class>
<mg:class name="IR">
<mg:cssAttribute name="color">#800000</mg:cssAttribute>
<mg:cssAttribute name="background-color">#E2E7D3</mg:cssAttribute>
<mg:cssAttribute name="font-family">Consolas</mg:cssAttribute>
<mg:cssAttribute name="font-weight">normal</mg:cssAttribute>
<mg:cssAttribute name="font-style">normal</mg:cssAttribute>
<mg:cssAttribute name="font-size">9pt</mg:cssAttribute>
<mg:cssAttribute name="text-decoration">none</mg:cssAttribute>
</mg:class>
<mg:class name="II">
<mg:cssAttribute name="color">#800000</mg:cssAttribute>
<mg:cssAttribute name="background-color">#D1E8CF</mg:cssAttribute>
<mg:cssAttribute name="font-family">Consolas</mg:cssAttribute>
<mg:cssAttribute name="font-weight">normal</mg:cssAttribute>
<mg:cssAttribute name="font-style">normal</mg:cssAttribute>
<mg:cssAttribute name="font-size">9pt</mg:cssAttribute>
<mg:cssAttribute name="text-decoration">none</mg:cssAttribute>
</mg:class>
<mg:class name="IC">
<mg:cssAttribute name="color">#800000</mg:cssAttribute>
<mg:cssAttribute name="background-color">#D5DADA</mg:cssAttribute>
<mg:cssAttribute name="font-family">Consolas</mg:cssAttribute>
<mg:cssAttribute name="font-weight">normal</mg:cssAttribute>
<mg:cssAttribute name="font-style">normal</mg:cssAttribute>
<mg:cssAttribute name="font-size">9pt</mg:cssAttribute>
<mg:cssAttribute name="text-decoration">none</mg:cssAttribute>
</mg:class>
<mg:class name="CU">
<mg:cssAttribute name="color">#400000</mg:cssAttribute>
<mg:cssAttribute name="background-color">#ECE6F2</mg:cssAttribute>
<mg:cssAttribute name="font-family">Consolas</mg:cssAttribute>
<mg:cssAttribute name="font-weight">normal</mg:cssAttribute>
<mg:cssAttribute name="font-style">normal</mg:cssAttribute>
<mg:cssAttribute name="font-size">9pt</mg:cssAttribute>
<mg:cssAttribute name="text-decoration">none</mg:cssAttribute>
</mg:class>
<mg:class name="CR">
<mg:cssAttribute name="color">#800000</mg:cssAttribute>
<mg:cssAttribute name="background-color">#E6D9DF</mg:cssAttribute>
<mg:cssAttribute name="font-family">Consolas</mg:cssAttribute>
<mg:cssAttribute name="font-weight">normal</mg:cssAttribute>
<mg:cssAttribute name="font-style">normal</mg:cssAttribute>
<mg:cssAttribute name="font-size">9pt</mg:cssAttribute>
<mg:cssAttribute name="text-decoration">none</mg:cssAttribute>
</mg:class>
<mg:class name="CI">
<mg:cssAttribute name="color">#800000</mg:cssAttribute>
<mg:cssAttribute name="background-color">#D5DADA</mg:cssAttribute>
<mg:cssAttribute name="font-family">Consolas</mg:cssAttribute>
<mg:cssAttribute name="font-weight">normal</mg:cssAttribute>
<mg:cssAttribute name="font-style">normal</mg:cssAttribute>
<mg:cssAttribute name="font-size">9pt</mg:cssAttribute>
<mg:cssAttribute name="text-decoration">none</mg:cssAttribute>
</mg:class>
<mg:class name="CC">
<mg:cssAttribute name="color">#800000</mg:cssAttribute>
<mg:cssAttribute name="background-color">#DACDE6</mg:cssAttribute>
<mg:cssAttribute name="font-family">Consolas</mg:cssAttribute>
<mg:cssAttribute name="font-weight">normal</mg:cssAttribute>
<mg:cssAttribute name="font-style">normal</mg:cssAttribute>
<mg:cssAttribute name="font-size">9pt</mg:cssAttribute>
<mg:cssAttribute name="text-decoration">none</mg:cssAttribute>
</mg:class>
		</mg:classes>
		<mg:classes file="3">
<mg:class name="U">
<mg:cssAttribute name="color">#000000</mg:cssAttribute>
<mg:cssAttribute name="background-color">#FFFFFF</mg:cssAttribute>
<mg:cssAttribute name="font-family">Consolas</mg:cssAttribute>
<mg:cssAttribute name="font-weight">normal</mg:cssAttribute>
<mg:cssAttribute name="font-style">normal</mg:cssAttribute>
<mg:cssAttribute name="font-size">9pt</mg:cssAttribute>
<mg:cssAttribute name="text-decoration">none</mg:cssAttribute>
</mg:class>
<mg:class name="R">
<mg:cssAttribute name="color">#800000</mg:cssAttribute>
<mg:cssAttribute name="background-color">#F3E6D8</mg:cssAttribute>
<mg:cssAttribute name="font-family">Consolas</mg:cssAttribute>
<mg:cssAttribute name="font-weight">normal</mg:cssAttribute>
<mg:cssAttribute name="font-style">normal</mg:cssAttribute>
<mg:cssAttribute name="font-size">9pt</mg:cssAttribute>
<mg:cssAttribute name="text-decoration">none</mg:cssAttribute>
</mg:class>
<mg:class name="I">
<mg:cssAttribute name="color">#800000</mg:cssAttribute>
<mg:cssAttribute name="background-color">#D1E8CF</mg:cssAttribute>
<mg:cssAttribute name="font-family">Consolas</mg:cssAttribute>
<mg:cssAttribute name="font-weight">normal</mg:cssAttribute>
<mg:cssAttribute name="font-style">normal</mg:cssAttribute>
<mg:cssAttribute name="font-size">9pt</mg:cssAttribute>
<mg:cssAttribute name="text-decoration">none</mg:cssAttribute>
</mg:class>
<mg:class name="C">
<mg:cssAttribute name="color">#800000</mg:cssAttribute>
<mg:cssAttribute name="background-color">#DACDE6</mg:cssAttribute>
<mg:cssAttribute name="font-family">Consolas</mg:cssAttribute>
<mg:cssAttribute name="font-weight">normal</mg:cssAttribute>
<mg:cssAttribute name="font-style">normal</mg:cssAttribute>
<mg:cssAttribute name="font-size">9pt</mg:cssAttribute>
<mg:cssAttribute name="text-decoration">none</mg:cssAttribute>
</mg:class>
		</mg:classes>
</mg:metaData>
<mg:rowData>
<mg:rowGroup>
<mg:row>
<mg:ln file="1" number="1" class="R"><mg:sg class="R">//<mg:lf/></mg:sg></mg:ln>
</mg:row>
<mg:row>
<mg:ln file="1" number="2" class="R"><mg:sg class="R">//<mg:s/><mg:s/>NtUniS</mg:sg><mg:sg class="R">dkAmrRecor</mg:sg><mg:sg class="R">der.h<mg:lf/></mg:sg></mg:ln>
</mg:row>
<mg:row>
<mg:ln file="1" number="3" class="R"><mg:sg class="R">//<mg:s/><mg:s/>Expand</mg:sg><mg:sg class="R">AudioRecor</mg:sg><mg:sg class="R">dDemo<mg:lf/></mg:sg></mg:ln>
</mg:row>
<mg:row>
<mg:ln file="1" number="4" class="R"><mg:sg class="R">//<mg:lf/></mg:sg></mg:ln>
</mg:row>
<mg:row>
<mg:ln file="1" number="5" class="R"><mg:sg class="R">//<mg:s/><mg:s/>Create</mg:sg><mg:sg class="R">d<mg:s/>by<mg:s/>张岳<mg:s/>on</mg:sg><mg:sg class="R"><mg:s/>16/9/21.<mg:lf/></mg:sg></mg:ln>
</mg:row>
<mg:row>
<mg:ln file="1" number="6" class="R"><mg:sg class="R">//<mg:s/><mg:s/>Copyri</mg:sg><mg:sg class="R">ght<mg:s/>©<mg:s/>2016</mg:sg><mg:sg class="R">年<mg:s/>NetEase.</mg:sg><mg:sg class="R"><mg:s/>All<mg:s/>right</mg:sg><mg:sg class="R">s<mg:s/>reserved</mg:sg><mg:sg class="R">.<mg:lf/></mg:sg></mg:ln>
</mg:row>
<mg:row>
<mg:ln file="1" number="7" class="R"><mg:sg class="R">//<mg:lf/></mg:sg></mg:ln>
</mg:row>
<mg:row>
<mg:ln file="1" number="8" class="R"><mg:sg class="R"><mg:lf/></mg:sg></mg:ln>
</mg:row>
<mg:row>
<mg:ln file="1" number="9" class="R"><mg:sg class="R">//1.<mg:s/>此模块的主</mg:sg><mg:sg class="R">要功能是实时录制AM</mg:sg><mg:sg class="R">R,<mg:s/>并在录制过程中</mg:sg><mg:sg class="R">调整、美化声音<mg:lf/></mg:sg></mg:ln>
</mg:row>
<mg:row>
<mg:ln file="1" number="10" class="R"><mg:sg class="R">//2.<mg:s/>主要对象是</mg:sg><mg:sg class="R">人声，且要对采样进行</mg:sg><mg:sg class="R">较复杂的计算，故使用</mg:sg><mg:sg class="R">了较低的采样率8KH</mg:sg><mg:sg class="R">z、单声道、每个采样</mg:sg><mg:sg class="R">16bit。<mg:lf/></mg:sg></mg:ln>
</mg:row>
<mg:row>
<mg:ln file="1" number="11" class="R"><mg:sg class="R">//3.<mg:s/>同时只能录</mg:sg><mg:sg class="R">制或者播放一个音频，</mg:sg><mg:sg class="R">录音时会停掉播放。<mg:lf/></mg:sg></mg:ln>
</mg:row>
<mg:row>
<mg:ln file="1" number="12" class="R"><mg:sg class="R">//4.<mg:s/>当正在录音</mg:sg><mg:sg class="R">时，再调录音接口，不</mg:sg><mg:sg class="R">会有录音完成的回调，</mg:sg><mg:sg class="R">录音接口返回NO<mg:lf/></mg:sg></mg:ln>
</mg:row>
<mg:row>
<mg:ln file="1" number="13" class="R"><mg:sg class="R">//5.<mg:s/>传进来的f</mg:sg><mg:sg class="R">ilePath必须是</mg:sg><mg:sg class="R">绝对路径。<mg:lf/></mg:sg></mg:ln>
</mg:row>
<mg:row>
<mg:ln file="1" number="14" class="R"><mg:sg class="R">//6.<mg:s/>录音产生的</mg:sg><mg:sg class="R">文件格式是AMR-N</mg:sg><mg:sg class="R">B（RFC-3267</mg:sg><mg:sg class="R">）所以仅适用于人声,</mg:sg><mg:sg class="R"><mg:s/>对AMR-WB(R</mg:sg><mg:sg class="R">FC-4867)只能</mg:sg><mg:sg class="R">解码<mg:lf/></mg:sg></mg:ln>
</mg:row>
<mg:row>
<mg:ln file="1" number="15" class="R"><mg:sg class="R">//7.<mg:s/>Amr帧时</mg:sg><mg:sg class="R">长固定0.02s，是</mg:sg><mg:sg class="R">时长的最小单位，而P</mg:sg><mg:sg class="R">CM_Filter（</mg:sg><mg:sg class="R">增大音量，噪声消除）</mg:sg><mg:sg class="R">以0.01s为一个单</mg:sg><mg:sg class="R">元<mg:lf/></mg:sg></mg:ln>
</mg:row>
<mg:row>
<mg:ln file="1" number="16" class="R"><mg:sg class="R">//8.<mg:s/>Amr的帧</mg:sg><mg:sg class="R">大小不是定值，也没有</mg:sg><mg:sg class="R">标签记录总时长，计算</mg:sg><mg:sg class="R">amr文件的时长需要</mg:sg><mg:sg class="R">遍历整个文件，所以取</mg:sg><mg:sg class="R">时长的接口并不推荐使</mg:sg><mg:sg class="R">用，最好是在录制完成</mg:sg><mg:sg class="R">后就缓存时长<mg:lf/></mg:sg></mg:ln>
</mg:row>
<mg:row>
<mg:ln file="1" number="17" class="R"><mg:sg class="R">//enjoy<mg:s/>:)</mg:sg><mg:sg class="R"><mg:lf/></mg:sg></mg:ln>
</mg:row>
<mg:row>
<mg:ln file="1" number="18" class="R"><mg:sg class="R"><mg:lf/></mg:sg></mg:ln>
</mg:row>
<mg:row>
<mg:ln file="1" number="19" class="R"><mg:sg class="R">#import<mg:s/>&lt;U</mg:sg><mg:sg class="R">IKit/UIKit</mg:sg><mg:sg class="R">.h&gt;<mg:lf/></mg:sg></mg:ln>
</mg:row>
<mg:row>
<mg:ln file="1" number="20" class="R"><mg:sg class="R">#import<mg:s/>&lt;F</mg:sg><mg:sg class="R">oundation/</mg:sg><mg:sg class="R">Foundation</mg:sg><mg:sg class="R">.h&gt;<mg:lf/></mg:sg></mg:ln>
</mg:row>
<mg:row>
<mg:ln file="1" number="21" class="R"><mg:sg class="R">#import<mg:s/>&lt;A</mg:sg><mg:sg class="R">udioToolbo</mg:sg><mg:sg class="R">x/AudioToo</mg:sg><mg:sg class="R">lbox.h&gt;<mg:lf/></mg:sg></mg:ln>
</mg:row>
<mg:row>
<mg:ln file="1" number="22" class="R"><mg:sg class="R">#import<mg:s/>&lt;A</mg:sg><mg:sg class="R">VFoundatio</mg:sg><mg:sg class="R">n/AVFounda</mg:sg><mg:sg class="R">tion.h&gt;<mg:lf/></mg:sg></mg:ln>
</mg:row>
<mg:row>
<mg:ln file="1" number="23" class="R"><mg:sg class="R"><mg:lf/></mg:sg></mg:ln>
</mg:row>
<mg:row>
<mg:ln file="1" number="24" class="R"><mg:sg class="R">//录音可以打开的选</mg:sg><mg:sg class="R">项<mg:lf/></mg:sg></mg:ln>
</mg:row>
<mg:row>
<mg:ln file="1" number="25" class="R"><mg:sg class="R">typedef<mg:s/>NS</mg:sg><mg:sg class="R">_OPTIONS(N</mg:sg><mg:sg class="R">SUInteger,</mg:sg><mg:sg class="R"><mg:s/>NtUniSdkA</mg:sg><mg:sg class="R">mrRecorder</mg:sg><mg:sg class="R">Option)<mg:s/>{<mg:lf/></mg:sg></mg:ln>
</mg:row>
<mg:row>
<mg:ln file="1" number="26" class="R"><mg:sg class="R"><mg:s/><mg:s/><mg:s/><mg:s/>NtUniS</mg:sg><mg:sg class="R">dkAmrRecor</mg:sg><mg:sg class="R">derOptionU</mg:sg><mg:sg class="R">seNS<mg:s/>=<mg:s/>(1<mg:s/></mg:sg><mg:sg class="R">&lt;&lt;<mg:s/>1),<mg:s/><mg:s/><mg:s/><mg:s/></mg:sg><mg:sg class="R"><mg:s/><mg:s/><mg:s/><mg:s/>//噪声抑制</mg:sg><mg:sg class="R"><mg:lf/></mg:sg></mg:ln>
</mg:row>
<mg:row>
<mg:ln file="1" number="27" class="R"><mg:sg class="R"><mg:s/><mg:s/><mg:s/><mg:s/>NtUniS</mg:sg><mg:sg class="R">dkAmrRecor</mg:sg><mg:sg class="R">derOptionU</mg:sg><mg:sg class="R">seAGC<mg:s/>=<mg:s/>(1</mg:sg><mg:sg class="R"><mg:s/>&lt;&lt;<mg:s/>2),<mg:s/><mg:s/><mg:s/></mg:sg><mg:sg class="R"><mg:s/><mg:s/><mg:s/><mg:s/>//增大音量</mg:sg><mg:sg class="R"><mg:lf/></mg:sg></mg:ln>
</mg:row>
<mg:row>
<mg:ln file="1" number="28" class="R"><mg:sg class="R"><mg:s/><mg:s/><mg:s/><mg:s/><mg:lf/></mg:sg></mg:ln>
</mg:row>
<mg:row>
<mg:ln file="1" number="29" class="R"><mg:sg class="R"><mg:s/><mg:s/><mg:s/><mg:s/>NtUniS</mg:sg><mg:sg class="R">dkAmrRecor</mg:sg><mg:sg class="R">derOptionU</mg:sg><mg:sg class="R">seNone<mg:s/>=<mg:s/>0</mg:sg><mg:sg class="R">x0,<mg:lf/></mg:sg></mg:ln>
</mg:row>
<mg:row>
<mg:ln file="1" number="30" class="R"><mg:sg class="R"><mg:s/><mg:s/><mg:s/><mg:s/>NtUniS</mg:sg><mg:sg class="R">dkAmrRecor</mg:sg><mg:sg class="R">derOptionU</mg:sg><mg:sg class="R">seAll<mg:s/>=<mg:s/>(1</mg:sg><mg:sg class="R"><mg:s/>&lt;&lt;<mg:s/>2)<mg:s/>|<mg:s/>(</mg:sg><mg:sg class="R">1<mg:s/>&lt;&lt;<mg:s/>1),<mg:lf/></mg:sg></mg:ln>
</mg:row>
<mg:row>
<mg:ln file="1" number="31" class="R"><mg:sg class="R">};<mg:lf/></mg:sg></mg:ln>
</mg:row>
<mg:row>
<mg:ln file="1" number="32" class="R"><mg:sg class="R"><mg:lf/></mg:sg></mg:ln>
</mg:row>
<mg:row>
<mg:ln file="1" number="33" class="R"><mg:sg class="R">//委托状态码<mg:lf/></mg:sg></mg:ln>
</mg:row>
<mg:row>
<mg:ln file="1" number="34" class="R"><mg:sg class="R">#define<mg:s/>Nt</mg:sg><mg:sg class="R">UniSdkAmrR</mg:sg><mg:sg class="R">ecorder_St</mg:sg><mg:sg class="R">atus_OK<mg:s/><mg:s/><mg:s/></mg:sg><mg:sg class="R"><mg:s/><mg:s/><mg:s/><mg:s/><mg:s/><mg:s/><mg:s/><mg:s/><mg:s/><mg:s/></mg:sg><mg:sg class="R"><mg:s/><mg:s/><mg:s/><mg:s/>0<mg:s/><mg:s/><mg:s/>//</mg:sg><mg:sg class="R">OK<mg:lf/></mg:sg></mg:ln>
</mg:row>
<mg:row>
<mg:ln file="1" number="35" class="R"><mg:sg class="R">#define<mg:s/>Nt</mg:sg><mg:sg class="R">UniSdkAmrR</mg:sg><mg:sg class="R">ecorder_St</mg:sg><mg:sg class="R">atus_Err_R</mg:sg><mg:sg class="R">ecording<mg:s/><mg:s/></mg:sg><mg:sg class="R"><mg:s/><mg:s/><mg:s/><mg:s/>1<mg:s/><mg:s/><mg:s/>//</mg:sg><mg:sg class="R">当前正在录音(录音时</mg:sg><mg:sg class="R">再调录音：<mg:s/>第二次调</mg:sg><mg:sg class="R">用不会有录音完成的回</mg:sg><mg:sg class="R">调，录音接口返回NO</mg:sg><mg:sg class="R">)<mg:lf/></mg:sg></mg:ln>
</mg:row>
<mg:row>
<mg:ln file="1" number="36" class="R"><mg:sg class="R">#define<mg:s/>Nt</mg:sg><mg:sg class="R">UniSdkAmrR</mg:sg><mg:sg class="R">ecorder_St</mg:sg><mg:sg class="R">atus_Err_S</mg:sg><mg:sg class="R">hort<mg:s/><mg:s/><mg:s/><mg:s/><mg:s/><mg:s/></mg:sg><mg:sg class="R"><mg:s/><mg:s/><mg:s/><mg:s/>2<mg:s/><mg:s/><mg:s/>//</mg:sg><mg:sg class="R">录制时间太短<mg:lf/></mg:sg></mg:ln>
</mg:row>
<mg:row>
<mg:ln file="1" number="37" class="R"><mg:sg class="R">#define<mg:s/>Nt</mg:sg><mg:sg class="R">UniSdkAmrR</mg:sg><mg:sg class="R">ecorder_St</mg:sg><mg:sg class="R">atus_Err_F</mg:sg><mg:sg class="R">ile<mg:s/><mg:s/><mg:s/><mg:s/><mg:s/><mg:s/><mg:s/></mg:sg><mg:sg class="R"><mg:s/><mg:s/><mg:s/><mg:s/>3<mg:s/><mg:s/><mg:s/>//</mg:sg><mg:sg class="R">文件不存在，或者文件</mg:sg><mg:sg class="R">已存在<mg:lf/></mg:sg></mg:ln>
</mg:row>
<mg:row>
<mg:ln file="1" number="38" class="R"><mg:sg class="R">#define<mg:s/>Nt</mg:sg><mg:sg class="R">UniSdkAmrR</mg:sg><mg:sg class="R">ecorder_St</mg:sg><mg:sg class="R">atus_Err_A</mg:sg><mg:sg class="R">BQ<mg:s/><mg:s/><mg:s/><mg:s/><mg:s/><mg:s/><mg:s/><mg:s/></mg:sg><mg:sg class="R"><mg:s/><mg:s/><mg:s/><mg:s/>4<mg:s/><mg:s/><mg:s/>//</mg:sg><mg:sg class="R">Audio<mg:s/>Buff</mg:sg><mg:sg class="R">er<mg:s/>Queue错误</mg:sg><mg:sg class="R">，错误信息会用log</mg:sg><mg:sg class="R">打出来。<mg:lf/></mg:sg></mg:ln>
</mg:row>
<mg:row>
<mg:ln file="1" number="39" class="R"><mg:sg class="R">#define<mg:s/>Nt</mg:sg><mg:sg class="R">UniSdkAmrR</mg:sg><mg:sg class="R">ecorder_St</mg:sg><mg:sg class="R">atus_Err_A</mg:sg><mg:sg class="R">uthorizati</mg:sg><mg:sg class="R">on<mg:s/><mg:s/>5<mg:s/><mg:s/><mg:s/>//</mg:sg><mg:sg class="R">没有获得麦克风授权<mg:lf/></mg:sg></mg:ln>
</mg:row>
<mg:row>
<mg:ln file="1" number="40" class="R"><mg:sg class="R">#define<mg:s/>Nt</mg:sg><mg:sg class="R">UniSdkAmrR</mg:sg><mg:sg class="R">ecorder_St</mg:sg><mg:sg class="R">atus_Err_C</mg:sg><mg:sg class="R">ancel<mg:s/><mg:s/><mg:s/><mg:s/><mg:s/></mg:sg><mg:sg class="R"><mg:s/><mg:s/><mg:s/><mg:s/>6<mg:s/><mg:s/><mg:s/>//</mg:sg><mg:sg class="R">用户取消录音<mg:lf/></mg:sg></mg:ln>
</mg:row>
<mg:row>
<mg:ln file="1" number="41" class="R"><mg:sg class="R">#define<mg:s/>Nt</mg:sg><mg:sg class="R">UniSdkAmrR</mg:sg><mg:sg class="R">ecorder_St</mg:sg><mg:sg class="R">atus_Err_N</mg:sg><mg:sg class="R">ot_Amr<mg:s/><mg:s/><mg:s/><mg:s/></mg:sg><mg:sg class="R"><mg:s/><mg:s/><mg:s/><mg:s/>7<mg:s/><mg:s/><mg:s/>//</mg:sg><mg:sg class="R">播放的文件不是一个有</mg:sg><mg:sg class="R">效的amr<mg:lf/></mg:sg></mg:ln>
</mg:row>
<mg:row>
<mg:ln file="1" number="42" class="R"><mg:sg class="R"><mg:lf/></mg:sg></mg:ln>
</mg:row>
<mg:row>
<mg:ln file="1" number="43" class="R"><mg:sg class="R">@protocol<mg:s/></mg:sg><mg:sg class="R">NtUniSdkAm</mg:sg><mg:sg class="R">rRecorderD</mg:sg><mg:sg class="R">elegate<mg:s/>&lt;N</mg:sg><mg:sg class="R">SObject&gt;<mg:lf/></mg:sg></mg:ln>
</mg:row>
<mg:row>
<mg:ln file="1" number="44" class="R"><mg:sg class="R"><mg:lf/></mg:sg></mg:ln>
</mg:row>
<mg:row>
<mg:ln file="1" number="45" class="R"><mg:sg class="R">@optional<mg:lf/></mg:sg></mg:ln>
</mg:row>
<mg:row>
<mg:ln file="1" number="46" class="R"><mg:sg class="R">-<mg:s/>(void)<mg:s/>o</mg:sg><mg:sg class="R">nRecordFin</mg:sg><mg:sg class="R">ished:(NST</mg:sg><mg:sg class="R">imeInterva</mg:sg><mg:sg class="R">l)duration</mg:sg><mg:sg class="R"><mg:s/>status:(N</mg:sg><mg:sg class="R">SUInteger)</mg:sg><mg:sg class="R">status;<mg:lf/></mg:sg></mg:ln>
</mg:row>
<mg:row>
<mg:ln file="1" number="47" class="R"><mg:sg class="R"><mg:lf/></mg:sg></mg:ln>
</mg:row>
<mg:row>
<mg:ln file="1" number="48" class="R"><mg:sg class="R">@optional<mg:lf/></mg:sg></mg:ln>
</mg:row>
<mg:row>
<mg:ln file="1" number="49" class="R"><mg:sg class="R">-<mg:s/>(void)<mg:s/>o</mg:sg><mg:sg class="R">nPlayFinis</mg:sg><mg:sg class="R">hed:(NSUIn</mg:sg><mg:sg class="R">teger)stat</mg:sg><mg:sg class="R">us;<mg:lf/></mg:sg></mg:ln>
</mg:row>
<mg:row>
<mg:ln file="1" number="50" class="R"><mg:sg class="R"><mg:lf/></mg:sg></mg:ln>
</mg:row>
<mg:row>
<mg:ln file="1" number="51" class="R"><mg:sg class="R">@end<mg:lf/></mg:sg></mg:ln>
</mg:row>
<mg:row>
<mg:ln file="1" number="52" class="R"><mg:sg class="R"><mg:lf/></mg:sg></mg:ln>
</mg:row>
<mg:row>
<mg:ln file="1" number="53" class="R"><mg:sg class="R"><mg:lf/></mg:sg></mg:ln>
</mg:row>
<mg:row>
<mg:ln file="1" number="54" class="R"><mg:sg class="R">@interface</mg:sg><mg:sg class="R"><mg:s/>NtUniSdkA</mg:sg><mg:sg class="R">mrRecorder</mg:sg><mg:sg class="R"><mg:s/>:<mg:s/>NSObjec</mg:sg><mg:sg class="R">t<mg:lf/></mg:sg></mg:ln>
</mg:row>
<mg:row>
<mg:ln file="1" number="55" class="R"><mg:sg class="R">@property<mg:s/></mg:sg><mg:sg class="R">(nonatomic</mg:sg><mg:sg class="R">,<mg:s/>weak)<mg:s/>id</mg:sg><mg:sg class="R">&lt;NtUniSdkA</mg:sg><mg:sg class="R">mrRecorder</mg:sg><mg:sg class="R">Delegate&gt;<mg:s/></mg:sg><mg:sg class="R">delegate;<mg:lf/></mg:sg></mg:ln>
</mg:row>
<mg:row>
<mg:ln file="1" number="56" class="R"><mg:sg class="R"><mg:lf/></mg:sg></mg:ln>
</mg:row>
<mg:row>
<mg:ln file="1" number="57" class="R"><mg:sg class="R">@property<mg:s/></mg:sg><mg:sg class="R">(nonatomic</mg:sg><mg:sg class="R">,<mg:s/>strong,<mg:s/></mg:sg><mg:sg class="R">readonly)<mg:s/></mg:sg><mg:sg class="R">NSString<mg:s/>*</mg:sg><mg:sg class="R">recordingF</mg:sg><mg:sg class="R">ilePath;<mg:lf/></mg:sg></mg:ln>
</mg:row>
<mg:row>
<mg:ln file="1" number="58" class="R"><mg:sg class="R">@property<mg:s/></mg:sg><mg:sg class="R">(nonatomic</mg:sg><mg:sg class="R">,<mg:s/>assign,<mg:s/></mg:sg><mg:sg class="R">readonly)<mg:s/></mg:sg><mg:sg class="R">BOOL<mg:s/>isRec</mg:sg><mg:sg class="R">ording;<mg:lf/></mg:sg></mg:ln>
</mg:row>
<mg:row>
<mg:ln file="1" number="59" class="R"><mg:sg class="R">@property<mg:s/></mg:sg><mg:sg class="R">(nonatomic</mg:sg><mg:sg class="R">,<mg:s/>assign)<mg:s/></mg:sg><mg:sg class="R">NtUniSdkAm</mg:sg><mg:sg class="R">rRecorderO</mg:sg><mg:sg class="R">ption<mg:s/>reco</mg:sg><mg:sg class="R">rdOption;<mg:lf/></mg:sg></mg:ln>
</mg:row>
<mg:row>
<mg:ln file="1" number="60" class="R"><mg:sg class="R">@property<mg:s/></mg:sg><mg:sg class="R">(nonatomic</mg:sg><mg:sg class="R">,<mg:s/>assign)<mg:s/></mg:sg><mg:sg class="R">NSTimeInte</mg:sg><mg:sg class="R">rval<mg:s/>minDu</mg:sg><mg:sg class="R">ration;<mg:lf/></mg:sg></mg:ln>
</mg:row>
<mg:row>
<mg:ln file="1" number="61" class="R"><mg:sg class="R">@property<mg:s/></mg:sg><mg:sg class="R">(nonatomic</mg:sg><mg:sg class="R">,<mg:s/>assign)<mg:s/></mg:sg><mg:sg class="R">NSTimeInte</mg:sg><mg:sg class="R">rval<mg:s/>maxDu</mg:sg><mg:sg class="R">ration;<mg:lf/></mg:sg></mg:ln>
</mg:row>
<mg:row>
<mg:ln file="1" number="62" class="R"><mg:sg class="R"><mg:lf/></mg:sg></mg:ln>
</mg:row>
<mg:row>
<mg:ln file="1" number="63" class="R"><mg:sg class="R">@property<mg:s/></mg:sg><mg:sg class="R">(nonatomic</mg:sg><mg:sg class="R">,<mg:s/>strong,<mg:s/></mg:sg><mg:sg class="R">readonly)<mg:s/></mg:sg><mg:sg class="R">NSString<mg:s/>*</mg:sg><mg:sg class="R">playingFil</mg:sg><mg:sg class="R">ePath;<mg:lf/></mg:sg></mg:ln>
</mg:row>
<mg:row>
<mg:ln file="1" number="64" class="R"><mg:sg class="R">@property<mg:s/></mg:sg><mg:sg class="R">(nonatomic</mg:sg><mg:sg class="R">,<mg:s/>assign,<mg:s/></mg:sg><mg:sg class="R">readonly)<mg:s/></mg:sg><mg:sg class="R">BOOL<mg:s/>isPla</mg:sg><mg:sg class="R">ying;<mg:lf/></mg:sg></mg:ln>
</mg:row>
<mg:row>
<mg:ln file="1" number="65" class="R"><mg:sg class="R">@property<mg:s/></mg:sg><mg:sg class="R">(nonatomic</mg:sg><mg:sg class="R">,<mg:s/>assign)<mg:s/></mg:sg><mg:sg class="R">BOOL<mg:s/>isLoo</mg:sg><mg:sg class="R">ping;<mg:lf/></mg:sg></mg:ln>
</mg:row>
<mg:row>
<mg:ln file="1" number="66" class="R"><mg:sg class="R"><mg:lf/></mg:sg></mg:ln>
</mg:row>
<mg:row>
<mg:ln file="1" number="67" class="R"><mg:sg class="R">-<mg:s/>(BOOL)<mg:s/>s</mg:sg><mg:sg class="R">tartRecord</mg:sg><mg:sg class="R">:(NSString</mg:sg><mg:sg class="R"><mg:s/>*)filePat</mg:sg><mg:sg class="R">h;<mg:lf/></mg:sg></mg:ln>
</mg:row>
<mg:row>
<mg:ln file="1" number="68" class="R"><mg:sg class="R">-<mg:s/>(void)<mg:s/>c</mg:sg><mg:sg class="R">ancelRecor</mg:sg><mg:sg class="R">d;<mg:lf/></mg:sg></mg:ln>
</mg:row>
<mg:row>
<mg:ln file="1" number="69" class="R"><mg:sg class="R">-<mg:s/>(void)<mg:s/>s</mg:sg><mg:sg class="R">topRecord;</mg:sg><mg:sg class="R"><mg:lf/></mg:sg></mg:ln>
</mg:row>
<mg:row>
<mg:ln file="1" number="70" class="R"><mg:sg class="R"><mg:lf/></mg:sg></mg:ln>
</mg:row>
<mg:row>
<mg:ln file="1" number="71" class="R"><mg:sg class="R">-<mg:s/>(BOOL)<mg:s/>s</mg:sg><mg:sg class="R">tartPlay:(</mg:sg><mg:sg class="R">NSString<mg:s/>*</mg:sg><mg:sg class="R">)filePath;</mg:sg><mg:sg class="R"><mg:lf/></mg:sg></mg:ln>
</mg:row>
<mg:row>
<mg:ln file="1" number="72" class="R"><mg:sg class="R">-<mg:s/>(void)<mg:s/>s</mg:sg><mg:sg class="R">topPlay;<mg:lf/></mg:sg></mg:ln>
</mg:row>
<mg:row>
<mg:ln file="1" number="73" class="R"><mg:sg class="R"><mg:lf/></mg:sg></mg:ln>
</mg:row>
<mg:row>
<mg:ln file="1" number="74" class="R"><mg:sg class="R">//peakPowe</mg:sg><mg:sg class="R">r永远都比avera</mg:sg><mg:sg class="R">gePower值要大</mg:sg><mg:sg class="R"><mg:lf/></mg:sg></mg:ln>
</mg:row>
<mg:row>
<mg:ln file="1" number="75" class="R"><mg:sg class="R">-<mg:s/>(void)<mg:s/>g</mg:sg><mg:sg class="R">etRecordPo</mg:sg><mg:sg class="R">wer:(float</mg:sg><mg:sg class="R">*)peakPowe</mg:sg><mg:sg class="R">r<mg:s/>average:</mg:sg><mg:sg class="R">(float*)av</mg:sg><mg:sg class="R">eragePower</mg:sg><mg:sg class="R">;<mg:lf/></mg:sg></mg:ln>
</mg:row>
<mg:row>
<mg:ln file="1" number="76" class="R"><mg:sg class="R">-<mg:s/>(void)<mg:s/>g</mg:sg><mg:sg class="R">etPlayPowe</mg:sg><mg:sg class="R">r:(float<mg:s/>*</mg:sg><mg:sg class="R">)peakPower</mg:sg><mg:sg class="R"><mg:s/>average:(</mg:sg><mg:sg class="R">float<mg:s/>*)av</mg:sg><mg:sg class="R">eragePower</mg:sg><mg:sg class="R">;<mg:lf/></mg:sg></mg:ln>
</mg:row>
<mg:row>
<mg:ln file="1" number="77" class="R"><mg:sg class="R"><mg:lf/></mg:sg></mg:ln>
</mg:row>
<mg:row>
<mg:ln file="1" number="78" class="R"><mg:sg class="R">-<mg:s/>(NSTimeI</mg:sg><mg:sg class="R">nterval)<mg:s/>d</mg:sg><mg:sg class="R">urationOfA</mg:sg><mg:sg class="R">mrFile:(NS</mg:sg><mg:sg class="R">String<mg:s/>*)f</mg:sg><mg:sg class="R">ilePath<mg:s/>is</mg:sg><mg:sg class="R">WB:(BOOL<mg:s/>*</mg:sg><mg:sg class="R">)isWB;<mg:lf/></mg:sg></mg:ln>
</mg:row>
<mg:row>
<mg:ln file="1" number="79" class="R"><mg:sg class="R">@end<mg:lf/></mg:sg></mg:ln>
</mg:row>
</mg:rowGroup>
</mg:rowData>
</mg:report>
