﻿<?xml version="1.0" encoding="UTF-8" ?>

<mg:report version="1.0" xmlns:mg="http://www.araxis.com/2002/Merge/Reporting" type="FileComparison">
<mg:metaData>
  <mg:title>Araxis Merge File Comparison Report</mg:title>
  <mg:id show="true">1099</mg:id>
  <mg:date>2019/4/19 20:25:40</mg:date>
<mg:options>
<mg:option name="clIgnoreDifferencesInWhitespaceAtTheStartOfLines">0</mg:option>
<mg:option name="clIgnoreDifferencesInWhitespaceAtTheEndOfLines">0</mg:option>
<mg:option name="clTreatConsecutiveWhitespaceAsASingleSpace">1</mg:option>
<mg:option name="clIgnoreAllDifferencesInWhitespace">0</mg:option>
<mg:option name="clWhitespaceSignificant">0</mg:option>
<mg:option name="clIgnoreCase">0</mg:option>
<mg:option name="clIgnoreLineEndings">1</mg:option>
<mg:option name="clHideCRLF">1</mg:option>
<mg:option name="clShowLineNums">1</mg:option>
<mg:option name="clShowOmittedLinesRow">0</mg:option>

<mg:regexps>
<mg:regexp enabled="false">
<mg:expression>^[ \t]*$</mg:expression>
<mg:description>Blank lines</mg:description>
</mg:regexp>
<mg:regexp enabled="false">
<mg:expression>[ \t]*//[^&quot;]*$</mg:expression>
<mg:description>C++ comments</mg:description>
</mg:regexp>
<mg:regexp enabled="false">
<mg:expression>^[ \t]*//.*\$(Date|Archive|Author|Header|JustDate|Modtime|Revision|Workfile):.*\$.*$</mg:expression>
<mg:description>SourceSafe comments</mg:description>
</mg:regexp>
<mg:regexp enabled="false">
<mg:expression>^[ \t]*//(:(Header|Source):|.*Generated.*Genitor).*\$</mg:expression>
<mg:description>Genitor comments</mg:description>
</mg:regexp>
<mg:regexp enabled="false">
<mg:expression>\$(Archive|Author|Date|Header|JustDate|Logfile|Modtime|Revision|Workfile):[^$]*\$</mg:expression>
<mg:description>SourceSafe keywords</mg:description>
</mg:regexp>
<mg:regexp enabled="false">
<mg:expression>^[ \t]*'.*$</mg:expression>
<mg:description>Visual Basic comments</mg:description>
</mg:regexp>
<mg:regexp enabled="false">
<mg:expression>\$(Author|Date|Header|Id|Locker|Name|RCSfile|Revision|Source|State):[^$]*\$</mg:expression>
<mg:description>CVS comments</mg:description>
</mg:regexp>
<mg:regexp enabled="false">
<mg:expression>\$(ACident|ACheader|AClog|ACpart|ACversion|Author|Date|Header|Line|Locker|Log|Revision|Smsfile|Smspath|Today|Vcfile|Vcpath|Workfile):?[^$]*\$</mg:expression>
<mg:description>AllChange keywords</mg:description>
</mg:regexp>
<mg:regexp enabled="false">
<mg:expression></mg:expression>
<mg:description></mg:description>
</mg:regexp>
<mg:regexp enabled="false">
<mg:expression></mg:expression>
<mg:description></mg:description>
</mg:regexp>
</mg:regexps>
</mg:options>
<mg:fileDetails file="1">
  <mg:name>MASConstraint+Private.h</mg:name>
  <mg:title></mg:title>
  <mg:location>E:\MA75\Branch_20190409\Prototypes\Sky\Sky\iphoneos\Netease\Masonry</mg:location>
  <mg:lastModified>Fri Apr 19 11:02:13 2019 UTC</mg:lastModified>
</mg:fileDetails>
<mg:fileDetails file="2">
  <mg:name></mg:name>
  <mg:title></mg:title>
  <mg:location></mg:location>
  <mg:lastModified>Fri Apr 19 12:25:40 2019 UTC</mg:lastModified>
</mg:fileDetails>
<mg:fileDetails file="3">
  <mg:name></mg:name>
  <mg:title></mg:title>
  <mg:location></mg:location>
  <mg:lastModified>Fri Apr 19 12:25:40 2019 UTC</mg:lastModified>
</mg:fileDetails>
<mg:changeSummaries>
  <mg:changeSummary files="1,2">
	  <mg:changeCount type="unchanged" blocks1="0" blocks2="0" blocks="0" lines1="0" lines2="0" lines="0" />
	  <mg:changeCount type="removed" blocks1="1" blocks2="0" blocks="1" lines1="66" lines2="0" lines="66" />
	  <mg:changeCount type="inserted" blocks1="0" blocks2="0" blocks="0" lines1="0" lines2="0" lines="0" />
	  <mg:changeCount type="changed" blocks1="0" blocks2="0" blocks="0" lines1="0" lines2="0" lines="0" />
  </mg:changeSummary>
<mg:changeSummary files="2,3">
	  <mg:changeCount type="unchanged" blocks1="0" blocks2="0" blocks="0" lines1="0" lines2="0" lines="0" />
	  <mg:changeCount type="removed" blocks1="0" blocks2="0" blocks="0" lines1="0" lines2="0" lines="0" />
	  <mg:changeCount type="inserted" blocks1="0" blocks2="0" blocks="0" lines1="0" lines2="0" lines="0" />
	  <mg:changeCount type="changed" blocks1="0" blocks2="0" blocks="0" lines1="0" lines2="0" lines="0" />
  </mg:changeSummary>
<mg:changeSummary files="1,2,3"><mg:changeCount type="removed" blocks="0" lines="0"/><mg:changeCount type="inserted" blocks="1" lines="66"/><mg:changeCount type="changed" blocks="0" lines="0"/><mg:changeCount type="conflicts" count="0"/></mg:changeSummary></mg:changeSummaries>
		<mg:classes file="1">
<mg:class name="U">
<mg:cssAttribute name="color">#000000</mg:cssAttribute>
<mg:cssAttribute name="background-color">#FFFFFF</mg:cssAttribute>
<mg:cssAttribute name="font-family">Consolas</mg:cssAttribute>
<mg:cssAttribute name="font-weight">normal</mg:cssAttribute>
<mg:cssAttribute name="font-style">normal</mg:cssAttribute>
<mg:cssAttribute name="font-size">9pt</mg:cssAttribute>
<mg:cssAttribute name="text-decoration">none</mg:cssAttribute>
</mg:class>
<mg:class name="R">
<mg:cssAttribute name="color">#800000</mg:cssAttribute>
<mg:cssAttribute name="background-color">#F3E6D8</mg:cssAttribute>
<mg:cssAttribute name="font-family">Consolas</mg:cssAttribute>
<mg:cssAttribute name="font-weight">normal</mg:cssAttribute>
<mg:cssAttribute name="font-style">normal</mg:cssAttribute>
<mg:cssAttribute name="font-size">9pt</mg:cssAttribute>
<mg:cssAttribute name="text-decoration">none</mg:cssAttribute>
</mg:class>
<mg:class name="I">
<mg:cssAttribute name="color">#800000</mg:cssAttribute>
<mg:cssAttribute name="background-color">#D1E8CF</mg:cssAttribute>
<mg:cssAttribute name="font-family">Consolas</mg:cssAttribute>
<mg:cssAttribute name="font-weight">normal</mg:cssAttribute>
<mg:cssAttribute name="font-style">normal</mg:cssAttribute>
<mg:cssAttribute name="font-size">9pt</mg:cssAttribute>
<mg:cssAttribute name="text-decoration">none</mg:cssAttribute>
</mg:class>
<mg:class name="C">
<mg:cssAttribute name="color">#800000</mg:cssAttribute>
<mg:cssAttribute name="background-color">#DACDE6</mg:cssAttribute>
<mg:cssAttribute name="font-family">Consolas</mg:cssAttribute>
<mg:cssAttribute name="font-weight">normal</mg:cssAttribute>
<mg:cssAttribute name="font-style">normal</mg:cssAttribute>
<mg:cssAttribute name="font-size">9pt</mg:cssAttribute>
<mg:cssAttribute name="text-decoration">none</mg:cssAttribute>
</mg:class>
		</mg:classes>
		<mg:classes file="2">
<mg:class name="UU">
<mg:cssAttribute name="color">#000000</mg:cssAttribute>
<mg:cssAttribute name="background-color">#FFFFFF</mg:cssAttribute>
<mg:cssAttribute name="font-family">Consolas</mg:cssAttribute>
<mg:cssAttribute name="font-weight">normal</mg:cssAttribute>
<mg:cssAttribute name="font-style">normal</mg:cssAttribute>
<mg:cssAttribute name="font-size">9pt</mg:cssAttribute>
<mg:cssAttribute name="text-decoration">none</mg:cssAttribute>
</mg:class>
<mg:class name="UR">
<mg:cssAttribute name="color">#400000</mg:cssAttribute>
<mg:cssAttribute name="background-color">#F9F2EB</mg:cssAttribute>
<mg:cssAttribute name="font-family">Consolas</mg:cssAttribute>
<mg:cssAttribute name="font-weight">normal</mg:cssAttribute>
<mg:cssAttribute name="font-style">normal</mg:cssAttribute>
<mg:cssAttribute name="font-size">9pt</mg:cssAttribute>
<mg:cssAttribute name="text-decoration">none</mg:cssAttribute>
</mg:class>
<mg:class name="UI">
<mg:cssAttribute name="color">#400000</mg:cssAttribute>
<mg:cssAttribute name="background-color">#E8F3E7</mg:cssAttribute>
<mg:cssAttribute name="font-family">Consolas</mg:cssAttribute>
<mg:cssAttribute name="font-weight">normal</mg:cssAttribute>
<mg:cssAttribute name="font-style">normal</mg:cssAttribute>
<mg:cssAttribute name="font-size">9pt</mg:cssAttribute>
<mg:cssAttribute name="text-decoration">none</mg:cssAttribute>
</mg:class>
<mg:class name="UC">
<mg:cssAttribute name="color">#400000</mg:cssAttribute>
<mg:cssAttribute name="background-color">#ECE6F2</mg:cssAttribute>
<mg:cssAttribute name="font-family">Consolas</mg:cssAttribute>
<mg:cssAttribute name="font-weight">normal</mg:cssAttribute>
<mg:cssAttribute name="font-style">normal</mg:cssAttribute>
<mg:cssAttribute name="font-size">9pt</mg:cssAttribute>
<mg:cssAttribute name="text-decoration">none</mg:cssAttribute>
</mg:class>
<mg:class name="RU">
<mg:cssAttribute name="color">#400000</mg:cssAttribute>
<mg:cssAttribute name="background-color">#F9F2EB</mg:cssAttribute>
<mg:cssAttribute name="font-family">Consolas</mg:cssAttribute>
<mg:cssAttribute name="font-weight">normal</mg:cssAttribute>
<mg:cssAttribute name="font-style">normal</mg:cssAttribute>
<mg:cssAttribute name="font-size">9pt</mg:cssAttribute>
<mg:cssAttribute name="text-decoration">none</mg:cssAttribute>
</mg:class>
<mg:class name="RR">
<mg:cssAttribute name="color">#800000</mg:cssAttribute>
<mg:cssAttribute name="background-color">#F3E6D8</mg:cssAttribute>
<mg:cssAttribute name="font-family">Consolas</mg:cssAttribute>
<mg:cssAttribute name="font-weight">normal</mg:cssAttribute>
<mg:cssAttribute name="font-style">normal</mg:cssAttribute>
<mg:cssAttribute name="font-size">9pt</mg:cssAttribute>
<mg:cssAttribute name="text-decoration">none</mg:cssAttribute>
</mg:class>
<mg:class name="RI">
<mg:cssAttribute name="color">#800000</mg:cssAttribute>
<mg:cssAttribute name="background-color">#E2E7D3</mg:cssAttribute>
<mg:cssAttribute name="font-family">Consolas</mg:cssAttribute>
<mg:cssAttribute name="font-weight">normal</mg:cssAttribute>
<mg:cssAttribute name="font-style">normal</mg:cssAttribute>
<mg:cssAttribute name="font-size">9pt</mg:cssAttribute>
<mg:cssAttribute name="text-decoration">none</mg:cssAttribute>
</mg:class>
<mg:class name="RC">
<mg:cssAttribute name="color">#800000</mg:cssAttribute>
<mg:cssAttribute name="background-color">#E6D9DF</mg:cssAttribute>
<mg:cssAttribute name="font-family">Consolas</mg:cssAttribute>
<mg:cssAttribute name="font-weight">normal</mg:cssAttribute>
<mg:cssAttribute name="font-style">normal</mg:cssAttribute>
<mg:cssAttribute name="font-size">9pt</mg:cssAttribute>
<mg:cssAttribute name="text-decoration">none</mg:cssAttribute>
</mg:class>
<mg:class name="IU">
<mg:cssAttribute name="color">#400000</mg:cssAttribute>
<mg:cssAttribute name="background-color">#E8F3E7</mg:cssAttribute>
<mg:cssAttribute name="font-family">Consolas</mg:cssAttribute>
<mg:cssAttribute name="font-weight">normal</mg:cssAttribute>
<mg:cssAttribute name="font-style">normal</mg:cssAttribute>
<mg:cssAttribute name="font-size">9pt</mg:cssAttribute>
<mg:cssAttribute name="text-decoration">none</mg:cssAttribute>
</mg:class>
<mg:class name="IR">
<mg:cssAttribute name="color">#800000</mg:cssAttribute>
<mg:cssAttribute name="background-color">#E2E7D3</mg:cssAttribute>
<mg:cssAttribute name="font-family">Consolas</mg:cssAttribute>
<mg:cssAttribute name="font-weight">normal</mg:cssAttribute>
<mg:cssAttribute name="font-style">normal</mg:cssAttribute>
<mg:cssAttribute name="font-size">9pt</mg:cssAttribute>
<mg:cssAttribute name="text-decoration">none</mg:cssAttribute>
</mg:class>
<mg:class name="II">
<mg:cssAttribute name="color">#800000</mg:cssAttribute>
<mg:cssAttribute name="background-color">#D1E8CF</mg:cssAttribute>
<mg:cssAttribute name="font-family">Consolas</mg:cssAttribute>
<mg:cssAttribute name="font-weight">normal</mg:cssAttribute>
<mg:cssAttribute name="font-style">normal</mg:cssAttribute>
<mg:cssAttribute name="font-size">9pt</mg:cssAttribute>
<mg:cssAttribute name="text-decoration">none</mg:cssAttribute>
</mg:class>
<mg:class name="IC">
<mg:cssAttribute name="color">#800000</mg:cssAttribute>
<mg:cssAttribute name="background-color">#D5DADA</mg:cssAttribute>
<mg:cssAttribute name="font-family">Consolas</mg:cssAttribute>
<mg:cssAttribute name="font-weight">normal</mg:cssAttribute>
<mg:cssAttribute name="font-style">normal</mg:cssAttribute>
<mg:cssAttribute name="font-size">9pt</mg:cssAttribute>
<mg:cssAttribute name="text-decoration">none</mg:cssAttribute>
</mg:class>
<mg:class name="CU">
<mg:cssAttribute name="color">#400000</mg:cssAttribute>
<mg:cssAttribute name="background-color">#ECE6F2</mg:cssAttribute>
<mg:cssAttribute name="font-family">Consolas</mg:cssAttribute>
<mg:cssAttribute name="font-weight">normal</mg:cssAttribute>
<mg:cssAttribute name="font-style">normal</mg:cssAttribute>
<mg:cssAttribute name="font-size">9pt</mg:cssAttribute>
<mg:cssAttribute name="text-decoration">none</mg:cssAttribute>
</mg:class>
<mg:class name="CR">
<mg:cssAttribute name="color">#800000</mg:cssAttribute>
<mg:cssAttribute name="background-color">#E6D9DF</mg:cssAttribute>
<mg:cssAttribute name="font-family">Consolas</mg:cssAttribute>
<mg:cssAttribute name="font-weight">normal</mg:cssAttribute>
<mg:cssAttribute name="font-style">normal</mg:cssAttribute>
<mg:cssAttribute name="font-size">9pt</mg:cssAttribute>
<mg:cssAttribute name="text-decoration">none</mg:cssAttribute>
</mg:class>
<mg:class name="CI">
<mg:cssAttribute name="color">#800000</mg:cssAttribute>
<mg:cssAttribute name="background-color">#D5DADA</mg:cssAttribute>
<mg:cssAttribute name="font-family">Consolas</mg:cssAttribute>
<mg:cssAttribute name="font-weight">normal</mg:cssAttribute>
<mg:cssAttribute name="font-style">normal</mg:cssAttribute>
<mg:cssAttribute name="font-size">9pt</mg:cssAttribute>
<mg:cssAttribute name="text-decoration">none</mg:cssAttribute>
</mg:class>
<mg:class name="CC">
<mg:cssAttribute name="color">#800000</mg:cssAttribute>
<mg:cssAttribute name="background-color">#DACDE6</mg:cssAttribute>
<mg:cssAttribute name="font-family">Consolas</mg:cssAttribute>
<mg:cssAttribute name="font-weight">normal</mg:cssAttribute>
<mg:cssAttribute name="font-style">normal</mg:cssAttribute>
<mg:cssAttribute name="font-size">9pt</mg:cssAttribute>
<mg:cssAttribute name="text-decoration">none</mg:cssAttribute>
</mg:class>
		</mg:classes>
		<mg:classes file="3">
<mg:class name="U">
<mg:cssAttribute name="color">#000000</mg:cssAttribute>
<mg:cssAttribute name="background-color">#FFFFFF</mg:cssAttribute>
<mg:cssAttribute name="font-family">Consolas</mg:cssAttribute>
<mg:cssAttribute name="font-weight">normal</mg:cssAttribute>
<mg:cssAttribute name="font-style">normal</mg:cssAttribute>
<mg:cssAttribute name="font-size">9pt</mg:cssAttribute>
<mg:cssAttribute name="text-decoration">none</mg:cssAttribute>
</mg:class>
<mg:class name="R">
<mg:cssAttribute name="color">#800000</mg:cssAttribute>
<mg:cssAttribute name="background-color">#F3E6D8</mg:cssAttribute>
<mg:cssAttribute name="font-family">Consolas</mg:cssAttribute>
<mg:cssAttribute name="font-weight">normal</mg:cssAttribute>
<mg:cssAttribute name="font-style">normal</mg:cssAttribute>
<mg:cssAttribute name="font-size">9pt</mg:cssAttribute>
<mg:cssAttribute name="text-decoration">none</mg:cssAttribute>
</mg:class>
<mg:class name="I">
<mg:cssAttribute name="color">#800000</mg:cssAttribute>
<mg:cssAttribute name="background-color">#D1E8CF</mg:cssAttribute>
<mg:cssAttribute name="font-family">Consolas</mg:cssAttribute>
<mg:cssAttribute name="font-weight">normal</mg:cssAttribute>
<mg:cssAttribute name="font-style">normal</mg:cssAttribute>
<mg:cssAttribute name="font-size">9pt</mg:cssAttribute>
<mg:cssAttribute name="text-decoration">none</mg:cssAttribute>
</mg:class>
<mg:class name="C">
<mg:cssAttribute name="color">#800000</mg:cssAttribute>
<mg:cssAttribute name="background-color">#DACDE6</mg:cssAttribute>
<mg:cssAttribute name="font-family">Consolas</mg:cssAttribute>
<mg:cssAttribute name="font-weight">normal</mg:cssAttribute>
<mg:cssAttribute name="font-style">normal</mg:cssAttribute>
<mg:cssAttribute name="font-size">9pt</mg:cssAttribute>
<mg:cssAttribute name="text-decoration">none</mg:cssAttribute>
</mg:class>
		</mg:classes>
</mg:metaData>
<mg:rowData>
<mg:rowGroup>
<mg:row>
<mg:ln file="1" number="1" class="R"><mg:sg class="R">//<mg:lf/></mg:sg></mg:ln>
</mg:row>
<mg:row>
<mg:ln file="1" number="2" class="R"><mg:sg class="R">//<mg:s/><mg:s/>MASCon</mg:sg><mg:sg class="R">straint+Pr</mg:sg><mg:sg class="R">ivate.h<mg:lf/></mg:sg></mg:ln>
</mg:row>
<mg:row>
<mg:ln file="1" number="3" class="R"><mg:sg class="R">//<mg:s/><mg:s/>Masonr</mg:sg><mg:sg class="R">y<mg:lf/></mg:sg></mg:ln>
</mg:row>
<mg:row>
<mg:ln file="1" number="4" class="R"><mg:sg class="R">//<mg:lf/></mg:sg></mg:ln>
</mg:row>
<mg:row>
<mg:ln file="1" number="5" class="R"><mg:sg class="R">//<mg:s/><mg:s/>Create</mg:sg><mg:sg class="R">d<mg:s/>by<mg:s/>Nick<mg:s/></mg:sg><mg:sg class="R">Tymchenko<mg:s/></mg:sg><mg:sg class="R">on<mg:s/>29/04/1</mg:sg><mg:sg class="R">4.<mg:lf/></mg:sg></mg:ln>
</mg:row>
<mg:row>
<mg:ln file="1" number="6" class="R"><mg:sg class="R">//<mg:s/><mg:s/>Copyri</mg:sg><mg:sg class="R">ght<mg:s/>(c)<mg:s/>20</mg:sg><mg:sg class="R">14<mg:s/>cloudli</mg:sg><mg:sg class="R">ng.<mg:s/>All<mg:s/>ri</mg:sg><mg:sg class="R">ghts<mg:s/>reser</mg:sg><mg:sg class="R">ved.<mg:lf/></mg:sg></mg:ln>
</mg:row>
<mg:row>
<mg:ln file="1" number="7" class="R"><mg:sg class="R">//<mg:lf/></mg:sg></mg:ln>
</mg:row>
<mg:row>
<mg:ln file="1" number="8" class="R"><mg:sg class="R"><mg:lf/></mg:sg></mg:ln>
</mg:row>
<mg:row>
<mg:ln file="1" number="9" class="R"><mg:sg class="R">#import<mg:s/>&quot;M</mg:sg><mg:sg class="R">ASConstrai</mg:sg><mg:sg class="R">nt.h&quot;<mg:lf/></mg:sg></mg:ln>
</mg:row>
<mg:row>
<mg:ln file="1" number="10" class="R"><mg:sg class="R"><mg:lf/></mg:sg></mg:ln>
</mg:row>
<mg:row>
<mg:ln file="1" number="11" class="R"><mg:sg class="R">@protocol<mg:s/></mg:sg><mg:sg class="R">MASConstra</mg:sg><mg:sg class="R">intDelegat</mg:sg><mg:sg class="R">e;<mg:lf/></mg:sg></mg:ln>
</mg:row>
<mg:row>
<mg:ln file="1" number="12" class="R"><mg:sg class="R"><mg:lf/></mg:sg></mg:ln>
</mg:row>
<mg:row>
<mg:ln file="1" number="13" class="R"><mg:sg class="R"><mg:lf/></mg:sg></mg:ln>
</mg:row>
<mg:row>
<mg:ln file="1" number="14" class="R"><mg:sg class="R">@interface</mg:sg><mg:sg class="R"><mg:s/>MASConstr</mg:sg><mg:sg class="R">aint<mg:s/>()<mg:lf/></mg:sg></mg:ln>
</mg:row>
<mg:row>
<mg:ln file="1" number="15" class="R"><mg:sg class="R"><mg:lf/></mg:sg></mg:ln>
</mg:row>
<mg:row>
<mg:ln file="1" number="16" class="R"><mg:sg class="R">/**<mg:lf/></mg:sg></mg:ln>
</mg:row>
<mg:row>
<mg:ln file="1" number="17" class="R"><mg:sg class="R"><mg:s/>*<mg:s/><mg:s/>Whethe</mg:sg><mg:sg class="R">r<mg:s/>or<mg:s/>not<mg:s/>t</mg:sg><mg:sg class="R">o<mg:s/>check<mg:s/>fo</mg:sg><mg:sg class="R">r<mg:s/>an<mg:s/>exist</mg:sg><mg:sg class="R">ing<mg:s/>constr</mg:sg><mg:sg class="R">aint<mg:s/>inste</mg:sg><mg:sg class="R">ad<mg:s/>of<mg:s/>addi</mg:sg><mg:sg class="R">ng<mg:s/>constra</mg:sg><mg:sg class="R">int<mg:lf/></mg:sg></mg:ln>
</mg:row>
<mg:row>
<mg:ln file="1" number="18" class="R"><mg:sg class="R"><mg:s/>*/<mg:lf/></mg:sg></mg:ln>
</mg:row>
<mg:row>
<mg:ln file="1" number="19" class="R"><mg:sg class="R">@property<mg:s/></mg:sg><mg:sg class="R">(nonatomic</mg:sg><mg:sg class="R">,<mg:s/>assign)<mg:s/></mg:sg><mg:sg class="R">BOOL<mg:s/>updat</mg:sg><mg:sg class="R">eExisting;</mg:sg><mg:sg class="R"><mg:lf/></mg:sg></mg:ln>
</mg:row>
<mg:row>
<mg:ln file="1" number="20" class="R"><mg:sg class="R"><mg:lf/></mg:sg></mg:ln>
</mg:row>
<mg:row>
<mg:ln file="1" number="21" class="R"><mg:sg class="R">/**<mg:lf/></mg:sg></mg:ln>
</mg:row>
<mg:row>
<mg:ln file="1" number="22" class="R"><mg:sg class="R"><mg:s/>*<mg:s/><mg:s/><mg:s/><mg:s/><mg:s/><mg:s/>Us</mg:sg><mg:sg class="R">ually<mg:s/>MASC</mg:sg><mg:sg class="R">onstraintM</mg:sg><mg:sg class="R">aker<mg:s/>but<mg:s/>c</mg:sg><mg:sg class="R">ould<mg:s/>be<mg:s/>a<mg:s/></mg:sg><mg:sg class="R">parent<mg:s/>MAS</mg:sg><mg:sg class="R">Constraint</mg:sg><mg:sg class="R"><mg:lf/></mg:sg></mg:ln>
</mg:row>
<mg:row>
<mg:ln file="1" number="23" class="R"><mg:sg class="R"><mg:s/>*/<mg:lf/></mg:sg></mg:ln>
</mg:row>
<mg:row>
<mg:ln file="1" number="24" class="R"><mg:sg class="R">@property<mg:s/></mg:sg><mg:sg class="R">(nonatomic</mg:sg><mg:sg class="R">,<mg:s/>weak)<mg:s/>id</mg:sg><mg:sg class="R">&lt;MASConstr</mg:sg><mg:sg class="R">aintDelega</mg:sg><mg:sg class="R">te&gt;<mg:s/>delega</mg:sg><mg:sg class="R">te;<mg:lf/></mg:sg></mg:ln>
</mg:row>
<mg:row>
<mg:ln file="1" number="25" class="R"><mg:sg class="R"><mg:lf/></mg:sg></mg:ln>
</mg:row>
<mg:row>
<mg:ln file="1" number="26" class="R"><mg:sg class="R">/**<mg:lf/></mg:sg></mg:ln>
</mg:row>
<mg:row>
<mg:ln file="1" number="27" class="R"><mg:sg class="R"><mg:s/>*<mg:s/><mg:s/>Based<mg:s/></mg:sg><mg:sg class="R">on<mg:s/>a<mg:s/>provi</mg:sg><mg:sg class="R">ded<mg:s/>value<mg:s/></mg:sg><mg:sg class="R">type,<mg:s/>is<mg:s/>e</mg:sg><mg:sg class="R">qual<mg:s/>to<mg:s/>ca</mg:sg><mg:sg class="R">lling:<mg:lf/></mg:sg></mg:ln>
</mg:row>
<mg:row>
<mg:ln file="1" number="28" class="R"><mg:sg class="R"><mg:s/>*<mg:s/><mg:s/>NSNumb</mg:sg><mg:sg class="R">er<mg:s/>-<mg:s/>setOf</mg:sg><mg:sg class="R">fset:<mg:lf/></mg:sg></mg:ln>
</mg:row>
<mg:row>
<mg:ln file="1" number="29" class="R"><mg:sg class="R"><mg:s/>*<mg:s/><mg:s/>NSValu</mg:sg><mg:sg class="R">e<mg:s/>with<mg:s/>CGP</mg:sg><mg:sg class="R">oint<mg:s/>-<mg:s/>set</mg:sg><mg:sg class="R">PointOffse</mg:sg><mg:sg class="R">t:<mg:lf/></mg:sg></mg:ln>
</mg:row>
<mg:row>
<mg:ln file="1" number="30" class="R"><mg:sg class="R"><mg:s/>*<mg:s/><mg:s/>NSValu</mg:sg><mg:sg class="R">e<mg:s/>with<mg:s/>CGS</mg:sg><mg:sg class="R">ize<mg:s/>-<mg:s/>setS</mg:sg><mg:sg class="R">izeOffset:</mg:sg><mg:sg class="R"><mg:lf/></mg:sg></mg:ln>
</mg:row>
<mg:row>
<mg:ln file="1" number="31" class="R"><mg:sg class="R"><mg:s/>*<mg:s/><mg:s/>NSValu</mg:sg><mg:sg class="R">e<mg:s/>with<mg:s/>MAS</mg:sg><mg:sg class="R">EdgeInsets</mg:sg><mg:sg class="R"><mg:s/>-<mg:s/>setInse</mg:sg><mg:sg class="R">ts:<mg:lf/></mg:sg></mg:ln>
</mg:row>
<mg:row>
<mg:ln file="1" number="32" class="R"><mg:sg class="R"><mg:s/>*/<mg:lf/></mg:sg></mg:ln>
</mg:row>
<mg:row>
<mg:ln file="1" number="33" class="R"><mg:sg class="R">-<mg:s/>(void)se</mg:sg><mg:sg class="R">tLayoutCon</mg:sg><mg:sg class="R">stantWithV</mg:sg><mg:sg class="R">alue:(NSVa</mg:sg><mg:sg class="R">lue<mg:s/>*)valu</mg:sg><mg:sg class="R">e;<mg:lf/></mg:sg></mg:ln>
</mg:row>
<mg:row>
<mg:ln file="1" number="34" class="R"><mg:sg class="R"><mg:lf/></mg:sg></mg:ln>
</mg:row>
<mg:row>
<mg:ln file="1" number="35" class="R"><mg:sg class="R">@end<mg:lf/></mg:sg></mg:ln>
</mg:row>
<mg:row>
<mg:ln file="1" number="36" class="R"><mg:sg class="R"><mg:lf/></mg:sg></mg:ln>
</mg:row>
<mg:row>
<mg:ln file="1" number="37" class="R"><mg:sg class="R"><mg:lf/></mg:sg></mg:ln>
</mg:row>
<mg:row>
<mg:ln file="1" number="38" class="R"><mg:sg class="R">@interface</mg:sg><mg:sg class="R"><mg:s/>MASConstr</mg:sg><mg:sg class="R">aint<mg:s/>(Abst</mg:sg><mg:sg class="R">ract)<mg:lf/></mg:sg></mg:ln>
</mg:row>
<mg:row>
<mg:ln file="1" number="39" class="R"><mg:sg class="R"><mg:lf/></mg:sg></mg:ln>
</mg:row>
<mg:row>
<mg:ln file="1" number="40" class="R"><mg:sg class="R">/**<mg:lf/></mg:sg></mg:ln>
</mg:row>
<mg:row>
<mg:ln file="1" number="41" class="R"><mg:sg class="R"><mg:s/>*<mg:s/><mg:s/><mg:s/><mg:s/><mg:s/><mg:s/>Se</mg:sg><mg:sg class="R">ts<mg:s/>the<mg:s/>con</mg:sg><mg:sg class="R">straint<mg:s/>re</mg:sg><mg:sg class="R">lation<mg:s/>to<mg:s/></mg:sg><mg:sg class="R">given<mg:s/>NSLa</mg:sg><mg:sg class="R">youtRelati</mg:sg><mg:sg class="R">on<mg:lf/></mg:sg></mg:ln>
</mg:row>
<mg:row>
<mg:ln file="1" number="42" class="R"><mg:sg class="R"><mg:s/>*<mg:s/><mg:s/>return</mg:sg><mg:sg class="R">s<mg:s/>a<mg:s/>block<mg:s/></mg:sg><mg:sg class="R">which<mg:s/>acce</mg:sg><mg:sg class="R">pts<mg:s/>one<mg:s/>of</mg:sg><mg:sg class="R"><mg:s/>the<mg:s/>follo</mg:sg><mg:sg class="R">wing:<mg:lf/></mg:sg></mg:ln>
</mg:row>
<mg:row>
<mg:ln file="1" number="43" class="R"><mg:sg class="R"><mg:s/>*<mg:s/><mg:s/><mg:s/><mg:s/>MASV</mg:sg><mg:sg class="R">iewAttribu</mg:sg><mg:sg class="R">te,<mg:s/>UIView</mg:sg><mg:sg class="R">,<mg:s/>NSValue,</mg:sg><mg:sg class="R"><mg:s/>NSArray<mg:lf/></mg:sg></mg:ln>
</mg:row>
<mg:row>
<mg:ln file="1" number="44" class="R"><mg:sg class="R"><mg:s/>*<mg:s/><mg:s/>see<mg:s/>re</mg:sg><mg:sg class="R">adme<mg:s/>for<mg:s/>m</mg:sg><mg:sg class="R">ore<mg:s/>detail</mg:sg><mg:sg class="R">s.<mg:lf/></mg:sg></mg:ln>
</mg:row>
<mg:row>
<mg:ln file="1" number="45" class="R"><mg:sg class="R"><mg:s/>*/<mg:lf/></mg:sg></mg:ln>
</mg:row>
<mg:row>
<mg:ln file="1" number="46" class="R"><mg:sg class="R">-<mg:s/>(MASCons</mg:sg><mg:sg class="R">traint<mg:s/>*<mg:s/>(</mg:sg><mg:sg class="R">^)(id,<mg:s/>NSL</mg:sg><mg:sg class="R">ayoutRelat</mg:sg><mg:sg class="R">ion))equal</mg:sg><mg:sg class="R">ToWithRela</mg:sg><mg:sg class="R">tion;<mg:lf/></mg:sg></mg:ln>
</mg:row>
<mg:row>
<mg:ln file="1" number="47" class="R"><mg:sg class="R"><mg:lf/></mg:sg></mg:ln>
</mg:row>
<mg:row>
<mg:ln file="1" number="48" class="R"><mg:sg class="R">/**<mg:lf/></mg:sg></mg:ln>
</mg:row>
<mg:row>
<mg:ln file="1" number="49" class="R"><mg:sg class="R"><mg:s/>*<mg:s/><mg:s/><mg:s/><mg:s/><mg:s/><mg:s/>Ov</mg:sg><mg:sg class="R">erride<mg:s/>to<mg:s/></mg:sg><mg:sg class="R">set<mg:s/>a<mg:s/>cust</mg:sg><mg:sg class="R">om<mg:s/>chainin</mg:sg><mg:sg class="R">g<mg:s/>behaviou</mg:sg><mg:sg class="R">r<mg:lf/></mg:sg></mg:ln>
</mg:row>
<mg:row>
<mg:ln file="1" number="50" class="R"><mg:sg class="R"><mg:s/>*/<mg:lf/></mg:sg></mg:ln>
</mg:row>
<mg:row>
<mg:ln file="1" number="51" class="R"><mg:sg class="R">-<mg:s/>(MASCons</mg:sg><mg:sg class="R">traint<mg:s/>*)a</mg:sg><mg:sg class="R">ddConstrai</mg:sg><mg:sg class="R">ntWithLayo</mg:sg><mg:sg class="R">utAttribut</mg:sg><mg:sg class="R">e:(NSLayou</mg:sg><mg:sg class="R">tAttribute</mg:sg><mg:sg class="R">)layoutAtt</mg:sg><mg:sg class="R">ribute;<mg:lf/></mg:sg></mg:ln>
</mg:row>
<mg:row>
<mg:ln file="1" number="52" class="R"><mg:sg class="R"><mg:lf/></mg:sg></mg:ln>
</mg:row>
<mg:row>
<mg:ln file="1" number="53" class="R"><mg:sg class="R">@end<mg:lf/></mg:sg></mg:ln>
</mg:row>
<mg:row>
<mg:ln file="1" number="54" class="R"><mg:sg class="R"><mg:lf/></mg:sg></mg:ln>
</mg:row>
<mg:row>
<mg:ln file="1" number="55" class="R"><mg:sg class="R"><mg:lf/></mg:sg></mg:ln>
</mg:row>
<mg:row>
<mg:ln file="1" number="56" class="R"><mg:sg class="R">@protocol<mg:s/></mg:sg><mg:sg class="R">MASConstra</mg:sg><mg:sg class="R">intDelegat</mg:sg><mg:sg class="R">e<mg:s/>&lt;NSObjec</mg:sg><mg:sg class="R">t&gt;<mg:lf/></mg:sg></mg:ln>
</mg:row>
<mg:row>
<mg:ln file="1" number="57" class="R"><mg:sg class="R"><mg:lf/></mg:sg></mg:ln>
</mg:row>
<mg:row>
<mg:ln file="1" number="58" class="R"><mg:sg class="R">/**<mg:lf/></mg:sg></mg:ln>
</mg:row>
<mg:row>
<mg:ln file="1" number="59" class="R"><mg:sg class="R"><mg:s/>*<mg:s/><mg:s/><mg:s/><mg:s/><mg:s/><mg:s/>No</mg:sg><mg:sg class="R">tifies<mg:s/>the</mg:sg><mg:sg class="R"><mg:s/>delegate<mg:s/></mg:sg><mg:sg class="R">when<mg:s/>the<mg:s/>c</mg:sg><mg:sg class="R">onstraint<mg:s/></mg:sg><mg:sg class="R">needs<mg:s/>to<mg:s/>b</mg:sg><mg:sg class="R">e<mg:s/>replaced</mg:sg><mg:sg class="R"><mg:s/>with<mg:s/>anot</mg:sg><mg:sg class="R">her<mg:s/>constr</mg:sg><mg:sg class="R">aint.<mg:s/>For<mg:s/></mg:sg><mg:sg class="R">example<mg:lf/></mg:sg></mg:ln>
</mg:row>
<mg:row>
<mg:ln file="1" number="60" class="R"><mg:sg class="R"><mg:s/>*<mg:s/><mg:s/>A<mg:s/>MASV</mg:sg><mg:sg class="R">iewConstra</mg:sg><mg:sg class="R">int<mg:s/>may<mg:s/>tu</mg:sg><mg:sg class="R">rn<mg:s/>into<mg:s/>a<mg:s/></mg:sg><mg:sg class="R">MASComposi</mg:sg><mg:sg class="R">teConstrai</mg:sg><mg:sg class="R">nt<mg:s/>when<mg:s/>an</mg:sg><mg:sg class="R"><mg:s/>array<mg:s/>is<mg:s/></mg:sg><mg:sg class="R">passed<mg:s/>to<mg:s/></mg:sg><mg:sg class="R">one<mg:s/>of<mg:s/>the</mg:sg><mg:sg class="R"><mg:s/>equality<mg:s/></mg:sg><mg:sg class="R">blocks<mg:lf/></mg:sg></mg:ln>
</mg:row>
<mg:row>
<mg:ln file="1" number="61" class="R"><mg:sg class="R"><mg:s/>*/<mg:lf/></mg:sg></mg:ln>
</mg:row>
<mg:row>
<mg:ln file="1" number="62" class="R"><mg:sg class="R">-<mg:s/>(void)co</mg:sg><mg:sg class="R">nstraint:(</mg:sg><mg:sg class="R">MASConstra</mg:sg><mg:sg class="R">int<mg:s/>*)cons</mg:sg><mg:sg class="R">traint<mg:s/>sho</mg:sg><mg:sg class="R">uldBeRepla</mg:sg><mg:sg class="R">cedWithCon</mg:sg><mg:sg class="R">straint:(M</mg:sg><mg:sg class="R">ASConstrai</mg:sg><mg:sg class="R">nt<mg:s/>*)repla</mg:sg><mg:sg class="R">cementCons</mg:sg><mg:sg class="R">traint;<mg:lf/></mg:sg></mg:ln>
</mg:row>
<mg:row>
<mg:ln file="1" number="63" class="R"><mg:sg class="R"><mg:lf/></mg:sg></mg:ln>
</mg:row>
<mg:row>
<mg:ln file="1" number="64" class="R"><mg:sg class="R">-<mg:s/>(MASCons</mg:sg><mg:sg class="R">traint<mg:s/>*)c</mg:sg><mg:sg class="R">onstraint:</mg:sg><mg:sg class="R">(MASConstr</mg:sg><mg:sg class="R">aint<mg:s/>*)con</mg:sg><mg:sg class="R">straint<mg:s/>ad</mg:sg><mg:sg class="R">dConstrain</mg:sg><mg:sg class="R">tWithLayou</mg:sg><mg:sg class="R">tAttribute</mg:sg><mg:sg class="R">:(NSLayout</mg:sg><mg:sg class="R">Attribute)</mg:sg><mg:sg class="R">layoutAttr</mg:sg><mg:sg class="R">ibute;<mg:lf/></mg:sg></mg:ln>
</mg:row>
<mg:row>
<mg:ln file="1" number="65" class="R"><mg:sg class="R"><mg:lf/></mg:sg></mg:ln>
</mg:row>
<mg:row>
<mg:ln file="1" number="66" class="R"><mg:sg class="R">@end<mg:lf/></mg:sg></mg:ln>
</mg:row>
</mg:rowGroup>
</mg:rowData>
</mg:report>
