﻿<?xml version="1.0" encoding="UTF-8" ?>

<mg:report version="1.0" xmlns:mg="http://www.araxis.com/2002/Merge/Reporting" type="FileComparison">
<mg:metaData>
  <mg:title>Araxis Merge File Comparison Report</mg:title>
  <mg:id show="true">106</mg:id>
  <mg:date>2019/4/19 20:25:03</mg:date>
<mg:options>
<mg:option name="clIgnoreDifferencesInWhitespaceAtTheStartOfLines">0</mg:option>
<mg:option name="clIgnoreDifferencesInWhitespaceAtTheEndOfLines">0</mg:option>
<mg:option name="clTreatConsecutiveWhitespaceAsASingleSpace">1</mg:option>
<mg:option name="clIgnoreAllDifferencesInWhitespace">0</mg:option>
<mg:option name="clWhitespaceSignificant">0</mg:option>
<mg:option name="clIgnoreCase">0</mg:option>
<mg:option name="clIgnoreLineEndings">1</mg:option>
<mg:option name="clHideCRLF">1</mg:option>
<mg:option name="clShowLineNums">1</mg:option>
<mg:option name="clShowOmittedLinesRow">0</mg:option>

<mg:regexps>
<mg:regexp enabled="false">
<mg:expression>^[ \t]*$</mg:expression>
<mg:description>Blank lines</mg:description>
</mg:regexp>
<mg:regexp enabled="false">
<mg:expression>[ \t]*//[^&quot;]*$</mg:expression>
<mg:description>C++ comments</mg:description>
</mg:regexp>
<mg:regexp enabled="false">
<mg:expression>^[ \t]*//.*\$(Date|Archive|Author|Header|JustDate|Modtime|Revision|Workfile):.*\$.*$</mg:expression>
<mg:description>SourceSafe comments</mg:description>
</mg:regexp>
<mg:regexp enabled="false">
<mg:expression>^[ \t]*//(:(Header|Source):|.*Generated.*Genitor).*\$</mg:expression>
<mg:description>Genitor comments</mg:description>
</mg:regexp>
<mg:regexp enabled="false">
<mg:expression>\$(Archive|Author|Date|Header|JustDate|Logfile|Modtime|Revision|Workfile):[^$]*\$</mg:expression>
<mg:description>SourceSafe keywords</mg:description>
</mg:regexp>
<mg:regexp enabled="false">
<mg:expression>^[ \t]*'.*$</mg:expression>
<mg:description>Visual Basic comments</mg:description>
</mg:regexp>
<mg:regexp enabled="false">
<mg:expression>\$(Author|Date|Header|Id|Locker|Name|RCSfile|Revision|Source|State):[^$]*\$</mg:expression>
<mg:description>CVS comments</mg:description>
</mg:regexp>
<mg:regexp enabled="false">
<mg:expression>\$(ACident|ACheader|AClog|ACpart|ACversion|Author|Date|Header|Line|Locker|Log|Revision|Smsfile|Smspath|Today|Vcfile|Vcpath|Workfile):?[^$]*\$</mg:expression>
<mg:description>AllChange keywords</mg:description>
</mg:regexp>
<mg:regexp enabled="false">
<mg:expression></mg:expression>
<mg:description></mg:description>
</mg:regexp>
<mg:regexp enabled="false">
<mg:expression></mg:expression>
<mg:description></mg:description>
</mg:regexp>
</mg:regexps>
</mg:options>
<mg:fileDetails file="1">
  <mg:name>fmod_gpu_compute.h</mg:name>
  <mg:title></mg:title>
  <mg:location>E:\MA75\Branch_20190409\Code\3rdParty\FmodStudioSrc\lowlevel_api\src</mg:location>
  <mg:lastModified>Fri Apr 19 10:32:43 2019 UTC</mg:lastModified>
</mg:fileDetails>
<mg:fileDetails file="2">
  <mg:name>fmod_gpu_compute.h</mg:name>
  <mg:title></mg:title>
  <mg:location>E:\MA75\tgc_main\Code\3rdParty\FmodStudioSrc\lowlevel_api\src</mg:location>
  <mg:lastModified>Thu Apr 11 09:28:33 2019 UTC</mg:lastModified>
</mg:fileDetails>
<mg:fileDetails file="3">
  <mg:name>fmod_gpu_compute.h</mg:name>
  <mg:title></mg:title>
  <mg:location>E:\MA75\tgc_mainOld\Code\3rdParty\FmodStudioSrc\lowlevel_api\src</mg:location>
  <mg:lastModified>Fri Apr 19 10:48:49 2019 UTC</mg:lastModified>
</mg:fileDetails>
<mg:changeSummaries>
  <mg:changeSummary files="1,2">
	  <mg:changeCount type="unchanged" blocks1="4" blocks2="4" blocks="4" lines1="107" lines2="107" lines="214" />
	  <mg:changeCount type="removed" blocks1="0" blocks2="0" blocks="0" lines1="0" lines2="0" lines="0" />
	  <mg:changeCount type="inserted" blocks1="0" blocks2="3" blocks="3" lines1="0" lines2="6" lines="6" />
	  <mg:changeCount type="changed" blocks1="0" blocks2="0" blocks="0" lines1="0" lines2="0" lines="0" />
  </mg:changeSummary>
<mg:changeSummary files="2,3">
	  <mg:changeCount type="unchanged" blocks1="4" blocks2="4" blocks="4" lines1="107" lines2="107" lines="214" />
	  <mg:changeCount type="removed" blocks1="3" blocks2="0" blocks="3" lines1="6" lines2="0" lines="6" />
	  <mg:changeCount type="inserted" blocks1="0" blocks2="0" blocks="0" lines1="0" lines2="0" lines="0" />
	  <mg:changeCount type="changed" blocks1="0" blocks2="0" blocks="0" lines1="0" lines2="0" lines="0" />
  </mg:changeSummary>
<mg:changeSummary files="1,2,3"><mg:changeCount type="removed" blocks="3" lines="6"/><mg:changeCount type="inserted" blocks="0" lines="0"/><mg:changeCount type="changed" blocks="0" lines="0"/><mg:changeCount type="conflicts" count="0"/></mg:changeSummary></mg:changeSummaries>
		<mg:classes file="1">
<mg:class name="U">
<mg:cssAttribute name="color">#000000</mg:cssAttribute>
<mg:cssAttribute name="background-color">#FFFFFF</mg:cssAttribute>
<mg:cssAttribute name="font-family">Consolas</mg:cssAttribute>
<mg:cssAttribute name="font-weight">normal</mg:cssAttribute>
<mg:cssAttribute name="font-style">normal</mg:cssAttribute>
<mg:cssAttribute name="font-size">9pt</mg:cssAttribute>
<mg:cssAttribute name="text-decoration">none</mg:cssAttribute>
</mg:class>
<mg:class name="R">
<mg:cssAttribute name="color">#800000</mg:cssAttribute>
<mg:cssAttribute name="background-color">#F3E6D8</mg:cssAttribute>
<mg:cssAttribute name="font-family">Consolas</mg:cssAttribute>
<mg:cssAttribute name="font-weight">normal</mg:cssAttribute>
<mg:cssAttribute name="font-style">normal</mg:cssAttribute>
<mg:cssAttribute name="font-size">9pt</mg:cssAttribute>
<mg:cssAttribute name="text-decoration">none</mg:cssAttribute>
</mg:class>
<mg:class name="I">
<mg:cssAttribute name="color">#800000</mg:cssAttribute>
<mg:cssAttribute name="background-color">#D1E8CF</mg:cssAttribute>
<mg:cssAttribute name="font-family">Consolas</mg:cssAttribute>
<mg:cssAttribute name="font-weight">normal</mg:cssAttribute>
<mg:cssAttribute name="font-style">normal</mg:cssAttribute>
<mg:cssAttribute name="font-size">9pt</mg:cssAttribute>
<mg:cssAttribute name="text-decoration">none</mg:cssAttribute>
</mg:class>
<mg:class name="C">
<mg:cssAttribute name="color">#800000</mg:cssAttribute>
<mg:cssAttribute name="background-color">#DACDE6</mg:cssAttribute>
<mg:cssAttribute name="font-family">Consolas</mg:cssAttribute>
<mg:cssAttribute name="font-weight">normal</mg:cssAttribute>
<mg:cssAttribute name="font-style">normal</mg:cssAttribute>
<mg:cssAttribute name="font-size">9pt</mg:cssAttribute>
<mg:cssAttribute name="text-decoration">none</mg:cssAttribute>
</mg:class>
		</mg:classes>
		<mg:classes file="2">
<mg:class name="UU">
<mg:cssAttribute name="color">#000000</mg:cssAttribute>
<mg:cssAttribute name="background-color">#FFFFFF</mg:cssAttribute>
<mg:cssAttribute name="font-family">Consolas</mg:cssAttribute>
<mg:cssAttribute name="font-weight">normal</mg:cssAttribute>
<mg:cssAttribute name="font-style">normal</mg:cssAttribute>
<mg:cssAttribute name="font-size">9pt</mg:cssAttribute>
<mg:cssAttribute name="text-decoration">none</mg:cssAttribute>
</mg:class>
<mg:class name="UR">
<mg:cssAttribute name="color">#400000</mg:cssAttribute>
<mg:cssAttribute name="background-color">#F9F2EB</mg:cssAttribute>
<mg:cssAttribute name="font-family">Consolas</mg:cssAttribute>
<mg:cssAttribute name="font-weight">normal</mg:cssAttribute>
<mg:cssAttribute name="font-style">normal</mg:cssAttribute>
<mg:cssAttribute name="font-size">9pt</mg:cssAttribute>
<mg:cssAttribute name="text-decoration">none</mg:cssAttribute>
</mg:class>
<mg:class name="UI">
<mg:cssAttribute name="color">#400000</mg:cssAttribute>
<mg:cssAttribute name="background-color">#E8F3E7</mg:cssAttribute>
<mg:cssAttribute name="font-family">Consolas</mg:cssAttribute>
<mg:cssAttribute name="font-weight">normal</mg:cssAttribute>
<mg:cssAttribute name="font-style">normal</mg:cssAttribute>
<mg:cssAttribute name="font-size">9pt</mg:cssAttribute>
<mg:cssAttribute name="text-decoration">none</mg:cssAttribute>
</mg:class>
<mg:class name="UC">
<mg:cssAttribute name="color">#400000</mg:cssAttribute>
<mg:cssAttribute name="background-color">#ECE6F2</mg:cssAttribute>
<mg:cssAttribute name="font-family">Consolas</mg:cssAttribute>
<mg:cssAttribute name="font-weight">normal</mg:cssAttribute>
<mg:cssAttribute name="font-style">normal</mg:cssAttribute>
<mg:cssAttribute name="font-size">9pt</mg:cssAttribute>
<mg:cssAttribute name="text-decoration">none</mg:cssAttribute>
</mg:class>
<mg:class name="RU">
<mg:cssAttribute name="color">#400000</mg:cssAttribute>
<mg:cssAttribute name="background-color">#F9F2EB</mg:cssAttribute>
<mg:cssAttribute name="font-family">Consolas</mg:cssAttribute>
<mg:cssAttribute name="font-weight">normal</mg:cssAttribute>
<mg:cssAttribute name="font-style">normal</mg:cssAttribute>
<mg:cssAttribute name="font-size">9pt</mg:cssAttribute>
<mg:cssAttribute name="text-decoration">none</mg:cssAttribute>
</mg:class>
<mg:class name="RR">
<mg:cssAttribute name="color">#800000</mg:cssAttribute>
<mg:cssAttribute name="background-color">#F3E6D8</mg:cssAttribute>
<mg:cssAttribute name="font-family">Consolas</mg:cssAttribute>
<mg:cssAttribute name="font-weight">normal</mg:cssAttribute>
<mg:cssAttribute name="font-style">normal</mg:cssAttribute>
<mg:cssAttribute name="font-size">9pt</mg:cssAttribute>
<mg:cssAttribute name="text-decoration">none</mg:cssAttribute>
</mg:class>
<mg:class name="RI">
<mg:cssAttribute name="color">#800000</mg:cssAttribute>
<mg:cssAttribute name="background-color">#E2E7D3</mg:cssAttribute>
<mg:cssAttribute name="font-family">Consolas</mg:cssAttribute>
<mg:cssAttribute name="font-weight">normal</mg:cssAttribute>
<mg:cssAttribute name="font-style">normal</mg:cssAttribute>
<mg:cssAttribute name="font-size">9pt</mg:cssAttribute>
<mg:cssAttribute name="text-decoration">none</mg:cssAttribute>
</mg:class>
<mg:class name="RC">
<mg:cssAttribute name="color">#800000</mg:cssAttribute>
<mg:cssAttribute name="background-color">#E6D9DF</mg:cssAttribute>
<mg:cssAttribute name="font-family">Consolas</mg:cssAttribute>
<mg:cssAttribute name="font-weight">normal</mg:cssAttribute>
<mg:cssAttribute name="font-style">normal</mg:cssAttribute>
<mg:cssAttribute name="font-size">9pt</mg:cssAttribute>
<mg:cssAttribute name="text-decoration">none</mg:cssAttribute>
</mg:class>
<mg:class name="IU">
<mg:cssAttribute name="color">#400000</mg:cssAttribute>
<mg:cssAttribute name="background-color">#E8F3E7</mg:cssAttribute>
<mg:cssAttribute name="font-family">Consolas</mg:cssAttribute>
<mg:cssAttribute name="font-weight">normal</mg:cssAttribute>
<mg:cssAttribute name="font-style">normal</mg:cssAttribute>
<mg:cssAttribute name="font-size">9pt</mg:cssAttribute>
<mg:cssAttribute name="text-decoration">none</mg:cssAttribute>
</mg:class>
<mg:class name="IR">
<mg:cssAttribute name="color">#800000</mg:cssAttribute>
<mg:cssAttribute name="background-color">#E2E7D3</mg:cssAttribute>
<mg:cssAttribute name="font-family">Consolas</mg:cssAttribute>
<mg:cssAttribute name="font-weight">normal</mg:cssAttribute>
<mg:cssAttribute name="font-style">normal</mg:cssAttribute>
<mg:cssAttribute name="font-size">9pt</mg:cssAttribute>
<mg:cssAttribute name="text-decoration">none</mg:cssAttribute>
</mg:class>
<mg:class name="II">
<mg:cssAttribute name="color">#800000</mg:cssAttribute>
<mg:cssAttribute name="background-color">#D1E8CF</mg:cssAttribute>
<mg:cssAttribute name="font-family">Consolas</mg:cssAttribute>
<mg:cssAttribute name="font-weight">normal</mg:cssAttribute>
<mg:cssAttribute name="font-style">normal</mg:cssAttribute>
<mg:cssAttribute name="font-size">9pt</mg:cssAttribute>
<mg:cssAttribute name="text-decoration">none</mg:cssAttribute>
</mg:class>
<mg:class name="IC">
<mg:cssAttribute name="color">#800000</mg:cssAttribute>
<mg:cssAttribute name="background-color">#D5DADA</mg:cssAttribute>
<mg:cssAttribute name="font-family">Consolas</mg:cssAttribute>
<mg:cssAttribute name="font-weight">normal</mg:cssAttribute>
<mg:cssAttribute name="font-style">normal</mg:cssAttribute>
<mg:cssAttribute name="font-size">9pt</mg:cssAttribute>
<mg:cssAttribute name="text-decoration">none</mg:cssAttribute>
</mg:class>
<mg:class name="CU">
<mg:cssAttribute name="color">#400000</mg:cssAttribute>
<mg:cssAttribute name="background-color">#ECE6F2</mg:cssAttribute>
<mg:cssAttribute name="font-family">Consolas</mg:cssAttribute>
<mg:cssAttribute name="font-weight">normal</mg:cssAttribute>
<mg:cssAttribute name="font-style">normal</mg:cssAttribute>
<mg:cssAttribute name="font-size">9pt</mg:cssAttribute>
<mg:cssAttribute name="text-decoration">none</mg:cssAttribute>
</mg:class>
<mg:class name="CR">
<mg:cssAttribute name="color">#800000</mg:cssAttribute>
<mg:cssAttribute name="background-color">#E6D9DF</mg:cssAttribute>
<mg:cssAttribute name="font-family">Consolas</mg:cssAttribute>
<mg:cssAttribute name="font-weight">normal</mg:cssAttribute>
<mg:cssAttribute name="font-style">normal</mg:cssAttribute>
<mg:cssAttribute name="font-size">9pt</mg:cssAttribute>
<mg:cssAttribute name="text-decoration">none</mg:cssAttribute>
</mg:class>
<mg:class name="CI">
<mg:cssAttribute name="color">#800000</mg:cssAttribute>
<mg:cssAttribute name="background-color">#D5DADA</mg:cssAttribute>
<mg:cssAttribute name="font-family">Consolas</mg:cssAttribute>
<mg:cssAttribute name="font-weight">normal</mg:cssAttribute>
<mg:cssAttribute name="font-style">normal</mg:cssAttribute>
<mg:cssAttribute name="font-size">9pt</mg:cssAttribute>
<mg:cssAttribute name="text-decoration">none</mg:cssAttribute>
</mg:class>
<mg:class name="CC">
<mg:cssAttribute name="color">#800000</mg:cssAttribute>
<mg:cssAttribute name="background-color">#DACDE6</mg:cssAttribute>
<mg:cssAttribute name="font-family">Consolas</mg:cssAttribute>
<mg:cssAttribute name="font-weight">normal</mg:cssAttribute>
<mg:cssAttribute name="font-style">normal</mg:cssAttribute>
<mg:cssAttribute name="font-size">9pt</mg:cssAttribute>
<mg:cssAttribute name="text-decoration">none</mg:cssAttribute>
</mg:class>
		</mg:classes>
		<mg:classes file="3">
<mg:class name="U">
<mg:cssAttribute name="color">#000000</mg:cssAttribute>
<mg:cssAttribute name="background-color">#FFFFFF</mg:cssAttribute>
<mg:cssAttribute name="font-family">Consolas</mg:cssAttribute>
<mg:cssAttribute name="font-weight">normal</mg:cssAttribute>
<mg:cssAttribute name="font-style">normal</mg:cssAttribute>
<mg:cssAttribute name="font-size">9pt</mg:cssAttribute>
<mg:cssAttribute name="text-decoration">none</mg:cssAttribute>
</mg:class>
<mg:class name="R">
<mg:cssAttribute name="color">#800000</mg:cssAttribute>
<mg:cssAttribute name="background-color">#F3E6D8</mg:cssAttribute>
<mg:cssAttribute name="font-family">Consolas</mg:cssAttribute>
<mg:cssAttribute name="font-weight">normal</mg:cssAttribute>
<mg:cssAttribute name="font-style">normal</mg:cssAttribute>
<mg:cssAttribute name="font-size">9pt</mg:cssAttribute>
<mg:cssAttribute name="text-decoration">none</mg:cssAttribute>
</mg:class>
<mg:class name="I">
<mg:cssAttribute name="color">#800000</mg:cssAttribute>
<mg:cssAttribute name="background-color">#D1E8CF</mg:cssAttribute>
<mg:cssAttribute name="font-family">Consolas</mg:cssAttribute>
<mg:cssAttribute name="font-weight">normal</mg:cssAttribute>
<mg:cssAttribute name="font-style">normal</mg:cssAttribute>
<mg:cssAttribute name="font-size">9pt</mg:cssAttribute>
<mg:cssAttribute name="text-decoration">none</mg:cssAttribute>
</mg:class>
<mg:class name="C">
<mg:cssAttribute name="color">#800000</mg:cssAttribute>
<mg:cssAttribute name="background-color">#DACDE6</mg:cssAttribute>
<mg:cssAttribute name="font-family">Consolas</mg:cssAttribute>
<mg:cssAttribute name="font-weight">normal</mg:cssAttribute>
<mg:cssAttribute name="font-style">normal</mg:cssAttribute>
<mg:cssAttribute name="font-size">9pt</mg:cssAttribute>
<mg:cssAttribute name="text-decoration">none</mg:cssAttribute>
</mg:class>
		</mg:classes>
</mg:metaData>
<mg:rowData>
<mg:rowGroup>
<mg:row>
<mg:ln file="1" number="1" class="U"><mg:sg class="U">#ifndef<mg:s/>_F</mg:sg><mg:sg class="U">MOD_GPU_CO</mg:sg><mg:sg class="U">MPUTE_H<mg:cr/><mg:lf/></mg:sg></mg:ln>
<mg:ln file="2" number="1" class="UU"><mg:sg class="UU">#ifndef<mg:s/>_F</mg:sg><mg:sg class="UU">MOD_GPU_CO</mg:sg><mg:sg class="UU">MPUTE_H<mg:cr/><mg:lf/></mg:sg></mg:ln>
<mg:ln file="3" number="1" class="U"><mg:sg class="U">#ifndef<mg:s/>_F</mg:sg><mg:sg class="U">MOD_GPU_CO</mg:sg><mg:sg class="U">MPUTE_H<mg:cr/><mg:lf/></mg:sg></mg:ln>
</mg:row>
<mg:row>
<mg:ln file="1" number="2" class="U"><mg:sg class="U">#define<mg:s/>_F</mg:sg><mg:sg class="U">MOD_GPU_CO</mg:sg><mg:sg class="U">MPUTE_H<mg:cr/><mg:lf/></mg:sg></mg:ln>
<mg:ln file="2" number="2" class="UU"><mg:sg class="UU">#define<mg:s/>_F</mg:sg><mg:sg class="UU">MOD_GPU_CO</mg:sg><mg:sg class="UU">MPUTE_H<mg:cr/><mg:lf/></mg:sg></mg:ln>
<mg:ln file="3" number="2" class="U"><mg:sg class="U">#define<mg:s/>_F</mg:sg><mg:sg class="U">MOD_GPU_CO</mg:sg><mg:sg class="U">MPUTE_H<mg:cr/><mg:lf/></mg:sg></mg:ln>
</mg:row>
<mg:row>
<mg:ln file="1" number="3" class="U"><mg:sg class="U"><mg:cr/><mg:lf/></mg:sg></mg:ln>
<mg:ln file="2" number="3" class="UU"><mg:sg class="UU"><mg:cr/><mg:lf/></mg:sg></mg:ln>
<mg:ln file="3" number="3" class="U"><mg:sg class="U"><mg:cr/><mg:lf/></mg:sg></mg:ln>
</mg:row>
<mg:row>
<mg:ln file="1" number="4" class="U"><mg:sg class="U">#include<mg:s/>&quot;</mg:sg><mg:sg class="U">fmod_setti</mg:sg><mg:sg class="U">ngs.h&quot;<mg:cr/><mg:lf/></mg:sg></mg:ln>
<mg:ln file="2" number="4" class="UU"><mg:sg class="UU">#include<mg:s/>&quot;</mg:sg><mg:sg class="UU">fmod_setti</mg:sg><mg:sg class="UU">ngs.h&quot;<mg:cr/><mg:lf/></mg:sg></mg:ln>
<mg:ln file="3" number="4" class="U"><mg:sg class="U">#include<mg:s/>&quot;</mg:sg><mg:sg class="U">fmod_setti</mg:sg><mg:sg class="U">ngs.h&quot;<mg:cr/><mg:lf/></mg:sg></mg:ln>
</mg:row>
<mg:row>
<mg:ln file="1" number="5" class="U"><mg:sg class="U">#include<mg:s/>&quot;</mg:sg><mg:sg class="U">fmod_syste</mg:sg><mg:sg class="U">mi.h&quot;<mg:cr/><mg:lf/></mg:sg></mg:ln>
<mg:ln file="2" number="5" class="UU"><mg:sg class="UU">#include<mg:s/>&quot;</mg:sg><mg:sg class="UU">fmod_syste</mg:sg><mg:sg class="UU">mi.h&quot;<mg:cr/><mg:lf/></mg:sg></mg:ln>
<mg:ln file="3" number="5" class="U"><mg:sg class="U">#include<mg:s/>&quot;</mg:sg><mg:sg class="U">fmod_syste</mg:sg><mg:sg class="U">mi.h&quot;<mg:cr/><mg:lf/></mg:sg></mg:ln>
</mg:row>
<mg:row>
<mg:ln file="1" number="6" class="U"><mg:sg class="U"><mg:cr/><mg:lf/></mg:sg></mg:ln>
<mg:ln file="2" number="6" class="UU"><mg:sg class="UU"><mg:cr/><mg:lf/></mg:sg></mg:ln>
<mg:ln file="3" number="6" class="U"><mg:sg class="U"><mg:cr/><mg:lf/></mg:sg></mg:ln>
</mg:row>
<mg:row>
<mg:ln file="1" number="7" class="U"><mg:sg class="U">namespace<mg:s/></mg:sg><mg:sg class="U">FMOD<mg:cr/><mg:lf/></mg:sg></mg:ln>
<mg:ln file="2" number="7" class="UU"><mg:sg class="UU">namespace<mg:s/></mg:sg><mg:sg class="UU">FMOD<mg:cr/><mg:lf/></mg:sg></mg:ln>
<mg:ln file="3" number="7" class="U"><mg:sg class="U">namespace<mg:s/></mg:sg><mg:sg class="U">FMOD<mg:cr/><mg:lf/></mg:sg></mg:ln>
</mg:row>
<mg:row>
<mg:ln file="1" number="8" class="U"><mg:sg class="U">{<mg:cr/><mg:lf/></mg:sg></mg:ln>
<mg:ln file="2" number="8" class="UU"><mg:sg class="UU">{<mg:cr/><mg:lf/></mg:sg></mg:ln>
<mg:ln file="3" number="8" class="U"><mg:sg class="U">{<mg:cr/><mg:lf/></mg:sg></mg:ln>
</mg:row>
<mg:row>
<mg:ln file="1" number="9" class="U"><mg:sg class="U"><mg:s/><mg:s/><mg:s/><mg:s/>enum<mg:s/>G</mg:sg><mg:sg class="U">puComputeS</mg:sg><mg:sg class="U">haderType<mg:cr/></mg:sg><mg:sg class="U"><mg:lf/></mg:sg></mg:ln>
<mg:ln file="2" number="9" class="UU"><mg:sg class="UU"><mg:s/><mg:s/><mg:s/><mg:s/>enum<mg:s/>G</mg:sg><mg:sg class="UU">puComputeS</mg:sg><mg:sg class="UU">haderType<mg:cr/></mg:sg><mg:sg class="UU"><mg:lf/></mg:sg></mg:ln>
<mg:ln file="3" number="9" class="U"><mg:sg class="U"><mg:s/><mg:s/><mg:s/><mg:s/>enum<mg:s/>G</mg:sg><mg:sg class="U">puComputeS</mg:sg><mg:sg class="U">haderType<mg:cr/></mg:sg><mg:sg class="U"><mg:lf/></mg:sg></mg:ln>
</mg:row>
<mg:row>
<mg:ln file="1" number="10" class="U"><mg:sg class="U"><mg:s/><mg:s/><mg:s/><mg:s/>{<mg:cr/><mg:lf/></mg:sg></mg:ln>
<mg:ln file="2" number="10" class="UU"><mg:sg class="UU"><mg:s/><mg:s/><mg:s/><mg:s/>{<mg:cr/><mg:lf/></mg:sg></mg:ln>
<mg:ln file="3" number="10" class="U"><mg:sg class="U"><mg:s/><mg:s/><mg:s/><mg:s/>{<mg:cr/><mg:lf/></mg:sg></mg:ln>
</mg:row>
<mg:row>
<mg:ln file="1" number="11" class="U"><mg:sg class="U"><mg:s/><mg:s/><mg:s/><mg:s/><mg:s/><mg:s/><mg:s/><mg:s/>Gp</mg:sg><mg:sg class="U">uComputeSh</mg:sg><mg:sg class="U">aderType_F</mg:sg><mg:sg class="U">FT_Pass0,<mg:cr/></mg:sg><mg:sg class="U"><mg:lf/></mg:sg></mg:ln>
<mg:ln file="2" number="11" class="UU"><mg:sg class="UU"><mg:s/><mg:s/><mg:s/><mg:s/><mg:s/><mg:s/><mg:s/><mg:s/>Gp</mg:sg><mg:sg class="UU">uComputeSh</mg:sg><mg:sg class="UU">aderType_F</mg:sg><mg:sg class="UU">FT_Pass0,<mg:cr/></mg:sg><mg:sg class="UU"><mg:lf/></mg:sg></mg:ln>
<mg:ln file="3" number="11" class="U"><mg:sg class="U"><mg:s/><mg:s/><mg:s/><mg:s/><mg:s/><mg:s/><mg:s/><mg:s/>Gp</mg:sg><mg:sg class="U">uComputeSh</mg:sg><mg:sg class="U">aderType_F</mg:sg><mg:sg class="U">FT_Pass0,<mg:cr/></mg:sg><mg:sg class="U"><mg:lf/></mg:sg></mg:ln>
</mg:row>
<mg:row>
<mg:ln file="1" number="12" class="U"><mg:sg class="U"><mg:s/><mg:s/><mg:s/><mg:s/><mg:s/><mg:s/><mg:s/><mg:s/>Gp</mg:sg><mg:sg class="U">uComputeSh</mg:sg><mg:sg class="U">aderType_F</mg:sg><mg:sg class="U">FT_Pass1,<mg:cr/></mg:sg><mg:sg class="U"><mg:lf/></mg:sg></mg:ln>
<mg:ln file="2" number="12" class="UU"><mg:sg class="UU"><mg:s/><mg:s/><mg:s/><mg:s/><mg:s/><mg:s/><mg:s/><mg:s/>Gp</mg:sg><mg:sg class="UU">uComputeSh</mg:sg><mg:sg class="UU">aderType_F</mg:sg><mg:sg class="UU">FT_Pass1,<mg:cr/></mg:sg><mg:sg class="UU"><mg:lf/></mg:sg></mg:ln>
<mg:ln file="3" number="12" class="U"><mg:sg class="U"><mg:s/><mg:s/><mg:s/><mg:s/><mg:s/><mg:s/><mg:s/><mg:s/>Gp</mg:sg><mg:sg class="U">uComputeSh</mg:sg><mg:sg class="U">aderType_F</mg:sg><mg:sg class="U">FT_Pass1,<mg:cr/></mg:sg><mg:sg class="U"><mg:lf/></mg:sg></mg:ln>
</mg:row>
<mg:row>
<mg:ln file="1" number="13" class="U"><mg:sg class="U"><mg:s/><mg:s/><mg:s/><mg:s/><mg:s/><mg:s/><mg:s/><mg:s/>Gp</mg:sg><mg:sg class="U">uComputeSh</mg:sg><mg:sg class="U">aderType_I</mg:sg><mg:sg class="U">FFT_Pass0,</mg:sg><mg:sg class="U"><mg:cr/><mg:lf/></mg:sg></mg:ln>
<mg:ln file="2" number="13" class="UU"><mg:sg class="UU"><mg:s/><mg:s/><mg:s/><mg:s/><mg:s/><mg:s/><mg:s/><mg:s/>Gp</mg:sg><mg:sg class="UU">uComputeSh</mg:sg><mg:sg class="UU">aderType_I</mg:sg><mg:sg class="UU">FFT_Pass0,</mg:sg><mg:sg class="UU"><mg:cr/><mg:lf/></mg:sg></mg:ln>
<mg:ln file="3" number="13" class="U"><mg:sg class="U"><mg:s/><mg:s/><mg:s/><mg:s/><mg:s/><mg:s/><mg:s/><mg:s/>Gp</mg:sg><mg:sg class="U">uComputeSh</mg:sg><mg:sg class="U">aderType_I</mg:sg><mg:sg class="U">FFT_Pass0,</mg:sg><mg:sg class="U"><mg:cr/><mg:lf/></mg:sg></mg:ln>
</mg:row>
<mg:row>
<mg:ln file="1" number="14" class="U"><mg:sg class="U"><mg:s/><mg:s/><mg:s/><mg:s/><mg:s/><mg:s/><mg:s/><mg:s/>Gp</mg:sg><mg:sg class="U">uComputeSh</mg:sg><mg:sg class="U">aderType_I</mg:sg><mg:sg class="U">FFT_Pass1,</mg:sg><mg:sg class="U"><mg:cr/><mg:lf/></mg:sg></mg:ln>
<mg:ln file="2" number="14" class="UU"><mg:sg class="UU"><mg:s/><mg:s/><mg:s/><mg:s/><mg:s/><mg:s/><mg:s/><mg:s/>Gp</mg:sg><mg:sg class="UU">uComputeSh</mg:sg><mg:sg class="UU">aderType_I</mg:sg><mg:sg class="UU">FFT_Pass1,</mg:sg><mg:sg class="UU"><mg:cr/><mg:lf/></mg:sg></mg:ln>
<mg:ln file="3" number="14" class="U"><mg:sg class="U"><mg:s/><mg:s/><mg:s/><mg:s/><mg:s/><mg:s/><mg:s/><mg:s/>Gp</mg:sg><mg:sg class="U">uComputeSh</mg:sg><mg:sg class="U">aderType_I</mg:sg><mg:sg class="U">FFT_Pass1,</mg:sg><mg:sg class="U"><mg:cr/><mg:lf/></mg:sg></mg:ln>
</mg:row>
<mg:row>
<mg:ln file="1" number="15" class="U"><mg:sg class="U"><mg:s/><mg:s/><mg:s/><mg:s/><mg:s/><mg:s/><mg:s/><mg:s/>Gp</mg:sg><mg:sg class="U">uComputeSh</mg:sg><mg:sg class="U">aderType_C</mg:sg><mg:sg class="U">onvoloutio</mg:sg><mg:sg class="U">n,<mg:cr/><mg:lf/></mg:sg></mg:ln>
<mg:ln file="2" number="15" class="UU"><mg:sg class="UU"><mg:s/><mg:s/><mg:s/><mg:s/><mg:s/><mg:s/><mg:s/><mg:s/>Gp</mg:sg><mg:sg class="UU">uComputeSh</mg:sg><mg:sg class="UU">aderType_C</mg:sg><mg:sg class="UU">onvoloutio</mg:sg><mg:sg class="UU">n,<mg:cr/><mg:lf/></mg:sg></mg:ln>
<mg:ln file="3" number="15" class="U"><mg:sg class="U"><mg:s/><mg:s/><mg:s/><mg:s/><mg:s/><mg:s/><mg:s/><mg:s/>Gp</mg:sg><mg:sg class="U">uComputeSh</mg:sg><mg:sg class="U">aderType_C</mg:sg><mg:sg class="U">onvoloutio</mg:sg><mg:sg class="U">n,<mg:cr/><mg:lf/></mg:sg></mg:ln>
</mg:row>
<mg:row>
<mg:ln file="1" number="16" class="U"><mg:sg class="U"><mg:s/><mg:s/><mg:s/><mg:s/><mg:s/><mg:s/><mg:s/><mg:s/>Gp</mg:sg><mg:sg class="U">uComputeSh</mg:sg><mg:sg class="U">aderType_C</mg:sg><mg:sg class="U">ount,<mg:cr/><mg:lf/></mg:sg></mg:ln>
<mg:ln file="2" number="16" class="UU"><mg:sg class="UU"><mg:s/><mg:s/><mg:s/><mg:s/><mg:s/><mg:s/><mg:s/><mg:s/>Gp</mg:sg><mg:sg class="UU">uComputeSh</mg:sg><mg:sg class="UU">aderType_C</mg:sg><mg:sg class="UU">ount,<mg:cr/><mg:lf/></mg:sg></mg:ln>
<mg:ln file="3" number="16" class="U"><mg:sg class="U"><mg:s/><mg:s/><mg:s/><mg:s/><mg:s/><mg:s/><mg:s/><mg:s/>Gp</mg:sg><mg:sg class="U">uComputeSh</mg:sg><mg:sg class="U">aderType_C</mg:sg><mg:sg class="U">ount,<mg:cr/><mg:lf/></mg:sg></mg:ln>
</mg:row>
<mg:row>
<mg:ln file="1" number="17" class="U"><mg:sg class="U"><mg:s/><mg:s/><mg:s/><mg:s/>};<mg:cr/><mg:lf/></mg:sg></mg:ln>
<mg:ln file="2" number="17" class="UU"><mg:sg class="UU"><mg:s/><mg:s/><mg:s/><mg:s/>};<mg:cr/><mg:lf/></mg:sg></mg:ln>
<mg:ln file="3" number="17" class="U"><mg:sg class="U"><mg:s/><mg:s/><mg:s/><mg:s/>};<mg:cr/><mg:lf/></mg:sg></mg:ln>
</mg:row>
<mg:row>
<mg:ln file="1" number="18" class="U"><mg:sg class="U"><mg:cr/><mg:lf/></mg:sg></mg:ln>
<mg:ln file="2" number="18" class="UU"><mg:sg class="UU"><mg:cr/><mg:lf/></mg:sg></mg:ln>
<mg:ln file="3" number="18" class="U"><mg:sg class="U"><mg:cr/><mg:lf/></mg:sg></mg:ln>
</mg:row>
<mg:row>
<mg:ln file="1" number="19" class="U"><mg:sg class="U"><mg:s/><mg:s/><mg:s/><mg:s/>class<mg:s/></mg:sg><mg:sg class="U">GpuCompute</mg:sg><mg:sg class="U">Buffer<mg:cr/><mg:lf/></mg:sg></mg:ln>
<mg:ln file="2" number="19" class="UU"><mg:sg class="UU"><mg:s/><mg:s/><mg:s/><mg:s/>class<mg:s/></mg:sg><mg:sg class="UU">GpuCompute</mg:sg><mg:sg class="UU">Buffer<mg:cr/><mg:lf/></mg:sg></mg:ln>
<mg:ln file="3" number="19" class="U"><mg:sg class="U"><mg:s/><mg:s/><mg:s/><mg:s/>class<mg:s/></mg:sg><mg:sg class="U">GpuCompute</mg:sg><mg:sg class="U">Buffer<mg:cr/><mg:lf/></mg:sg></mg:ln>
</mg:row>
<mg:row>
<mg:ln file="1" number="20" class="U"><mg:sg class="U"><mg:s/><mg:s/><mg:s/><mg:s/>{<mg:cr/><mg:lf/></mg:sg></mg:ln>
<mg:ln file="2" number="20" class="UU"><mg:sg class="UU"><mg:s/><mg:s/><mg:s/><mg:s/>{<mg:cr/><mg:lf/></mg:sg></mg:ln>
<mg:ln file="3" number="20" class="U"><mg:sg class="U"><mg:s/><mg:s/><mg:s/><mg:s/>{<mg:cr/><mg:lf/></mg:sg></mg:ln>
</mg:row>
<mg:row>
<mg:ln file="1" number="21" class="U"><mg:sg class="U"><mg:s/><mg:s/><mg:s/><mg:s/>public</mg:sg><mg:sg class="U">:<mg:cr/><mg:lf/></mg:sg></mg:ln>
<mg:ln file="2" number="21" class="UU"><mg:sg class="UU"><mg:s/><mg:s/><mg:s/><mg:s/>public</mg:sg><mg:sg class="UU">:<mg:cr/><mg:lf/></mg:sg></mg:ln>
<mg:ln file="3" number="21" class="U"><mg:sg class="U"><mg:s/><mg:s/><mg:s/><mg:s/>public</mg:sg><mg:sg class="U">:<mg:cr/><mg:lf/></mg:sg></mg:ln>
</mg:row>
<mg:row>
<mg:ln file="1" number="22" class="U"><mg:sg class="U"><mg:s/><mg:s/><mg:s/><mg:s/><mg:s/><mg:s/><mg:s/><mg:s/>en</mg:sg><mg:sg class="U">um<mg:s/>Usage<mg:cr/><mg:lf/></mg:sg></mg:ln>
<mg:ln file="2" number="22" class="UU"><mg:sg class="UU"><mg:s/><mg:s/><mg:s/><mg:s/><mg:s/><mg:s/><mg:s/><mg:s/>en</mg:sg><mg:sg class="UU">um<mg:s/>Usage<mg:cr/><mg:lf/></mg:sg></mg:ln>
<mg:ln file="3" number="22" class="U"><mg:sg class="U"><mg:s/><mg:s/><mg:s/><mg:s/><mg:s/><mg:s/><mg:s/><mg:s/>en</mg:sg><mg:sg class="U">um<mg:s/>Usage<mg:cr/><mg:lf/></mg:sg></mg:ln>
</mg:row>
<mg:row>
<mg:ln file="1" number="23" class="U"><mg:sg class="U"><mg:s/><mg:s/><mg:s/><mg:s/><mg:s/><mg:s/><mg:s/><mg:s/>{<mg:cr/></mg:sg><mg:sg class="U"><mg:lf/></mg:sg></mg:ln>
<mg:ln file="2" number="23" class="UU"><mg:sg class="UU"><mg:s/><mg:s/><mg:s/><mg:s/><mg:s/><mg:s/><mg:s/><mg:s/>{<mg:cr/></mg:sg><mg:sg class="UU"><mg:lf/></mg:sg></mg:ln>
<mg:ln file="3" number="23" class="U"><mg:sg class="U"><mg:s/><mg:s/><mg:s/><mg:s/><mg:s/><mg:s/><mg:s/><mg:s/>{<mg:cr/></mg:sg><mg:sg class="U"><mg:lf/></mg:sg></mg:ln>
</mg:row>
<mg:row>
<mg:ln file="1" number="24" class="U"><mg:sg class="U"><mg:s/><mg:s/><mg:s/><mg:s/><mg:s/><mg:s/><mg:s/><mg:s/><mg:s/><mg:s/></mg:sg><mg:sg class="U"><mg:s/><mg:s/>Usage_In</mg:sg><mg:sg class="U">,<mg:cr/><mg:lf/></mg:sg></mg:ln>
<mg:ln file="2" number="24" class="UU"><mg:sg class="UU"><mg:s/><mg:s/><mg:s/><mg:s/><mg:s/><mg:s/><mg:s/><mg:s/><mg:s/><mg:s/></mg:sg><mg:sg class="UU"><mg:s/><mg:s/>Usage_In</mg:sg><mg:sg class="UU">,<mg:cr/><mg:lf/></mg:sg></mg:ln>
<mg:ln file="3" number="24" class="U"><mg:sg class="U"><mg:s/><mg:s/><mg:s/><mg:s/><mg:s/><mg:s/><mg:s/><mg:s/><mg:s/><mg:s/></mg:sg><mg:sg class="U"><mg:s/><mg:s/>Usage_In</mg:sg><mg:sg class="U">,<mg:cr/><mg:lf/></mg:sg></mg:ln>
</mg:row>
<mg:row>
<mg:ln file="1" number="25" class="U"><mg:sg class="U"><mg:s/><mg:s/><mg:s/><mg:s/><mg:s/><mg:s/><mg:s/><mg:s/><mg:s/><mg:s/></mg:sg><mg:sg class="U"><mg:s/><mg:s/>Usage_Dy</mg:sg><mg:sg class="U">namicIn,<mg:cr/><mg:lf/></mg:sg></mg:ln>
<mg:ln file="2" number="25" class="UU"><mg:sg class="UU"><mg:s/><mg:s/><mg:s/><mg:s/><mg:s/><mg:s/><mg:s/><mg:s/><mg:s/><mg:s/></mg:sg><mg:sg class="UU"><mg:s/><mg:s/>Usage_Dy</mg:sg><mg:sg class="UU">namicIn,<mg:cr/><mg:lf/></mg:sg></mg:ln>
<mg:ln file="3" number="25" class="U"><mg:sg class="U"><mg:s/><mg:s/><mg:s/><mg:s/><mg:s/><mg:s/><mg:s/><mg:s/><mg:s/><mg:s/></mg:sg><mg:sg class="U"><mg:s/><mg:s/>Usage_Dy</mg:sg><mg:sg class="U">namicIn,<mg:cr/><mg:lf/></mg:sg></mg:ln>
</mg:row>
<mg:row>
<mg:ln file="1" number="26" class="U"><mg:sg class="U"><mg:s/><mg:s/><mg:s/><mg:s/><mg:s/><mg:s/><mg:s/><mg:s/><mg:s/><mg:s/></mg:sg><mg:sg class="U"><mg:s/><mg:s/>Usage_Ou</mg:sg><mg:sg class="U">t,<mg:cr/><mg:lf/></mg:sg></mg:ln>
<mg:ln file="2" number="26" class="UU"><mg:sg class="UU"><mg:s/><mg:s/><mg:s/><mg:s/><mg:s/><mg:s/><mg:s/><mg:s/><mg:s/><mg:s/></mg:sg><mg:sg class="UU"><mg:s/><mg:s/>Usage_Ou</mg:sg><mg:sg class="UU">t,<mg:cr/><mg:lf/></mg:sg></mg:ln>
<mg:ln file="3" number="26" class="U"><mg:sg class="U"><mg:s/><mg:s/><mg:s/><mg:s/><mg:s/><mg:s/><mg:s/><mg:s/><mg:s/><mg:s/></mg:sg><mg:sg class="U"><mg:s/><mg:s/>Usage_Ou</mg:sg><mg:sg class="U">t,<mg:cr/><mg:lf/></mg:sg></mg:ln>
</mg:row>
<mg:row>
<mg:ln file="1" number="27" class="U"><mg:sg class="U"><mg:s/><mg:s/><mg:s/><mg:s/><mg:s/><mg:s/><mg:s/><mg:s/><mg:s/><mg:s/></mg:sg><mg:sg class="U"><mg:s/><mg:s/>Usage_In</mg:sg><mg:sg class="U">Out,<mg:cr/><mg:lf/></mg:sg></mg:ln>
<mg:ln file="2" number="27" class="UU"><mg:sg class="UU"><mg:s/><mg:s/><mg:s/><mg:s/><mg:s/><mg:s/><mg:s/><mg:s/><mg:s/><mg:s/></mg:sg><mg:sg class="UU"><mg:s/><mg:s/>Usage_In</mg:sg><mg:sg class="UU">Out,<mg:cr/><mg:lf/></mg:sg></mg:ln>
<mg:ln file="3" number="27" class="U"><mg:sg class="U"><mg:s/><mg:s/><mg:s/><mg:s/><mg:s/><mg:s/><mg:s/><mg:s/><mg:s/><mg:s/></mg:sg><mg:sg class="U"><mg:s/><mg:s/>Usage_In</mg:sg><mg:sg class="U">Out,<mg:cr/><mg:lf/></mg:sg></mg:ln>
</mg:row>
<mg:row>
<mg:ln file="1" number="28" class="U"><mg:sg class="U"><mg:s/><mg:s/><mg:s/><mg:s/><mg:s/><mg:s/><mg:s/><mg:s/><mg:s/><mg:s/></mg:sg><mg:sg class="U"><mg:s/><mg:s/>Usage_St</mg:sg><mg:sg class="U">aging,<mg:cr/><mg:lf/></mg:sg></mg:ln>
<mg:ln file="2" number="28" class="UU"><mg:sg class="UU"><mg:s/><mg:s/><mg:s/><mg:s/><mg:s/><mg:s/><mg:s/><mg:s/><mg:s/><mg:s/></mg:sg><mg:sg class="UU"><mg:s/><mg:s/>Usage_St</mg:sg><mg:sg class="UU">aging,<mg:cr/><mg:lf/></mg:sg></mg:ln>
<mg:ln file="3" number="28" class="U"><mg:sg class="U"><mg:s/><mg:s/><mg:s/><mg:s/><mg:s/><mg:s/><mg:s/><mg:s/><mg:s/><mg:s/></mg:sg><mg:sg class="U"><mg:s/><mg:s/>Usage_St</mg:sg><mg:sg class="U">aging,<mg:cr/><mg:lf/></mg:sg></mg:ln>
</mg:row>
<mg:row>
<mg:ln file="1" number="29" class="U"><mg:sg class="U"><mg:s/><mg:s/><mg:s/><mg:s/><mg:s/><mg:s/><mg:s/><mg:s/>};</mg:sg><mg:sg class="U"><mg:cr/><mg:lf/></mg:sg></mg:ln>
<mg:ln file="2" number="29" class="UU"><mg:sg class="UU"><mg:s/><mg:s/><mg:s/><mg:s/><mg:s/><mg:s/><mg:s/><mg:s/>};</mg:sg><mg:sg class="UU"><mg:cr/><mg:lf/></mg:sg></mg:ln>
<mg:ln file="3" number="29" class="U"><mg:sg class="U"><mg:s/><mg:s/><mg:s/><mg:s/><mg:s/><mg:s/><mg:s/><mg:s/>};</mg:sg><mg:sg class="U"><mg:cr/><mg:lf/></mg:sg></mg:ln>
</mg:row>
<mg:row>
<mg:ln file="1" number="30" class="U"><mg:sg class="U"><mg:cr/><mg:lf/></mg:sg></mg:ln>
<mg:ln file="2" number="30" class="UU"><mg:sg class="UU"><mg:cr/><mg:lf/></mg:sg></mg:ln>
<mg:ln file="3" number="30" class="U"><mg:sg class="U"><mg:cr/><mg:lf/></mg:sg></mg:ln>
</mg:row>
<mg:row>
<mg:ln file="1" number="31" class="U"><mg:sg class="U"><mg:s/><mg:s/><mg:s/><mg:s/><mg:s/><mg:s/><mg:s/><mg:s/>vi</mg:sg><mg:sg class="U">rtual<mg:s/>FMOD</mg:sg><mg:sg class="U">_RESULT<mg:s/>Ma</mg:sg><mg:sg class="U">pData(void</mg:sg><mg:sg class="U">**<mg:s/>data)<mg:s/>=</mg:sg><mg:sg class="U"><mg:s/>0;<mg:cr/><mg:lf/></mg:sg></mg:ln>
<mg:ln file="2" number="31" class="UU"><mg:sg class="UU"><mg:s/><mg:s/><mg:s/><mg:s/><mg:s/><mg:s/><mg:s/><mg:s/>vi</mg:sg><mg:sg class="UU">rtual<mg:s/>FMOD</mg:sg><mg:sg class="UU">_RESULT<mg:s/>Ma</mg:sg><mg:sg class="UU">pData(void</mg:sg><mg:sg class="UU">**<mg:s/>data)<mg:s/>=</mg:sg><mg:sg class="UU"><mg:s/>0;<mg:cr/><mg:lf/></mg:sg></mg:ln>
<mg:ln file="3" number="31" class="U"><mg:sg class="U"><mg:s/><mg:s/><mg:s/><mg:s/><mg:s/><mg:s/><mg:s/><mg:s/>vi</mg:sg><mg:sg class="U">rtual<mg:s/>FMOD</mg:sg><mg:sg class="U">_RESULT<mg:s/>Ma</mg:sg><mg:sg class="U">pData(void</mg:sg><mg:sg class="U">**<mg:s/>data)<mg:s/>=</mg:sg><mg:sg class="U"><mg:s/>0;<mg:cr/><mg:lf/></mg:sg></mg:ln>
</mg:row>
<mg:row>
<mg:ln file="1" number="32" class="U"><mg:sg class="U"><mg:s/><mg:s/><mg:s/><mg:s/><mg:s/><mg:s/><mg:s/><mg:s/>vi</mg:sg><mg:sg class="U">rtual<mg:s/>FMOD</mg:sg><mg:sg class="U">_RESULT<mg:s/>Un</mg:sg><mg:sg class="U">mapData()<mg:s/></mg:sg><mg:sg class="U">=<mg:s/>0;<mg:cr/><mg:lf/></mg:sg></mg:ln>
<mg:ln file="2" number="32" class="UU"><mg:sg class="UU"><mg:s/><mg:s/><mg:s/><mg:s/><mg:s/><mg:s/><mg:s/><mg:s/>vi</mg:sg><mg:sg class="UU">rtual<mg:s/>FMOD</mg:sg><mg:sg class="UU">_RESULT<mg:s/>Un</mg:sg><mg:sg class="UU">mapData()<mg:s/></mg:sg><mg:sg class="UU">=<mg:s/>0;<mg:cr/><mg:lf/></mg:sg></mg:ln>
<mg:ln file="3" number="32" class="U"><mg:sg class="U"><mg:s/><mg:s/><mg:s/><mg:s/><mg:s/><mg:s/><mg:s/><mg:s/>vi</mg:sg><mg:sg class="U">rtual<mg:s/>FMOD</mg:sg><mg:sg class="U">_RESULT<mg:s/>Un</mg:sg><mg:sg class="U">mapData()<mg:s/></mg:sg><mg:sg class="U">=<mg:s/>0;<mg:cr/><mg:lf/></mg:sg></mg:ln>
</mg:row>
<mg:row>
<mg:ln file="1" number="33" class="U"><mg:sg class="U"><mg:s/><mg:s/><mg:s/><mg:s/><mg:s/><mg:s/><mg:s/><mg:s/>vi</mg:sg><mg:sg class="U">rtual<mg:s/>FMOD</mg:sg><mg:sg class="U">_RESULT<mg:s/>Re</mg:sg><mg:sg class="U">lease()<mg:s/>=<mg:s/></mg:sg><mg:sg class="U">0;<mg:cr/><mg:lf/></mg:sg></mg:ln>
<mg:ln file="2" number="33" class="UU"><mg:sg class="UU"><mg:s/><mg:s/><mg:s/><mg:s/><mg:s/><mg:s/><mg:s/><mg:s/>vi</mg:sg><mg:sg class="UU">rtual<mg:s/>FMOD</mg:sg><mg:sg class="UU">_RESULT<mg:s/>Re</mg:sg><mg:sg class="UU">lease()<mg:s/>=<mg:s/></mg:sg><mg:sg class="UU">0;<mg:cr/><mg:lf/></mg:sg></mg:ln>
<mg:ln file="3" number="33" class="U"><mg:sg class="U"><mg:s/><mg:s/><mg:s/><mg:s/><mg:s/><mg:s/><mg:s/><mg:s/>vi</mg:sg><mg:sg class="U">rtual<mg:s/>FMOD</mg:sg><mg:sg class="U">_RESULT<mg:s/>Re</mg:sg><mg:sg class="U">lease()<mg:s/>=<mg:s/></mg:sg><mg:sg class="U">0;<mg:cr/><mg:lf/></mg:sg></mg:ln>
</mg:row>
<mg:row>
<mg:ln file="1" number="34" class="U"><mg:sg class="U"><mg:s/><mg:s/><mg:s/><mg:s/>};<mg:cr/><mg:lf/></mg:sg></mg:ln>
<mg:ln file="2" number="34" class="UU"><mg:sg class="UU"><mg:s/><mg:s/><mg:s/><mg:s/>};<mg:cr/><mg:lf/></mg:sg></mg:ln>
<mg:ln file="3" number="34" class="U"><mg:sg class="U"><mg:s/><mg:s/><mg:s/><mg:s/>};<mg:cr/><mg:lf/></mg:sg></mg:ln>
</mg:row>
<mg:row>
<mg:ln file="1" number="35" class="U"><mg:sg class="U"><mg:cr/><mg:lf/></mg:sg></mg:ln>
<mg:ln file="2" number="35" class="UU"><mg:sg class="UU"><mg:cr/><mg:lf/></mg:sg></mg:ln>
<mg:ln file="3" number="35" class="U"><mg:sg class="U"><mg:cr/><mg:lf/></mg:sg></mg:ln>
</mg:row>
<mg:row>
<mg:ln file="1" number="36" class="U"><mg:sg class="U"><mg:s/><mg:s/><mg:s/><mg:s/>class<mg:s/></mg:sg><mg:sg class="U">GpuCompute</mg:sg><mg:sg class="U">MemoryBloc</mg:sg><mg:sg class="U">k<mg:cr/><mg:lf/></mg:sg></mg:ln>
<mg:ln file="2" number="36" class="UU"><mg:sg class="UU"><mg:s/><mg:s/><mg:s/><mg:s/>class<mg:s/></mg:sg><mg:sg class="UU">GpuCompute</mg:sg><mg:sg class="UU">MemoryBloc</mg:sg><mg:sg class="UU">k<mg:cr/><mg:lf/></mg:sg></mg:ln>
<mg:ln file="3" number="36" class="U"><mg:sg class="U"><mg:s/><mg:s/><mg:s/><mg:s/>class<mg:s/></mg:sg><mg:sg class="U">GpuCompute</mg:sg><mg:sg class="U">MemoryBloc</mg:sg><mg:sg class="U">k<mg:cr/><mg:lf/></mg:sg></mg:ln>
</mg:row>
<mg:row>
<mg:ln file="1" number="37" class="U"><mg:sg class="U"><mg:s/><mg:s/><mg:s/><mg:s/>{<mg:cr/><mg:lf/></mg:sg></mg:ln>
<mg:ln file="2" number="37" class="UU"><mg:sg class="UU"><mg:s/><mg:s/><mg:s/><mg:s/>{<mg:cr/><mg:lf/></mg:sg></mg:ln>
<mg:ln file="3" number="37" class="U"><mg:sg class="U"><mg:s/><mg:s/><mg:s/><mg:s/>{<mg:cr/><mg:lf/></mg:sg></mg:ln>
</mg:row>
<mg:row>
<mg:ln file="1" number="38" class="U"><mg:sg class="U"><mg:s/><mg:s/><mg:s/><mg:s/>public</mg:sg><mg:sg class="U">:<mg:cr/><mg:lf/></mg:sg></mg:ln>
<mg:ln file="2" number="38" class="UU"><mg:sg class="UU"><mg:s/><mg:s/><mg:s/><mg:s/>public</mg:sg><mg:sg class="UU">:<mg:cr/><mg:lf/></mg:sg></mg:ln>
<mg:ln file="3" number="38" class="U"><mg:sg class="U"><mg:s/><mg:s/><mg:s/><mg:s/>public</mg:sg><mg:sg class="U">:<mg:cr/><mg:lf/></mg:sg></mg:ln>
</mg:row>
<mg:row>
<mg:ln file="1" number="39" class="U"><mg:sg class="U"><mg:s/><mg:s/><mg:s/><mg:s/><mg:s/><mg:s/><mg:s/><mg:s/>vi</mg:sg><mg:sg class="U">rtual<mg:s/>FMOD</mg:sg><mg:sg class="U">_RESULT<mg:s/>Re</mg:sg><mg:sg class="U">lease()<mg:s/>=<mg:s/></mg:sg><mg:sg class="U">0;<mg:cr/><mg:lf/></mg:sg></mg:ln>
<mg:ln file="2" number="39" class="UU"><mg:sg class="UU"><mg:s/><mg:s/><mg:s/><mg:s/><mg:s/><mg:s/><mg:s/><mg:s/>vi</mg:sg><mg:sg class="UU">rtual<mg:s/>FMOD</mg:sg><mg:sg class="UU">_RESULT<mg:s/>Re</mg:sg><mg:sg class="UU">lease()<mg:s/>=<mg:s/></mg:sg><mg:sg class="UU">0;<mg:cr/><mg:lf/></mg:sg></mg:ln>
<mg:ln file="3" number="39" class="U"><mg:sg class="U"><mg:s/><mg:s/><mg:s/><mg:s/><mg:s/><mg:s/><mg:s/><mg:s/>vi</mg:sg><mg:sg class="U">rtual<mg:s/>FMOD</mg:sg><mg:sg class="U">_RESULT<mg:s/>Re</mg:sg><mg:sg class="U">lease()<mg:s/>=<mg:s/></mg:sg><mg:sg class="U">0;<mg:cr/><mg:lf/></mg:sg></mg:ln>
</mg:row>
<mg:row>
<mg:ln file="1" number="40" class="U"><mg:sg class="U"><mg:s/><mg:s/><mg:s/><mg:s/>};<mg:cr/><mg:lf/></mg:sg></mg:ln>
<mg:ln file="2" number="40" class="UU"><mg:sg class="UU"><mg:s/><mg:s/><mg:s/><mg:s/>};<mg:cr/><mg:lf/></mg:sg></mg:ln>
<mg:ln file="3" number="40" class="U"><mg:sg class="U"><mg:s/><mg:s/><mg:s/><mg:s/>};<mg:cr/><mg:lf/></mg:sg></mg:ln>
</mg:row>
<mg:row>
<mg:ln file="1" number="41" class="U"><mg:sg class="U"><mg:cr/><mg:lf/></mg:sg></mg:ln>
<mg:ln file="2" number="41" class="UU"><mg:sg class="UU"><mg:cr/><mg:lf/></mg:sg></mg:ln>
<mg:ln file="3" number="41" class="U"><mg:sg class="U"><mg:cr/><mg:lf/></mg:sg></mg:ln>
</mg:row>
<mg:row>
<mg:ln file="1" number="42" class="U"><mg:sg class="U"><mg:cr/><mg:lf/></mg:sg></mg:ln>
<mg:ln file="2" number="42" class="UU"><mg:sg class="UU"><mg:cr/><mg:lf/></mg:sg></mg:ln>
<mg:ln file="3" number="42" class="U"><mg:sg class="U"><mg:cr/><mg:lf/></mg:sg></mg:ln>
</mg:row>
<mg:row>
<mg:ln file="1" number="43" class="U"><mg:sg class="U"><mg:s/><mg:s/><mg:s/><mg:s/>class<mg:s/></mg:sg><mg:sg class="U">GpuCompute</mg:sg><mg:sg class="U">ConstantBu</mg:sg><mg:sg class="U">ffer<mg:cr/><mg:lf/></mg:sg></mg:ln>
<mg:ln file="2" number="43" class="UU"><mg:sg class="UU"><mg:s/><mg:s/><mg:s/><mg:s/>class<mg:s/></mg:sg><mg:sg class="UU">GpuCompute</mg:sg><mg:sg class="UU">ConstantBu</mg:sg><mg:sg class="UU">ffer<mg:cr/><mg:lf/></mg:sg></mg:ln>
<mg:ln file="3" number="43" class="U"><mg:sg class="U"><mg:s/><mg:s/><mg:s/><mg:s/>class<mg:s/></mg:sg><mg:sg class="U">GpuCompute</mg:sg><mg:sg class="U">ConstantBu</mg:sg><mg:sg class="U">ffer<mg:cr/><mg:lf/></mg:sg></mg:ln>
</mg:row>
<mg:row>
<mg:ln file="1" number="44" class="U"><mg:sg class="U"><mg:s/><mg:s/><mg:s/><mg:s/>{<mg:cr/><mg:lf/></mg:sg></mg:ln>
<mg:ln file="2" number="44" class="UU"><mg:sg class="UU"><mg:s/><mg:s/><mg:s/><mg:s/>{<mg:cr/><mg:lf/></mg:sg></mg:ln>
<mg:ln file="3" number="44" class="U"><mg:sg class="U"><mg:s/><mg:s/><mg:s/><mg:s/>{<mg:cr/><mg:lf/></mg:sg></mg:ln>
</mg:row>
<mg:row>
<mg:ln file="1" number="45" class="U"><mg:sg class="U"><mg:s/><mg:s/><mg:s/><mg:s/>public</mg:sg><mg:sg class="U">:<mg:cr/><mg:lf/></mg:sg></mg:ln>
<mg:ln file="2" number="45" class="UU"><mg:sg class="UU"><mg:s/><mg:s/><mg:s/><mg:s/>public</mg:sg><mg:sg class="UU">:<mg:cr/><mg:lf/></mg:sg></mg:ln>
<mg:ln file="3" number="45" class="U"><mg:sg class="U"><mg:s/><mg:s/><mg:s/><mg:s/>public</mg:sg><mg:sg class="U">:<mg:cr/><mg:lf/></mg:sg></mg:ln>
</mg:row>
<mg:row>
<mg:ln file="1" number="46" class="U"><mg:sg class="U"><mg:s/><mg:s/><mg:s/><mg:s/><mg:s/><mg:s/><mg:s/><mg:s/>vi</mg:sg><mg:sg class="U">rtual<mg:s/>FMOD</mg:sg><mg:sg class="U">_RESULT<mg:s/>Up</mg:sg><mg:sg class="U">date(void*</mg:sg><mg:sg class="U"><mg:s/>current)<mg:s/></mg:sg><mg:sg class="U">=<mg:s/>0;<mg:cr/><mg:lf/></mg:sg></mg:ln>
<mg:ln file="2" number="46" class="UU"><mg:sg class="UU"><mg:s/><mg:s/><mg:s/><mg:s/><mg:s/><mg:s/><mg:s/><mg:s/>vi</mg:sg><mg:sg class="UU">rtual<mg:s/>FMOD</mg:sg><mg:sg class="UU">_RESULT<mg:s/>Up</mg:sg><mg:sg class="UU">date(void*</mg:sg><mg:sg class="UU"><mg:s/>current)<mg:s/></mg:sg><mg:sg class="UU">=<mg:s/>0;<mg:cr/><mg:lf/></mg:sg></mg:ln>
<mg:ln file="3" number="46" class="U"><mg:sg class="U"><mg:s/><mg:s/><mg:s/><mg:s/><mg:s/><mg:s/><mg:s/><mg:s/>vi</mg:sg><mg:sg class="U">rtual<mg:s/>FMOD</mg:sg><mg:sg class="U">_RESULT<mg:s/>Up</mg:sg><mg:sg class="U">date(void*</mg:sg><mg:sg class="U"><mg:s/>current)<mg:s/></mg:sg><mg:sg class="U">=<mg:s/>0;<mg:cr/><mg:lf/></mg:sg></mg:ln>
</mg:row>
<mg:row>
<mg:ln file="1" number="47" class="U"><mg:sg class="U"><mg:s/><mg:s/><mg:s/><mg:s/><mg:s/><mg:s/><mg:s/><mg:s/>vi</mg:sg><mg:sg class="U">rtual<mg:s/>FMOD</mg:sg><mg:sg class="U">_RESULT<mg:s/>Re</mg:sg><mg:sg class="U">lease()<mg:s/>=<mg:s/></mg:sg><mg:sg class="U">0;<mg:cr/><mg:lf/></mg:sg></mg:ln>
<mg:ln file="2" number="47" class="UU"><mg:sg class="UU"><mg:s/><mg:s/><mg:s/><mg:s/><mg:s/><mg:s/><mg:s/><mg:s/>vi</mg:sg><mg:sg class="UU">rtual<mg:s/>FMOD</mg:sg><mg:sg class="UU">_RESULT<mg:s/>Re</mg:sg><mg:sg class="UU">lease()<mg:s/>=<mg:s/></mg:sg><mg:sg class="UU">0;<mg:cr/><mg:lf/></mg:sg></mg:ln>
<mg:ln file="3" number="47" class="U"><mg:sg class="U"><mg:s/><mg:s/><mg:s/><mg:s/><mg:s/><mg:s/><mg:s/><mg:s/>vi</mg:sg><mg:sg class="U">rtual<mg:s/>FMOD</mg:sg><mg:sg class="U">_RESULT<mg:s/>Re</mg:sg><mg:sg class="U">lease()<mg:s/>=<mg:s/></mg:sg><mg:sg class="U">0;<mg:cr/><mg:lf/></mg:sg></mg:ln>
</mg:row>
<mg:row>
<mg:ln file="1" number="48" class="U"><mg:sg class="U"><mg:s/><mg:s/><mg:s/><mg:s/>};<mg:cr/><mg:lf/></mg:sg></mg:ln>
<mg:ln file="2" number="48" class="UU"><mg:sg class="UU"><mg:s/><mg:s/><mg:s/><mg:s/>};<mg:cr/><mg:lf/></mg:sg></mg:ln>
<mg:ln file="3" number="48" class="U"><mg:sg class="U"><mg:s/><mg:s/><mg:s/><mg:s/>};<mg:cr/><mg:lf/></mg:sg></mg:ln>
</mg:row>
<mg:row>
<mg:ln file="1" number="49" class="U"><mg:sg class="U"><mg:cr/><mg:lf/></mg:sg></mg:ln>
<mg:ln file="2" number="49" class="UU"><mg:sg class="UU"><mg:cr/><mg:lf/></mg:sg></mg:ln>
<mg:ln file="3" number="49" class="U"><mg:sg class="U"><mg:cr/><mg:lf/></mg:sg></mg:ln>
</mg:row>
<mg:row>
<mg:ln file="1" number="50" class="U"><mg:sg class="U"><mg:s/><mg:s/><mg:s/><mg:s/>class<mg:s/></mg:sg><mg:sg class="U">GpuCompute</mg:sg><mg:sg class="U">ShaderReso</mg:sg><mg:sg class="U">urces<mg:cr/><mg:lf/></mg:sg></mg:ln>
<mg:ln file="2" number="50" class="UU"><mg:sg class="UU"><mg:s/><mg:s/><mg:s/><mg:s/>class<mg:s/></mg:sg><mg:sg class="UU">GpuCompute</mg:sg><mg:sg class="UU">ShaderReso</mg:sg><mg:sg class="UU">urces<mg:cr/><mg:lf/></mg:sg></mg:ln>
<mg:ln file="3" number="50" class="U"><mg:sg class="U"><mg:s/><mg:s/><mg:s/><mg:s/>class<mg:s/></mg:sg><mg:sg class="U">GpuCompute</mg:sg><mg:sg class="U">ShaderReso</mg:sg><mg:sg class="U">urces<mg:cr/><mg:lf/></mg:sg></mg:ln>
</mg:row>
<mg:row>
<mg:ln file="1" number="51" class="U"><mg:sg class="U"><mg:s/><mg:s/><mg:s/><mg:s/>{<mg:cr/><mg:lf/></mg:sg></mg:ln>
<mg:ln file="2" number="51" class="UU"><mg:sg class="UU"><mg:s/><mg:s/><mg:s/><mg:s/>{<mg:cr/><mg:lf/></mg:sg></mg:ln>
<mg:ln file="3" number="51" class="U"><mg:sg class="U"><mg:s/><mg:s/><mg:s/><mg:s/>{<mg:cr/><mg:lf/></mg:sg></mg:ln>
</mg:row>
<mg:row>
<mg:ln file="1" number="52" class="U"><mg:sg class="U"><mg:s/><mg:s/><mg:s/><mg:s/>public</mg:sg><mg:sg class="U">:<mg:cr/><mg:lf/></mg:sg></mg:ln>
<mg:ln file="2" number="52" class="UU"><mg:sg class="UU"><mg:s/><mg:s/><mg:s/><mg:s/>public</mg:sg><mg:sg class="UU">:<mg:cr/><mg:lf/></mg:sg></mg:ln>
<mg:ln file="3" number="52" class="U"><mg:sg class="U"><mg:s/><mg:s/><mg:s/><mg:s/>public</mg:sg><mg:sg class="U">:<mg:cr/><mg:lf/></mg:sg></mg:ln>
</mg:row>
<mg:row>
<mg:ln file="1" number="53" class="U"><mg:sg class="U"><mg:s/><mg:s/><mg:s/><mg:s/><mg:s/><mg:s/><mg:s/><mg:s/>vi</mg:sg><mg:sg class="U">rtual<mg:s/>FMOD</mg:sg><mg:sg class="U">_RESULT<mg:s/>Re</mg:sg><mg:sg class="U">lease()<mg:s/>=<mg:s/></mg:sg><mg:sg class="U">0;<mg:cr/><mg:lf/></mg:sg></mg:ln>
<mg:ln file="2" number="53" class="UU"><mg:sg class="UU"><mg:s/><mg:s/><mg:s/><mg:s/><mg:s/><mg:s/><mg:s/><mg:s/>vi</mg:sg><mg:sg class="UU">rtual<mg:s/>FMOD</mg:sg><mg:sg class="UU">_RESULT<mg:s/>Re</mg:sg><mg:sg class="UU">lease()<mg:s/>=<mg:s/></mg:sg><mg:sg class="UU">0;<mg:cr/><mg:lf/></mg:sg></mg:ln>
<mg:ln file="3" number="53" class="U"><mg:sg class="U"><mg:s/><mg:s/><mg:s/><mg:s/><mg:s/><mg:s/><mg:s/><mg:s/>vi</mg:sg><mg:sg class="U">rtual<mg:s/>FMOD</mg:sg><mg:sg class="U">_RESULT<mg:s/>Re</mg:sg><mg:sg class="U">lease()<mg:s/>=<mg:s/></mg:sg><mg:sg class="U">0;<mg:cr/><mg:lf/></mg:sg></mg:ln>
</mg:row>
<mg:row>
<mg:ln file="1" number="54" class="U"><mg:sg class="U"><mg:s/><mg:s/><mg:s/><mg:s/><mg:s/><mg:s/><mg:s/><mg:s/>vi</mg:sg><mg:sg class="U">rtual<mg:s/>FMOD</mg:sg><mg:sg class="U">_RESULT<mg:s/>Se</mg:sg><mg:sg class="U">tConstantI</mg:sg><mg:sg class="U">nt(int<mg:s/>ind</mg:sg><mg:sg class="U">ex,<mg:s/>int<mg:s/>va</mg:sg><mg:sg class="U">lue)<mg:s/>=<mg:s/>0;<mg:cr/></mg:sg><mg:sg class="U"><mg:lf/></mg:sg></mg:ln>
<mg:ln file="2" number="54" class="UU"><mg:sg class="UU"><mg:s/><mg:s/><mg:s/><mg:s/><mg:s/><mg:s/><mg:s/><mg:s/>vi</mg:sg><mg:sg class="UU">rtual<mg:s/>FMOD</mg:sg><mg:sg class="UU">_RESULT<mg:s/>Se</mg:sg><mg:sg class="UU">tConstantI</mg:sg><mg:sg class="UU">nt(int<mg:s/>ind</mg:sg><mg:sg class="UU">ex,<mg:s/>int<mg:s/>va</mg:sg><mg:sg class="UU">lue)<mg:s/>=<mg:s/>0;<mg:cr/></mg:sg><mg:sg class="UU"><mg:lf/></mg:sg></mg:ln>
<mg:ln file="3" number="54" class="U"><mg:sg class="U"><mg:s/><mg:s/><mg:s/><mg:s/><mg:s/><mg:s/><mg:s/><mg:s/>vi</mg:sg><mg:sg class="U">rtual<mg:s/>FMOD</mg:sg><mg:sg class="U">_RESULT<mg:s/>Se</mg:sg><mg:sg class="U">tConstantI</mg:sg><mg:sg class="U">nt(int<mg:s/>ind</mg:sg><mg:sg class="U">ex,<mg:s/>int<mg:s/>va</mg:sg><mg:sg class="U">lue)<mg:s/>=<mg:s/>0;<mg:cr/></mg:sg><mg:sg class="U"><mg:lf/></mg:sg></mg:ln>
</mg:row>
<mg:row>
<mg:ln file="1" number="55" class="U"><mg:sg class="U"><mg:s/><mg:s/><mg:s/><mg:s/><mg:s/><mg:s/><mg:s/><mg:s/>vi</mg:sg><mg:sg class="U">rtual<mg:s/>FMOD</mg:sg><mg:sg class="U">_RESULT<mg:s/>Se</mg:sg><mg:sg class="U">tConstantF</mg:sg><mg:sg class="U">loat(int<mg:s/>i</mg:sg><mg:sg class="U">ndex,<mg:s/>floa</mg:sg><mg:sg class="U">t<mg:s/>value)<mg:s/>=</mg:sg><mg:sg class="U"><mg:s/>0;<mg:cr/><mg:lf/></mg:sg></mg:ln>
<mg:ln file="2" number="55" class="UU"><mg:sg class="UU"><mg:s/><mg:s/><mg:s/><mg:s/><mg:s/><mg:s/><mg:s/><mg:s/>vi</mg:sg><mg:sg class="UU">rtual<mg:s/>FMOD</mg:sg><mg:sg class="UU">_RESULT<mg:s/>Se</mg:sg><mg:sg class="UU">tConstantF</mg:sg><mg:sg class="UU">loat(int<mg:s/>i</mg:sg><mg:sg class="UU">ndex,<mg:s/>floa</mg:sg><mg:sg class="UU">t<mg:s/>value)<mg:s/>=</mg:sg><mg:sg class="UU"><mg:s/>0;<mg:cr/><mg:lf/></mg:sg></mg:ln>
<mg:ln file="3" number="55" class="U"><mg:sg class="U"><mg:s/><mg:s/><mg:s/><mg:s/><mg:s/><mg:s/><mg:s/><mg:s/>vi</mg:sg><mg:sg class="U">rtual<mg:s/>FMOD</mg:sg><mg:sg class="U">_RESULT<mg:s/>Se</mg:sg><mg:sg class="U">tConstantF</mg:sg><mg:sg class="U">loat(int<mg:s/>i</mg:sg><mg:sg class="U">ndex,<mg:s/>floa</mg:sg><mg:sg class="U">t<mg:s/>value)<mg:s/>=</mg:sg><mg:sg class="U"><mg:s/>0;<mg:cr/><mg:lf/></mg:sg></mg:ln>
</mg:row>
<mg:row>
<mg:ln file="1" number="56" class="U"><mg:sg class="U"><mg:s/><mg:s/><mg:s/><mg:s/><mg:s/><mg:s/><mg:s/><mg:s/>vi</mg:sg><mg:sg class="U">rtual<mg:s/>FMOD</mg:sg><mg:sg class="U">_RESULT<mg:s/>Se</mg:sg><mg:sg class="U">tConstanBu</mg:sg><mg:sg class="U">ffer(int<mg:s/>i</mg:sg><mg:sg class="U">ndex,<mg:s/>GpuC</mg:sg><mg:sg class="U">omputeCons</mg:sg><mg:sg class="U">tantBuffer</mg:sg><mg:sg class="U">*<mg:s/>buffer)<mg:s/></mg:sg><mg:sg class="U">=<mg:s/>0;<mg:cr/><mg:lf/></mg:sg></mg:ln>
<mg:ln file="2" number="56" class="UU"><mg:sg class="UU"><mg:s/><mg:s/><mg:s/><mg:s/><mg:s/><mg:s/><mg:s/><mg:s/>vi</mg:sg><mg:sg class="UU">rtual<mg:s/>FMOD</mg:sg><mg:sg class="UU">_RESULT<mg:s/>Se</mg:sg><mg:sg class="UU">tConstanBu</mg:sg><mg:sg class="UU">ffer(int<mg:s/>i</mg:sg><mg:sg class="UU">ndex,<mg:s/>GpuC</mg:sg><mg:sg class="UU">omputeCons</mg:sg><mg:sg class="UU">tantBuffer</mg:sg><mg:sg class="UU">*<mg:s/>buffer)<mg:s/></mg:sg><mg:sg class="UU">=<mg:s/>0;<mg:cr/><mg:lf/></mg:sg></mg:ln>
<mg:ln file="3" number="56" class="U"><mg:sg class="U"><mg:s/><mg:s/><mg:s/><mg:s/><mg:s/><mg:s/><mg:s/><mg:s/>vi</mg:sg><mg:sg class="U">rtual<mg:s/>FMOD</mg:sg><mg:sg class="U">_RESULT<mg:s/>Se</mg:sg><mg:sg class="U">tConstanBu</mg:sg><mg:sg class="U">ffer(int<mg:s/>i</mg:sg><mg:sg class="U">ndex,<mg:s/>GpuC</mg:sg><mg:sg class="U">omputeCons</mg:sg><mg:sg class="U">tantBuffer</mg:sg><mg:sg class="U">*<mg:s/>buffer)<mg:s/></mg:sg><mg:sg class="U">=<mg:s/>0;<mg:cr/><mg:lf/></mg:sg></mg:ln>
</mg:row>
<mg:row>
<mg:ln file="1" number="57" class="U"><mg:sg class="U"><mg:s/><mg:s/><mg:s/><mg:s/><mg:s/><mg:s/><mg:s/><mg:s/>vi</mg:sg><mg:sg class="U">rtual<mg:s/>FMOD</mg:sg><mg:sg class="U">_RESULT<mg:s/>Se</mg:sg><mg:sg class="U">tInputBuff</mg:sg><mg:sg class="U">er(int<mg:s/>ind</mg:sg><mg:sg class="U">ex,<mg:s/>GpuCom</mg:sg><mg:sg class="U">puteBuffer</mg:sg><mg:sg class="U">*<mg:s/>buffer,<mg:s/></mg:sg><mg:sg class="U">int<mg:s/>offset</mg:sg><mg:sg class="U">,<mg:s/>int<mg:s/>coun</mg:sg><mg:sg class="U">t)<mg:s/>=<mg:s/>0;<mg:cr/><mg:lf/></mg:sg></mg:ln>
<mg:ln file="2" number="57" class="UU"><mg:sg class="UU"><mg:s/><mg:s/><mg:s/><mg:s/><mg:s/><mg:s/><mg:s/><mg:s/>vi</mg:sg><mg:sg class="UU">rtual<mg:s/>FMOD</mg:sg><mg:sg class="UU">_RESULT<mg:s/>Se</mg:sg><mg:sg class="UU">tInputBuff</mg:sg><mg:sg class="UU">er(int<mg:s/>ind</mg:sg><mg:sg class="UU">ex,<mg:s/>GpuCom</mg:sg><mg:sg class="UU">puteBuffer</mg:sg><mg:sg class="UU">*<mg:s/>buffer,<mg:s/></mg:sg><mg:sg class="UU">int<mg:s/>offset</mg:sg><mg:sg class="UU">,<mg:s/>int<mg:s/>coun</mg:sg><mg:sg class="UU">t)<mg:s/>=<mg:s/>0;<mg:cr/><mg:lf/></mg:sg></mg:ln>
<mg:ln file="3" number="57" class="U"><mg:sg class="U"><mg:s/><mg:s/><mg:s/><mg:s/><mg:s/><mg:s/><mg:s/><mg:s/>vi</mg:sg><mg:sg class="U">rtual<mg:s/>FMOD</mg:sg><mg:sg class="U">_RESULT<mg:s/>Se</mg:sg><mg:sg class="U">tInputBuff</mg:sg><mg:sg class="U">er(int<mg:s/>ind</mg:sg><mg:sg class="U">ex,<mg:s/>GpuCom</mg:sg><mg:sg class="U">puteBuffer</mg:sg><mg:sg class="U">*<mg:s/>buffer,<mg:s/></mg:sg><mg:sg class="U">int<mg:s/>offset</mg:sg><mg:sg class="U">,<mg:s/>int<mg:s/>coun</mg:sg><mg:sg class="U">t)<mg:s/>=<mg:s/>0;<mg:cr/><mg:lf/></mg:sg></mg:ln>
</mg:row>
<mg:row>
<mg:ln file="1" number="58" class="U"><mg:sg class="U"><mg:s/><mg:s/><mg:s/><mg:s/><mg:s/><mg:s/><mg:s/><mg:s/>vi</mg:sg><mg:sg class="U">rtual<mg:s/>FMOD</mg:sg><mg:sg class="U">_RESULT<mg:s/>Se</mg:sg><mg:sg class="U">tOutputBuf</mg:sg><mg:sg class="U">fer(int<mg:s/>in</mg:sg><mg:sg class="U">dex,<mg:s/>GpuCo</mg:sg><mg:sg class="U">mputeBuffe</mg:sg><mg:sg class="U">r*<mg:s/>buffer,</mg:sg><mg:sg class="U"><mg:s/>int<mg:s/>offse</mg:sg><mg:sg class="U">t,<mg:s/>int<mg:s/>cou</mg:sg><mg:sg class="U">nt)<mg:s/>=<mg:s/>0;<mg:cr/><mg:lf/></mg:sg></mg:ln>
<mg:ln file="2" number="58" class="UU"><mg:sg class="UU"><mg:s/><mg:s/><mg:s/><mg:s/><mg:s/><mg:s/><mg:s/><mg:s/>vi</mg:sg><mg:sg class="UU">rtual<mg:s/>FMOD</mg:sg><mg:sg class="UU">_RESULT<mg:s/>Se</mg:sg><mg:sg class="UU">tOutputBuf</mg:sg><mg:sg class="UU">fer(int<mg:s/>in</mg:sg><mg:sg class="UU">dex,<mg:s/>GpuCo</mg:sg><mg:sg class="UU">mputeBuffe</mg:sg><mg:sg class="UU">r*<mg:s/>buffer,</mg:sg><mg:sg class="UU"><mg:s/>int<mg:s/>offse</mg:sg><mg:sg class="UU">t,<mg:s/>int<mg:s/>cou</mg:sg><mg:sg class="UU">nt)<mg:s/>=<mg:s/>0;<mg:cr/><mg:lf/></mg:sg></mg:ln>
<mg:ln file="3" number="58" class="U"><mg:sg class="U"><mg:s/><mg:s/><mg:s/><mg:s/><mg:s/><mg:s/><mg:s/><mg:s/>vi</mg:sg><mg:sg class="U">rtual<mg:s/>FMOD</mg:sg><mg:sg class="U">_RESULT<mg:s/>Se</mg:sg><mg:sg class="U">tOutputBuf</mg:sg><mg:sg class="U">fer(int<mg:s/>in</mg:sg><mg:sg class="U">dex,<mg:s/>GpuCo</mg:sg><mg:sg class="U">mputeBuffe</mg:sg><mg:sg class="U">r*<mg:s/>buffer,</mg:sg><mg:sg class="U"><mg:s/>int<mg:s/>offse</mg:sg><mg:sg class="U">t,<mg:s/>int<mg:s/>cou</mg:sg><mg:sg class="U">nt)<mg:s/>=<mg:s/>0;<mg:cr/><mg:lf/></mg:sg></mg:ln>
</mg:row>
<mg:row>
<mg:ln file="1" number="59" class="U"><mg:sg class="U"><mg:s/><mg:s/><mg:s/><mg:s/>};<mg:cr/><mg:lf/></mg:sg></mg:ln>
<mg:ln file="2" number="59" class="UU"><mg:sg class="UU"><mg:s/><mg:s/><mg:s/><mg:s/>};<mg:cr/><mg:lf/></mg:sg></mg:ln>
<mg:ln file="3" number="59" class="U"><mg:sg class="U"><mg:s/><mg:s/><mg:s/><mg:s/>};<mg:cr/><mg:lf/></mg:sg></mg:ln>
</mg:row>
<mg:row>
<mg:ln file="1" number="60" class="U"><mg:sg class="U"><mg:cr/><mg:lf/></mg:sg></mg:ln>
<mg:ln file="2" number="60" class="UU"><mg:sg class="UU"><mg:cr/><mg:lf/></mg:sg></mg:ln>
<mg:ln file="3" number="60" class="U"><mg:sg class="U"><mg:cr/><mg:lf/></mg:sg></mg:ln>
</mg:row>
<mg:row>
<mg:ln file="1" number="61" class="U"><mg:sg class="U"><mg:s/><mg:s/><mg:s/><mg:s/>class<mg:s/></mg:sg><mg:sg class="U">GpuCompute</mg:sg><mg:sg class="U">Shader<mg:cr/><mg:lf/></mg:sg></mg:ln>
<mg:ln file="2" number="61" class="UU"><mg:sg class="UU"><mg:s/><mg:s/><mg:s/><mg:s/>class<mg:s/></mg:sg><mg:sg class="UU">GpuCompute</mg:sg><mg:sg class="UU">Shader<mg:cr/><mg:lf/></mg:sg></mg:ln>
<mg:ln file="3" number="61" class="U"><mg:sg class="U"><mg:s/><mg:s/><mg:s/><mg:s/>class<mg:s/></mg:sg><mg:sg class="U">GpuCompute</mg:sg><mg:sg class="U">Shader<mg:cr/><mg:lf/></mg:sg></mg:ln>
</mg:row>
<mg:row>
<mg:ln file="1" number="62" class="U"><mg:sg class="U"><mg:s/><mg:s/><mg:s/><mg:s/>{<mg:cr/><mg:lf/></mg:sg></mg:ln>
<mg:ln file="2" number="62" class="UU"><mg:sg class="UU"><mg:s/><mg:s/><mg:s/><mg:s/>{<mg:cr/><mg:lf/></mg:sg></mg:ln>
<mg:ln file="3" number="62" class="U"><mg:sg class="U"><mg:s/><mg:s/><mg:s/><mg:s/>{<mg:cr/><mg:lf/></mg:sg></mg:ln>
</mg:row>
<mg:row>
<mg:ln file="1" number="63" class="U"><mg:sg class="U"><mg:s/><mg:s/><mg:s/><mg:s/>public</mg:sg><mg:sg class="U">:<mg:cr/><mg:lf/></mg:sg></mg:ln>
<mg:ln file="2" number="63" class="UU"><mg:sg class="UU"><mg:s/><mg:s/><mg:s/><mg:s/>public</mg:sg><mg:sg class="UU">:<mg:cr/><mg:lf/></mg:sg></mg:ln>
<mg:ln file="3" number="63" class="U"><mg:sg class="U"><mg:s/><mg:s/><mg:s/><mg:s/>public</mg:sg><mg:sg class="U">:<mg:cr/><mg:lf/></mg:sg></mg:ln>
</mg:row>
<mg:row>
<mg:ln file="1" number="64" class="U"><mg:sg class="U"><mg:s/><mg:s/><mg:s/><mg:s/><mg:s/><mg:s/><mg:s/><mg:s/>vi</mg:sg><mg:sg class="U">rtual<mg:s/>FMOD</mg:sg><mg:sg class="U">_RESULT<mg:s/>Re</mg:sg><mg:sg class="U">lease()<mg:s/>=<mg:s/></mg:sg><mg:sg class="U">0;<mg:cr/><mg:lf/></mg:sg></mg:ln>
<mg:ln file="2" number="64" class="UU"><mg:sg class="UU"><mg:s/><mg:s/><mg:s/><mg:s/><mg:s/><mg:s/><mg:s/><mg:s/>vi</mg:sg><mg:sg class="UU">rtual<mg:s/>FMOD</mg:sg><mg:sg class="UU">_RESULT<mg:s/>Re</mg:sg><mg:sg class="UU">lease()<mg:s/>=<mg:s/></mg:sg><mg:sg class="UU">0;<mg:cr/><mg:lf/></mg:sg></mg:ln>
<mg:ln file="3" number="64" class="U"><mg:sg class="U"><mg:s/><mg:s/><mg:s/><mg:s/><mg:s/><mg:s/><mg:s/><mg:s/>vi</mg:sg><mg:sg class="U">rtual<mg:s/>FMOD</mg:sg><mg:sg class="U">_RESULT<mg:s/>Re</mg:sg><mg:sg class="U">lease()<mg:s/>=<mg:s/></mg:sg><mg:sg class="U">0;<mg:cr/><mg:lf/></mg:sg></mg:ln>
</mg:row>
<mg:row>
<mg:ln file="1" number="65" class="U"><mg:sg class="U"><mg:s/><mg:s/><mg:s/><mg:s/><mg:s/><mg:s/><mg:s/><mg:s/>vi</mg:sg><mg:sg class="U">rtual<mg:s/>FMOD</mg:sg><mg:sg class="U">_RESULT<mg:s/>Se</mg:sg><mg:sg class="U">tResources</mg:sg><mg:sg class="U">(GpuComput</mg:sg><mg:sg class="U">eShaderRes</mg:sg><mg:sg class="U">ources*<mg:s/>re</mg:sg><mg:sg class="U">sources)<mg:s/>=</mg:sg><mg:sg class="U"><mg:s/>0;<mg:cr/><mg:lf/></mg:sg></mg:ln>
<mg:ln file="2" number="65" class="UU"><mg:sg class="UU"><mg:s/><mg:s/><mg:s/><mg:s/><mg:s/><mg:s/><mg:s/><mg:s/>vi</mg:sg><mg:sg class="UU">rtual<mg:s/>FMOD</mg:sg><mg:sg class="UU">_RESULT<mg:s/>Se</mg:sg><mg:sg class="UU">tResources</mg:sg><mg:sg class="UU">(GpuComput</mg:sg><mg:sg class="UU">eShaderRes</mg:sg><mg:sg class="UU">ources*<mg:s/>re</mg:sg><mg:sg class="UU">sources)<mg:s/>=</mg:sg><mg:sg class="UU"><mg:s/>0;<mg:cr/><mg:lf/></mg:sg></mg:ln>
<mg:ln file="3" number="65" class="U"><mg:sg class="U"><mg:s/><mg:s/><mg:s/><mg:s/><mg:s/><mg:s/><mg:s/><mg:s/>vi</mg:sg><mg:sg class="U">rtual<mg:s/>FMOD</mg:sg><mg:sg class="U">_RESULT<mg:s/>Se</mg:sg><mg:sg class="U">tResources</mg:sg><mg:sg class="U">(GpuComput</mg:sg><mg:sg class="U">eShaderRes</mg:sg><mg:sg class="U">ources*<mg:s/>re</mg:sg><mg:sg class="U">sources)<mg:s/>=</mg:sg><mg:sg class="U"><mg:s/>0;<mg:cr/><mg:lf/></mg:sg></mg:ln>
</mg:row>
<mg:row>
<mg:ln file="1" number="66" class="U"><mg:sg class="U"><mg:s/><mg:s/><mg:s/><mg:s/>};<mg:cr/><mg:lf/></mg:sg></mg:ln>
<mg:ln file="2" number="66" class="UU"><mg:sg class="UU"><mg:s/><mg:s/><mg:s/><mg:s/>};<mg:cr/><mg:lf/></mg:sg></mg:ln>
<mg:ln file="3" number="66" class="U"><mg:sg class="U"><mg:s/><mg:s/><mg:s/><mg:s/>};<mg:cr/><mg:lf/></mg:sg></mg:ln>
</mg:row>
<mg:row>
<mg:ln file="1" number="67" class="U"><mg:sg class="U"><mg:cr/><mg:lf/></mg:sg></mg:ln>
<mg:ln file="2" number="67" class="UU"><mg:sg class="UU"><mg:cr/><mg:lf/></mg:sg></mg:ln>
<mg:ln file="3" number="67" class="U"><mg:sg class="U"><mg:cr/><mg:lf/></mg:sg></mg:ln>
</mg:row>
<mg:row>
<mg:ln file="1" number="68" class="U"><mg:sg class="U"><mg:s/><mg:s/><mg:s/><mg:s/>class<mg:s/></mg:sg><mg:sg class="U">GpuCompute</mg:sg><mg:sg class="U"><mg:cr/><mg:lf/></mg:sg></mg:ln>
<mg:ln file="2" number="68" class="UU"><mg:sg class="UU"><mg:s/><mg:s/><mg:s/><mg:s/>class<mg:s/></mg:sg><mg:sg class="UU">GpuCompute</mg:sg><mg:sg class="UU"><mg:cr/><mg:lf/></mg:sg></mg:ln>
<mg:ln file="3" number="68" class="U"><mg:sg class="U"><mg:s/><mg:s/><mg:s/><mg:s/>class<mg:s/></mg:sg><mg:sg class="U">GpuCompute</mg:sg><mg:sg class="U"><mg:cr/><mg:lf/></mg:sg></mg:ln>
</mg:row>
<mg:row>
<mg:ln file="1" number="69" class="U"><mg:sg class="U"><mg:s/><mg:s/><mg:s/><mg:s/>{<mg:cr/><mg:lf/></mg:sg></mg:ln>
<mg:ln file="2" number="69" class="UU"><mg:sg class="UU"><mg:s/><mg:s/><mg:s/><mg:s/>{<mg:cr/><mg:lf/></mg:sg></mg:ln>
<mg:ln file="3" number="69" class="U"><mg:sg class="U"><mg:s/><mg:s/><mg:s/><mg:s/>{<mg:cr/><mg:lf/></mg:sg></mg:ln>
</mg:row>
<mg:row>
<mg:ln file="1" number="70" class="U"><mg:sg class="U"><mg:s/><mg:s/><mg:s/><mg:s/>protec</mg:sg><mg:sg class="U">ted:<mg:cr/><mg:lf/></mg:sg></mg:ln>
<mg:ln file="2" number="70" class="UU"><mg:sg class="UU"><mg:s/><mg:s/><mg:s/><mg:s/>protec</mg:sg><mg:sg class="UU">ted:<mg:cr/><mg:lf/></mg:sg></mg:ln>
<mg:ln file="3" number="70" class="U"><mg:sg class="U"><mg:s/><mg:s/><mg:s/><mg:s/>protec</mg:sg><mg:sg class="U">ted:<mg:cr/><mg:lf/></mg:sg></mg:ln>
</mg:row>
<mg:row>
<mg:ln file="1" number="71" class="U"><mg:sg class="U"><mg:s/><mg:s/><mg:s/><mg:s/><mg:s/><mg:s/><mg:s/><mg:s/>st</mg:sg><mg:sg class="U">atic<mg:s/>GpuCo</mg:sg><mg:sg class="U">mpute*<mg:s/>Ins</mg:sg><mg:sg class="U">tance;<mg:cr/><mg:lf/></mg:sg></mg:ln>
<mg:ln file="2" number="71" class="UU"><mg:sg class="UU"><mg:s/><mg:s/><mg:s/><mg:s/><mg:s/><mg:s/><mg:s/><mg:s/>st</mg:sg><mg:sg class="UU">atic<mg:s/>GpuCo</mg:sg><mg:sg class="UU">mpute*<mg:s/>Ins</mg:sg><mg:sg class="UU">tance;<mg:cr/><mg:lf/></mg:sg></mg:ln>
<mg:ln file="3" number="71" class="U"><mg:sg class="U"><mg:s/><mg:s/><mg:s/><mg:s/><mg:s/><mg:s/><mg:s/><mg:s/>st</mg:sg><mg:sg class="U">atic<mg:s/>GpuCo</mg:sg><mg:sg class="U">mpute*<mg:s/>Ins</mg:sg><mg:sg class="U">tance;<mg:cr/><mg:lf/></mg:sg></mg:ln>
</mg:row>
<mg:row>
<mg:ln file="1" number="72" class="U"><mg:sg class="U"><mg:cr/><mg:lf/></mg:sg></mg:ln>
<mg:ln file="2" number="72" class="UU"><mg:sg class="UU"><mg:cr/><mg:lf/></mg:sg></mg:ln>
<mg:ln file="3" number="72" class="U"><mg:sg class="U"><mg:cr/><mg:lf/></mg:sg></mg:ln>
</mg:row>
<mg:row>
<mg:ln file="1" number="73" class="U"><mg:sg class="U"><mg:s/><mg:s/><mg:s/><mg:s/>public</mg:sg><mg:sg class="U">:<mg:cr/><mg:lf/></mg:sg></mg:ln>
<mg:ln file="2" number="73" class="UU"><mg:sg class="UU"><mg:s/><mg:s/><mg:s/><mg:s/>public</mg:sg><mg:sg class="UU">:<mg:cr/><mg:lf/></mg:sg></mg:ln>
<mg:ln file="3" number="73" class="U"><mg:sg class="U"><mg:s/><mg:s/><mg:s/><mg:s/>public</mg:sg><mg:sg class="U">:<mg:cr/><mg:lf/></mg:sg></mg:ln>
</mg:row>
<mg:row>
<mg:ln file="1" number="74" class="U"><mg:sg class="U"><mg:s/><mg:s/><mg:s/><mg:s/><mg:s/><mg:s/><mg:s/><mg:s/>en</mg:sg><mg:sg class="U">um<mg:s/>BufferS</mg:sg><mg:sg class="U">yncType<mg:cr/><mg:lf/></mg:sg></mg:ln>
<mg:ln file="2" number="74" class="UU"><mg:sg class="UU"><mg:s/><mg:s/><mg:s/><mg:s/><mg:s/><mg:s/><mg:s/><mg:s/>en</mg:sg><mg:sg class="UU">um<mg:s/>BufferS</mg:sg><mg:sg class="UU">yncType<mg:cr/><mg:lf/></mg:sg></mg:ln>
<mg:ln file="3" number="74" class="U"><mg:sg class="U"><mg:s/><mg:s/><mg:s/><mg:s/><mg:s/><mg:s/><mg:s/><mg:s/>en</mg:sg><mg:sg class="U">um<mg:s/>BufferS</mg:sg><mg:sg class="U">yncType<mg:cr/><mg:lf/></mg:sg></mg:ln>
</mg:row>
<mg:row>
<mg:ln file="1" number="75" class="U"><mg:sg class="U"><mg:s/><mg:s/><mg:s/><mg:s/><mg:s/><mg:s/><mg:s/><mg:s/>{<mg:cr/></mg:sg><mg:sg class="U"><mg:lf/></mg:sg></mg:ln>
<mg:ln file="2" number="75" class="UU"><mg:sg class="UU"><mg:s/><mg:s/><mg:s/><mg:s/><mg:s/><mg:s/><mg:s/><mg:s/>{<mg:cr/></mg:sg><mg:sg class="UU"><mg:lf/></mg:sg></mg:ln>
<mg:ln file="3" number="75" class="U"><mg:sg class="U"><mg:s/><mg:s/><mg:s/><mg:s/><mg:s/><mg:s/><mg:s/><mg:s/>{<mg:cr/></mg:sg><mg:sg class="U"><mg:lf/></mg:sg></mg:ln>
</mg:row>
<mg:row>
<mg:ln file="1" number="76" class="U"><mg:sg class="U"><mg:s/><mg:s/><mg:s/><mg:s/><mg:s/><mg:s/><mg:s/><mg:s/><mg:s/><mg:s/></mg:sg><mg:sg class="U"><mg:s/><mg:s/>BufferSy</mg:sg><mg:sg class="U">ncType_InT</mg:sg><mg:sg class="U">oOut,<mg:cr/><mg:lf/></mg:sg></mg:ln>
<mg:ln file="2" number="76" class="UU"><mg:sg class="UU"><mg:s/><mg:s/><mg:s/><mg:s/><mg:s/><mg:s/><mg:s/><mg:s/><mg:s/><mg:s/></mg:sg><mg:sg class="UU"><mg:s/><mg:s/>BufferSy</mg:sg><mg:sg class="UU">ncType_InT</mg:sg><mg:sg class="UU">oOut,<mg:cr/><mg:lf/></mg:sg></mg:ln>
<mg:ln file="3" number="76" class="U"><mg:sg class="U"><mg:s/><mg:s/><mg:s/><mg:s/><mg:s/><mg:s/><mg:s/><mg:s/><mg:s/><mg:s/></mg:sg><mg:sg class="U"><mg:s/><mg:s/>BufferSy</mg:sg><mg:sg class="U">ncType_InT</mg:sg><mg:sg class="U">oOut,<mg:cr/><mg:lf/></mg:sg></mg:ln>
</mg:row>
<mg:row>
<mg:ln file="1" number="77" class="U"><mg:sg class="U"><mg:s/><mg:s/><mg:s/><mg:s/><mg:s/><mg:s/><mg:s/><mg:s/><mg:s/><mg:s/></mg:sg><mg:sg class="U"><mg:s/><mg:s/>BufferSy</mg:sg><mg:sg class="U">ncType_Out</mg:sg><mg:sg class="U">ToIn,<mg:cr/><mg:lf/></mg:sg></mg:ln>
<mg:ln file="2" number="77" class="UU"><mg:sg class="UU"><mg:s/><mg:s/><mg:s/><mg:s/><mg:s/><mg:s/><mg:s/><mg:s/><mg:s/><mg:s/></mg:sg><mg:sg class="UU"><mg:s/><mg:s/>BufferSy</mg:sg><mg:sg class="UU">ncType_Out</mg:sg><mg:sg class="UU">ToIn,<mg:cr/><mg:lf/></mg:sg></mg:ln>
<mg:ln file="3" number="77" class="U"><mg:sg class="U"><mg:s/><mg:s/><mg:s/><mg:s/><mg:s/><mg:s/><mg:s/><mg:s/><mg:s/><mg:s/></mg:sg><mg:sg class="U"><mg:s/><mg:s/>BufferSy</mg:sg><mg:sg class="U">ncType_Out</mg:sg><mg:sg class="U">ToIn,<mg:cr/><mg:lf/></mg:sg></mg:ln>
</mg:row>
<mg:row>
<mg:ln file="1" number="78" class="U"><mg:sg class="U"><mg:s/><mg:s/><mg:s/><mg:s/><mg:s/><mg:s/><mg:s/><mg:s/><mg:s/><mg:s/></mg:sg><mg:sg class="U"><mg:s/><mg:s/>BufferSy</mg:sg><mg:sg class="U">ncType_Out</mg:sg><mg:sg class="U">ToOut,<mg:cr/><mg:lf/></mg:sg></mg:ln>
<mg:ln file="2" number="78" class="UU"><mg:sg class="UU"><mg:s/><mg:s/><mg:s/><mg:s/><mg:s/><mg:s/><mg:s/><mg:s/><mg:s/><mg:s/></mg:sg><mg:sg class="UU"><mg:s/><mg:s/>BufferSy</mg:sg><mg:sg class="UU">ncType_Out</mg:sg><mg:sg class="UU">ToOut,<mg:cr/><mg:lf/></mg:sg></mg:ln>
<mg:ln file="3" number="78" class="U"><mg:sg class="U"><mg:s/><mg:s/><mg:s/><mg:s/><mg:s/><mg:s/><mg:s/><mg:s/><mg:s/><mg:s/></mg:sg><mg:sg class="U"><mg:s/><mg:s/>BufferSy</mg:sg><mg:sg class="U">ncType_Out</mg:sg><mg:sg class="U">ToOut,<mg:cr/><mg:lf/></mg:sg></mg:ln>
</mg:row>
<mg:row>
<mg:ln file="1" number="79" class="U"><mg:sg class="U"><mg:s/><mg:s/><mg:s/><mg:s/><mg:s/><mg:s/><mg:s/><mg:s/>};</mg:sg><mg:sg class="U"><mg:cr/><mg:lf/></mg:sg></mg:ln>
<mg:ln file="2" number="79" class="UU"><mg:sg class="UU"><mg:s/><mg:s/><mg:s/><mg:s/><mg:s/><mg:s/><mg:s/><mg:s/>};</mg:sg><mg:sg class="UU"><mg:cr/><mg:lf/></mg:sg></mg:ln>
<mg:ln file="3" number="79" class="U"><mg:sg class="U"><mg:s/><mg:s/><mg:s/><mg:s/><mg:s/><mg:s/><mg:s/><mg:s/>};</mg:sg><mg:sg class="U"><mg:cr/><mg:lf/></mg:sg></mg:ln>
</mg:row>
<mg:row>
<mg:ln file="1" number="80" class="U"><mg:sg class="U"><mg:cr/><mg:lf/></mg:sg></mg:ln>
<mg:ln file="2" number="80" class="UU"><mg:sg class="UU"><mg:cr/><mg:lf/></mg:sg></mg:ln>
<mg:ln file="3" number="80" class="U"><mg:sg class="U"><mg:cr/><mg:lf/></mg:sg></mg:ln>
</mg:row>
<mg:row>
<mg:ln file="1" number="81" class="U"><mg:sg class="U"><mg:s/><mg:s/><mg:s/><mg:s/><mg:s/><mg:s/><mg:s/><mg:s/>en</mg:sg><mg:sg class="U">um<mg:s/>MemoryT</mg:sg><mg:sg class="U">ype<mg:cr/><mg:lf/></mg:sg></mg:ln>
<mg:ln file="2" number="81" class="UU"><mg:sg class="UU"><mg:s/><mg:s/><mg:s/><mg:s/><mg:s/><mg:s/><mg:s/><mg:s/>en</mg:sg><mg:sg class="UU">um<mg:s/>MemoryT</mg:sg><mg:sg class="UU">ype<mg:cr/><mg:lf/></mg:sg></mg:ln>
<mg:ln file="3" number="81" class="U"><mg:sg class="U"><mg:s/><mg:s/><mg:s/><mg:s/><mg:s/><mg:s/><mg:s/><mg:s/>en</mg:sg><mg:sg class="U">um<mg:s/>MemoryT</mg:sg><mg:sg class="U">ype<mg:cr/><mg:lf/></mg:sg></mg:ln>
</mg:row>
<mg:row>
<mg:ln file="1" number="82" class="U"><mg:sg class="U"><mg:s/><mg:s/><mg:s/><mg:s/><mg:s/><mg:s/><mg:s/><mg:s/>{<mg:cr/></mg:sg><mg:sg class="U"><mg:lf/></mg:sg></mg:ln>
<mg:ln file="2" number="82" class="UU"><mg:sg class="UU"><mg:s/><mg:s/><mg:s/><mg:s/><mg:s/><mg:s/><mg:s/><mg:s/>{<mg:cr/></mg:sg><mg:sg class="UU"><mg:lf/></mg:sg></mg:ln>
<mg:ln file="3" number="82" class="U"><mg:sg class="U"><mg:s/><mg:s/><mg:s/><mg:s/><mg:s/><mg:s/><mg:s/><mg:s/>{<mg:cr/></mg:sg><mg:sg class="U"><mg:lf/></mg:sg></mg:ln>
</mg:row>
<mg:row>
<mg:ln file="1" number="83" class="U"><mg:sg class="U"><mg:s/><mg:s/><mg:s/><mg:s/><mg:s/><mg:s/><mg:s/><mg:s/><mg:s/><mg:s/></mg:sg><mg:sg class="U"><mg:s/><mg:s/>MemoryTy</mg:sg><mg:sg class="U">pe_GpuOnly</mg:sg><mg:sg class="U">,<mg:cr/><mg:lf/></mg:sg></mg:ln>
<mg:ln file="2" number="83" class="UU"><mg:sg class="UU"><mg:s/><mg:s/><mg:s/><mg:s/><mg:s/><mg:s/><mg:s/><mg:s/><mg:s/><mg:s/></mg:sg><mg:sg class="UU"><mg:s/><mg:s/>MemoryTy</mg:sg><mg:sg class="UU">pe_GpuOnly</mg:sg><mg:sg class="UU">,<mg:cr/><mg:lf/></mg:sg></mg:ln>
<mg:ln file="3" number="83" class="U"><mg:sg class="U"><mg:s/><mg:s/><mg:s/><mg:s/><mg:s/><mg:s/><mg:s/><mg:s/><mg:s/><mg:s/></mg:sg><mg:sg class="U"><mg:s/><mg:s/>MemoryTy</mg:sg><mg:sg class="U">pe_GpuOnly</mg:sg><mg:sg class="U">,<mg:cr/><mg:lf/></mg:sg></mg:ln>
</mg:row>
<mg:row>
<mg:ln file="1" number="84" class="U"><mg:sg class="U"><mg:s/><mg:s/><mg:s/><mg:s/><mg:s/><mg:s/><mg:s/><mg:s/><mg:s/><mg:s/></mg:sg><mg:sg class="U"><mg:s/><mg:s/>MemoryTy</mg:sg><mg:sg class="U">pe_CpuWrit</mg:sg><mg:sg class="U">e,<mg:cr/><mg:lf/></mg:sg></mg:ln>
<mg:ln file="2" number="84" class="UU"><mg:sg class="UU"><mg:s/><mg:s/><mg:s/><mg:s/><mg:s/><mg:s/><mg:s/><mg:s/><mg:s/><mg:s/></mg:sg><mg:sg class="UU"><mg:s/><mg:s/>MemoryTy</mg:sg><mg:sg class="UU">pe_CpuWrit</mg:sg><mg:sg class="UU">e,<mg:cr/><mg:lf/></mg:sg></mg:ln>
<mg:ln file="3" number="84" class="U"><mg:sg class="U"><mg:s/><mg:s/><mg:s/><mg:s/><mg:s/><mg:s/><mg:s/><mg:s/><mg:s/><mg:s/></mg:sg><mg:sg class="U"><mg:s/><mg:s/>MemoryTy</mg:sg><mg:sg class="U">pe_CpuWrit</mg:sg><mg:sg class="U">e,<mg:cr/><mg:lf/></mg:sg></mg:ln>
</mg:row>
<mg:row>
<mg:ln file="1" number="85" class="U"><mg:sg class="U"><mg:s/><mg:s/><mg:s/><mg:s/><mg:s/><mg:s/><mg:s/><mg:s/><mg:s/><mg:s/></mg:sg><mg:sg class="U"><mg:s/><mg:s/>MemoryTy</mg:sg><mg:sg class="U">pe_CpuRead</mg:sg><mg:sg class="U">Write,<mg:cr/><mg:lf/></mg:sg></mg:ln>
<mg:ln file="2" number="85" class="UU"><mg:sg class="UU"><mg:s/><mg:s/><mg:s/><mg:s/><mg:s/><mg:s/><mg:s/><mg:s/><mg:s/><mg:s/></mg:sg><mg:sg class="UU"><mg:s/><mg:s/>MemoryTy</mg:sg><mg:sg class="UU">pe_CpuRead</mg:sg><mg:sg class="UU">Write,<mg:cr/><mg:lf/></mg:sg></mg:ln>
<mg:ln file="3" number="85" class="U"><mg:sg class="U"><mg:s/><mg:s/><mg:s/><mg:s/><mg:s/><mg:s/><mg:s/><mg:s/><mg:s/><mg:s/></mg:sg><mg:sg class="U"><mg:s/><mg:s/>MemoryTy</mg:sg><mg:sg class="U">pe_CpuRead</mg:sg><mg:sg class="U">Write,<mg:cr/><mg:lf/></mg:sg></mg:ln>
</mg:row>
<mg:row>
<mg:ln file="1" number="86" class="U"><mg:sg class="U"><mg:s/><mg:s/><mg:s/><mg:s/><mg:s/><mg:s/><mg:s/><mg:s/>};</mg:sg><mg:sg class="U"><mg:cr/><mg:lf/></mg:sg></mg:ln>
<mg:ln file="2" number="86" class="UU"><mg:sg class="UU"><mg:s/><mg:s/><mg:s/><mg:s/><mg:s/><mg:s/><mg:s/><mg:s/>};</mg:sg><mg:sg class="UU"><mg:cr/><mg:lf/></mg:sg></mg:ln>
<mg:ln file="3" number="86" class="U"><mg:sg class="U"><mg:s/><mg:s/><mg:s/><mg:s/><mg:s/><mg:s/><mg:s/><mg:s/>};</mg:sg><mg:sg class="U"><mg:cr/><mg:lf/></mg:sg></mg:ln>
</mg:row>
<mg:row>
<mg:ln file="1" number="87" class="U"><mg:sg class="U"><mg:cr/><mg:lf/></mg:sg></mg:ln>
<mg:ln file="2" number="87" class="UU"><mg:sg class="UU"><mg:cr/><mg:lf/></mg:sg></mg:ln>
<mg:ln file="3" number="87" class="U"><mg:sg class="U"><mg:cr/><mg:lf/></mg:sg></mg:ln>
</mg:row>
<mg:row>
<mg:ln file="1" number="88" class="U"><mg:sg class="U"><mg:s/><mg:s/><mg:s/><mg:s/><mg:s/><mg:s/><mg:s/><mg:s/>st</mg:sg><mg:sg class="U">atic<mg:s/>bool<mg:s/></mg:sg><mg:sg class="U">IsAvaliabl</mg:sg><mg:sg class="U">e();<mg:cr/><mg:lf/></mg:sg></mg:ln>
<mg:ln file="2" number="88" class="UU"><mg:sg class="UU"><mg:s/><mg:s/><mg:s/><mg:s/><mg:s/><mg:s/><mg:s/><mg:s/>st</mg:sg><mg:sg class="UU">atic<mg:s/>bool<mg:s/></mg:sg><mg:sg class="UU">IsAvaliabl</mg:sg><mg:sg class="UU">e();<mg:cr/><mg:lf/></mg:sg></mg:ln>
<mg:ln file="3" number="88" class="U"><mg:sg class="U"><mg:s/><mg:s/><mg:s/><mg:s/><mg:s/><mg:s/><mg:s/><mg:s/>st</mg:sg><mg:sg class="U">atic<mg:s/>bool<mg:s/></mg:sg><mg:sg class="U">IsAvaliabl</mg:sg><mg:sg class="U">e();<mg:cr/><mg:lf/></mg:sg></mg:ln>
</mg:row>
<mg:row>
<mg:ln file="1" number="89" class="U"><mg:sg class="U"><mg:s/><mg:s/><mg:s/><mg:s/><mg:s/><mg:s/><mg:s/><mg:s/>st</mg:sg><mg:sg class="U">atic<mg:s/>GpuCo</mg:sg><mg:sg class="U">mpute*<mg:s/>Get</mg:sg><mg:sg class="U">();<mg:cr/><mg:lf/></mg:sg></mg:ln>
<mg:ln file="2" number="89" class="UU"><mg:sg class="UU"><mg:s/><mg:s/><mg:s/><mg:s/><mg:s/><mg:s/><mg:s/><mg:s/>st</mg:sg><mg:sg class="UU">atic<mg:s/>GpuCo</mg:sg><mg:sg class="UU">mpute*<mg:s/>Get</mg:sg><mg:sg class="UU">();<mg:cr/><mg:lf/></mg:sg></mg:ln>
<mg:ln file="3" number="89" class="U"><mg:sg class="U"><mg:s/><mg:s/><mg:s/><mg:s/><mg:s/><mg:s/><mg:s/><mg:s/>st</mg:sg><mg:sg class="U">atic<mg:s/>GpuCo</mg:sg><mg:sg class="U">mpute*<mg:s/>Get</mg:sg><mg:sg class="U">();<mg:cr/><mg:lf/></mg:sg></mg:ln>
</mg:row>
</mg:rowGroup>
<mg:rowGroup>
<mg:row>
<mg:ln file="2" number="90" class="II"><mg:sg class="II"><mg:s/><mg:s/><mg:s/><mg:s/><mg:s/><mg:s/><mg:s/><mg:s/><mg:cr/><mg:lf/></mg:sg></mg:ln>
</mg:row>
<mg:row>
<mg:ln file="2" number="91" class="II"><mg:sg class="II"><mg:s/><mg:s/><mg:s/><mg:s/><mg:s/><mg:s/><mg:s/><mg:s/>vi</mg:sg><mg:sg class="II">rtual<mg:s/>FMOD</mg:sg><mg:sg class="II">_RESULT<mg:s/>Lo</mg:sg><mg:sg class="II">ck()<mg:s/>=<mg:s/>0;<mg:cr/></mg:sg><mg:sg class="II"><mg:lf/></mg:sg></mg:ln>
</mg:row>
<mg:row>
<mg:ln file="2" number="92" class="II"><mg:sg class="II"><mg:s/><mg:s/><mg:s/><mg:s/><mg:s/><mg:s/><mg:s/><mg:s/>vi</mg:sg><mg:sg class="II">rtual<mg:s/>FMOD</mg:sg><mg:sg class="II">_RESULT<mg:s/>Un</mg:sg><mg:sg class="II">lock()<mg:s/>=<mg:s/>0</mg:sg><mg:sg class="II">;<mg:cr/><mg:lf/></mg:sg></mg:ln>
</mg:row>
</mg:rowGroup>
<mg:rowGroup>
<mg:row>
<mg:ln file="1" number="90" class="U"><mg:sg class="U"><mg:cr/><mg:lf/></mg:sg></mg:ln>
<mg:ln file="2" number="93" class="UU"><mg:sg class="UU"><mg:cr/><mg:lf/></mg:sg></mg:ln>
<mg:ln file="3" number="90" class="U"><mg:sg class="U"><mg:cr/><mg:lf/></mg:sg></mg:ln>
</mg:row>
</mg:rowGroup>
<mg:rowGroup>
<mg:row>
<mg:ln file="2" number="94" class="II"><mg:sg class="II"><mg:s/><mg:s/><mg:s/><mg:s/><mg:s/><mg:s/><mg:s/><mg:s/>//</mg:sg><mg:sg class="II"><mg:s/>Avoid<mg:s/>loc</mg:sg><mg:sg class="II">king<mg:s/>prior</mg:sg><mg:sg class="II"><mg:s/>to<mg:s/>callin</mg:sg><mg:sg class="II">g<mg:s/>release<mg:s/></mg:sg><mg:sg class="II">-<mg:s/>the<mg:s/>rele</mg:sg><mg:sg class="II">ase<mg:s/>call<mg:s/>w</mg:sg><mg:sg class="II">ill<mg:s/>lock<mg:s/>a</mg:sg><mg:sg class="II">s<mg:s/>required</mg:sg><mg:sg class="II"><mg:s/>and<mg:s/>will<mg:s/></mg:sg><mg:sg class="II">also<mg:s/>relea</mg:sg><mg:sg class="II">se<mg:s/>the<mg:s/>cri</mg:sg><mg:sg class="II">tical<mg:s/>sect</mg:sg><mg:sg class="II">ion<mg:cr/><mg:lf/></mg:sg></mg:ln>
</mg:row>
</mg:rowGroup>
<mg:rowGroup>
<mg:row>
<mg:ln file="1" number="91" class="U"><mg:sg class="U"><mg:s/><mg:s/><mg:s/><mg:s/><mg:s/><mg:s/><mg:s/><mg:s/>vi</mg:sg><mg:sg class="U">rtual<mg:s/>FMOD</mg:sg><mg:sg class="U">_RESULT<mg:s/>Re</mg:sg><mg:sg class="U">lease()<mg:s/>=<mg:s/></mg:sg><mg:sg class="U">0;<mg:cr/><mg:lf/></mg:sg></mg:ln>
<mg:ln file="2" number="95" class="UU"><mg:sg class="UU"><mg:s/><mg:s/><mg:s/><mg:s/><mg:s/><mg:s/><mg:s/><mg:s/>vi</mg:sg><mg:sg class="UU">rtual<mg:s/>FMOD</mg:sg><mg:sg class="UU">_RESULT<mg:s/>Re</mg:sg><mg:sg class="UU">lease()<mg:s/>=<mg:s/></mg:sg><mg:sg class="UU">0;<mg:cr/><mg:lf/></mg:sg></mg:ln>
<mg:ln file="3" number="91" class="U"><mg:sg class="U"><mg:s/><mg:s/><mg:s/><mg:s/><mg:s/><mg:s/><mg:s/><mg:s/>vi</mg:sg><mg:sg class="U">rtual<mg:s/>FMOD</mg:sg><mg:sg class="U">_RESULT<mg:s/>Re</mg:sg><mg:sg class="U">lease()<mg:s/>=<mg:s/></mg:sg><mg:sg class="U">0;<mg:cr/><mg:lf/></mg:sg></mg:ln>
</mg:row>
</mg:rowGroup>
<mg:rowGroup>
<mg:row>
<mg:ln file="2" number="96" class="II"><mg:sg class="II"><mg:s/><mg:s/><mg:s/><mg:s/><mg:s/><mg:s/><mg:s/><mg:s/><mg:cr/><mg:lf/></mg:sg></mg:ln>
</mg:row>
<mg:row>
<mg:ln file="2" number="97" class="II"><mg:sg class="II"><mg:s/><mg:s/><mg:s/><mg:s/><mg:s/><mg:s/><mg:s/><mg:s/>//</mg:sg><mg:sg class="II"><mg:s/>The<mg:s/>follo</mg:sg><mg:sg class="II">wing<mg:s/>funct</mg:sg><mg:sg class="II">ions<mg:s/>shoul</mg:sg><mg:sg class="II">d<mg:s/>be<mg:s/>calle</mg:sg><mg:sg class="II">d<mg:s/>within<mg:s/>a</mg:sg><mg:sg class="II"><mg:s/>lock<mg:cr/><mg:lf/></mg:sg></mg:ln>
</mg:row>
</mg:rowGroup>
<mg:rowGroup>
<mg:row>
<mg:ln file="1" number="92" class="U"><mg:sg class="U"><mg:s/><mg:s/><mg:s/><mg:s/><mg:s/><mg:s/><mg:s/><mg:s/>vi</mg:sg><mg:sg class="U">rtual<mg:s/>FMOD</mg:sg><mg:sg class="U">_RESULT<mg:s/>Cr</mg:sg><mg:sg class="U">eateShader</mg:sg><mg:sg class="U">(GpuComput</mg:sg><mg:sg class="U">eShaderTyp</mg:sg><mg:sg class="U">e<mg:s/>shaderTy</mg:sg><mg:sg class="U">pe,<mg:s/>GpuCom</mg:sg><mg:sg class="U">puteShader</mg:sg><mg:sg class="U">**<mg:s/>out)<mg:s/>=<mg:s/></mg:sg><mg:sg class="U">0;<mg:cr/><mg:lf/></mg:sg></mg:ln>
<mg:ln file="2" number="98" class="UU"><mg:sg class="UU"><mg:s/><mg:s/><mg:s/><mg:s/><mg:s/><mg:s/><mg:s/><mg:s/>vi</mg:sg><mg:sg class="UU">rtual<mg:s/>FMOD</mg:sg><mg:sg class="UU">_RESULT<mg:s/>Cr</mg:sg><mg:sg class="UU">eateShader</mg:sg><mg:sg class="UU">(GpuComput</mg:sg><mg:sg class="UU">eShaderTyp</mg:sg><mg:sg class="UU">e<mg:s/>shaderTy</mg:sg><mg:sg class="UU">pe,<mg:s/>GpuCom</mg:sg><mg:sg class="UU">puteShader</mg:sg><mg:sg class="UU">**<mg:s/>out)<mg:s/>=<mg:s/></mg:sg><mg:sg class="UU">0;<mg:cr/><mg:lf/></mg:sg></mg:ln>
<mg:ln file="3" number="92" class="U"><mg:sg class="U"><mg:s/><mg:s/><mg:s/><mg:s/><mg:s/><mg:s/><mg:s/><mg:s/>vi</mg:sg><mg:sg class="U">rtual<mg:s/>FMOD</mg:sg><mg:sg class="U">_RESULT<mg:s/>Cr</mg:sg><mg:sg class="U">eateShader</mg:sg><mg:sg class="U">(GpuComput</mg:sg><mg:sg class="U">eShaderTyp</mg:sg><mg:sg class="U">e<mg:s/>shaderTy</mg:sg><mg:sg class="U">pe,<mg:s/>GpuCom</mg:sg><mg:sg class="U">puteShader</mg:sg><mg:sg class="U">**<mg:s/>out)<mg:s/>=<mg:s/></mg:sg><mg:sg class="U">0;<mg:cr/><mg:lf/></mg:sg></mg:ln>
</mg:row>
<mg:row>
<mg:ln file="1" number="93" class="U"><mg:sg class="U"><mg:s/><mg:s/><mg:s/><mg:s/><mg:s/><mg:s/><mg:s/><mg:s/>vi</mg:sg><mg:sg class="U">rtual<mg:s/>FMOD</mg:sg><mg:sg class="U">_RESULT<mg:s/>Cr</mg:sg><mg:sg class="U">eateMemory</mg:sg><mg:sg class="U">Block(Memo</mg:sg><mg:sg class="U">ryType<mg:s/>mem</mg:sg><mg:sg class="U">oryType,<mg:s/>i</mg:sg><mg:sg class="U">nt<mg:s/>sizeByt</mg:sg><mg:sg class="U">es,<mg:s/>GpuCom</mg:sg><mg:sg class="U">puteMemory</mg:sg><mg:sg class="U">Block**<mg:s/>ou</mg:sg><mg:sg class="U">t)<mg:s/>=<mg:s/>0;<mg:cr/><mg:lf/></mg:sg></mg:ln>
<mg:ln file="2" number="99" class="UU"><mg:sg class="UU"><mg:s/><mg:s/><mg:s/><mg:s/><mg:s/><mg:s/><mg:s/><mg:s/>vi</mg:sg><mg:sg class="UU">rtual<mg:s/>FMOD</mg:sg><mg:sg class="UU">_RESULT<mg:s/>Cr</mg:sg><mg:sg class="UU">eateMemory</mg:sg><mg:sg class="UU">Block(Memo</mg:sg><mg:sg class="UU">ryType<mg:s/>mem</mg:sg><mg:sg class="UU">oryType,<mg:s/>i</mg:sg><mg:sg class="UU">nt<mg:s/>sizeByt</mg:sg><mg:sg class="UU">es,<mg:s/>GpuCom</mg:sg><mg:sg class="UU">puteMemory</mg:sg><mg:sg class="UU">Block**<mg:s/>ou</mg:sg><mg:sg class="UU">t)<mg:s/>=<mg:s/>0;<mg:cr/><mg:lf/></mg:sg></mg:ln>
<mg:ln file="3" number="93" class="U"><mg:sg class="U"><mg:s/><mg:s/><mg:s/><mg:s/><mg:s/><mg:s/><mg:s/><mg:s/>vi</mg:sg><mg:sg class="U">rtual<mg:s/>FMOD</mg:sg><mg:sg class="U">_RESULT<mg:s/>Cr</mg:sg><mg:sg class="U">eateMemory</mg:sg><mg:sg class="U">Block(Memo</mg:sg><mg:sg class="U">ryType<mg:s/>mem</mg:sg><mg:sg class="U">oryType,<mg:s/>i</mg:sg><mg:sg class="U">nt<mg:s/>sizeByt</mg:sg><mg:sg class="U">es,<mg:s/>GpuCom</mg:sg><mg:sg class="U">puteMemory</mg:sg><mg:sg class="U">Block**<mg:s/>ou</mg:sg><mg:sg class="U">t)<mg:s/>=<mg:s/>0;<mg:cr/><mg:lf/></mg:sg></mg:ln>
</mg:row>
<mg:row>
<mg:ln file="1" number="94" class="U"><mg:sg class="U"><mg:s/><mg:s/><mg:s/><mg:s/><mg:s/><mg:s/><mg:s/><mg:s/>vi</mg:sg><mg:sg class="U">rtual<mg:s/>FMOD</mg:sg><mg:sg class="U">_RESULT<mg:s/>Cr</mg:sg><mg:sg class="U">eateBuffer</mg:sg><mg:sg class="U">(GpuComput</mg:sg><mg:sg class="U">eMemoryBlo</mg:sg><mg:sg class="U">ck*<mg:s/>block,</mg:sg><mg:sg class="U"><mg:s/>int<mg:s/>count</mg:sg><mg:sg class="U">,<mg:s/>int<mg:s/>elem</mg:sg><mg:sg class="U">entSizeByt</mg:sg><mg:sg class="U">es,<mg:s/>GpuCom</mg:sg><mg:sg class="U">puteBuffer</mg:sg><mg:sg class="U">::Usage<mg:s/>us</mg:sg><mg:sg class="U">age,<mg:s/>GpuCo</mg:sg><mg:sg class="U">mputeBuffe</mg:sg><mg:sg class="U">r**<mg:s/>out)<mg:s/>=</mg:sg><mg:sg class="U"><mg:s/>0;<mg:cr/><mg:lf/></mg:sg></mg:ln>
<mg:ln file="2" number="100" class="UU"><mg:sg class="UU"><mg:s/><mg:s/><mg:s/><mg:s/><mg:s/><mg:s/><mg:s/><mg:s/>vi</mg:sg><mg:sg class="UU">rtual<mg:s/>FMOD</mg:sg><mg:sg class="UU">_RESULT<mg:s/>Cr</mg:sg><mg:sg class="UU">eateBuffer</mg:sg><mg:sg class="UU">(GpuComput</mg:sg><mg:sg class="UU">eMemoryBlo</mg:sg><mg:sg class="UU">ck*<mg:s/>block,</mg:sg><mg:sg class="UU"><mg:s/>int<mg:s/>count</mg:sg><mg:sg class="UU">,<mg:s/>int<mg:s/>elem</mg:sg><mg:sg class="UU">entSizeByt</mg:sg><mg:sg class="UU">es,<mg:s/>GpuCom</mg:sg><mg:sg class="UU">puteBuffer</mg:sg><mg:sg class="UU">::Usage<mg:s/>us</mg:sg><mg:sg class="UU">age,<mg:s/>GpuCo</mg:sg><mg:sg class="UU">mputeBuffe</mg:sg><mg:sg class="UU">r**<mg:s/>out)<mg:s/>=</mg:sg><mg:sg class="UU"><mg:s/>0;<mg:cr/><mg:lf/></mg:sg></mg:ln>
<mg:ln file="3" number="94" class="U"><mg:sg class="U"><mg:s/><mg:s/><mg:s/><mg:s/><mg:s/><mg:s/><mg:s/><mg:s/>vi</mg:sg><mg:sg class="U">rtual<mg:s/>FMOD</mg:sg><mg:sg class="U">_RESULT<mg:s/>Cr</mg:sg><mg:sg class="U">eateBuffer</mg:sg><mg:sg class="U">(GpuComput</mg:sg><mg:sg class="U">eMemoryBlo</mg:sg><mg:sg class="U">ck*<mg:s/>block,</mg:sg><mg:sg class="U"><mg:s/>int<mg:s/>count</mg:sg><mg:sg class="U">,<mg:s/>int<mg:s/>elem</mg:sg><mg:sg class="U">entSizeByt</mg:sg><mg:sg class="U">es,<mg:s/>GpuCom</mg:sg><mg:sg class="U">puteBuffer</mg:sg><mg:sg class="U">::Usage<mg:s/>us</mg:sg><mg:sg class="U">age,<mg:s/>GpuCo</mg:sg><mg:sg class="U">mputeBuffe</mg:sg><mg:sg class="U">r**<mg:s/>out)<mg:s/>=</mg:sg><mg:sg class="U"><mg:s/>0;<mg:cr/><mg:lf/></mg:sg></mg:ln>
</mg:row>
<mg:row>
<mg:ln file="1" number="95" class="U"><mg:sg class="U"><mg:s/><mg:s/><mg:s/><mg:s/><mg:s/><mg:s/><mg:s/><mg:s/>vi</mg:sg><mg:sg class="U">rtual<mg:s/>FMOD</mg:sg><mg:sg class="U">_RESULT<mg:s/>Cr</mg:sg><mg:sg class="U">eateConsta</mg:sg><mg:sg class="U">ntBuffer(i</mg:sg><mg:sg class="U">nt<mg:s/>sizeByt</mg:sg><mg:sg class="U">es,<mg:s/>GpuCom</mg:sg><mg:sg class="U">puteConsta</mg:sg><mg:sg class="U">ntBuffer**</mg:sg><mg:sg class="U"><mg:s/>out)<mg:s/>=<mg:s/>0;</mg:sg><mg:sg class="U"><mg:cr/><mg:lf/></mg:sg></mg:ln>
<mg:ln file="2" number="101" class="UU"><mg:sg class="UU"><mg:s/><mg:s/><mg:s/><mg:s/><mg:s/><mg:s/><mg:s/><mg:s/>vi</mg:sg><mg:sg class="UU">rtual<mg:s/>FMOD</mg:sg><mg:sg class="UU">_RESULT<mg:s/>Cr</mg:sg><mg:sg class="UU">eateConsta</mg:sg><mg:sg class="UU">ntBuffer(i</mg:sg><mg:sg class="UU">nt<mg:s/>sizeByt</mg:sg><mg:sg class="UU">es,<mg:s/>GpuCom</mg:sg><mg:sg class="UU">puteConsta</mg:sg><mg:sg class="UU">ntBuffer**</mg:sg><mg:sg class="UU"><mg:s/>out)<mg:s/>=<mg:s/>0;</mg:sg><mg:sg class="UU"><mg:cr/><mg:lf/></mg:sg></mg:ln>
<mg:ln file="3" number="95" class="U"><mg:sg class="U"><mg:s/><mg:s/><mg:s/><mg:s/><mg:s/><mg:s/><mg:s/><mg:s/>vi</mg:sg><mg:sg class="U">rtual<mg:s/>FMOD</mg:sg><mg:sg class="U">_RESULT<mg:s/>Cr</mg:sg><mg:sg class="U">eateConsta</mg:sg><mg:sg class="U">ntBuffer(i</mg:sg><mg:sg class="U">nt<mg:s/>sizeByt</mg:sg><mg:sg class="U">es,<mg:s/>GpuCom</mg:sg><mg:sg class="U">puteConsta</mg:sg><mg:sg class="U">ntBuffer**</mg:sg><mg:sg class="U"><mg:s/>out)<mg:s/>=<mg:s/>0;</mg:sg><mg:sg class="U"><mg:cr/><mg:lf/></mg:sg></mg:ln>
</mg:row>
<mg:row>
<mg:ln file="1" number="96" class="U"><mg:sg class="U"><mg:s/><mg:s/><mg:s/><mg:s/><mg:s/><mg:s/><mg:s/><mg:s/>vi</mg:sg><mg:sg class="U">rtual<mg:s/>FMOD</mg:sg><mg:sg class="U">_RESULT<mg:s/>Cr</mg:sg><mg:sg class="U">eateShader</mg:sg><mg:sg class="U">Resources(</mg:sg><mg:sg class="U">GpuCompute</mg:sg><mg:sg class="U">ShaderReso</mg:sg><mg:sg class="U">urces**<mg:s/>ou</mg:sg><mg:sg class="U">t)<mg:s/>=<mg:s/>0;<mg:cr/><mg:lf/></mg:sg></mg:ln>
<mg:ln file="2" number="102" class="UU"><mg:sg class="UU"><mg:s/><mg:s/><mg:s/><mg:s/><mg:s/><mg:s/><mg:s/><mg:s/>vi</mg:sg><mg:sg class="UU">rtual<mg:s/>FMOD</mg:sg><mg:sg class="UU">_RESULT<mg:s/>Cr</mg:sg><mg:sg class="UU">eateShader</mg:sg><mg:sg class="UU">Resources(</mg:sg><mg:sg class="UU">GpuCompute</mg:sg><mg:sg class="UU">ShaderReso</mg:sg><mg:sg class="UU">urces**<mg:s/>ou</mg:sg><mg:sg class="UU">t)<mg:s/>=<mg:s/>0;<mg:cr/><mg:lf/></mg:sg></mg:ln>
<mg:ln file="3" number="96" class="U"><mg:sg class="U"><mg:s/><mg:s/><mg:s/><mg:s/><mg:s/><mg:s/><mg:s/><mg:s/>vi</mg:sg><mg:sg class="U">rtual<mg:s/>FMOD</mg:sg><mg:sg class="U">_RESULT<mg:s/>Cr</mg:sg><mg:sg class="U">eateShader</mg:sg><mg:sg class="U">Resources(</mg:sg><mg:sg class="U">GpuCompute</mg:sg><mg:sg class="U">ShaderReso</mg:sg><mg:sg class="U">urces**<mg:s/>ou</mg:sg><mg:sg class="U">t)<mg:s/>=<mg:s/>0;<mg:cr/><mg:lf/></mg:sg></mg:ln>
</mg:row>
<mg:row>
<mg:ln file="1" number="97" class="U"><mg:sg class="U"><mg:s/><mg:s/><mg:s/><mg:s/><mg:s/><mg:s/><mg:s/><mg:s/>vi</mg:sg><mg:sg class="U">rtual<mg:s/>FMOD</mg:sg><mg:sg class="U">_RESULT<mg:s/>Ru</mg:sg><mg:sg class="U">nShader(Gp</mg:sg><mg:sg class="U">uComputeSh</mg:sg><mg:sg class="U">ader*<mg:s/>shad</mg:sg><mg:sg class="U">er,<mg:s/>int<mg:s/>x,</mg:sg><mg:sg class="U"><mg:s/>int<mg:s/>y,<mg:s/>in</mg:sg><mg:sg class="U">t<mg:s/>z)<mg:s/>=<mg:s/>0;<mg:cr/></mg:sg><mg:sg class="U"><mg:lf/></mg:sg></mg:ln>
<mg:ln file="2" number="103" class="UU"><mg:sg class="UU"><mg:s/><mg:s/><mg:s/><mg:s/><mg:s/><mg:s/><mg:s/><mg:s/>vi</mg:sg><mg:sg class="UU">rtual<mg:s/>FMOD</mg:sg><mg:sg class="UU">_RESULT<mg:s/>Ru</mg:sg><mg:sg class="UU">nShader(Gp</mg:sg><mg:sg class="UU">uComputeSh</mg:sg><mg:sg class="UU">ader*<mg:s/>shad</mg:sg><mg:sg class="UU">er,<mg:s/>int<mg:s/>x,</mg:sg><mg:sg class="UU"><mg:s/>int<mg:s/>y,<mg:s/>in</mg:sg><mg:sg class="UU">t<mg:s/>z)<mg:s/>=<mg:s/>0;<mg:cr/></mg:sg><mg:sg class="UU"><mg:lf/></mg:sg></mg:ln>
<mg:ln file="3" number="97" class="U"><mg:sg class="U"><mg:s/><mg:s/><mg:s/><mg:s/><mg:s/><mg:s/><mg:s/><mg:s/>vi</mg:sg><mg:sg class="U">rtual<mg:s/>FMOD</mg:sg><mg:sg class="U">_RESULT<mg:s/>Ru</mg:sg><mg:sg class="U">nShader(Gp</mg:sg><mg:sg class="U">uComputeSh</mg:sg><mg:sg class="U">ader*<mg:s/>shad</mg:sg><mg:sg class="U">er,<mg:s/>int<mg:s/>x,</mg:sg><mg:sg class="U"><mg:s/>int<mg:s/>y,<mg:s/>in</mg:sg><mg:sg class="U">t<mg:s/>z)<mg:s/>=<mg:s/>0;<mg:cr/></mg:sg><mg:sg class="U"><mg:lf/></mg:sg></mg:ln>
</mg:row>
<mg:row>
<mg:ln file="1" number="98" class="U"><mg:sg class="U"><mg:s/><mg:s/><mg:s/><mg:s/><mg:s/><mg:s/><mg:s/><mg:s/>vi</mg:sg><mg:sg class="U">rtual<mg:s/>FMOD</mg:sg><mg:sg class="U">_RESULT<mg:s/>Sy</mg:sg><mg:sg class="U">ncBuffer(G</mg:sg><mg:sg class="U">puComputeB</mg:sg><mg:sg class="U">uffer*<mg:s/>buf</mg:sg><mg:sg class="U">fer,<mg:s/>Buffe</mg:sg><mg:sg class="U">rSyncType<mg:s/></mg:sg><mg:sg class="U">syncType)<mg:s/></mg:sg><mg:sg class="U">=<mg:s/>0;<mg:cr/><mg:lf/></mg:sg></mg:ln>
<mg:ln file="2" number="104" class="UU"><mg:sg class="UU"><mg:s/><mg:s/><mg:s/><mg:s/><mg:s/><mg:s/><mg:s/><mg:s/>vi</mg:sg><mg:sg class="UU">rtual<mg:s/>FMOD</mg:sg><mg:sg class="UU">_RESULT<mg:s/>Sy</mg:sg><mg:sg class="UU">ncBuffer(G</mg:sg><mg:sg class="UU">puComputeB</mg:sg><mg:sg class="UU">uffer*<mg:s/>buf</mg:sg><mg:sg class="UU">fer,<mg:s/>Buffe</mg:sg><mg:sg class="UU">rSyncType<mg:s/></mg:sg><mg:sg class="UU">syncType)<mg:s/></mg:sg><mg:sg class="UU">=<mg:s/>0;<mg:cr/><mg:lf/></mg:sg></mg:ln>
<mg:ln file="3" number="98" class="U"><mg:sg class="U"><mg:s/><mg:s/><mg:s/><mg:s/><mg:s/><mg:s/><mg:s/><mg:s/>vi</mg:sg><mg:sg class="U">rtual<mg:s/>FMOD</mg:sg><mg:sg class="U">_RESULT<mg:s/>Sy</mg:sg><mg:sg class="U">ncBuffer(G</mg:sg><mg:sg class="U">puComputeB</mg:sg><mg:sg class="U">uffer*<mg:s/>buf</mg:sg><mg:sg class="U">fer,<mg:s/>Buffe</mg:sg><mg:sg class="U">rSyncType<mg:s/></mg:sg><mg:sg class="U">syncType)<mg:s/></mg:sg><mg:sg class="U">=<mg:s/>0;<mg:cr/><mg:lf/></mg:sg></mg:ln>
</mg:row>
<mg:row>
<mg:ln file="1" number="99" class="U"><mg:sg class="U"><mg:s/><mg:s/><mg:s/><mg:s/><mg:s/><mg:s/><mg:s/><mg:s/>vi</mg:sg><mg:sg class="U">rtual<mg:s/>FMOD</mg:sg><mg:sg class="U">_RESULT<mg:s/>Co</mg:sg><mg:sg class="U">pyToStagin</mg:sg><mg:sg class="U">gBuffer(Gp</mg:sg><mg:sg class="U">uComputeBu</mg:sg><mg:sg class="U">ffer*<mg:s/>dst,</mg:sg><mg:sg class="U"><mg:s/>int<mg:s/>dstOf</mg:sg><mg:sg class="U">fset,<mg:s/>GpuC</mg:sg><mg:sg class="U">omputeBuff</mg:sg><mg:sg class="U">er*<mg:s/>src,<mg:s/>i</mg:sg><mg:sg class="U">nt<mg:s/>srcOffs</mg:sg><mg:sg class="U">et,<mg:s/>int<mg:s/>co</mg:sg><mg:sg class="U">unt)<mg:s/>=<mg:s/>0;<mg:cr/></mg:sg><mg:sg class="U"><mg:lf/></mg:sg></mg:ln>
<mg:ln file="2" number="105" class="UU"><mg:sg class="UU"><mg:s/><mg:s/><mg:s/><mg:s/><mg:s/><mg:s/><mg:s/><mg:s/>vi</mg:sg><mg:sg class="UU">rtual<mg:s/>FMOD</mg:sg><mg:sg class="UU">_RESULT<mg:s/>Co</mg:sg><mg:sg class="UU">pyToStagin</mg:sg><mg:sg class="UU">gBuffer(Gp</mg:sg><mg:sg class="UU">uComputeBu</mg:sg><mg:sg class="UU">ffer*<mg:s/>dst,</mg:sg><mg:sg class="UU"><mg:s/>int<mg:s/>dstOf</mg:sg><mg:sg class="UU">fset,<mg:s/>GpuC</mg:sg><mg:sg class="UU">omputeBuff</mg:sg><mg:sg class="UU">er*<mg:s/>src,<mg:s/>i</mg:sg><mg:sg class="UU">nt<mg:s/>srcOffs</mg:sg><mg:sg class="UU">et,<mg:s/>int<mg:s/>co</mg:sg><mg:sg class="UU">unt)<mg:s/>=<mg:s/>0;<mg:cr/></mg:sg><mg:sg class="UU"><mg:lf/></mg:sg></mg:ln>
<mg:ln file="3" number="99" class="U"><mg:sg class="U"><mg:s/><mg:s/><mg:s/><mg:s/><mg:s/><mg:s/><mg:s/><mg:s/>vi</mg:sg><mg:sg class="U">rtual<mg:s/>FMOD</mg:sg><mg:sg class="U">_RESULT<mg:s/>Co</mg:sg><mg:sg class="U">pyToStagin</mg:sg><mg:sg class="U">gBuffer(Gp</mg:sg><mg:sg class="U">uComputeBu</mg:sg><mg:sg class="U">ffer*<mg:s/>dst,</mg:sg><mg:sg class="U"><mg:s/>int<mg:s/>dstOf</mg:sg><mg:sg class="U">fset,<mg:s/>GpuC</mg:sg><mg:sg class="U">omputeBuff</mg:sg><mg:sg class="U">er*<mg:s/>src,<mg:s/>i</mg:sg><mg:sg class="U">nt<mg:s/>srcOffs</mg:sg><mg:sg class="U">et,<mg:s/>int<mg:s/>co</mg:sg><mg:sg class="U">unt)<mg:s/>=<mg:s/>0;<mg:cr/></mg:sg><mg:sg class="U"><mg:lf/></mg:sg></mg:ln>
</mg:row>
<mg:row>
<mg:ln file="1" number="100" class="U"><mg:sg class="U"><mg:s/><mg:s/><mg:s/><mg:s/><mg:s/><mg:s/><mg:s/><mg:s/>vi</mg:sg><mg:sg class="U">rtual<mg:s/>FMOD</mg:sg><mg:sg class="U">_RESULT<mg:s/>Cl</mg:sg><mg:sg class="U">earBuffer(</mg:sg><mg:sg class="U">GpuCompute</mg:sg><mg:sg class="U">Buffer*<mg:s/>bu</mg:sg><mg:sg class="U">ffer)<mg:s/>=<mg:s/>0;</mg:sg><mg:sg class="U"><mg:cr/><mg:lf/></mg:sg></mg:ln>
<mg:ln file="2" number="106" class="UU"><mg:sg class="UU"><mg:s/><mg:s/><mg:s/><mg:s/><mg:s/><mg:s/><mg:s/><mg:s/>vi</mg:sg><mg:sg class="UU">rtual<mg:s/>FMOD</mg:sg><mg:sg class="UU">_RESULT<mg:s/>Cl</mg:sg><mg:sg class="UU">earBuffer(</mg:sg><mg:sg class="UU">GpuCompute</mg:sg><mg:sg class="UU">Buffer*<mg:s/>bu</mg:sg><mg:sg class="UU">ffer)<mg:s/>=<mg:s/>0;</mg:sg><mg:sg class="UU"><mg:cr/><mg:lf/></mg:sg></mg:ln>
<mg:ln file="3" number="100" class="U"><mg:sg class="U"><mg:s/><mg:s/><mg:s/><mg:s/><mg:s/><mg:s/><mg:s/><mg:s/>vi</mg:sg><mg:sg class="U">rtual<mg:s/>FMOD</mg:sg><mg:sg class="U">_RESULT<mg:s/>Cl</mg:sg><mg:sg class="U">earBuffer(</mg:sg><mg:sg class="U">GpuCompute</mg:sg><mg:sg class="U">Buffer*<mg:s/>bu</mg:sg><mg:sg class="U">ffer)<mg:s/>=<mg:s/>0;</mg:sg><mg:sg class="U"><mg:cr/><mg:lf/></mg:sg></mg:ln>
</mg:row>
<mg:row>
<mg:ln file="1" number="101" class="U"><mg:sg class="U"><mg:s/><mg:s/><mg:s/><mg:s/><mg:s/><mg:s/><mg:s/><mg:s/>vi</mg:sg><mg:sg class="U">rtual<mg:s/>FMOD</mg:sg><mg:sg class="U">_RESULT<mg:s/>Fl</mg:sg><mg:sg class="U">ush()<mg:s/>=<mg:s/>0;</mg:sg><mg:sg class="U"><mg:cr/><mg:lf/></mg:sg></mg:ln>
<mg:ln file="2" number="107" class="UU"><mg:sg class="UU"><mg:s/><mg:s/><mg:s/><mg:s/><mg:s/><mg:s/><mg:s/><mg:s/>vi</mg:sg><mg:sg class="UU">rtual<mg:s/>FMOD</mg:sg><mg:sg class="UU">_RESULT<mg:s/>Fl</mg:sg><mg:sg class="UU">ush()<mg:s/>=<mg:s/>0;</mg:sg><mg:sg class="UU"><mg:cr/><mg:lf/></mg:sg></mg:ln>
<mg:ln file="3" number="101" class="U"><mg:sg class="U"><mg:s/><mg:s/><mg:s/><mg:s/><mg:s/><mg:s/><mg:s/><mg:s/>vi</mg:sg><mg:sg class="U">rtual<mg:s/>FMOD</mg:sg><mg:sg class="U">_RESULT<mg:s/>Fl</mg:sg><mg:sg class="U">ush()<mg:s/>=<mg:s/>0;</mg:sg><mg:sg class="U"><mg:cr/><mg:lf/></mg:sg></mg:ln>
</mg:row>
<mg:row>
<mg:ln file="1" number="102" class="U"><mg:sg class="U"><mg:s/><mg:s/><mg:s/><mg:s/><mg:s/><mg:s/><mg:s/><mg:s/>vi</mg:sg><mg:sg class="U">rtual<mg:s/>FMOD</mg:sg><mg:sg class="U">_RESULT<mg:s/>Sy</mg:sg><mg:sg class="U">ncToFrame(</mg:sg><mg:sg class="U">FMOD_UINT6</mg:sg><mg:sg class="U">4<mg:s/>frame)<mg:s/>=</mg:sg><mg:sg class="U"><mg:s/>0;<mg:cr/><mg:lf/></mg:sg></mg:ln>
<mg:ln file="2" number="108" class="UU"><mg:sg class="UU"><mg:s/><mg:s/><mg:s/><mg:s/><mg:s/><mg:s/><mg:s/><mg:s/>vi</mg:sg><mg:sg class="UU">rtual<mg:s/>FMOD</mg:sg><mg:sg class="UU">_RESULT<mg:s/>Sy</mg:sg><mg:sg class="UU">ncToFrame(</mg:sg><mg:sg class="UU">FMOD_UINT6</mg:sg><mg:sg class="UU">4<mg:s/>frame)<mg:s/>=</mg:sg><mg:sg class="UU"><mg:s/>0;<mg:cr/><mg:lf/></mg:sg></mg:ln>
<mg:ln file="3" number="102" class="U"><mg:sg class="U"><mg:s/><mg:s/><mg:s/><mg:s/><mg:s/><mg:s/><mg:s/><mg:s/>vi</mg:sg><mg:sg class="U">rtual<mg:s/>FMOD</mg:sg><mg:sg class="U">_RESULT<mg:s/>Sy</mg:sg><mg:sg class="U">ncToFrame(</mg:sg><mg:sg class="U">FMOD_UINT6</mg:sg><mg:sg class="U">4<mg:s/>frame)<mg:s/>=</mg:sg><mg:sg class="U"><mg:s/>0;<mg:cr/><mg:lf/></mg:sg></mg:ln>
</mg:row>
<mg:row>
<mg:ln file="1" number="103" class="U"><mg:sg class="U"><mg:s/><mg:s/><mg:s/><mg:s/><mg:s/><mg:s/><mg:s/><mg:s/>vi</mg:sg><mg:sg class="U">rtual<mg:s/>FMOD</mg:sg><mg:sg class="U">_UINT64<mg:s/>Ge</mg:sg><mg:sg class="U">tCurrentFr</mg:sg><mg:sg class="U">ame()<mg:s/>=<mg:s/>0;</mg:sg><mg:sg class="U"><mg:cr/><mg:lf/></mg:sg></mg:ln>
<mg:ln file="2" number="109" class="UU"><mg:sg class="UU"><mg:s/><mg:s/><mg:s/><mg:s/><mg:s/><mg:s/><mg:s/><mg:s/>vi</mg:sg><mg:sg class="UU">rtual<mg:s/>FMOD</mg:sg><mg:sg class="UU">_UINT64<mg:s/>Ge</mg:sg><mg:sg class="UU">tCurrentFr</mg:sg><mg:sg class="UU">ame()<mg:s/>=<mg:s/>0;</mg:sg><mg:sg class="UU"><mg:cr/><mg:lf/></mg:sg></mg:ln>
<mg:ln file="3" number="103" class="U"><mg:sg class="U"><mg:s/><mg:s/><mg:s/><mg:s/><mg:s/><mg:s/><mg:s/><mg:s/>vi</mg:sg><mg:sg class="U">rtual<mg:s/>FMOD</mg:sg><mg:sg class="U">_UINT64<mg:s/>Ge</mg:sg><mg:sg class="U">tCurrentFr</mg:sg><mg:sg class="U">ame()<mg:s/>=<mg:s/>0;</mg:sg><mg:sg class="U"><mg:cr/><mg:lf/></mg:sg></mg:ln>
</mg:row>
<mg:row>
<mg:ln file="1" number="104" class="U"><mg:sg class="U"><mg:s/><mg:s/><mg:s/><mg:s/>};<mg:cr/><mg:lf/></mg:sg></mg:ln>
<mg:ln file="2" number="110" class="UU"><mg:sg class="UU"><mg:s/><mg:s/><mg:s/><mg:s/>};<mg:cr/><mg:lf/></mg:sg></mg:ln>
<mg:ln file="3" number="104" class="U"><mg:sg class="U"><mg:s/><mg:s/><mg:s/><mg:s/>};<mg:cr/><mg:lf/></mg:sg></mg:ln>
</mg:row>
<mg:row>
<mg:ln file="1" number="105" class="U"><mg:sg class="U">}<mg:cr/><mg:lf/></mg:sg></mg:ln>
<mg:ln file="2" number="111" class="UU"><mg:sg class="UU">}<mg:cr/><mg:lf/></mg:sg></mg:ln>
<mg:ln file="3" number="105" class="U"><mg:sg class="U">}<mg:cr/><mg:lf/></mg:sg></mg:ln>
</mg:row>
<mg:row>
<mg:ln file="1" number="106" class="U"><mg:sg class="U"><mg:cr/><mg:lf/></mg:sg></mg:ln>
<mg:ln file="2" number="112" class="UU"><mg:sg class="UU"><mg:cr/><mg:lf/></mg:sg></mg:ln>
<mg:ln file="3" number="106" class="U"><mg:sg class="U"><mg:cr/><mg:lf/></mg:sg></mg:ln>
</mg:row>
<mg:row>
<mg:ln file="1" number="107" class="U"><mg:sg class="U">#endif<mg:s/>//<mg:s/></mg:sg><mg:sg class="U">#ifndef<mg:s/>_F</mg:sg><mg:sg class="U">MOD_GPU_CO</mg:sg><mg:sg class="U">MPUTE_H</mg:sg></mg:ln>
<mg:ln file="2" number="113" class="UU"><mg:sg class="UU">#endif<mg:s/>//<mg:s/></mg:sg><mg:sg class="UU">#ifndef<mg:s/>_F</mg:sg><mg:sg class="UU">MOD_GPU_CO</mg:sg><mg:sg class="UU">MPUTE_H</mg:sg></mg:ln>
<mg:ln file="3" number="107" class="U"><mg:sg class="U">#endif<mg:s/>//<mg:s/></mg:sg><mg:sg class="U">#ifndef<mg:s/>_F</mg:sg><mg:sg class="U">MOD_GPU_CO</mg:sg><mg:sg class="U">MPUTE_H</mg:sg></mg:ln>
</mg:row>
</mg:rowGroup>
</mg:rowData>
</mg:report>
