﻿<?xml version="1.0" encoding="UTF-8" ?>

<mg:report version="1.0" xmlns:mg="http://www.araxis.com/2002/Merge/Reporting" type="FileComparison">
<mg:metaData>
  <mg:title>Araxis Merge File Comparison Report</mg:title>
  <mg:id show="true">1150</mg:id>
  <mg:date>2019/4/19 20:25:41</mg:date>
<mg:options>
<mg:option name="clIgnoreDifferencesInWhitespaceAtTheStartOfLines">0</mg:option>
<mg:option name="clIgnoreDifferencesInWhitespaceAtTheEndOfLines">0</mg:option>
<mg:option name="clTreatConsecutiveWhitespaceAsASingleSpace">1</mg:option>
<mg:option name="clIgnoreAllDifferencesInWhitespace">0</mg:option>
<mg:option name="clWhitespaceSignificant">0</mg:option>
<mg:option name="clIgnoreCase">0</mg:option>
<mg:option name="clIgnoreLineEndings">1</mg:option>
<mg:option name="clHideCRLF">1</mg:option>
<mg:option name="clShowLineNums">1</mg:option>
<mg:option name="clShowOmittedLinesRow">0</mg:option>

<mg:regexps>
<mg:regexp enabled="false">
<mg:expression>^[ \t]*$</mg:expression>
<mg:description>Blank lines</mg:description>
</mg:regexp>
<mg:regexp enabled="false">
<mg:expression>[ \t]*//[^&quot;]*$</mg:expression>
<mg:description>C++ comments</mg:description>
</mg:regexp>
<mg:regexp enabled="false">
<mg:expression>^[ \t]*//.*\$(Date|Archive|Author|Header|JustDate|Modtime|Revision|Workfile):.*\$.*$</mg:expression>
<mg:description>SourceSafe comments</mg:description>
</mg:regexp>
<mg:regexp enabled="false">
<mg:expression>^[ \t]*//(:(Header|Source):|.*Generated.*Genitor).*\$</mg:expression>
<mg:description>Genitor comments</mg:description>
</mg:regexp>
<mg:regexp enabled="false">
<mg:expression>\$(Archive|Author|Date|Header|JustDate|Logfile|Modtime|Revision|Workfile):[^$]*\$</mg:expression>
<mg:description>SourceSafe keywords</mg:description>
</mg:regexp>
<mg:regexp enabled="false">
<mg:expression>^[ \t]*'.*$</mg:expression>
<mg:description>Visual Basic comments</mg:description>
</mg:regexp>
<mg:regexp enabled="false">
<mg:expression>\$(Author|Date|Header|Id|Locker|Name|RCSfile|Revision|Source|State):[^$]*\$</mg:expression>
<mg:description>CVS comments</mg:description>
</mg:regexp>
<mg:regexp enabled="false">
<mg:expression>\$(ACident|ACheader|AClog|ACpart|ACversion|Author|Date|Header|Line|Locker|Log|Revision|Smsfile|Smspath|Today|Vcfile|Vcpath|Workfile):?[^$]*\$</mg:expression>
<mg:description>AllChange keywords</mg:description>
</mg:regexp>
<mg:regexp enabled="false">
<mg:expression></mg:expression>
<mg:description></mg:description>
</mg:regexp>
<mg:regexp enabled="false">
<mg:expression></mg:expression>
<mg:description></mg:description>
</mg:regexp>
</mg:regexps>
</mg:options>
<mg:fileDetails file="1">
  <mg:name>WebViewJavascriptBridgeBase.h</mg:name>
  <mg:title></mg:title>
  <mg:location>E:\MA75\Branch_20190409\Prototypes\Sky\Sky\iphoneos\Netease\WebViewJavascriptBridge</mg:location>
  <mg:lastModified>Fri Apr 19 11:03:08 2019 UTC</mg:lastModified>
</mg:fileDetails>
<mg:fileDetails file="2">
  <mg:name></mg:name>
  <mg:title></mg:title>
  <mg:location></mg:location>
  <mg:lastModified>Fri Apr 19 12:25:41 2019 UTC</mg:lastModified>
</mg:fileDetails>
<mg:fileDetails file="3">
  <mg:name></mg:name>
  <mg:title></mg:title>
  <mg:location></mg:location>
  <mg:lastModified>Fri Apr 19 12:25:41 2019 UTC</mg:lastModified>
</mg:fileDetails>
<mg:changeSummaries>
  <mg:changeSummary files="1,2">
	  <mg:changeCount type="unchanged" blocks1="0" blocks2="0" blocks="0" lines1="0" lines2="0" lines="0" />
	  <mg:changeCount type="removed" blocks1="1" blocks2="0" blocks="1" lines1="46" lines2="0" lines="46" />
	  <mg:changeCount type="inserted" blocks1="0" blocks2="0" blocks="0" lines1="0" lines2="0" lines="0" />
	  <mg:changeCount type="changed" blocks1="0" blocks2="0" blocks="0" lines1="0" lines2="0" lines="0" />
  </mg:changeSummary>
<mg:changeSummary files="2,3">
	  <mg:changeCount type="unchanged" blocks1="0" blocks2="0" blocks="0" lines1="0" lines2="0" lines="0" />
	  <mg:changeCount type="removed" blocks1="0" blocks2="0" blocks="0" lines1="0" lines2="0" lines="0" />
	  <mg:changeCount type="inserted" blocks1="0" blocks2="0" blocks="0" lines1="0" lines2="0" lines="0" />
	  <mg:changeCount type="changed" blocks1="0" blocks2="0" blocks="0" lines1="0" lines2="0" lines="0" />
  </mg:changeSummary>
<mg:changeSummary files="1,2,3"><mg:changeCount type="removed" blocks="0" lines="0"/><mg:changeCount type="inserted" blocks="1" lines="46"/><mg:changeCount type="changed" blocks="0" lines="0"/><mg:changeCount type="conflicts" count="0"/></mg:changeSummary></mg:changeSummaries>
		<mg:classes file="1">
<mg:class name="U">
<mg:cssAttribute name="color">#000000</mg:cssAttribute>
<mg:cssAttribute name="background-color">#FFFFFF</mg:cssAttribute>
<mg:cssAttribute name="font-family">Consolas</mg:cssAttribute>
<mg:cssAttribute name="font-weight">normal</mg:cssAttribute>
<mg:cssAttribute name="font-style">normal</mg:cssAttribute>
<mg:cssAttribute name="font-size">9pt</mg:cssAttribute>
<mg:cssAttribute name="text-decoration">none</mg:cssAttribute>
</mg:class>
<mg:class name="R">
<mg:cssAttribute name="color">#800000</mg:cssAttribute>
<mg:cssAttribute name="background-color">#F3E6D8</mg:cssAttribute>
<mg:cssAttribute name="font-family">Consolas</mg:cssAttribute>
<mg:cssAttribute name="font-weight">normal</mg:cssAttribute>
<mg:cssAttribute name="font-style">normal</mg:cssAttribute>
<mg:cssAttribute name="font-size">9pt</mg:cssAttribute>
<mg:cssAttribute name="text-decoration">none</mg:cssAttribute>
</mg:class>
<mg:class name="I">
<mg:cssAttribute name="color">#800000</mg:cssAttribute>
<mg:cssAttribute name="background-color">#D1E8CF</mg:cssAttribute>
<mg:cssAttribute name="font-family">Consolas</mg:cssAttribute>
<mg:cssAttribute name="font-weight">normal</mg:cssAttribute>
<mg:cssAttribute name="font-style">normal</mg:cssAttribute>
<mg:cssAttribute name="font-size">9pt</mg:cssAttribute>
<mg:cssAttribute name="text-decoration">none</mg:cssAttribute>
</mg:class>
<mg:class name="C">
<mg:cssAttribute name="color">#800000</mg:cssAttribute>
<mg:cssAttribute name="background-color">#DACDE6</mg:cssAttribute>
<mg:cssAttribute name="font-family">Consolas</mg:cssAttribute>
<mg:cssAttribute name="font-weight">normal</mg:cssAttribute>
<mg:cssAttribute name="font-style">normal</mg:cssAttribute>
<mg:cssAttribute name="font-size">9pt</mg:cssAttribute>
<mg:cssAttribute name="text-decoration">none</mg:cssAttribute>
</mg:class>
		</mg:classes>
		<mg:classes file="2">
<mg:class name="UU">
<mg:cssAttribute name="color">#000000</mg:cssAttribute>
<mg:cssAttribute name="background-color">#FFFFFF</mg:cssAttribute>
<mg:cssAttribute name="font-family">Consolas</mg:cssAttribute>
<mg:cssAttribute name="font-weight">normal</mg:cssAttribute>
<mg:cssAttribute name="font-style">normal</mg:cssAttribute>
<mg:cssAttribute name="font-size">9pt</mg:cssAttribute>
<mg:cssAttribute name="text-decoration">none</mg:cssAttribute>
</mg:class>
<mg:class name="UR">
<mg:cssAttribute name="color">#400000</mg:cssAttribute>
<mg:cssAttribute name="background-color">#F9F2EB</mg:cssAttribute>
<mg:cssAttribute name="font-family">Consolas</mg:cssAttribute>
<mg:cssAttribute name="font-weight">normal</mg:cssAttribute>
<mg:cssAttribute name="font-style">normal</mg:cssAttribute>
<mg:cssAttribute name="font-size">9pt</mg:cssAttribute>
<mg:cssAttribute name="text-decoration">none</mg:cssAttribute>
</mg:class>
<mg:class name="UI">
<mg:cssAttribute name="color">#400000</mg:cssAttribute>
<mg:cssAttribute name="background-color">#E8F3E7</mg:cssAttribute>
<mg:cssAttribute name="font-family">Consolas</mg:cssAttribute>
<mg:cssAttribute name="font-weight">normal</mg:cssAttribute>
<mg:cssAttribute name="font-style">normal</mg:cssAttribute>
<mg:cssAttribute name="font-size">9pt</mg:cssAttribute>
<mg:cssAttribute name="text-decoration">none</mg:cssAttribute>
</mg:class>
<mg:class name="UC">
<mg:cssAttribute name="color">#400000</mg:cssAttribute>
<mg:cssAttribute name="background-color">#ECE6F2</mg:cssAttribute>
<mg:cssAttribute name="font-family">Consolas</mg:cssAttribute>
<mg:cssAttribute name="font-weight">normal</mg:cssAttribute>
<mg:cssAttribute name="font-style">normal</mg:cssAttribute>
<mg:cssAttribute name="font-size">9pt</mg:cssAttribute>
<mg:cssAttribute name="text-decoration">none</mg:cssAttribute>
</mg:class>
<mg:class name="RU">
<mg:cssAttribute name="color">#400000</mg:cssAttribute>
<mg:cssAttribute name="background-color">#F9F2EB</mg:cssAttribute>
<mg:cssAttribute name="font-family">Consolas</mg:cssAttribute>
<mg:cssAttribute name="font-weight">normal</mg:cssAttribute>
<mg:cssAttribute name="font-style">normal</mg:cssAttribute>
<mg:cssAttribute name="font-size">9pt</mg:cssAttribute>
<mg:cssAttribute name="text-decoration">none</mg:cssAttribute>
</mg:class>
<mg:class name="RR">
<mg:cssAttribute name="color">#800000</mg:cssAttribute>
<mg:cssAttribute name="background-color">#F3E6D8</mg:cssAttribute>
<mg:cssAttribute name="font-family">Consolas</mg:cssAttribute>
<mg:cssAttribute name="font-weight">normal</mg:cssAttribute>
<mg:cssAttribute name="font-style">normal</mg:cssAttribute>
<mg:cssAttribute name="font-size">9pt</mg:cssAttribute>
<mg:cssAttribute name="text-decoration">none</mg:cssAttribute>
</mg:class>
<mg:class name="RI">
<mg:cssAttribute name="color">#800000</mg:cssAttribute>
<mg:cssAttribute name="background-color">#E2E7D3</mg:cssAttribute>
<mg:cssAttribute name="font-family">Consolas</mg:cssAttribute>
<mg:cssAttribute name="font-weight">normal</mg:cssAttribute>
<mg:cssAttribute name="font-style">normal</mg:cssAttribute>
<mg:cssAttribute name="font-size">9pt</mg:cssAttribute>
<mg:cssAttribute name="text-decoration">none</mg:cssAttribute>
</mg:class>
<mg:class name="RC">
<mg:cssAttribute name="color">#800000</mg:cssAttribute>
<mg:cssAttribute name="background-color">#E6D9DF</mg:cssAttribute>
<mg:cssAttribute name="font-family">Consolas</mg:cssAttribute>
<mg:cssAttribute name="font-weight">normal</mg:cssAttribute>
<mg:cssAttribute name="font-style">normal</mg:cssAttribute>
<mg:cssAttribute name="font-size">9pt</mg:cssAttribute>
<mg:cssAttribute name="text-decoration">none</mg:cssAttribute>
</mg:class>
<mg:class name="IU">
<mg:cssAttribute name="color">#400000</mg:cssAttribute>
<mg:cssAttribute name="background-color">#E8F3E7</mg:cssAttribute>
<mg:cssAttribute name="font-family">Consolas</mg:cssAttribute>
<mg:cssAttribute name="font-weight">normal</mg:cssAttribute>
<mg:cssAttribute name="font-style">normal</mg:cssAttribute>
<mg:cssAttribute name="font-size">9pt</mg:cssAttribute>
<mg:cssAttribute name="text-decoration">none</mg:cssAttribute>
</mg:class>
<mg:class name="IR">
<mg:cssAttribute name="color">#800000</mg:cssAttribute>
<mg:cssAttribute name="background-color">#E2E7D3</mg:cssAttribute>
<mg:cssAttribute name="font-family">Consolas</mg:cssAttribute>
<mg:cssAttribute name="font-weight">normal</mg:cssAttribute>
<mg:cssAttribute name="font-style">normal</mg:cssAttribute>
<mg:cssAttribute name="font-size">9pt</mg:cssAttribute>
<mg:cssAttribute name="text-decoration">none</mg:cssAttribute>
</mg:class>
<mg:class name="II">
<mg:cssAttribute name="color">#800000</mg:cssAttribute>
<mg:cssAttribute name="background-color">#D1E8CF</mg:cssAttribute>
<mg:cssAttribute name="font-family">Consolas</mg:cssAttribute>
<mg:cssAttribute name="font-weight">normal</mg:cssAttribute>
<mg:cssAttribute name="font-style">normal</mg:cssAttribute>
<mg:cssAttribute name="font-size">9pt</mg:cssAttribute>
<mg:cssAttribute name="text-decoration">none</mg:cssAttribute>
</mg:class>
<mg:class name="IC">
<mg:cssAttribute name="color">#800000</mg:cssAttribute>
<mg:cssAttribute name="background-color">#D5DADA</mg:cssAttribute>
<mg:cssAttribute name="font-family">Consolas</mg:cssAttribute>
<mg:cssAttribute name="font-weight">normal</mg:cssAttribute>
<mg:cssAttribute name="font-style">normal</mg:cssAttribute>
<mg:cssAttribute name="font-size">9pt</mg:cssAttribute>
<mg:cssAttribute name="text-decoration">none</mg:cssAttribute>
</mg:class>
<mg:class name="CU">
<mg:cssAttribute name="color">#400000</mg:cssAttribute>
<mg:cssAttribute name="background-color">#ECE6F2</mg:cssAttribute>
<mg:cssAttribute name="font-family">Consolas</mg:cssAttribute>
<mg:cssAttribute name="font-weight">normal</mg:cssAttribute>
<mg:cssAttribute name="font-style">normal</mg:cssAttribute>
<mg:cssAttribute name="font-size">9pt</mg:cssAttribute>
<mg:cssAttribute name="text-decoration">none</mg:cssAttribute>
</mg:class>
<mg:class name="CR">
<mg:cssAttribute name="color">#800000</mg:cssAttribute>
<mg:cssAttribute name="background-color">#E6D9DF</mg:cssAttribute>
<mg:cssAttribute name="font-family">Consolas</mg:cssAttribute>
<mg:cssAttribute name="font-weight">normal</mg:cssAttribute>
<mg:cssAttribute name="font-style">normal</mg:cssAttribute>
<mg:cssAttribute name="font-size">9pt</mg:cssAttribute>
<mg:cssAttribute name="text-decoration">none</mg:cssAttribute>
</mg:class>
<mg:class name="CI">
<mg:cssAttribute name="color">#800000</mg:cssAttribute>
<mg:cssAttribute name="background-color">#D5DADA</mg:cssAttribute>
<mg:cssAttribute name="font-family">Consolas</mg:cssAttribute>
<mg:cssAttribute name="font-weight">normal</mg:cssAttribute>
<mg:cssAttribute name="font-style">normal</mg:cssAttribute>
<mg:cssAttribute name="font-size">9pt</mg:cssAttribute>
<mg:cssAttribute name="text-decoration">none</mg:cssAttribute>
</mg:class>
<mg:class name="CC">
<mg:cssAttribute name="color">#800000</mg:cssAttribute>
<mg:cssAttribute name="background-color">#DACDE6</mg:cssAttribute>
<mg:cssAttribute name="font-family">Consolas</mg:cssAttribute>
<mg:cssAttribute name="font-weight">normal</mg:cssAttribute>
<mg:cssAttribute name="font-style">normal</mg:cssAttribute>
<mg:cssAttribute name="font-size">9pt</mg:cssAttribute>
<mg:cssAttribute name="text-decoration">none</mg:cssAttribute>
</mg:class>
		</mg:classes>
		<mg:classes file="3">
<mg:class name="U">
<mg:cssAttribute name="color">#000000</mg:cssAttribute>
<mg:cssAttribute name="background-color">#FFFFFF</mg:cssAttribute>
<mg:cssAttribute name="font-family">Consolas</mg:cssAttribute>
<mg:cssAttribute name="font-weight">normal</mg:cssAttribute>
<mg:cssAttribute name="font-style">normal</mg:cssAttribute>
<mg:cssAttribute name="font-size">9pt</mg:cssAttribute>
<mg:cssAttribute name="text-decoration">none</mg:cssAttribute>
</mg:class>
<mg:class name="R">
<mg:cssAttribute name="color">#800000</mg:cssAttribute>
<mg:cssAttribute name="background-color">#F3E6D8</mg:cssAttribute>
<mg:cssAttribute name="font-family">Consolas</mg:cssAttribute>
<mg:cssAttribute name="font-weight">normal</mg:cssAttribute>
<mg:cssAttribute name="font-style">normal</mg:cssAttribute>
<mg:cssAttribute name="font-size">9pt</mg:cssAttribute>
<mg:cssAttribute name="text-decoration">none</mg:cssAttribute>
</mg:class>
<mg:class name="I">
<mg:cssAttribute name="color">#800000</mg:cssAttribute>
<mg:cssAttribute name="background-color">#D1E8CF</mg:cssAttribute>
<mg:cssAttribute name="font-family">Consolas</mg:cssAttribute>
<mg:cssAttribute name="font-weight">normal</mg:cssAttribute>
<mg:cssAttribute name="font-style">normal</mg:cssAttribute>
<mg:cssAttribute name="font-size">9pt</mg:cssAttribute>
<mg:cssAttribute name="text-decoration">none</mg:cssAttribute>
</mg:class>
<mg:class name="C">
<mg:cssAttribute name="color">#800000</mg:cssAttribute>
<mg:cssAttribute name="background-color">#DACDE6</mg:cssAttribute>
<mg:cssAttribute name="font-family">Consolas</mg:cssAttribute>
<mg:cssAttribute name="font-weight">normal</mg:cssAttribute>
<mg:cssAttribute name="font-style">normal</mg:cssAttribute>
<mg:cssAttribute name="font-size">9pt</mg:cssAttribute>
<mg:cssAttribute name="text-decoration">none</mg:cssAttribute>
</mg:class>
		</mg:classes>
</mg:metaData>
<mg:rowData>
<mg:rowGroup>
<mg:row>
<mg:ln file="1" number="1" class="R"><mg:sg class="R">//<mg:lf/></mg:sg></mg:ln>
</mg:row>
<mg:row>
<mg:ln file="1" number="2" class="R"><mg:sg class="R">//<mg:s/><mg:s/>WebVie</mg:sg><mg:sg class="R">wJavascrip</mg:sg><mg:sg class="R">tBridgeBas</mg:sg><mg:sg class="R">e.h<mg:lf/></mg:sg></mg:ln>
</mg:row>
<mg:row>
<mg:ln file="1" number="3" class="R"><mg:sg class="R">//<mg:lf/></mg:sg></mg:ln>
</mg:row>
<mg:row>
<mg:ln file="1" number="4" class="R"><mg:sg class="R">//<mg:s/><mg:s/>Create</mg:sg><mg:sg class="R">d<mg:s/>by<mg:s/>@Loki</mg:sg><mg:sg class="R">Meyburg<mg:s/>on</mg:sg><mg:sg class="R"><mg:s/>10/15/14.</mg:sg><mg:sg class="R"><mg:lf/></mg:sg></mg:ln>
</mg:row>
<mg:row>
<mg:ln file="1" number="5" class="R"><mg:sg class="R">//<mg:s/><mg:s/>Copyri</mg:sg><mg:sg class="R">ght<mg:s/>(c)<mg:s/>20</mg:sg><mg:sg class="R">14<mg:s/>@LokiMe</mg:sg><mg:sg class="R">yburg.<mg:s/>All</mg:sg><mg:sg class="R"><mg:s/>rights<mg:s/>re</mg:sg><mg:sg class="R">served.<mg:lf/></mg:sg></mg:ln>
</mg:row>
<mg:row>
<mg:ln file="1" number="6" class="R"><mg:sg class="R">//<mg:lf/></mg:sg></mg:ln>
</mg:row>
<mg:row>
<mg:ln file="1" number="7" class="R"><mg:sg class="R"><mg:lf/></mg:sg></mg:ln>
</mg:row>
<mg:row>
<mg:ln file="1" number="8" class="R"><mg:sg class="R">#import<mg:s/>&lt;F</mg:sg><mg:sg class="R">oundation/</mg:sg><mg:sg class="R">Foundation</mg:sg><mg:sg class="R">.h&gt;<mg:lf/></mg:sg></mg:ln>
</mg:row>
<mg:row>
<mg:ln file="1" number="9" class="R"><mg:sg class="R"><mg:lf/></mg:sg></mg:ln>
</mg:row>
<mg:row>
<mg:ln file="1" number="10" class="R"><mg:sg class="R">#define<mg:s/>kO</mg:sg><mg:sg class="R">ldProtocol</mg:sg><mg:sg class="R">Scheme<mg:s/>@&quot;w</mg:sg><mg:sg class="R">vjbscheme&quot;</mg:sg><mg:sg class="R"><mg:lf/></mg:sg></mg:ln>
</mg:row>
<mg:row>
<mg:ln file="1" number="11" class="R"><mg:sg class="R">#define<mg:s/>kN</mg:sg><mg:sg class="R">ewProtocol</mg:sg><mg:sg class="R">Scheme<mg:s/>@&quot;h</mg:sg><mg:sg class="R">ttps&quot;<mg:lf/></mg:sg></mg:ln>
</mg:row>
<mg:row>
<mg:ln file="1" number="12" class="R"><mg:sg class="R">#define<mg:s/>kQ</mg:sg><mg:sg class="R">ueueHasMes</mg:sg><mg:sg class="R">sage<mg:s/><mg:s/><mg:s/>@&quot;_</mg:sg><mg:sg class="R">_wvjb_queu</mg:sg><mg:sg class="R">e_message_</mg:sg><mg:sg class="R">_&quot;<mg:lf/></mg:sg></mg:ln>
</mg:row>
<mg:row>
<mg:ln file="1" number="13" class="R"><mg:sg class="R">#define<mg:s/>kB</mg:sg><mg:sg class="R">ridgeLoade</mg:sg><mg:sg class="R">d<mg:s/><mg:s/><mg:s/><mg:s/><mg:s/><mg:s/>@&quot;_</mg:sg><mg:sg class="R">_bridge_lo</mg:sg><mg:sg class="R">aded__&quot;<mg:lf/></mg:sg></mg:ln>
</mg:row>
<mg:row>
<mg:ln file="1" number="14" class="R"><mg:sg class="R"><mg:lf/></mg:sg></mg:ln>
</mg:row>
<mg:row>
<mg:ln file="1" number="15" class="R"><mg:sg class="R">typedef<mg:s/>vo</mg:sg><mg:sg class="R">id<mg:s/>(^WVJBR</mg:sg><mg:sg class="R">esponseCal</mg:sg><mg:sg class="R">lback)(id<mg:s/></mg:sg><mg:sg class="R">responseDa</mg:sg><mg:sg class="R">ta);<mg:lf/></mg:sg></mg:ln>
</mg:row>
<mg:row>
<mg:ln file="1" number="16" class="R"><mg:sg class="R">typedef<mg:s/>vo</mg:sg><mg:sg class="R">id<mg:s/>(^WVJBH</mg:sg><mg:sg class="R">andler)(id</mg:sg><mg:sg class="R"><mg:s/>data,<mg:s/>WVJ</mg:sg><mg:sg class="R">BResponseC</mg:sg><mg:sg class="R">allback<mg:s/>re</mg:sg><mg:sg class="R">sponseCall</mg:sg><mg:sg class="R">back);<mg:lf/></mg:sg></mg:ln>
</mg:row>
<mg:row>
<mg:ln file="1" number="17" class="R"><mg:sg class="R">typedef<mg:s/>NS</mg:sg><mg:sg class="R">Dictionary</mg:sg><mg:sg class="R"><mg:s/>WVJBMessa</mg:sg><mg:sg class="R">ge;<mg:lf/></mg:sg></mg:ln>
</mg:row>
<mg:row>
<mg:ln file="1" number="18" class="R"><mg:sg class="R"><mg:lf/></mg:sg></mg:ln>
</mg:row>
<mg:row>
<mg:ln file="1" number="19" class="R"><mg:sg class="R">@protocol<mg:s/></mg:sg><mg:sg class="R">WebViewJav</mg:sg><mg:sg class="R">ascriptBri</mg:sg><mg:sg class="R">dgeBaseDel</mg:sg><mg:sg class="R">egate<mg:s/>&lt;NSO</mg:sg><mg:sg class="R">bject&gt;<mg:lf/></mg:sg></mg:ln>
</mg:row>
<mg:row>
<mg:ln file="1" number="20" class="R"><mg:sg class="R">-<mg:s/>(NSStrin</mg:sg><mg:sg class="R">g*)<mg:s/>_evalu</mg:sg><mg:sg class="R">ateJavascr</mg:sg><mg:sg class="R">ipt:(NSStr</mg:sg><mg:sg class="R">ing*)javas</mg:sg><mg:sg class="R">criptComma</mg:sg><mg:sg class="R">nd;<mg:lf/></mg:sg></mg:ln>
</mg:row>
<mg:row>
<mg:ln file="1" number="21" class="R"><mg:sg class="R">@end<mg:lf/></mg:sg></mg:ln>
</mg:row>
<mg:row>
<mg:ln file="1" number="22" class="R"><mg:sg class="R"><mg:lf/></mg:sg></mg:ln>
</mg:row>
<mg:row>
<mg:ln file="1" number="23" class="R"><mg:sg class="R">@interface</mg:sg><mg:sg class="R"><mg:s/>WebViewJa</mg:sg><mg:sg class="R">vascriptBr</mg:sg><mg:sg class="R">idgeBase<mg:s/>:</mg:sg><mg:sg class="R"><mg:s/>NSObject<mg:lf/></mg:sg></mg:ln>
</mg:row>
<mg:row>
<mg:ln file="1" number="24" class="R"><mg:sg class="R"><mg:lf/></mg:sg></mg:ln>
</mg:row>
<mg:row>
<mg:ln file="1" number="25" class="R"><mg:sg class="R"><mg:lf/></mg:sg></mg:ln>
</mg:row>
<mg:row>
<mg:ln file="1" number="26" class="R"><mg:sg class="R">@property<mg:s/></mg:sg><mg:sg class="R">(weak,<mg:s/>non</mg:sg><mg:sg class="R">atomic)<mg:s/>id</mg:sg><mg:sg class="R"><mg:s/>&lt;WebViewJ</mg:sg><mg:sg class="R">avascriptB</mg:sg><mg:sg class="R">ridgeBaseD</mg:sg><mg:sg class="R">elegate&gt;<mg:s/>d</mg:sg><mg:sg class="R">elegate;<mg:lf/></mg:sg></mg:ln>
</mg:row>
<mg:row>
<mg:ln file="1" number="27" class="R"><mg:sg class="R">@property<mg:s/></mg:sg><mg:sg class="R">(strong,<mg:s/>n</mg:sg><mg:sg class="R">onatomic)<mg:s/></mg:sg><mg:sg class="R">NSMutableA</mg:sg><mg:sg class="R">rray*<mg:s/>star</mg:sg><mg:sg class="R">tupMessage</mg:sg><mg:sg class="R">Queue;<mg:lf/></mg:sg></mg:ln>
</mg:row>
<mg:row>
<mg:ln file="1" number="28" class="R"><mg:sg class="R">@property<mg:s/></mg:sg><mg:sg class="R">(strong,<mg:s/>n</mg:sg><mg:sg class="R">onatomic)<mg:s/></mg:sg><mg:sg class="R">NSMutableD</mg:sg><mg:sg class="R">ictionary*</mg:sg><mg:sg class="R"><mg:s/>responseC</mg:sg><mg:sg class="R">allbacks;<mg:lf/></mg:sg></mg:ln>
</mg:row>
<mg:row>
<mg:ln file="1" number="29" class="R"><mg:sg class="R">@property<mg:s/></mg:sg><mg:sg class="R">(strong,<mg:s/>n</mg:sg><mg:sg class="R">onatomic)<mg:s/></mg:sg><mg:sg class="R">NSMutableD</mg:sg><mg:sg class="R">ictionary*</mg:sg><mg:sg class="R"><mg:s/>messageHa</mg:sg><mg:sg class="R">ndlers;<mg:lf/></mg:sg></mg:ln>
</mg:row>
<mg:row>
<mg:ln file="1" number="30" class="R"><mg:sg class="R">@property<mg:s/></mg:sg><mg:sg class="R">(strong,<mg:s/>n</mg:sg><mg:sg class="R">onatomic)<mg:s/></mg:sg><mg:sg class="R">WVJBHandle</mg:sg><mg:sg class="R">r<mg:s/>messageH</mg:sg><mg:sg class="R">andler;<mg:lf/></mg:sg></mg:ln>
</mg:row>
<mg:row>
<mg:ln file="1" number="31" class="R"><mg:sg class="R"><mg:lf/></mg:sg></mg:ln>
</mg:row>
<mg:row>
<mg:ln file="1" number="32" class="R"><mg:sg class="R">+<mg:s/>(void)en</mg:sg><mg:sg class="R">ableLoggin</mg:sg><mg:sg class="R">g;<mg:lf/></mg:sg></mg:ln>
</mg:row>
<mg:row>
<mg:ln file="1" number="33" class="R"><mg:sg class="R">+<mg:s/>(void)se</mg:sg><mg:sg class="R">tLogMaxLen</mg:sg><mg:sg class="R">gth:(int)l</mg:sg><mg:sg class="R">ength;<mg:lf/></mg:sg></mg:ln>
</mg:row>
<mg:row>
<mg:ln file="1" number="34" class="R"><mg:sg class="R">-<mg:s/>(void)re</mg:sg><mg:sg class="R">set;<mg:lf/></mg:sg></mg:ln>
</mg:row>
<mg:row>
<mg:ln file="1" number="35" class="R"><mg:sg class="R">-<mg:s/>(void)se</mg:sg><mg:sg class="R">ndData:(id</mg:sg><mg:sg class="R">)data<mg:s/>resp</mg:sg><mg:sg class="R">onseCallba</mg:sg><mg:sg class="R">ck:(WVJBRe</mg:sg><mg:sg class="R">sponseCall</mg:sg><mg:sg class="R">back)respo</mg:sg><mg:sg class="R">nseCallbac</mg:sg><mg:sg class="R">k<mg:s/>handlerN</mg:sg><mg:sg class="R">ame:(NSStr</mg:sg><mg:sg class="R">ing*)handl</mg:sg><mg:sg class="R">erName;<mg:lf/></mg:sg></mg:ln>
</mg:row>
<mg:row>
<mg:ln file="1" number="36" class="R"><mg:sg class="R">-<mg:s/>(void)fl</mg:sg><mg:sg class="R">ushMessage</mg:sg><mg:sg class="R">Queue:(NSS</mg:sg><mg:sg class="R">tring<mg:s/>*)me</mg:sg><mg:sg class="R">ssageQueue</mg:sg><mg:sg class="R">String;<mg:lf/></mg:sg></mg:ln>
</mg:row>
<mg:row>
<mg:ln file="1" number="37" class="R"><mg:sg class="R">-<mg:s/>(void)in</mg:sg><mg:sg class="R">jectJavasc</mg:sg><mg:sg class="R">riptFile;<mg:lf/></mg:sg></mg:ln>
</mg:row>
<mg:row>
<mg:ln file="1" number="38" class="R"><mg:sg class="R">-<mg:s/>(BOOL)is</mg:sg><mg:sg class="R">WebViewJav</mg:sg><mg:sg class="R">ascriptBri</mg:sg><mg:sg class="R">dgeURL:(NS</mg:sg><mg:sg class="R">URL*)url;<mg:lf/></mg:sg></mg:ln>
</mg:row>
<mg:row>
<mg:ln file="1" number="39" class="R"><mg:sg class="R">-<mg:s/>(BOOL)is</mg:sg><mg:sg class="R">QueueMessa</mg:sg><mg:sg class="R">geURL:(NSU</mg:sg><mg:sg class="R">RL*)urll;<mg:lf/></mg:sg></mg:ln>
</mg:row>
<mg:row>
<mg:ln file="1" number="40" class="R"><mg:sg class="R">-<mg:s/>(BOOL)is</mg:sg><mg:sg class="R">BridgeLoad</mg:sg><mg:sg class="R">edURL:(NSU</mg:sg><mg:sg class="R">RL*)urll;<mg:lf/></mg:sg></mg:ln>
</mg:row>
<mg:row>
<mg:ln file="1" number="41" class="R"><mg:sg class="R">-<mg:s/>(void)lo</mg:sg><mg:sg class="R">gUnkownMes</mg:sg><mg:sg class="R">sage:(NSUR</mg:sg><mg:sg class="R">L*)url;<mg:lf/></mg:sg></mg:ln>
</mg:row>
<mg:row>
<mg:ln file="1" number="42" class="R"><mg:sg class="R">-<mg:s/>(NSStrin</mg:sg><mg:sg class="R">g<mg:s/>*)webVie</mg:sg><mg:sg class="R">wJavascrip</mg:sg><mg:sg class="R">tCheckComm</mg:sg><mg:sg class="R">and;<mg:lf/></mg:sg></mg:ln>
</mg:row>
<mg:row>
<mg:ln file="1" number="43" class="R"><mg:sg class="R">-<mg:s/>(NSStrin</mg:sg><mg:sg class="R">g<mg:s/>*)webVie</mg:sg><mg:sg class="R">wJavascrip</mg:sg><mg:sg class="R">tFetchQuey</mg:sg><mg:sg class="R">Command;<mg:lf/></mg:sg></mg:ln>
</mg:row>
<mg:row>
<mg:ln file="1" number="44" class="R"><mg:sg class="R">-<mg:s/>(void)di</mg:sg><mg:sg class="R">sableJavsc</mg:sg><mg:sg class="R">riptAlertB</mg:sg><mg:sg class="R">oxSafetyTi</mg:sg><mg:sg class="R">meout;<mg:lf/></mg:sg></mg:ln>
</mg:row>
<mg:row>
<mg:ln file="1" number="45" class="R"><mg:sg class="R"><mg:lf/></mg:sg></mg:ln>
</mg:row>
<mg:row>
<mg:ln file="1" number="46" class="R"><mg:sg class="R">@end<mg:lf/></mg:sg></mg:ln>
</mg:row>
</mg:rowGroup>
</mg:rowData>
</mg:report>
