﻿<?xml version="1.0" encoding="UTF-8" ?>

<mg:report version="1.0" xmlns:mg="http://www.araxis.com/2002/Merge/Reporting" type="FileComparison">
<mg:metaData>
  <mg:title>Araxis Merge File Comparison Report</mg:title>
  <mg:id show="true">1045</mg:id>
  <mg:date>2019/4/19 20:25:39</mg:date>
<mg:options>
<mg:option name="clIgnoreDifferencesInWhitespaceAtTheStartOfLines">0</mg:option>
<mg:option name="clIgnoreDifferencesInWhitespaceAtTheEndOfLines">0</mg:option>
<mg:option name="clTreatConsecutiveWhitespaceAsASingleSpace">1</mg:option>
<mg:option name="clIgnoreAllDifferencesInWhitespace">0</mg:option>
<mg:option name="clWhitespaceSignificant">0</mg:option>
<mg:option name="clIgnoreCase">0</mg:option>
<mg:option name="clIgnoreLineEndings">1</mg:option>
<mg:option name="clHideCRLF">1</mg:option>
<mg:option name="clShowLineNums">1</mg:option>
<mg:option name="clShowOmittedLinesRow">0</mg:option>

<mg:regexps>
<mg:regexp enabled="false">
<mg:expression>^[ \t]*$</mg:expression>
<mg:description>Blank lines</mg:description>
</mg:regexp>
<mg:regexp enabled="false">
<mg:expression>[ \t]*//[^&quot;]*$</mg:expression>
<mg:description>C++ comments</mg:description>
</mg:regexp>
<mg:regexp enabled="false">
<mg:expression>^[ \t]*//.*\$(Date|Archive|Author|Header|JustDate|Modtime|Revision|Workfile):.*\$.*$</mg:expression>
<mg:description>SourceSafe comments</mg:description>
</mg:regexp>
<mg:regexp enabled="false">
<mg:expression>^[ \t]*//(:(Header|Source):|.*Generated.*Genitor).*\$</mg:expression>
<mg:description>Genitor comments</mg:description>
</mg:regexp>
<mg:regexp enabled="false">
<mg:expression>\$(Archive|Author|Date|Header|JustDate|Logfile|Modtime|Revision|Workfile):[^$]*\$</mg:expression>
<mg:description>SourceSafe keywords</mg:description>
</mg:regexp>
<mg:regexp enabled="false">
<mg:expression>^[ \t]*'.*$</mg:expression>
<mg:description>Visual Basic comments</mg:description>
</mg:regexp>
<mg:regexp enabled="false">
<mg:expression>\$(Author|Date|Header|Id|Locker|Name|RCSfile|Revision|Source|State):[^$]*\$</mg:expression>
<mg:description>CVS comments</mg:description>
</mg:regexp>
<mg:regexp enabled="false">
<mg:expression>\$(ACident|ACheader|AClog|ACpart|ACversion|Author|Date|Header|Line|Locker|Log|Revision|Smsfile|Smspath|Today|Vcfile|Vcpath|Workfile):?[^$]*\$</mg:expression>
<mg:description>AllChange keywords</mg:description>
</mg:regexp>
<mg:regexp enabled="false">
<mg:expression></mg:expression>
<mg:description></mg:description>
</mg:regexp>
<mg:regexp enabled="false">
<mg:expression></mg:expression>
<mg:description></mg:description>
</mg:regexp>
</mg:regexps>
</mg:options>
<mg:fileDetails file="1">
  <mg:name></mg:name>
  <mg:title></mg:title>
  <mg:location></mg:location>
  <mg:lastModified>Fri Apr 19 12:25:39 2019 UTC</mg:lastModified>
</mg:fileDetails>
<mg:fileDetails file="2">
  <mg:name>SMRespondent.h</mg:name>
  <mg:title></mg:title>
  <mg:location>E:\MA75\tgc_main\Prototypes\Sky\Sky\iphoneos\Frameworks\SurveyMonkeyiOSSDK.framework\Versions\A\Headers</mg:location>
  <mg:lastModified>Thu Jan 17 03:38:43 2019 UTC</mg:lastModified>
</mg:fileDetails>
<mg:fileDetails file="3">
  <mg:name>SMRespondent.h</mg:name>
  <mg:title></mg:title>
  <mg:location>E:\MA75\tgc_mainOld\Prototypes\Sky\Sky\iphoneos\Frameworks\SurveyMonkeyiOSSDK.framework\Versions\A\Headers</mg:location>
  <mg:lastModified>Fri Apr 19 11:20:17 2019 UTC</mg:lastModified>
</mg:fileDetails>
<mg:changeSummaries>
  <mg:changeSummary files="1,2">
	  <mg:changeCount type="unchanged" blocks1="0" blocks2="0" blocks="0" lines1="0" lines2="0" lines="0" />
	  <mg:changeCount type="removed" blocks1="0" blocks2="0" blocks="0" lines1="0" lines2="0" lines="0" />
	  <mg:changeCount type="inserted" blocks1="0" blocks2="1" blocks="1" lines1="0" lines2="47" lines="47" />
	  <mg:changeCount type="changed" blocks1="0" blocks2="0" blocks="0" lines1="0" lines2="0" lines="0" />
  </mg:changeSummary>
<mg:changeSummary files="2,3">
	  <mg:changeCount type="unchanged" blocks1="1" blocks2="1" blocks="1" lines1="47" lines2="47" lines="94" />
	  <mg:changeCount type="removed" blocks1="0" blocks2="0" blocks="0" lines1="0" lines2="0" lines="0" />
	  <mg:changeCount type="inserted" blocks1="0" blocks2="0" blocks="0" lines1="0" lines2="0" lines="0" />
	  <mg:changeCount type="changed" blocks1="0" blocks2="0" blocks="0" lines1="0" lines2="0" lines="0" />
  </mg:changeSummary>
<mg:changeSummary files="1,2,3"><mg:changeCount type="removed" blocks="1" lines="47"/><mg:changeCount type="inserted" blocks="0" lines="0"/><mg:changeCount type="changed" blocks="0" lines="0"/><mg:changeCount type="conflicts" count="0"/></mg:changeSummary></mg:changeSummaries>
		<mg:classes file="1">
<mg:class name="U">
<mg:cssAttribute name="color">#000000</mg:cssAttribute>
<mg:cssAttribute name="background-color">#FFFFFF</mg:cssAttribute>
<mg:cssAttribute name="font-family">Consolas</mg:cssAttribute>
<mg:cssAttribute name="font-weight">normal</mg:cssAttribute>
<mg:cssAttribute name="font-style">normal</mg:cssAttribute>
<mg:cssAttribute name="font-size">9pt</mg:cssAttribute>
<mg:cssAttribute name="text-decoration">none</mg:cssAttribute>
</mg:class>
<mg:class name="R">
<mg:cssAttribute name="color">#800000</mg:cssAttribute>
<mg:cssAttribute name="background-color">#F3E6D8</mg:cssAttribute>
<mg:cssAttribute name="font-family">Consolas</mg:cssAttribute>
<mg:cssAttribute name="font-weight">normal</mg:cssAttribute>
<mg:cssAttribute name="font-style">normal</mg:cssAttribute>
<mg:cssAttribute name="font-size">9pt</mg:cssAttribute>
<mg:cssAttribute name="text-decoration">none</mg:cssAttribute>
</mg:class>
<mg:class name="I">
<mg:cssAttribute name="color">#800000</mg:cssAttribute>
<mg:cssAttribute name="background-color">#D1E8CF</mg:cssAttribute>
<mg:cssAttribute name="font-family">Consolas</mg:cssAttribute>
<mg:cssAttribute name="font-weight">normal</mg:cssAttribute>
<mg:cssAttribute name="font-style">normal</mg:cssAttribute>
<mg:cssAttribute name="font-size">9pt</mg:cssAttribute>
<mg:cssAttribute name="text-decoration">none</mg:cssAttribute>
</mg:class>
<mg:class name="C">
<mg:cssAttribute name="color">#800000</mg:cssAttribute>
<mg:cssAttribute name="background-color">#DACDE6</mg:cssAttribute>
<mg:cssAttribute name="font-family">Consolas</mg:cssAttribute>
<mg:cssAttribute name="font-weight">normal</mg:cssAttribute>
<mg:cssAttribute name="font-style">normal</mg:cssAttribute>
<mg:cssAttribute name="font-size">9pt</mg:cssAttribute>
<mg:cssAttribute name="text-decoration">none</mg:cssAttribute>
</mg:class>
		</mg:classes>
		<mg:classes file="2">
<mg:class name="UU">
<mg:cssAttribute name="color">#000000</mg:cssAttribute>
<mg:cssAttribute name="background-color">#FFFFFF</mg:cssAttribute>
<mg:cssAttribute name="font-family">Consolas</mg:cssAttribute>
<mg:cssAttribute name="font-weight">normal</mg:cssAttribute>
<mg:cssAttribute name="font-style">normal</mg:cssAttribute>
<mg:cssAttribute name="font-size">9pt</mg:cssAttribute>
<mg:cssAttribute name="text-decoration">none</mg:cssAttribute>
</mg:class>
<mg:class name="UR">
<mg:cssAttribute name="color">#400000</mg:cssAttribute>
<mg:cssAttribute name="background-color">#F9F2EB</mg:cssAttribute>
<mg:cssAttribute name="font-family">Consolas</mg:cssAttribute>
<mg:cssAttribute name="font-weight">normal</mg:cssAttribute>
<mg:cssAttribute name="font-style">normal</mg:cssAttribute>
<mg:cssAttribute name="font-size">9pt</mg:cssAttribute>
<mg:cssAttribute name="text-decoration">none</mg:cssAttribute>
</mg:class>
<mg:class name="UI">
<mg:cssAttribute name="color">#400000</mg:cssAttribute>
<mg:cssAttribute name="background-color">#E8F3E7</mg:cssAttribute>
<mg:cssAttribute name="font-family">Consolas</mg:cssAttribute>
<mg:cssAttribute name="font-weight">normal</mg:cssAttribute>
<mg:cssAttribute name="font-style">normal</mg:cssAttribute>
<mg:cssAttribute name="font-size">9pt</mg:cssAttribute>
<mg:cssAttribute name="text-decoration">none</mg:cssAttribute>
</mg:class>
<mg:class name="UC">
<mg:cssAttribute name="color">#400000</mg:cssAttribute>
<mg:cssAttribute name="background-color">#ECE6F2</mg:cssAttribute>
<mg:cssAttribute name="font-family">Consolas</mg:cssAttribute>
<mg:cssAttribute name="font-weight">normal</mg:cssAttribute>
<mg:cssAttribute name="font-style">normal</mg:cssAttribute>
<mg:cssAttribute name="font-size">9pt</mg:cssAttribute>
<mg:cssAttribute name="text-decoration">none</mg:cssAttribute>
</mg:class>
<mg:class name="RU">
<mg:cssAttribute name="color">#400000</mg:cssAttribute>
<mg:cssAttribute name="background-color">#F9F2EB</mg:cssAttribute>
<mg:cssAttribute name="font-family">Consolas</mg:cssAttribute>
<mg:cssAttribute name="font-weight">normal</mg:cssAttribute>
<mg:cssAttribute name="font-style">normal</mg:cssAttribute>
<mg:cssAttribute name="font-size">9pt</mg:cssAttribute>
<mg:cssAttribute name="text-decoration">none</mg:cssAttribute>
</mg:class>
<mg:class name="RR">
<mg:cssAttribute name="color">#800000</mg:cssAttribute>
<mg:cssAttribute name="background-color">#F3E6D8</mg:cssAttribute>
<mg:cssAttribute name="font-family">Consolas</mg:cssAttribute>
<mg:cssAttribute name="font-weight">normal</mg:cssAttribute>
<mg:cssAttribute name="font-style">normal</mg:cssAttribute>
<mg:cssAttribute name="font-size">9pt</mg:cssAttribute>
<mg:cssAttribute name="text-decoration">none</mg:cssAttribute>
</mg:class>
<mg:class name="RI">
<mg:cssAttribute name="color">#800000</mg:cssAttribute>
<mg:cssAttribute name="background-color">#E2E7D3</mg:cssAttribute>
<mg:cssAttribute name="font-family">Consolas</mg:cssAttribute>
<mg:cssAttribute name="font-weight">normal</mg:cssAttribute>
<mg:cssAttribute name="font-style">normal</mg:cssAttribute>
<mg:cssAttribute name="font-size">9pt</mg:cssAttribute>
<mg:cssAttribute name="text-decoration">none</mg:cssAttribute>
</mg:class>
<mg:class name="RC">
<mg:cssAttribute name="color">#800000</mg:cssAttribute>
<mg:cssAttribute name="background-color">#E6D9DF</mg:cssAttribute>
<mg:cssAttribute name="font-family">Consolas</mg:cssAttribute>
<mg:cssAttribute name="font-weight">normal</mg:cssAttribute>
<mg:cssAttribute name="font-style">normal</mg:cssAttribute>
<mg:cssAttribute name="font-size">9pt</mg:cssAttribute>
<mg:cssAttribute name="text-decoration">none</mg:cssAttribute>
</mg:class>
<mg:class name="IU">
<mg:cssAttribute name="color">#400000</mg:cssAttribute>
<mg:cssAttribute name="background-color">#E8F3E7</mg:cssAttribute>
<mg:cssAttribute name="font-family">Consolas</mg:cssAttribute>
<mg:cssAttribute name="font-weight">normal</mg:cssAttribute>
<mg:cssAttribute name="font-style">normal</mg:cssAttribute>
<mg:cssAttribute name="font-size">9pt</mg:cssAttribute>
<mg:cssAttribute name="text-decoration">none</mg:cssAttribute>
</mg:class>
<mg:class name="IR">
<mg:cssAttribute name="color">#800000</mg:cssAttribute>
<mg:cssAttribute name="background-color">#E2E7D3</mg:cssAttribute>
<mg:cssAttribute name="font-family">Consolas</mg:cssAttribute>
<mg:cssAttribute name="font-weight">normal</mg:cssAttribute>
<mg:cssAttribute name="font-style">normal</mg:cssAttribute>
<mg:cssAttribute name="font-size">9pt</mg:cssAttribute>
<mg:cssAttribute name="text-decoration">none</mg:cssAttribute>
</mg:class>
<mg:class name="II">
<mg:cssAttribute name="color">#800000</mg:cssAttribute>
<mg:cssAttribute name="background-color">#D1E8CF</mg:cssAttribute>
<mg:cssAttribute name="font-family">Consolas</mg:cssAttribute>
<mg:cssAttribute name="font-weight">normal</mg:cssAttribute>
<mg:cssAttribute name="font-style">normal</mg:cssAttribute>
<mg:cssAttribute name="font-size">9pt</mg:cssAttribute>
<mg:cssAttribute name="text-decoration">none</mg:cssAttribute>
</mg:class>
<mg:class name="IC">
<mg:cssAttribute name="color">#800000</mg:cssAttribute>
<mg:cssAttribute name="background-color">#D5DADA</mg:cssAttribute>
<mg:cssAttribute name="font-family">Consolas</mg:cssAttribute>
<mg:cssAttribute name="font-weight">normal</mg:cssAttribute>
<mg:cssAttribute name="font-style">normal</mg:cssAttribute>
<mg:cssAttribute name="font-size">9pt</mg:cssAttribute>
<mg:cssAttribute name="text-decoration">none</mg:cssAttribute>
</mg:class>
<mg:class name="CU">
<mg:cssAttribute name="color">#400000</mg:cssAttribute>
<mg:cssAttribute name="background-color">#ECE6F2</mg:cssAttribute>
<mg:cssAttribute name="font-family">Consolas</mg:cssAttribute>
<mg:cssAttribute name="font-weight">normal</mg:cssAttribute>
<mg:cssAttribute name="font-style">normal</mg:cssAttribute>
<mg:cssAttribute name="font-size">9pt</mg:cssAttribute>
<mg:cssAttribute name="text-decoration">none</mg:cssAttribute>
</mg:class>
<mg:class name="CR">
<mg:cssAttribute name="color">#800000</mg:cssAttribute>
<mg:cssAttribute name="background-color">#E6D9DF</mg:cssAttribute>
<mg:cssAttribute name="font-family">Consolas</mg:cssAttribute>
<mg:cssAttribute name="font-weight">normal</mg:cssAttribute>
<mg:cssAttribute name="font-style">normal</mg:cssAttribute>
<mg:cssAttribute name="font-size">9pt</mg:cssAttribute>
<mg:cssAttribute name="text-decoration">none</mg:cssAttribute>
</mg:class>
<mg:class name="CI">
<mg:cssAttribute name="color">#800000</mg:cssAttribute>
<mg:cssAttribute name="background-color">#D5DADA</mg:cssAttribute>
<mg:cssAttribute name="font-family">Consolas</mg:cssAttribute>
<mg:cssAttribute name="font-weight">normal</mg:cssAttribute>
<mg:cssAttribute name="font-style">normal</mg:cssAttribute>
<mg:cssAttribute name="font-size">9pt</mg:cssAttribute>
<mg:cssAttribute name="text-decoration">none</mg:cssAttribute>
</mg:class>
<mg:class name="CC">
<mg:cssAttribute name="color">#800000</mg:cssAttribute>
<mg:cssAttribute name="background-color">#DACDE6</mg:cssAttribute>
<mg:cssAttribute name="font-family">Consolas</mg:cssAttribute>
<mg:cssAttribute name="font-weight">normal</mg:cssAttribute>
<mg:cssAttribute name="font-style">normal</mg:cssAttribute>
<mg:cssAttribute name="font-size">9pt</mg:cssAttribute>
<mg:cssAttribute name="text-decoration">none</mg:cssAttribute>
</mg:class>
		</mg:classes>
		<mg:classes file="3">
<mg:class name="U">
<mg:cssAttribute name="color">#000000</mg:cssAttribute>
<mg:cssAttribute name="background-color">#FFFFFF</mg:cssAttribute>
<mg:cssAttribute name="font-family">Consolas</mg:cssAttribute>
<mg:cssAttribute name="font-weight">normal</mg:cssAttribute>
<mg:cssAttribute name="font-style">normal</mg:cssAttribute>
<mg:cssAttribute name="font-size">9pt</mg:cssAttribute>
<mg:cssAttribute name="text-decoration">none</mg:cssAttribute>
</mg:class>
<mg:class name="R">
<mg:cssAttribute name="color">#800000</mg:cssAttribute>
<mg:cssAttribute name="background-color">#F3E6D8</mg:cssAttribute>
<mg:cssAttribute name="font-family">Consolas</mg:cssAttribute>
<mg:cssAttribute name="font-weight">normal</mg:cssAttribute>
<mg:cssAttribute name="font-style">normal</mg:cssAttribute>
<mg:cssAttribute name="font-size">9pt</mg:cssAttribute>
<mg:cssAttribute name="text-decoration">none</mg:cssAttribute>
</mg:class>
<mg:class name="I">
<mg:cssAttribute name="color">#800000</mg:cssAttribute>
<mg:cssAttribute name="background-color">#D1E8CF</mg:cssAttribute>
<mg:cssAttribute name="font-family">Consolas</mg:cssAttribute>
<mg:cssAttribute name="font-weight">normal</mg:cssAttribute>
<mg:cssAttribute name="font-style">normal</mg:cssAttribute>
<mg:cssAttribute name="font-size">9pt</mg:cssAttribute>
<mg:cssAttribute name="text-decoration">none</mg:cssAttribute>
</mg:class>
<mg:class name="C">
<mg:cssAttribute name="color">#800000</mg:cssAttribute>
<mg:cssAttribute name="background-color">#DACDE6</mg:cssAttribute>
<mg:cssAttribute name="font-family">Consolas</mg:cssAttribute>
<mg:cssAttribute name="font-weight">normal</mg:cssAttribute>
<mg:cssAttribute name="font-style">normal</mg:cssAttribute>
<mg:cssAttribute name="font-size">9pt</mg:cssAttribute>
<mg:cssAttribute name="text-decoration">none</mg:cssAttribute>
</mg:class>
		</mg:classes>
</mg:metaData>
<mg:rowData>
<mg:rowGroup>
<mg:row>
<mg:ln file="2" number="1" class="IU"><mg:sg class="IU">/*<mg:lf/></mg:sg></mg:ln>
<mg:ln file="3" number="1" class="U"><mg:sg class="U">/*<mg:lf/></mg:sg></mg:ln>
</mg:row>
<mg:row>
<mg:ln file="2" number="2" class="IU"><mg:sg class="IU"><mg:s/>*<mg:s/>Copyrig</mg:sg><mg:sg class="IU">ht<mg:s/>(C)<mg:s/>Sur</mg:sg><mg:sg class="IU">veyMonkey<mg:lf/></mg:sg></mg:ln>
<mg:ln file="3" number="2" class="U"><mg:sg class="U"><mg:s/>*<mg:s/>Copyrig</mg:sg><mg:sg class="U">ht<mg:s/>(C)<mg:s/>Sur</mg:sg><mg:sg class="U">veyMonkey<mg:lf/></mg:sg></mg:ln>
</mg:row>
<mg:row>
<mg:ln file="2" number="3" class="IU"><mg:sg class="IU"><mg:s/>*/<mg:lf/></mg:sg></mg:ln>
<mg:ln file="3" number="3" class="U"><mg:sg class="U"><mg:s/>*/<mg:lf/></mg:sg></mg:ln>
</mg:row>
<mg:row>
<mg:ln file="2" number="4" class="IU"><mg:sg class="IU"><mg:lf/></mg:sg></mg:ln>
<mg:ln file="3" number="4" class="U"><mg:sg class="U"><mg:lf/></mg:sg></mg:ln>
</mg:row>
<mg:row>
<mg:ln file="2" number="5" class="IU"><mg:sg class="IU">#import<mg:s/>&quot;S</mg:sg><mg:sg class="IU">MJSONSeria</mg:sg><mg:sg class="IU">lizable.h&quot;</mg:sg><mg:sg class="IU"><mg:lf/></mg:sg></mg:ln>
<mg:ln file="3" number="5" class="U"><mg:sg class="U">#import<mg:s/>&quot;S</mg:sg><mg:sg class="U">MJSONSeria</mg:sg><mg:sg class="U">lizable.h&quot;</mg:sg><mg:sg class="U"><mg:lf/></mg:sg></mg:ln>
</mg:row>
<mg:row>
<mg:ln file="2" number="6" class="IU"><mg:sg class="IU">/**<mg:lf/></mg:sg></mg:ln>
<mg:ln file="3" number="6" class="U"><mg:sg class="U">/**<mg:lf/></mg:sg></mg:ln>
</mg:row>
<mg:row>
<mg:ln file="2" number="7" class="IU"><mg:sg class="IU"><mg:s/>*<mg:s/><mg:s/>An<mg:s/>enu</mg:sg><mg:sg class="IU">meration<mg:s/>f</mg:sg><mg:sg class="IU">or<mg:s/>the<mg:s/>two</mg:sg><mg:sg class="IU"><mg:s/>possible<mg:s/></mg:sg><mg:sg class="IU">survey<mg:s/>com</mg:sg><mg:sg class="IU">pletion<mg:s/>st</mg:sg><mg:sg class="IU">atuses<mg:lf/></mg:sg></mg:ln>
<mg:ln file="3" number="7" class="U"><mg:sg class="U"><mg:s/>*<mg:s/><mg:s/>An<mg:s/>enu</mg:sg><mg:sg class="U">meration<mg:s/>f</mg:sg><mg:sg class="U">or<mg:s/>the<mg:s/>two</mg:sg><mg:sg class="U"><mg:s/>possible<mg:s/></mg:sg><mg:sg class="U">survey<mg:s/>com</mg:sg><mg:sg class="U">pletion<mg:s/>st</mg:sg><mg:sg class="U">atuses<mg:lf/></mg:sg></mg:ln>
</mg:row>
<mg:row>
<mg:ln file="2" number="8" class="IU"><mg:sg class="IU"><mg:s/>*/<mg:lf/></mg:sg></mg:ln>
<mg:ln file="3" number="8" class="U"><mg:sg class="U"><mg:s/>*/<mg:lf/></mg:sg></mg:ln>
</mg:row>
<mg:row>
<mg:ln file="2" number="9" class="IU"><mg:sg class="IU">typedef<mg:s/>NS</mg:sg><mg:sg class="IU">_ENUM(NSUI</mg:sg><mg:sg class="IU">nteger,<mg:s/>SM</mg:sg><mg:sg class="IU">Completion</mg:sg><mg:sg class="IU">Status)<mg:s/>{<mg:lf/></mg:sg></mg:ln>
<mg:ln file="3" number="9" class="U"><mg:sg class="U">typedef<mg:s/>NS</mg:sg><mg:sg class="U">_ENUM(NSUI</mg:sg><mg:sg class="U">nteger,<mg:s/>SM</mg:sg><mg:sg class="U">Completion</mg:sg><mg:sg class="U">Status)<mg:s/>{<mg:lf/></mg:sg></mg:ln>
</mg:row>
<mg:row>
<mg:ln file="2" number="10" class="IU"><mg:sg class="IU"><mg:s/><mg:s/><mg:s/><mg:s/>/**<mg:lf/></mg:sg></mg:ln>
<mg:ln file="3" number="10" class="U"><mg:sg class="U"><mg:s/><mg:s/><mg:s/><mg:s/>/**<mg:lf/></mg:sg></mg:ln>
</mg:row>
<mg:row>
<mg:ln file="2" number="11" class="IU"><mg:sg class="IU"><mg:s/><mg:s/><mg:s/><mg:s/><mg:s/>*<mg:s/><mg:s/>Su</mg:sg><mg:sg class="IU">rvey<mg:s/>compl</mg:sg><mg:sg class="IU">etion<mg:s/>stat</mg:sg><mg:sg class="IU">us<mg:s/>for<mg:s/>whe</mg:sg><mg:sg class="IU">n<mg:s/>a<mg:s/>survey</mg:sg><mg:sg class="IU"><mg:s/>has<mg:s/>been<mg:s/></mg:sg><mg:sg class="IU">only<mg:s/>parti</mg:sg><mg:sg class="IU">ally<mg:s/>compl</mg:sg><mg:sg class="IU">eted<mg:s/>by<mg:s/>th</mg:sg><mg:sg class="IU">e<mg:s/>user.<mg:lf/></mg:sg></mg:ln>
<mg:ln file="3" number="11" class="U"><mg:sg class="U"><mg:s/><mg:s/><mg:s/><mg:s/><mg:s/>*<mg:s/><mg:s/>Su</mg:sg><mg:sg class="U">rvey<mg:s/>compl</mg:sg><mg:sg class="U">etion<mg:s/>stat</mg:sg><mg:sg class="U">us<mg:s/>for<mg:s/>whe</mg:sg><mg:sg class="U">n<mg:s/>a<mg:s/>survey</mg:sg><mg:sg class="U"><mg:s/>has<mg:s/>been<mg:s/></mg:sg><mg:sg class="U">only<mg:s/>parti</mg:sg><mg:sg class="U">ally<mg:s/>compl</mg:sg><mg:sg class="U">eted<mg:s/>by<mg:s/>th</mg:sg><mg:sg class="U">e<mg:s/>user.<mg:lf/></mg:sg></mg:ln>
</mg:row>
<mg:row>
<mg:ln file="2" number="12" class="IU"><mg:sg class="IU"><mg:s/><mg:s/><mg:s/><mg:s/><mg:s/>*/<mg:lf/></mg:sg></mg:ln>
<mg:ln file="3" number="12" class="U"><mg:sg class="U"><mg:s/><mg:s/><mg:s/><mg:s/><mg:s/>*/<mg:lf/></mg:sg></mg:ln>
</mg:row>
<mg:row>
<mg:ln file="2" number="13" class="IU"><mg:sg class="IU"><mg:s/><mg:s/><mg:s/><mg:s/>SMComp</mg:sg><mg:sg class="IU">letionStat</mg:sg><mg:sg class="IU">usPartiall</mg:sg><mg:sg class="IU">yComplete,</mg:sg><mg:sg class="IU"><mg:lf/></mg:sg></mg:ln>
<mg:ln file="3" number="13" class="U"><mg:sg class="U"><mg:s/><mg:s/><mg:s/><mg:s/>SMComp</mg:sg><mg:sg class="U">letionStat</mg:sg><mg:sg class="U">usPartiall</mg:sg><mg:sg class="U">yComplete,</mg:sg><mg:sg class="U"><mg:lf/></mg:sg></mg:ln>
</mg:row>
<mg:row>
<mg:ln file="2" number="14" class="IU"><mg:sg class="IU"><mg:s/><mg:s/><mg:s/><mg:s/>/**<mg:lf/></mg:sg></mg:ln>
<mg:ln file="3" number="14" class="U"><mg:sg class="U"><mg:s/><mg:s/><mg:s/><mg:s/>/**<mg:lf/></mg:sg></mg:ln>
</mg:row>
<mg:row>
<mg:ln file="2" number="15" class="IU"><mg:sg class="IU"><mg:s/><mg:s/><mg:s/><mg:s/><mg:s/>*<mg:s/><mg:s/>Su</mg:sg><mg:sg class="IU">rvey<mg:s/>compl</mg:sg><mg:sg class="IU">etion<mg:s/>stat</mg:sg><mg:sg class="IU">us<mg:s/>for<mg:s/>whe</mg:sg><mg:sg class="IU">n<mg:s/>a<mg:s/>survey</mg:sg><mg:sg class="IU"><mg:s/>has<mg:s/>been<mg:s/></mg:sg><mg:sg class="IU">completed<mg:s/></mg:sg><mg:sg class="IU">by<mg:s/>the<mg:s/>use</mg:sg><mg:sg class="IU">r.<mg:lf/></mg:sg></mg:ln>
<mg:ln file="3" number="15" class="U"><mg:sg class="U"><mg:s/><mg:s/><mg:s/><mg:s/><mg:s/>*<mg:s/><mg:s/>Su</mg:sg><mg:sg class="U">rvey<mg:s/>compl</mg:sg><mg:sg class="U">etion<mg:s/>stat</mg:sg><mg:sg class="U">us<mg:s/>for<mg:s/>whe</mg:sg><mg:sg class="U">n<mg:s/>a<mg:s/>survey</mg:sg><mg:sg class="U"><mg:s/>has<mg:s/>been<mg:s/></mg:sg><mg:sg class="U">completed<mg:s/></mg:sg><mg:sg class="U">by<mg:s/>the<mg:s/>use</mg:sg><mg:sg class="U">r.<mg:lf/></mg:sg></mg:ln>
</mg:row>
<mg:row>
<mg:ln file="2" number="16" class="IU"><mg:sg class="IU"><mg:s/><mg:s/><mg:s/><mg:s/><mg:s/>*/<mg:lf/></mg:sg></mg:ln>
<mg:ln file="3" number="16" class="U"><mg:sg class="U"><mg:s/><mg:s/><mg:s/><mg:s/><mg:s/>*/<mg:lf/></mg:sg></mg:ln>
</mg:row>
<mg:row>
<mg:ln file="2" number="17" class="IU"><mg:sg class="IU"><mg:s/><mg:s/><mg:s/><mg:s/>SMComp</mg:sg><mg:sg class="IU">letionStat</mg:sg><mg:sg class="IU">usComplete</mg:sg><mg:sg class="IU"><mg:lf/></mg:sg></mg:ln>
<mg:ln file="3" number="17" class="U"><mg:sg class="U"><mg:s/><mg:s/><mg:s/><mg:s/>SMComp</mg:sg><mg:sg class="U">letionStat</mg:sg><mg:sg class="U">usComplete</mg:sg><mg:sg class="U"><mg:lf/></mg:sg></mg:ln>
</mg:row>
<mg:row>
<mg:ln file="2" number="18" class="IU"><mg:sg class="IU">};<mg:lf/></mg:sg></mg:ln>
<mg:ln file="3" number="18" class="U"><mg:sg class="U">};<mg:lf/></mg:sg></mg:ln>
</mg:row>
<mg:row>
<mg:ln file="2" number="19" class="IU"><mg:sg class="IU"><mg:lf/></mg:sg></mg:ln>
<mg:ln file="3" number="19" class="U"><mg:sg class="U"><mg:lf/></mg:sg></mg:ln>
</mg:row>
<mg:row>
<mg:ln file="2" number="20" class="IU"><mg:sg class="IU">/**<mg:lf/></mg:sg></mg:ln>
<mg:ln file="3" number="20" class="U"><mg:sg class="U">/**<mg:lf/></mg:sg></mg:ln>
</mg:row>
<mg:row>
<mg:ln file="2" number="21" class="IU"><mg:sg class="IU"><mg:s/>*<mg:s/><mg:s/>The<mg:s/>SM</mg:sg><mg:sg class="IU">Respondent</mg:sg><mg:sg class="IU"><mg:s/>object<mg:s/>re</mg:sg><mg:sg class="IU">presents<mg:s/>a</mg:sg><mg:sg class="IU"><mg:s/>single<mg:s/>su</mg:sg><mg:sg class="IU">rvey<mg:s/>respo</mg:sg><mg:sg class="IU">ndent<mg:s/>and<mg:s/></mg:sg><mg:sg class="IU">is<mg:s/>returne</mg:sg><mg:sg class="IU">d<mg:s/>when<mg:s/>a<mg:s/>u</mg:sg><mg:sg class="IU">ser<mg:s/>succes</mg:sg><mg:sg class="IU">sfully<mg:s/>end</mg:sg><mg:sg class="IU">s<mg:s/>a<mg:s/>survey</mg:sg><mg:sg class="IU">.<mg:lf/></mg:sg></mg:ln>
<mg:ln file="3" number="21" class="U"><mg:sg class="U"><mg:s/>*<mg:s/><mg:s/>The<mg:s/>SM</mg:sg><mg:sg class="U">Respondent</mg:sg><mg:sg class="U"><mg:s/>object<mg:s/>re</mg:sg><mg:sg class="U">presents<mg:s/>a</mg:sg><mg:sg class="U"><mg:s/>single<mg:s/>su</mg:sg><mg:sg class="U">rvey<mg:s/>respo</mg:sg><mg:sg class="U">ndent<mg:s/>and<mg:s/></mg:sg><mg:sg class="U">is<mg:s/>returne</mg:sg><mg:sg class="U">d<mg:s/>when<mg:s/>a<mg:s/>u</mg:sg><mg:sg class="U">ser<mg:s/>succes</mg:sg><mg:sg class="U">sfully<mg:s/>end</mg:sg><mg:sg class="U">s<mg:s/>a<mg:s/>survey</mg:sg><mg:sg class="U">.<mg:lf/></mg:sg></mg:ln>
</mg:row>
<mg:row>
<mg:ln file="2" number="22" class="IU"><mg:sg class="IU"><mg:s/>*<mg:lf/></mg:sg></mg:ln>
<mg:ln file="3" number="22" class="U"><mg:sg class="U"><mg:s/>*<mg:lf/></mg:sg></mg:ln>
</mg:row>
<mg:row>
<mg:ln file="2" number="23" class="IU"><mg:sg class="IU"><mg:s/>*<mg:s/><mg:s/>The<mg:s/>SM</mg:sg><mg:sg class="IU">Respondent</mg:sg><mg:sg class="IU"><mg:s/>object<mg:s/>in</mg:sg><mg:sg class="IU">cludes<mg:s/>rel</mg:sg><mg:sg class="IU">evant<mg:s/>meta</mg:sg><mg:sg class="IU">data,<mg:s/>e.g.</mg:sg><mg:sg class="IU"><mg:s/>survey<mg:s/>co</mg:sg><mg:sg class="IU">mpletion<mg:s/>s</mg:sg><mg:sg class="IU">tatus,<mg:s/>as<mg:s/></mg:sg><mg:sg class="IU">well<mg:s/>as<mg:s/>an</mg:sg><mg:sg class="IU"><mg:s/>array<mg:s/>of<mg:s/></mg:sg><mg:sg class="IU">SMQuestion</mg:sg><mg:sg class="IU">Response<mg:s/>o</mg:sg><mg:sg class="IU">bjects<mg:s/>rep</mg:sg><mg:sg class="IU">resenting<mg:s/></mg:sg><mg:sg class="IU">that<mg:s/>respo</mg:sg><mg:sg class="IU">ndent's<mg:s/>re</mg:sg><mg:sg class="IU">sponse<mg:s/>to<mg:s/></mg:sg><mg:sg class="IU">the<mg:s/>given<mg:s/></mg:sg><mg:sg class="IU">survey.<mg:lf/></mg:sg></mg:ln>
<mg:ln file="3" number="23" class="U"><mg:sg class="U"><mg:s/>*<mg:s/><mg:s/>The<mg:s/>SM</mg:sg><mg:sg class="U">Respondent</mg:sg><mg:sg class="U"><mg:s/>object<mg:s/>in</mg:sg><mg:sg class="U">cludes<mg:s/>rel</mg:sg><mg:sg class="U">evant<mg:s/>meta</mg:sg><mg:sg class="U">data,<mg:s/>e.g.</mg:sg><mg:sg class="U"><mg:s/>survey<mg:s/>co</mg:sg><mg:sg class="U">mpletion<mg:s/>s</mg:sg><mg:sg class="U">tatus,<mg:s/>as<mg:s/></mg:sg><mg:sg class="U">well<mg:s/>as<mg:s/>an</mg:sg><mg:sg class="U"><mg:s/>array<mg:s/>of<mg:s/></mg:sg><mg:sg class="U">SMQuestion</mg:sg><mg:sg class="U">Response<mg:s/>o</mg:sg><mg:sg class="U">bjects<mg:s/>rep</mg:sg><mg:sg class="U">resenting<mg:s/></mg:sg><mg:sg class="U">that<mg:s/>respo</mg:sg><mg:sg class="U">ndent's<mg:s/>re</mg:sg><mg:sg class="U">sponse<mg:s/>to<mg:s/></mg:sg><mg:sg class="U">the<mg:s/>given<mg:s/></mg:sg><mg:sg class="U">survey.<mg:lf/></mg:sg></mg:ln>
</mg:row>
<mg:row>
<mg:ln file="2" number="24" class="IU"><mg:sg class="IU"><mg:s/>*/<mg:lf/></mg:sg></mg:ln>
<mg:ln file="3" number="24" class="U"><mg:sg class="U"><mg:s/>*/<mg:lf/></mg:sg></mg:ln>
</mg:row>
<mg:row>
<mg:ln file="2" number="25" class="IU"><mg:sg class="IU">@interface</mg:sg><mg:sg class="IU"><mg:s/>SMRespond</mg:sg><mg:sg class="IU">ent<mg:s/>:<mg:s/>NSOb</mg:sg><mg:sg class="IU">ject&lt;SMJSO</mg:sg><mg:sg class="IU">NSerializa</mg:sg><mg:sg class="IU">bleProtoco</mg:sg><mg:sg class="IU">l&gt;<mg:lf/></mg:sg></mg:ln>
<mg:ln file="3" number="25" class="U"><mg:sg class="U">@interface</mg:sg><mg:sg class="U"><mg:s/>SMRespond</mg:sg><mg:sg class="U">ent<mg:s/>:<mg:s/>NSOb</mg:sg><mg:sg class="U">ject&lt;SMJSO</mg:sg><mg:sg class="U">NSerializa</mg:sg><mg:sg class="U">bleProtoco</mg:sg><mg:sg class="U">l&gt;<mg:lf/></mg:sg></mg:ln>
</mg:row>
<mg:row>
<mg:ln file="2" number="26" class="IU"><mg:sg class="IU">/**<mg:s/>@name<mg:s/></mg:sg><mg:sg class="IU">Response<mg:s/>A</mg:sg><mg:sg class="IU">ttributes<mg:s/></mg:sg><mg:sg class="IU">*/<mg:lf/></mg:sg></mg:ln>
<mg:ln file="3" number="26" class="U"><mg:sg class="U">/**<mg:s/>@name<mg:s/></mg:sg><mg:sg class="U">Response<mg:s/>A</mg:sg><mg:sg class="U">ttributes<mg:s/></mg:sg><mg:sg class="U">*/<mg:lf/></mg:sg></mg:ln>
</mg:row>
<mg:row>
<mg:ln file="2" number="27" class="IU"><mg:sg class="IU"><mg:lf/></mg:sg></mg:ln>
<mg:ln file="3" number="27" class="U"><mg:sg class="U"><mg:lf/></mg:sg></mg:ln>
</mg:row>
<mg:row>
<mg:ln file="2" number="28" class="IU"><mg:sg class="IU">/**<mg:s/>Denote</mg:sg><mg:sg class="IU">s<mg:s/>whether<mg:s/></mg:sg><mg:sg class="IU">respondent</mg:sg><mg:sg class="IU"><mg:s/>has<mg:s/>gone<mg:s/></mg:sg><mg:sg class="IU">through<mg:s/>al</mg:sg><mg:sg class="IU">l<mg:s/>pages.<mg:s/><mg:s/></mg:sg><mg:sg class="IU">If<mg:s/>they've</mg:sg><mg:sg class="IU"><mg:s/>only<mg:s/>gone</mg:sg><mg:sg class="IU"><mg:lf/></mg:sg></mg:ln>
<mg:ln file="3" number="28" class="U"><mg:sg class="U">/**<mg:s/>Denote</mg:sg><mg:sg class="U">s<mg:s/>whether<mg:s/></mg:sg><mg:sg class="U">respondent</mg:sg><mg:sg class="U"><mg:s/>has<mg:s/>gone<mg:s/></mg:sg><mg:sg class="U">through<mg:s/>al</mg:sg><mg:sg class="U">l<mg:s/>pages.<mg:s/><mg:s/></mg:sg><mg:sg class="U">If<mg:s/>they've</mg:sg><mg:sg class="U"><mg:s/>only<mg:s/>gone</mg:sg><mg:sg class="U"><mg:lf/></mg:sg></mg:ln>
</mg:row>
<mg:row>
<mg:ln file="2" number="29" class="IU"><mg:sg class="IU"><mg:s/>through<mg:s/>a</mg:sg><mg:sg class="IU"><mg:s/>subset<mg:s/>of</mg:sg><mg:sg class="IU"><mg:s/>pages,<mg:s/>co</mg:sg><mg:sg class="IU">mpletionSt</mg:sg><mg:sg class="IU">atus<mg:s/>will<mg:s/></mg:sg><mg:sg class="IU">be<mg:s/>SMCompl</mg:sg><mg:sg class="IU">etionStatu</mg:sg><mg:sg class="IU">sPartially</mg:sg><mg:sg class="IU">Complete*/</mg:sg><mg:sg class="IU"><mg:lf/></mg:sg></mg:ln>
<mg:ln file="3" number="29" class="U"><mg:sg class="U"><mg:s/>through<mg:s/>a</mg:sg><mg:sg class="U"><mg:s/>subset<mg:s/>of</mg:sg><mg:sg class="U"><mg:s/>pages,<mg:s/>co</mg:sg><mg:sg class="U">mpletionSt</mg:sg><mg:sg class="U">atus<mg:s/>will<mg:s/></mg:sg><mg:sg class="U">be<mg:s/>SMCompl</mg:sg><mg:sg class="U">etionStatu</mg:sg><mg:sg class="U">sPartially</mg:sg><mg:sg class="U">Complete*/</mg:sg><mg:sg class="U"><mg:lf/></mg:sg></mg:ln>
</mg:row>
<mg:row>
<mg:ln file="2" number="30" class="IU"><mg:sg class="IU">@property<mg:s/></mg:sg><mg:sg class="IU">(nonatomic</mg:sg><mg:sg class="IU">,<mg:s/>assign)<mg:s/></mg:sg><mg:sg class="IU">SMCompleti</mg:sg><mg:sg class="IU">onStatus<mg:s/>c</mg:sg><mg:sg class="IU">ompletionS</mg:sg><mg:sg class="IU">tatus;<mg:lf/></mg:sg></mg:ln>
<mg:ln file="3" number="30" class="U"><mg:sg class="U">@property<mg:s/></mg:sg><mg:sg class="U">(nonatomic</mg:sg><mg:sg class="U">,<mg:s/>assign)<mg:s/></mg:sg><mg:sg class="U">SMCompleti</mg:sg><mg:sg class="U">onStatus<mg:s/>c</mg:sg><mg:sg class="U">ompletionS</mg:sg><mg:sg class="U">tatus;<mg:lf/></mg:sg></mg:ln>
</mg:row>
<mg:row>
<mg:ln file="2" number="31" class="IU"><mg:sg class="IU"><mg:lf/></mg:sg></mg:ln>
<mg:ln file="3" number="31" class="U"><mg:sg class="U"><mg:lf/></mg:sg></mg:ln>
</mg:row>
<mg:row>
<mg:ln file="2" number="32" class="IU"><mg:sg class="IU">/**<mg:s/>Date<mg:s/>r</mg:sg><mg:sg class="IU">espondent<mg:s/></mg:sg><mg:sg class="IU">last<mg:s/>updat</mg:sg><mg:sg class="IU">ed<mg:s/>their<mg:s/>r</mg:sg><mg:sg class="IU">esponse<mg:s/>*/</mg:sg><mg:sg class="IU"><mg:lf/></mg:sg></mg:ln>
<mg:ln file="3" number="32" class="U"><mg:sg class="U">/**<mg:s/>Date<mg:s/>r</mg:sg><mg:sg class="U">espondent<mg:s/></mg:sg><mg:sg class="U">last<mg:s/>updat</mg:sg><mg:sg class="U">ed<mg:s/>their<mg:s/>r</mg:sg><mg:sg class="U">esponse<mg:s/>*/</mg:sg><mg:sg class="U"><mg:lf/></mg:sg></mg:ln>
</mg:row>
<mg:row>
<mg:ln file="2" number="33" class="IU"><mg:sg class="IU">@property<mg:s/></mg:sg><mg:sg class="IU">(nonatomic</mg:sg><mg:sg class="IU">,<mg:s/>strong)<mg:s/></mg:sg><mg:sg class="IU">NSDate<mg:s/>*<mg:s/>d</mg:sg><mg:sg class="IU">ateModifie</mg:sg><mg:sg class="IU">d;<mg:lf/></mg:sg></mg:ln>
<mg:ln file="3" number="33" class="U"><mg:sg class="U">@property<mg:s/></mg:sg><mg:sg class="U">(nonatomic</mg:sg><mg:sg class="U">,<mg:s/>strong)<mg:s/></mg:sg><mg:sg class="U">NSDate<mg:s/>*<mg:s/>d</mg:sg><mg:sg class="U">ateModifie</mg:sg><mg:sg class="U">d;<mg:lf/></mg:sg></mg:ln>
</mg:row>
<mg:row>
<mg:ln file="2" number="34" class="IU"><mg:sg class="IU"><mg:lf/></mg:sg></mg:ln>
<mg:ln file="3" number="34" class="U"><mg:sg class="U"><mg:lf/></mg:sg></mg:ln>
</mg:row>
<mg:row>
<mg:ln file="2" number="35" class="IU"><mg:sg class="IU">/**<mg:s/>Date<mg:s/>o</mg:sg><mg:sg class="IU">n<mg:s/>which<mg:s/>re</mg:sg><mg:sg class="IU">spondent<mg:s/>s</mg:sg><mg:sg class="IU">tarted<mg:s/>sur</mg:sg><mg:sg class="IU">vey<mg:s/>(when<mg:s/></mg:sg><mg:sg class="IU">respondent</mg:sg><mg:sg class="IU"><mg:s/>was<mg:s/>creat</mg:sg><mg:sg class="IU">ed)<mg:s/>*/<mg:lf/></mg:sg></mg:ln>
<mg:ln file="3" number="35" class="U"><mg:sg class="U">/**<mg:s/>Date<mg:s/>o</mg:sg><mg:sg class="U">n<mg:s/>which<mg:s/>re</mg:sg><mg:sg class="U">spondent<mg:s/>s</mg:sg><mg:sg class="U">tarted<mg:s/>sur</mg:sg><mg:sg class="U">vey<mg:s/>(when<mg:s/></mg:sg><mg:sg class="U">respondent</mg:sg><mg:sg class="U"><mg:s/>was<mg:s/>creat</mg:sg><mg:sg class="U">ed)<mg:s/>*/<mg:lf/></mg:sg></mg:ln>
</mg:row>
<mg:row>
<mg:ln file="2" number="36" class="IU"><mg:sg class="IU">@property<mg:s/></mg:sg><mg:sg class="IU">(nonatomic</mg:sg><mg:sg class="IU">,<mg:s/>strong)<mg:s/></mg:sg><mg:sg class="IU">NSDate<mg:s/>*da</mg:sg><mg:sg class="IU">teStarted;</mg:sg><mg:sg class="IU"><mg:lf/></mg:sg></mg:ln>
<mg:ln file="3" number="36" class="U"><mg:sg class="U">@property<mg:s/></mg:sg><mg:sg class="U">(nonatomic</mg:sg><mg:sg class="U">,<mg:s/>strong)<mg:s/></mg:sg><mg:sg class="U">NSDate<mg:s/>*da</mg:sg><mg:sg class="U">teStarted;</mg:sg><mg:sg class="U"><mg:lf/></mg:sg></mg:ln>
</mg:row>
<mg:row>
<mg:ln file="2" number="37" class="IU"><mg:sg class="IU"><mg:lf/></mg:sg></mg:ln>
<mg:ln file="3" number="37" class="U"><mg:sg class="U"><mg:lf/></mg:sg></mg:ln>
</mg:row>
<mg:row>
<mg:ln file="2" number="38" class="IU"><mg:sg class="IU">/**<mg:s/>ID<mg:s/>for</mg:sg><mg:sg class="IU"><mg:s/>responden</mg:sg><mg:sg class="IU">t<mg:s/>*/<mg:lf/></mg:sg></mg:ln>
<mg:ln file="3" number="38" class="U"><mg:sg class="U">/**<mg:s/>ID<mg:s/>for</mg:sg><mg:sg class="U"><mg:s/>responden</mg:sg><mg:sg class="U">t<mg:s/>*/<mg:lf/></mg:sg></mg:ln>
</mg:row>
<mg:row>
<mg:ln file="2" number="39" class="IU"><mg:sg class="IU">@property<mg:s/></mg:sg><mg:sg class="IU">(nonatomic</mg:sg><mg:sg class="IU">,<mg:s/>strong)<mg:s/></mg:sg><mg:sg class="IU">NSString<mg:s/>*</mg:sg><mg:sg class="IU">respondent</mg:sg><mg:sg class="IU">ID;<mg:lf/></mg:sg></mg:ln>
<mg:ln file="3" number="39" class="U"><mg:sg class="U">@property<mg:s/></mg:sg><mg:sg class="U">(nonatomic</mg:sg><mg:sg class="U">,<mg:s/>strong)<mg:s/></mg:sg><mg:sg class="U">NSString<mg:s/>*</mg:sg><mg:sg class="U">respondent</mg:sg><mg:sg class="U">ID;<mg:lf/></mg:sg></mg:ln>
</mg:row>
<mg:row>
<mg:ln file="2" number="40" class="IU"><mg:sg class="IU"><mg:lf/></mg:sg></mg:ln>
<mg:ln file="3" number="40" class="U"><mg:sg class="U"><mg:lf/></mg:sg></mg:ln>
</mg:row>
<mg:row>
<mg:ln file="2" number="41" class="IU"><mg:sg class="IU">/**<mg:s/>@name<mg:s/></mg:sg><mg:sg class="IU">Response<mg:s/>D</mg:sg><mg:sg class="IU">ata<mg:s/>*/<mg:lf/></mg:sg></mg:ln>
<mg:ln file="3" number="41" class="U"><mg:sg class="U">/**<mg:s/>@name<mg:s/></mg:sg><mg:sg class="U">Response<mg:s/>D</mg:sg><mg:sg class="U">ata<mg:s/>*/<mg:lf/></mg:sg></mg:ln>
</mg:row>
<mg:row>
<mg:ln file="2" number="42" class="IU"><mg:sg class="IU"><mg:lf/></mg:sg></mg:ln>
<mg:ln file="3" number="42" class="U"><mg:sg class="U"><mg:lf/></mg:sg></mg:ln>
</mg:row>
<mg:row>
<mg:ln file="2" number="43" class="IU"><mg:sg class="IU"><mg:lf/></mg:sg></mg:ln>
<mg:ln file="3" number="43" class="U"><mg:sg class="U"><mg:lf/></mg:sg></mg:ln>
</mg:row>
<mg:row>
<mg:ln file="2" number="44" class="IU"><mg:sg class="IU">/**<mg:s/>Array<mg:s/></mg:sg><mg:sg class="IU">of<mg:s/>SMQuest</mg:sg><mg:sg class="IU">ionRespons</mg:sg><mg:sg class="IU">e<mg:s/>objects<mg:s/></mg:sg><mg:sg class="IU">representi</mg:sg><mg:sg class="IU">ng<mg:s/>this<mg:s/>re</mg:sg><mg:sg class="IU">spondent's</mg:sg><mg:sg class="IU"><mg:s/>response<mg:lf/></mg:sg></mg:ln>
<mg:ln file="3" number="44" class="U"><mg:sg class="U">/**<mg:s/>Array<mg:s/></mg:sg><mg:sg class="U">of<mg:s/>SMQuest</mg:sg><mg:sg class="U">ionRespons</mg:sg><mg:sg class="U">e<mg:s/>objects<mg:s/></mg:sg><mg:sg class="U">representi</mg:sg><mg:sg class="U">ng<mg:s/>this<mg:s/>re</mg:sg><mg:sg class="U">spondent's</mg:sg><mg:sg class="U"><mg:s/>response<mg:lf/></mg:sg></mg:ln>
</mg:row>
<mg:row>
<mg:ln file="2" number="45" class="IU"><mg:sg class="IU"><mg:s/>to<mg:s/>the<mg:s/>su</mg:sg><mg:sg class="IU">rvey<mg:s/>*/<mg:lf/></mg:sg></mg:ln>
<mg:ln file="3" number="45" class="U"><mg:sg class="U"><mg:s/>to<mg:s/>the<mg:s/>su</mg:sg><mg:sg class="U">rvey<mg:s/>*/<mg:lf/></mg:sg></mg:ln>
</mg:row>
<mg:row>
<mg:ln file="2" number="46" class="IU"><mg:sg class="IU">@property<mg:s/></mg:sg><mg:sg class="IU">(nonatomic</mg:sg><mg:sg class="IU">,<mg:s/>strong)<mg:s/></mg:sg><mg:sg class="IU">NSArray<mg:s/>*q</mg:sg><mg:sg class="IU">uestionRes</mg:sg><mg:sg class="IU">ponses;<mg:lf/></mg:sg></mg:ln>
<mg:ln file="3" number="46" class="U"><mg:sg class="U">@property<mg:s/></mg:sg><mg:sg class="U">(nonatomic</mg:sg><mg:sg class="U">,<mg:s/>strong)<mg:s/></mg:sg><mg:sg class="U">NSArray<mg:s/>*q</mg:sg><mg:sg class="U">uestionRes</mg:sg><mg:sg class="U">ponses;<mg:lf/></mg:sg></mg:ln>
</mg:row>
<mg:row>
<mg:ln file="2" number="47" class="IU"><mg:sg class="IU">@end<mg:lf/></mg:sg></mg:ln>
<mg:ln file="3" number="47" class="U"><mg:sg class="U">@end<mg:lf/></mg:sg></mg:ln>
</mg:row>
</mg:rowGroup>
</mg:rowData>
</mg:report>
