﻿<?xml version="1.0" encoding="UTF-8" ?>

<mg:report version="1.0" xmlns:mg="http://www.araxis.com/2002/Merge/Reporting" type="FileComparison">
<mg:metaData>
  <mg:title>Araxis Merge File Comparison Report</mg:title>
  <mg:id show="true">1096</mg:id>
  <mg:date>2019/4/19 20:25:40</mg:date>
<mg:options>
<mg:option name="clIgnoreDifferencesInWhitespaceAtTheStartOfLines">0</mg:option>
<mg:option name="clIgnoreDifferencesInWhitespaceAtTheEndOfLines">0</mg:option>
<mg:option name="clTreatConsecutiveWhitespaceAsASingleSpace">1</mg:option>
<mg:option name="clIgnoreAllDifferencesInWhitespace">0</mg:option>
<mg:option name="clWhitespaceSignificant">0</mg:option>
<mg:option name="clIgnoreCase">0</mg:option>
<mg:option name="clIgnoreLineEndings">1</mg:option>
<mg:option name="clHideCRLF">1</mg:option>
<mg:option name="clShowLineNums">1</mg:option>
<mg:option name="clShowOmittedLinesRow">0</mg:option>

<mg:regexps>
<mg:regexp enabled="false">
<mg:expression>^[ \t]*$</mg:expression>
<mg:description>Blank lines</mg:description>
</mg:regexp>
<mg:regexp enabled="false">
<mg:expression>[ \t]*//[^&quot;]*$</mg:expression>
<mg:description>C++ comments</mg:description>
</mg:regexp>
<mg:regexp enabled="false">
<mg:expression>^[ \t]*//.*\$(Date|Archive|Author|Header|JustDate|Modtime|Revision|Workfile):.*\$.*$</mg:expression>
<mg:description>SourceSafe comments</mg:description>
</mg:regexp>
<mg:regexp enabled="false">
<mg:expression>^[ \t]*//(:(Header|Source):|.*Generated.*Genitor).*\$</mg:expression>
<mg:description>Genitor comments</mg:description>
</mg:regexp>
<mg:regexp enabled="false">
<mg:expression>\$(Archive|Author|Date|Header|JustDate|Logfile|Modtime|Revision|Workfile):[^$]*\$</mg:expression>
<mg:description>SourceSafe keywords</mg:description>
</mg:regexp>
<mg:regexp enabled="false">
<mg:expression>^[ \t]*'.*$</mg:expression>
<mg:description>Visual Basic comments</mg:description>
</mg:regexp>
<mg:regexp enabled="false">
<mg:expression>\$(Author|Date|Header|Id|Locker|Name|RCSfile|Revision|Source|State):[^$]*\$</mg:expression>
<mg:description>CVS comments</mg:description>
</mg:regexp>
<mg:regexp enabled="false">
<mg:expression>\$(ACident|ACheader|AClog|ACpart|ACversion|Author|Date|Header|Line|Locker|Log|Revision|Smsfile|Smspath|Today|Vcfile|Vcpath|Workfile):?[^$]*\$</mg:expression>
<mg:description>AllChange keywords</mg:description>
</mg:regexp>
<mg:regexp enabled="false">
<mg:expression></mg:expression>
<mg:description></mg:description>
</mg:regexp>
<mg:regexp enabled="false">
<mg:expression></mg:expression>
<mg:description></mg:description>
</mg:regexp>
</mg:regexps>
</mg:options>
<mg:fileDetails file="1">
  <mg:name>UniSdkGMFeedBack.h</mg:name>
  <mg:title></mg:title>
  <mg:location>E:\MA75\Branch_20190409\Prototypes\Sky\Sky\iphoneos\Netease\GMBridge\UniSdkGMFeedBack.framework\Headers</mg:location>
  <mg:lastModified>Fri Apr 19 11:02:05 2019 UTC</mg:lastModified>
</mg:fileDetails>
<mg:fileDetails file="2">
  <mg:name></mg:name>
  <mg:title></mg:title>
  <mg:location></mg:location>
  <mg:lastModified>Fri Apr 19 12:25:40 2019 UTC</mg:lastModified>
</mg:fileDetails>
<mg:fileDetails file="3">
  <mg:name></mg:name>
  <mg:title></mg:title>
  <mg:location></mg:location>
  <mg:lastModified>Fri Apr 19 12:25:40 2019 UTC</mg:lastModified>
</mg:fileDetails>
<mg:changeSummaries>
  <mg:changeSummary files="1,2">
	  <mg:changeCount type="unchanged" blocks1="0" blocks2="0" blocks="0" lines1="0" lines2="0" lines="0" />
	  <mg:changeCount type="removed" blocks1="1" blocks2="0" blocks="1" lines1="151" lines2="0" lines="151" />
	  <mg:changeCount type="inserted" blocks1="0" blocks2="0" blocks="0" lines1="0" lines2="0" lines="0" />
	  <mg:changeCount type="changed" blocks1="0" blocks2="0" blocks="0" lines1="0" lines2="0" lines="0" />
  </mg:changeSummary>
<mg:changeSummary files="2,3">
	  <mg:changeCount type="unchanged" blocks1="0" blocks2="0" blocks="0" lines1="0" lines2="0" lines="0" />
	  <mg:changeCount type="removed" blocks1="0" blocks2="0" blocks="0" lines1="0" lines2="0" lines="0" />
	  <mg:changeCount type="inserted" blocks1="0" blocks2="0" blocks="0" lines1="0" lines2="0" lines="0" />
	  <mg:changeCount type="changed" blocks1="0" blocks2="0" blocks="0" lines1="0" lines2="0" lines="0" />
  </mg:changeSummary>
<mg:changeSummary files="1,2,3"><mg:changeCount type="removed" blocks="0" lines="0"/><mg:changeCount type="inserted" blocks="1" lines="151"/><mg:changeCount type="changed" blocks="0" lines="0"/><mg:changeCount type="conflicts" count="0"/></mg:changeSummary></mg:changeSummaries>
		<mg:classes file="1">
<mg:class name="U">
<mg:cssAttribute name="color">#000000</mg:cssAttribute>
<mg:cssAttribute name="background-color">#FFFFFF</mg:cssAttribute>
<mg:cssAttribute name="font-family">Consolas</mg:cssAttribute>
<mg:cssAttribute name="font-weight">normal</mg:cssAttribute>
<mg:cssAttribute name="font-style">normal</mg:cssAttribute>
<mg:cssAttribute name="font-size">9pt</mg:cssAttribute>
<mg:cssAttribute name="text-decoration">none</mg:cssAttribute>
</mg:class>
<mg:class name="R">
<mg:cssAttribute name="color">#800000</mg:cssAttribute>
<mg:cssAttribute name="background-color">#F3E6D8</mg:cssAttribute>
<mg:cssAttribute name="font-family">Consolas</mg:cssAttribute>
<mg:cssAttribute name="font-weight">normal</mg:cssAttribute>
<mg:cssAttribute name="font-style">normal</mg:cssAttribute>
<mg:cssAttribute name="font-size">9pt</mg:cssAttribute>
<mg:cssAttribute name="text-decoration">none</mg:cssAttribute>
</mg:class>
<mg:class name="I">
<mg:cssAttribute name="color">#800000</mg:cssAttribute>
<mg:cssAttribute name="background-color">#D1E8CF</mg:cssAttribute>
<mg:cssAttribute name="font-family">Consolas</mg:cssAttribute>
<mg:cssAttribute name="font-weight">normal</mg:cssAttribute>
<mg:cssAttribute name="font-style">normal</mg:cssAttribute>
<mg:cssAttribute name="font-size">9pt</mg:cssAttribute>
<mg:cssAttribute name="text-decoration">none</mg:cssAttribute>
</mg:class>
<mg:class name="C">
<mg:cssAttribute name="color">#800000</mg:cssAttribute>
<mg:cssAttribute name="background-color">#DACDE6</mg:cssAttribute>
<mg:cssAttribute name="font-family">Consolas</mg:cssAttribute>
<mg:cssAttribute name="font-weight">normal</mg:cssAttribute>
<mg:cssAttribute name="font-style">normal</mg:cssAttribute>
<mg:cssAttribute name="font-size">9pt</mg:cssAttribute>
<mg:cssAttribute name="text-decoration">none</mg:cssAttribute>
</mg:class>
		</mg:classes>
		<mg:classes file="2">
<mg:class name="UU">
<mg:cssAttribute name="color">#000000</mg:cssAttribute>
<mg:cssAttribute name="background-color">#FFFFFF</mg:cssAttribute>
<mg:cssAttribute name="font-family">Consolas</mg:cssAttribute>
<mg:cssAttribute name="font-weight">normal</mg:cssAttribute>
<mg:cssAttribute name="font-style">normal</mg:cssAttribute>
<mg:cssAttribute name="font-size">9pt</mg:cssAttribute>
<mg:cssAttribute name="text-decoration">none</mg:cssAttribute>
</mg:class>
<mg:class name="UR">
<mg:cssAttribute name="color">#400000</mg:cssAttribute>
<mg:cssAttribute name="background-color">#F9F2EB</mg:cssAttribute>
<mg:cssAttribute name="font-family">Consolas</mg:cssAttribute>
<mg:cssAttribute name="font-weight">normal</mg:cssAttribute>
<mg:cssAttribute name="font-style">normal</mg:cssAttribute>
<mg:cssAttribute name="font-size">9pt</mg:cssAttribute>
<mg:cssAttribute name="text-decoration">none</mg:cssAttribute>
</mg:class>
<mg:class name="UI">
<mg:cssAttribute name="color">#400000</mg:cssAttribute>
<mg:cssAttribute name="background-color">#E8F3E7</mg:cssAttribute>
<mg:cssAttribute name="font-family">Consolas</mg:cssAttribute>
<mg:cssAttribute name="font-weight">normal</mg:cssAttribute>
<mg:cssAttribute name="font-style">normal</mg:cssAttribute>
<mg:cssAttribute name="font-size">9pt</mg:cssAttribute>
<mg:cssAttribute name="text-decoration">none</mg:cssAttribute>
</mg:class>
<mg:class name="UC">
<mg:cssAttribute name="color">#400000</mg:cssAttribute>
<mg:cssAttribute name="background-color">#ECE6F2</mg:cssAttribute>
<mg:cssAttribute name="font-family">Consolas</mg:cssAttribute>
<mg:cssAttribute name="font-weight">normal</mg:cssAttribute>
<mg:cssAttribute name="font-style">normal</mg:cssAttribute>
<mg:cssAttribute name="font-size">9pt</mg:cssAttribute>
<mg:cssAttribute name="text-decoration">none</mg:cssAttribute>
</mg:class>
<mg:class name="RU">
<mg:cssAttribute name="color">#400000</mg:cssAttribute>
<mg:cssAttribute name="background-color">#F9F2EB</mg:cssAttribute>
<mg:cssAttribute name="font-family">Consolas</mg:cssAttribute>
<mg:cssAttribute name="font-weight">normal</mg:cssAttribute>
<mg:cssAttribute name="font-style">normal</mg:cssAttribute>
<mg:cssAttribute name="font-size">9pt</mg:cssAttribute>
<mg:cssAttribute name="text-decoration">none</mg:cssAttribute>
</mg:class>
<mg:class name="RR">
<mg:cssAttribute name="color">#800000</mg:cssAttribute>
<mg:cssAttribute name="background-color">#F3E6D8</mg:cssAttribute>
<mg:cssAttribute name="font-family">Consolas</mg:cssAttribute>
<mg:cssAttribute name="font-weight">normal</mg:cssAttribute>
<mg:cssAttribute name="font-style">normal</mg:cssAttribute>
<mg:cssAttribute name="font-size">9pt</mg:cssAttribute>
<mg:cssAttribute name="text-decoration">none</mg:cssAttribute>
</mg:class>
<mg:class name="RI">
<mg:cssAttribute name="color">#800000</mg:cssAttribute>
<mg:cssAttribute name="background-color">#E2E7D3</mg:cssAttribute>
<mg:cssAttribute name="font-family">Consolas</mg:cssAttribute>
<mg:cssAttribute name="font-weight">normal</mg:cssAttribute>
<mg:cssAttribute name="font-style">normal</mg:cssAttribute>
<mg:cssAttribute name="font-size">9pt</mg:cssAttribute>
<mg:cssAttribute name="text-decoration">none</mg:cssAttribute>
</mg:class>
<mg:class name="RC">
<mg:cssAttribute name="color">#800000</mg:cssAttribute>
<mg:cssAttribute name="background-color">#E6D9DF</mg:cssAttribute>
<mg:cssAttribute name="font-family">Consolas</mg:cssAttribute>
<mg:cssAttribute name="font-weight">normal</mg:cssAttribute>
<mg:cssAttribute name="font-style">normal</mg:cssAttribute>
<mg:cssAttribute name="font-size">9pt</mg:cssAttribute>
<mg:cssAttribute name="text-decoration">none</mg:cssAttribute>
</mg:class>
<mg:class name="IU">
<mg:cssAttribute name="color">#400000</mg:cssAttribute>
<mg:cssAttribute name="background-color">#E8F3E7</mg:cssAttribute>
<mg:cssAttribute name="font-family">Consolas</mg:cssAttribute>
<mg:cssAttribute name="font-weight">normal</mg:cssAttribute>
<mg:cssAttribute name="font-style">normal</mg:cssAttribute>
<mg:cssAttribute name="font-size">9pt</mg:cssAttribute>
<mg:cssAttribute name="text-decoration">none</mg:cssAttribute>
</mg:class>
<mg:class name="IR">
<mg:cssAttribute name="color">#800000</mg:cssAttribute>
<mg:cssAttribute name="background-color">#E2E7D3</mg:cssAttribute>
<mg:cssAttribute name="font-family">Consolas</mg:cssAttribute>
<mg:cssAttribute name="font-weight">normal</mg:cssAttribute>
<mg:cssAttribute name="font-style">normal</mg:cssAttribute>
<mg:cssAttribute name="font-size">9pt</mg:cssAttribute>
<mg:cssAttribute name="text-decoration">none</mg:cssAttribute>
</mg:class>
<mg:class name="II">
<mg:cssAttribute name="color">#800000</mg:cssAttribute>
<mg:cssAttribute name="background-color">#D1E8CF</mg:cssAttribute>
<mg:cssAttribute name="font-family">Consolas</mg:cssAttribute>
<mg:cssAttribute name="font-weight">normal</mg:cssAttribute>
<mg:cssAttribute name="font-style">normal</mg:cssAttribute>
<mg:cssAttribute name="font-size">9pt</mg:cssAttribute>
<mg:cssAttribute name="text-decoration">none</mg:cssAttribute>
</mg:class>
<mg:class name="IC">
<mg:cssAttribute name="color">#800000</mg:cssAttribute>
<mg:cssAttribute name="background-color">#D5DADA</mg:cssAttribute>
<mg:cssAttribute name="font-family">Consolas</mg:cssAttribute>
<mg:cssAttribute name="font-weight">normal</mg:cssAttribute>
<mg:cssAttribute name="font-style">normal</mg:cssAttribute>
<mg:cssAttribute name="font-size">9pt</mg:cssAttribute>
<mg:cssAttribute name="text-decoration">none</mg:cssAttribute>
</mg:class>
<mg:class name="CU">
<mg:cssAttribute name="color">#400000</mg:cssAttribute>
<mg:cssAttribute name="background-color">#ECE6F2</mg:cssAttribute>
<mg:cssAttribute name="font-family">Consolas</mg:cssAttribute>
<mg:cssAttribute name="font-weight">normal</mg:cssAttribute>
<mg:cssAttribute name="font-style">normal</mg:cssAttribute>
<mg:cssAttribute name="font-size">9pt</mg:cssAttribute>
<mg:cssAttribute name="text-decoration">none</mg:cssAttribute>
</mg:class>
<mg:class name="CR">
<mg:cssAttribute name="color">#800000</mg:cssAttribute>
<mg:cssAttribute name="background-color">#E6D9DF</mg:cssAttribute>
<mg:cssAttribute name="font-family">Consolas</mg:cssAttribute>
<mg:cssAttribute name="font-weight">normal</mg:cssAttribute>
<mg:cssAttribute name="font-style">normal</mg:cssAttribute>
<mg:cssAttribute name="font-size">9pt</mg:cssAttribute>
<mg:cssAttribute name="text-decoration">none</mg:cssAttribute>
</mg:class>
<mg:class name="CI">
<mg:cssAttribute name="color">#800000</mg:cssAttribute>
<mg:cssAttribute name="background-color">#D5DADA</mg:cssAttribute>
<mg:cssAttribute name="font-family">Consolas</mg:cssAttribute>
<mg:cssAttribute name="font-weight">normal</mg:cssAttribute>
<mg:cssAttribute name="font-style">normal</mg:cssAttribute>
<mg:cssAttribute name="font-size">9pt</mg:cssAttribute>
<mg:cssAttribute name="text-decoration">none</mg:cssAttribute>
</mg:class>
<mg:class name="CC">
<mg:cssAttribute name="color">#800000</mg:cssAttribute>
<mg:cssAttribute name="background-color">#DACDE6</mg:cssAttribute>
<mg:cssAttribute name="font-family">Consolas</mg:cssAttribute>
<mg:cssAttribute name="font-weight">normal</mg:cssAttribute>
<mg:cssAttribute name="font-style">normal</mg:cssAttribute>
<mg:cssAttribute name="font-size">9pt</mg:cssAttribute>
<mg:cssAttribute name="text-decoration">none</mg:cssAttribute>
</mg:class>
		</mg:classes>
		<mg:classes file="3">
<mg:class name="U">
<mg:cssAttribute name="color">#000000</mg:cssAttribute>
<mg:cssAttribute name="background-color">#FFFFFF</mg:cssAttribute>
<mg:cssAttribute name="font-family">Consolas</mg:cssAttribute>
<mg:cssAttribute name="font-weight">normal</mg:cssAttribute>
<mg:cssAttribute name="font-style">normal</mg:cssAttribute>
<mg:cssAttribute name="font-size">9pt</mg:cssAttribute>
<mg:cssAttribute name="text-decoration">none</mg:cssAttribute>
</mg:class>
<mg:class name="R">
<mg:cssAttribute name="color">#800000</mg:cssAttribute>
<mg:cssAttribute name="background-color">#F3E6D8</mg:cssAttribute>
<mg:cssAttribute name="font-family">Consolas</mg:cssAttribute>
<mg:cssAttribute name="font-weight">normal</mg:cssAttribute>
<mg:cssAttribute name="font-style">normal</mg:cssAttribute>
<mg:cssAttribute name="font-size">9pt</mg:cssAttribute>
<mg:cssAttribute name="text-decoration">none</mg:cssAttribute>
</mg:class>
<mg:class name="I">
<mg:cssAttribute name="color">#800000</mg:cssAttribute>
<mg:cssAttribute name="background-color">#D1E8CF</mg:cssAttribute>
<mg:cssAttribute name="font-family">Consolas</mg:cssAttribute>
<mg:cssAttribute name="font-weight">normal</mg:cssAttribute>
<mg:cssAttribute name="font-style">normal</mg:cssAttribute>
<mg:cssAttribute name="font-size">9pt</mg:cssAttribute>
<mg:cssAttribute name="text-decoration">none</mg:cssAttribute>
</mg:class>
<mg:class name="C">
<mg:cssAttribute name="color">#800000</mg:cssAttribute>
<mg:cssAttribute name="background-color">#DACDE6</mg:cssAttribute>
<mg:cssAttribute name="font-family">Consolas</mg:cssAttribute>
<mg:cssAttribute name="font-weight">normal</mg:cssAttribute>
<mg:cssAttribute name="font-style">normal</mg:cssAttribute>
<mg:cssAttribute name="font-size">9pt</mg:cssAttribute>
<mg:cssAttribute name="text-decoration">none</mg:cssAttribute>
</mg:class>
		</mg:classes>
</mg:metaData>
<mg:rowData>
<mg:rowGroup>
<mg:row>
<mg:ln file="1" number="1" class="R"><mg:sg class="R">//<mg:lf/></mg:sg></mg:ln>
</mg:row>
<mg:row>
<mg:ln file="1" number="2" class="R"><mg:sg class="R">//<mg:s/><mg:s/>UniSdk</mg:sg><mg:sg class="R">GMFeedBack</mg:sg><mg:sg class="R">.h<mg:lf/></mg:sg></mg:ln>
</mg:row>
<mg:row>
<mg:ln file="1" number="3" class="R"><mg:sg class="R">//<mg:s/><mg:s/>UniSdk</mg:sg><mg:sg class="R">GMFeedBack</mg:sg><mg:sg class="R"><mg:lf/></mg:sg></mg:ln>
</mg:row>
<mg:row>
<mg:ln file="1" number="4" class="R"><mg:sg class="R">//<mg:lf/></mg:sg></mg:ln>
</mg:row>
<mg:row>
<mg:ln file="1" number="5" class="R"><mg:sg class="R">//<mg:s/><mg:s/>Create</mg:sg><mg:sg class="R">d<mg:s/>by<mg:s/>Huang</mg:sg><mg:sg class="R">Zizhu<mg:s/>on<mg:s/>1</mg:sg><mg:sg class="R">2/8/14.<mg:lf/></mg:sg></mg:ln>
</mg:row>
<mg:row>
<mg:ln file="1" number="6" class="R"><mg:sg class="R">//<mg:s/><mg:s/>Copyri</mg:sg><mg:sg class="R">ght<mg:s/>(c)<mg:s/>20</mg:sg><mg:sg class="R">14<mg:s/>HuangZi</mg:sg><mg:sg class="R">zhu.<mg:s/>All<mg:s/>r</mg:sg><mg:sg class="R">ights<mg:s/>rese</mg:sg><mg:sg class="R">rved.<mg:lf/></mg:sg></mg:ln>
</mg:row>
<mg:row>
<mg:ln file="1" number="7" class="R"><mg:sg class="R">//<mg:lf/></mg:sg></mg:ln>
</mg:row>
<mg:row>
<mg:ln file="1" number="8" class="R"><mg:sg class="R"><mg:lf/></mg:sg></mg:ln>
</mg:row>
<mg:row>
<mg:ln file="1" number="9" class="R"><mg:sg class="R">#import<mg:s/>&lt;U</mg:sg><mg:sg class="R">IKit/UIKit</mg:sg><mg:sg class="R">.h&gt;<mg:lf/></mg:sg></mg:ln>
</mg:row>
<mg:row>
<mg:ln file="1" number="10" class="R"><mg:sg class="R">#import<mg:s/>&lt;F</mg:sg><mg:sg class="R">oundation/</mg:sg><mg:sg class="R">Foundation</mg:sg><mg:sg class="R">.h&gt;<mg:lf/></mg:sg></mg:ln>
</mg:row>
<mg:row>
<mg:ln file="1" number="11" class="R"><mg:sg class="R">#import<mg:s/>&quot;U</mg:sg><mg:sg class="R">niImagePic</mg:sg><mg:sg class="R">ker.h&quot;<mg:lf/></mg:sg></mg:ln>
</mg:row>
<mg:row>
<mg:ln file="1" number="12" class="R"><mg:sg class="R"><mg:lf/></mg:sg></mg:ln>
</mg:row>
<mg:row>
<mg:ln file="1" number="13" class="R"><mg:sg class="R">//!<mg:s/>Projec</mg:sg><mg:sg class="R">t<mg:s/>version<mg:s/></mg:sg><mg:sg class="R">number<mg:s/>for</mg:sg><mg:sg class="R"><mg:s/>UniSdkGMF</mg:sg><mg:sg class="R">eedBack.<mg:lf/></mg:sg></mg:ln>
</mg:row>
<mg:row>
<mg:ln file="1" number="14" class="R"><mg:sg class="R">FOUNDATION</mg:sg><mg:sg class="R">_EXPORT<mg:s/>do</mg:sg><mg:sg class="R">uble<mg:s/>UniSd</mg:sg><mg:sg class="R">kGMFeedBac</mg:sg><mg:sg class="R">kVersionNu</mg:sg><mg:sg class="R">mber;<mg:lf/></mg:sg></mg:ln>
</mg:row>
<mg:row>
<mg:ln file="1" number="15" class="R"><mg:sg class="R"><mg:lf/></mg:sg></mg:ln>
</mg:row>
<mg:row>
<mg:ln file="1" number="16" class="R"><mg:sg class="R">//!<mg:s/>Projec</mg:sg><mg:sg class="R">t<mg:s/>version<mg:s/></mg:sg><mg:sg class="R">string<mg:s/>for</mg:sg><mg:sg class="R"><mg:s/>UniSdkGMF</mg:sg><mg:sg class="R">eedBack.<mg:lf/></mg:sg></mg:ln>
</mg:row>
<mg:row>
<mg:ln file="1" number="17" class="R"><mg:sg class="R">FOUNDATION</mg:sg><mg:sg class="R">_EXPORT<mg:s/>co</mg:sg><mg:sg class="R">nst<mg:s/>unsign</mg:sg><mg:sg class="R">ed<mg:s/>char<mg:s/>Un</mg:sg><mg:sg class="R">iSdkGMFeed</mg:sg><mg:sg class="R">BackVersio</mg:sg><mg:sg class="R">nString[];</mg:sg><mg:sg class="R"><mg:lf/></mg:sg></mg:ln>
</mg:row>
<mg:row>
<mg:ln file="1" number="18" class="R"><mg:sg class="R"><mg:lf/></mg:sg></mg:ln>
</mg:row>
<mg:row>
<mg:ln file="1" number="19" class="R"><mg:sg class="R">#define<mg:s/>th</mg:sg><mg:sg class="R">eGMInst<mg:s/>[U</mg:sg><mg:sg class="R">niSdkGMFee</mg:sg><mg:sg class="R">dBack<mg:s/>shar</mg:sg><mg:sg class="R">edInstance</mg:sg><mg:sg class="R">]<mg:lf/></mg:sg></mg:ln>
</mg:row>
<mg:row>
<mg:ln file="1" number="20" class="R"><mg:sg class="R"><mg:lf/></mg:sg></mg:ln>
</mg:row>
<mg:row>
<mg:ln file="1" number="21" class="R"><mg:sg class="R">//主窗口关闭的通知</mg:sg><mg:sg class="R"><mg:lf/></mg:sg></mg:ln>
</mg:row>
<mg:row>
<mg:ln file="1" number="22" class="R"><mg:sg class="R">#define<mg:s/>NT</mg:sg><mg:sg class="R">_NOTIFICAT</mg:sg><mg:sg class="R">ION_GM_CLO</mg:sg><mg:sg class="R">SE<mg:s/>@&quot;NT_NO</mg:sg><mg:sg class="R">TIFICATION</mg:sg><mg:sg class="R">_GM_CLOSE&quot;</mg:sg><mg:sg class="R"><mg:lf/></mg:sg></mg:ln>
</mg:row>
<mg:row>
<mg:ln file="1" number="23" class="R"><mg:sg class="R">//语音文件下载完成</mg:sg><mg:sg class="R">的通知<mg:lf/></mg:sg></mg:ln>
</mg:row>
<mg:row>
<mg:ln file="1" number="24" class="R"><mg:sg class="R">#define<mg:s/>NT</mg:sg><mg:sg class="R">_NOTIFICAT</mg:sg><mg:sg class="R">ION_GM_VOI</mg:sg><mg:sg class="R">CE_DOWNLOA</mg:sg><mg:sg class="R">DED<mg:s/>@&quot;NT_N</mg:sg><mg:sg class="R">OTIFICATIO</mg:sg><mg:sg class="R">N_GM_VOICE</mg:sg><mg:sg class="R">_DOWNLOADE</mg:sg><mg:sg class="R">D&quot;<mg:lf/></mg:sg></mg:ln>
</mg:row>
<mg:row>
<mg:ln file="1" number="25" class="R"><mg:sg class="R">//悬浮窗按钮图标下</mg:sg><mg:sg class="R">载完成通知<mg:lf/></mg:sg></mg:ln>
</mg:row>
<mg:row>
<mg:ln file="1" number="26" class="R"><mg:sg class="R">#define<mg:s/>NT</mg:sg><mg:sg class="R">_NOTIFICAT</mg:sg><mg:sg class="R">ION_GM_ICO</mg:sg><mg:sg class="R">N_DOWNLOAD</mg:sg><mg:sg class="R">ED<mg:s/>@&quot;NT_NO</mg:sg><mg:sg class="R">TIFICATION</mg:sg><mg:sg class="R">_GM_ICON_D</mg:sg><mg:sg class="R">OWNLOADED&quot;</mg:sg><mg:sg class="R"><mg:lf/></mg:sg></mg:ln>
</mg:row>
<mg:row>
<mg:ln file="1" number="27" class="R"><mg:sg class="R">//改变主窗口fra</mg:sg><mg:sg class="R">me的通知<mg:lf/></mg:sg></mg:ln>
</mg:row>
<mg:row>
<mg:ln file="1" number="28" class="R"><mg:sg class="R">#define<mg:s/>NT</mg:sg><mg:sg class="R">_NOTIFICAT</mg:sg><mg:sg class="R">ION_GM_RES</mg:sg><mg:sg class="R">IZE_WINDOW</mg:sg><mg:sg class="R"><mg:s/>@&quot;NT_NOTI</mg:sg><mg:sg class="R">FICATION_G</mg:sg><mg:sg class="R">M_RESIZE_W</mg:sg><mg:sg class="R">INDOW&quot;<mg:lf/></mg:sg></mg:ln>
</mg:row>
<mg:row>
<mg:ln file="1" number="29" class="R"><mg:sg class="R">//Token过期或</mg:sg><mg:sg class="R">为空需要重新生成的通</mg:sg><mg:sg class="R">知<mg:lf/></mg:sg></mg:ln>
</mg:row>
<mg:row>
<mg:ln file="1" number="30" class="R"><mg:sg class="R">#define<mg:s/>NT</mg:sg><mg:sg class="R">_NOTIFICAT</mg:sg><mg:sg class="R">ION_GM_INV</mg:sg><mg:sg class="R">ALID_TOKEN</mg:sg><mg:sg class="R"><mg:s/>@&quot;NT_NOTI</mg:sg><mg:sg class="R">FICATION_G</mg:sg><mg:sg class="R">M_INVALID_</mg:sg><mg:sg class="R">TOKEN&quot;<mg:lf/></mg:sg></mg:ln>
</mg:row>
<mg:row>
<mg:ln file="1" number="31" class="R"><mg:sg class="R"><mg:lf/></mg:sg></mg:ln>
</mg:row>
<mg:row>
<mg:ln file="1" number="32" class="R"><mg:sg class="R">//========</mg:sg><mg:sg class="R">==========</mg:sg><mg:sg class="R">==========</mg:sg><mg:sg class="R">==========</mg:sg><mg:sg class="R">==========</mg:sg><mg:sg class="R">==========</mg:sg><mg:sg class="R">==========</mg:sg><mg:sg class="R">==========</mg:sg><mg:sg class="R">=======<mg:lf/></mg:sg></mg:ln>
</mg:row>
<mg:row>
<mg:ln file="1" number="33" class="R"><mg:sg class="R">//<mg:s/><mg:s/><mg:s/><mg:s/><mg:s/><mg:s/><mg:s/><mg:s/></mg:sg><mg:sg class="R"><mg:s/><mg:s/>Delegate</mg:sg><mg:sg class="R">,<mg:s/>SDK的回调，<mg:lf/></mg:sg></mg:ln>
</mg:row>
<mg:row>
<mg:ln file="1" number="34" class="R"><mg:sg class="R">//========</mg:sg><mg:sg class="R">==========</mg:sg><mg:sg class="R">==========</mg:sg><mg:sg class="R">==========</mg:sg><mg:sg class="R">==========</mg:sg><mg:sg class="R">==========</mg:sg><mg:sg class="R">==========</mg:sg><mg:sg class="R">==========</mg:sg><mg:sg class="R">=======<mg:lf/></mg:sg></mg:ln>
</mg:row>
<mg:row>
<mg:ln file="1" number="35" class="R"><mg:sg class="R">@protocol<mg:s/></mg:sg><mg:sg class="R">UniSdkGMFe</mg:sg><mg:sg class="R">edBackDele</mg:sg><mg:sg class="R">gate<mg:s/>&lt;NSOb</mg:sg><mg:sg class="R">ject&gt;<mg:lf/></mg:sg></mg:ln>
</mg:row>
<mg:row>
<mg:ln file="1" number="36" class="R"><mg:sg class="R">//客服页面关闭<mg:lf/></mg:sg></mg:ln>
</mg:row>
<mg:row>
<mg:ln file="1" number="37" class="R"><mg:sg class="R">-<mg:s/>(void)on</mg:sg><mg:sg class="R">GMWebviewW</mg:sg><mg:sg class="R">illClose;<mg:lf/></mg:sg></mg:ln>
</mg:row>
<mg:row>
<mg:ln file="1" number="38" class="R"><mg:sg class="R"><mg:lf/></mg:sg></mg:ln>
</mg:row>
<mg:row>
<mg:ln file="1" number="39" class="R"><mg:sg class="R">//客服页面回退<mg:lf/></mg:sg></mg:ln>
</mg:row>
<mg:row>
<mg:ln file="1" number="40" class="R"><mg:sg class="R">-<mg:s/>(void)on</mg:sg><mg:sg class="R">GMWebviewB</mg:sg><mg:sg class="R">ack;<mg:lf/></mg:sg></mg:ln>
</mg:row>
<mg:row>
<mg:ln file="1" number="41" class="R"><mg:sg class="R"><mg:lf/></mg:sg></mg:ln>
</mg:row>
<mg:row>
<mg:ln file="1" number="42" class="R"><mg:sg class="R">//token过期（</mg:sg><mg:sg class="R">或者没有token）</mg:sg><mg:sg class="R">需要请求新,<mg:s/>在更新</mg:sg><mg:sg class="R">token之前必须先</mg:sg><mg:sg class="R">设置角色的roleI</mg:sg><mg:sg class="R">D<mg:lf/></mg:sg></mg:ln>
</mg:row>
<mg:row>
<mg:ln file="1" number="43" class="R"><mg:sg class="R">-<mg:s/>(void)on</mg:sg><mg:sg class="R">InvalidTok</mg:sg><mg:sg class="R">en;<mg:lf/></mg:sg></mg:ln>
</mg:row>
<mg:row>
<mg:ln file="1" number="44" class="R"><mg:sg class="R">@end<mg:lf/></mg:sg></mg:ln>
</mg:row>
<mg:row>
<mg:ln file="1" number="45" class="R"><mg:sg class="R"><mg:lf/></mg:sg></mg:ln>
</mg:row>
<mg:row>
<mg:ln file="1" number="46" class="R"><mg:sg class="R"><mg:lf/></mg:sg></mg:ln>
</mg:row>
<mg:row>
<mg:ln file="1" number="47" class="R"><mg:sg class="R"><mg:lf/></mg:sg></mg:ln>
</mg:row>
<mg:row>
<mg:ln file="1" number="48" class="R"><mg:sg class="R"><mg:lf/></mg:sg></mg:ln>
</mg:row>
<mg:row>
<mg:ln file="1" number="49" class="R"><mg:sg class="R">//========</mg:sg><mg:sg class="R">==========</mg:sg><mg:sg class="R">==========</mg:sg><mg:sg class="R">==========</mg:sg><mg:sg class="R">==========</mg:sg><mg:sg class="R">==========</mg:sg><mg:sg class="R">==========</mg:sg><mg:sg class="R">==========</mg:sg><mg:sg class="R">=======<mg:lf/></mg:sg></mg:ln>
</mg:row>
<mg:row>
<mg:ln file="1" number="50" class="R"><mg:sg class="R">//<mg:s/><mg:s/><mg:s/><mg:s/><mg:s/><mg:s/><mg:s/><mg:s/></mg:sg><mg:sg class="R"><mg:s/><mg:s/>Interfac</mg:sg><mg:sg class="R">e,<mg:s/>客服SDK的P</mg:sg><mg:sg class="R">ublic接口，<mg:lf/></mg:sg></mg:ln>
</mg:row>
<mg:row>
<mg:ln file="1" number="51" class="R"><mg:sg class="R">//========</mg:sg><mg:sg class="R">==========</mg:sg><mg:sg class="R">==========</mg:sg><mg:sg class="R">==========</mg:sg><mg:sg class="R">==========</mg:sg><mg:sg class="R">==========</mg:sg><mg:sg class="R">==========</mg:sg><mg:sg class="R">==========</mg:sg><mg:sg class="R">=======<mg:lf/></mg:sg></mg:ln>
</mg:row>
<mg:row>
<mg:ln file="1" number="52" class="R"><mg:sg class="R">@interface</mg:sg><mg:sg class="R"><mg:s/>UniSdkGMF</mg:sg><mg:sg class="R">eedBack<mg:s/>:<mg:s/></mg:sg><mg:sg class="R">NSObject<mg:lf/></mg:sg></mg:ln>
</mg:row>
<mg:row>
<mg:ln file="1" number="53" class="R"><mg:sg class="R">NS_ASSUME_</mg:sg><mg:sg class="R">NONNULL_BE</mg:sg><mg:sg class="R">GIN<mg:lf/></mg:sg></mg:ln>
</mg:row>
<mg:row>
<mg:ln file="1" number="54" class="R"><mg:sg class="R">@property<mg:s/></mg:sg><mg:sg class="R">(nonatomic</mg:sg><mg:sg class="R">,<mg:s/>weak)<mg:s/>id</mg:sg><mg:sg class="R">&lt;UniSdkGMF</mg:sg><mg:sg class="R">eedBackDel</mg:sg><mg:sg class="R">egate&gt;<mg:s/>del</mg:sg><mg:sg class="R">egate;//接收</mg:sg><mg:sg class="R">客服SDK回调的对象</mg:sg><mg:sg class="R"><mg:lf/></mg:sg></mg:ln>
</mg:row>
<mg:row>
<mg:ln file="1" number="55" class="R"><mg:sg class="R">@property<mg:s/></mg:sg><mg:sg class="R">(nonatomic</mg:sg><mg:sg class="R">,<mg:s/>strong)<mg:s/></mg:sg><mg:sg class="R">NSString<mg:s/>*</mg:sg><mg:sg class="R">appCode;//</mg:sg><mg:sg class="R">游戏公司内ID，<mg:s/>向</mg:sg><mg:sg class="R">客服后台咨询。<mg:lf/></mg:sg></mg:ln>
</mg:row>
<mg:row>
<mg:ln file="1" number="56" class="R"><mg:sg class="R">@property<mg:s/></mg:sg><mg:sg class="R">(nonatomic</mg:sg><mg:sg class="R">,<mg:s/>strong)<mg:s/></mg:sg><mg:sg class="R">NSString<mg:s/>*</mg:sg><mg:sg class="R">language;/</mg:sg><mg:sg class="R">/SDK提示的语言（</mg:sg><mg:sg class="R">页面上的语言需要联系</mg:sg><mg:sg class="R">客服后台）<mg:lf/></mg:sg></mg:ln>
</mg:row>
<mg:row>
<mg:ln file="1" number="57" class="R"><mg:sg class="R">@property<mg:s/></mg:sg><mg:sg class="R">(nonatomic</mg:sg><mg:sg class="R">,<mg:s/>strong)<mg:s/></mg:sg><mg:sg class="R">NSString<mg:s/>*</mg:sg><mg:sg class="R">roleID;<mg:s/>//</mg:sg><mg:sg class="R">角色名，游戏内角色I</mg:sg><mg:sg class="R">D改变了这个值要重新</mg:sg><mg:sg class="R">设置。<mg:lf/></mg:sg></mg:ln>
</mg:row>
<mg:row>
<mg:ln file="1" number="58" class="R"><mg:sg class="R">@property<mg:s/></mg:sg><mg:sg class="R">(nonatomic</mg:sg><mg:sg class="R">,<mg:s/>strong)<mg:s/></mg:sg><mg:sg class="R">NSString<mg:s/>*</mg:sg><mg:sg class="R">token;<mg:s/><mg:s/>//</mg:sg><mg:sg class="R">token[gete</mg:sg><mg:sg class="R">r只能拿到token</mg:sg><mg:sg class="R">串(若过期了是nil</mg:sg><mg:sg class="R">)，setter设置</mg:sg><mg:sg class="R">进去的应该是一个包含</mg:sg><mg:sg class="R">过期时间、menu等</mg:sg><mg:sg class="R">其他信息的json]</mg:sg><mg:sg class="R">；<mg:lf/></mg:sg></mg:ln>
</mg:row>
<mg:row>
<mg:ln file="1" number="59" class="R"><mg:sg class="R">@property<mg:s/></mg:sg><mg:sg class="R">(nonatomic</mg:sg><mg:sg class="R">,<mg:s/>assign)<mg:s/></mg:sg><mg:sg class="R">BOOL<mg:s/>float</mg:sg><mg:sg class="R">ButtonVisi</mg:sg><mg:sg class="R">ble;<mg:s/>//释放悬</mg:sg><mg:sg class="R">浮框(release</mg:sg><mg:sg class="R">掉）<mg:lf/></mg:sg></mg:ln>
</mg:row>
<mg:row>
<mg:ln file="1" number="60" class="R"><mg:sg class="R">@property<mg:s/></mg:sg><mg:sg class="R">(nonatomic</mg:sg><mg:sg class="R">,<mg:s/>assign)<mg:s/></mg:sg><mg:sg class="R">BOOL<mg:s/>debug</mg:sg><mg:sg class="R">Mode;<mg:s/><mg:s/><mg:s/>//</mg:sg><mg:sg class="R">是否打印日志<mg:lf/></mg:sg></mg:ln>
</mg:row>
<mg:row>
<mg:ln file="1" number="61" class="R"><mg:sg class="R">@property<mg:s/></mg:sg><mg:sg class="R">(nonatomic</mg:sg><mg:sg class="R">,<mg:s/>strong,<mg:s/></mg:sg><mg:sg class="R">readonly)<mg:s/></mg:sg><mg:sg class="R">NSString<mg:s/>*</mg:sg><mg:sg class="R">refer;<mg:s/><mg:s/><mg:s/><mg:s/></mg:sg><mg:sg class="R">//主页地址<mg:lf/></mg:sg></mg:ln>
</mg:row>
<mg:row>
<mg:ln file="1" number="62" class="R"><mg:sg class="R">@property<mg:s/></mg:sg><mg:sg class="R">(nonatomic</mg:sg><mg:sg class="R">,<mg:s/>strong,<mg:s/></mg:sg><mg:sg class="R">readonly)<mg:s/></mg:sg><mg:sg class="R">NSString<mg:s/>*</mg:sg><mg:sg class="R">version;<mg:s/><mg:s/></mg:sg><mg:sg class="R">//客服SDK版本<mg:lf/></mg:sg></mg:ln>
</mg:row>
<mg:row>
<mg:ln file="1" number="63" class="R"><mg:sg class="R">@property<mg:s/></mg:sg><mg:sg class="R">(nonatomic</mg:sg><mg:sg class="R">,<mg:s/>assign,<mg:s/></mg:sg><mg:sg class="R">readonly)<mg:s/></mg:sg><mg:sg class="R">BOOL<mg:s/>isOpe</mg:sg><mg:sg class="R">ning;//客服页</mg:sg><mg:sg class="R">面是否打开<mg:lf/></mg:sg></mg:ln>
</mg:row>
<mg:row>
<mg:ln file="1" number="64" class="R"><mg:sg class="R">@property<mg:s/></mg:sg><mg:sg class="R">(nonatomic</mg:sg><mg:sg class="R">,<mg:s/>assign)<mg:s/></mg:sg><mg:sg class="R">BOOL<mg:s/>respo</mg:sg><mg:sg class="R">ndLowerVie</mg:sg><mg:sg class="R">w;//半屏时下层的</mg:sg><mg:sg class="R">试图是否可响应（默认</mg:sg><mg:sg class="R">不响应）<mg:lf/></mg:sg></mg:ln>
</mg:row>
<mg:row>
<mg:ln file="1" number="65" class="R"><mg:sg class="R">@property<mg:s/></mg:sg><mg:sg class="R">(nonatomic</mg:sg><mg:sg class="R">,<mg:s/>assign)<mg:s/></mg:sg><mg:sg class="R">UIInterfac</mg:sg><mg:sg class="R">eOrientati</mg:sg><mg:sg class="R">onMask<mg:s/>ori</mg:sg><mg:sg class="R">entation;/</mg:sg><mg:sg class="R">/支持的方向（默认横</mg:sg><mg:sg class="R">屏）<mg:lf/></mg:sg></mg:ln>
</mg:row>
<mg:row>
<mg:ln file="1" number="66" class="R"><mg:sg class="R"><mg:lf/></mg:sg></mg:ln>
</mg:row>
<mg:row>
<mg:ln file="1" number="67" class="R"><mg:sg class="R">@property<mg:s/></mg:sg><mg:sg class="R">(nonatomic</mg:sg><mg:sg class="R">,<mg:s/>strong,<mg:s/></mg:sg><mg:sg class="R">readonly)<mg:s/></mg:sg><mg:sg class="R">NSString<mg:s/>*</mg:sg><mg:sg class="R">host;<mg:s/><mg:s/><mg:s/><mg:s/>/</mg:sg><mg:sg class="R">/<mg:s/>url<mg:s/>host</mg:sg><mg:sg class="R">与refer拼接<mg:lf/></mg:sg></mg:ln>
</mg:row>
<mg:row>
<mg:ln file="1" number="68" class="R"><mg:sg class="R"><mg:lf/></mg:sg></mg:ln>
</mg:row>
<mg:row>
<mg:ln file="1" number="69" class="R"><mg:sg class="R"><mg:lf/></mg:sg></mg:ln>
</mg:row>
<mg:row>
<mg:ln file="1" number="70" class="R"><mg:sg class="R">+<mg:s/>(UniSdkG</mg:sg><mg:sg class="R">MFeedBack<mg:s/></mg:sg><mg:sg class="R">*)sharedIn</mg:sg><mg:sg class="R">stance;<mg:lf/></mg:sg></mg:ln>
</mg:row>
<mg:row>
<mg:ln file="1" number="71" class="R"><mg:sg class="R"><mg:lf/></mg:sg></mg:ln>
</mg:row>
<mg:row>
<mg:ln file="1" number="72" class="R"><mg:sg class="R">/**<mg:lf/></mg:sg></mg:ln>
</mg:row>
<mg:row>
<mg:ln file="1" number="73" class="R"><mg:sg class="R"><mg:s/>*<mg:s/><mg:s/>AppDel</mg:sg><mg:sg class="R">egate<mg:s/>调用<mg:lf/></mg:sg></mg:ln>
</mg:row>
<mg:row>
<mg:ln file="1" number="74" class="R"><mg:sg class="R"><mg:s/>*/<mg:lf/></mg:sg></mg:ln>
</mg:row>
<mg:row>
<mg:ln file="1" number="75" class="R"><mg:sg class="R">-<mg:s/>(BOOL)ap</mg:sg><mg:sg class="R">plication:</mg:sg><mg:sg class="R">(UIApplica</mg:sg><mg:sg class="R">tion<mg:s/>*)app</mg:sg><mg:sg class="R">lication<mg:s/>d</mg:sg><mg:sg class="R">idFinishLa</mg:sg><mg:sg class="R">unchingWit</mg:sg><mg:sg class="R">hOptions:(</mg:sg><mg:sg class="R">NSDictiona</mg:sg><mg:sg class="R">ry<mg:s/>*)launc</mg:sg><mg:sg class="R">hOptions;<mg:lf/></mg:sg></mg:ln>
</mg:row>
<mg:row>
<mg:ln file="1" number="76" class="R"><mg:sg class="R">-<mg:s/>(BOOL)ap</mg:sg><mg:sg class="R">plication:</mg:sg><mg:sg class="R">(UIApplica</mg:sg><mg:sg class="R">tion<mg:s/>*)app</mg:sg><mg:sg class="R">lication<mg:s/>o</mg:sg><mg:sg class="R">penURL:(NS</mg:sg><mg:sg class="R">URL<mg:s/>*)url<mg:s/></mg:sg><mg:sg class="R">sourceAppl</mg:sg><mg:sg class="R">ication:(N</mg:sg><mg:sg class="R">SString<mg:s/>*)</mg:sg><mg:sg class="R">sourceAppl</mg:sg><mg:sg class="R">ication<mg:s/>an</mg:sg><mg:sg class="R">notation:(</mg:sg><mg:sg class="R">id)annotat</mg:sg><mg:sg class="R">ion;<mg:lf/></mg:sg></mg:ln>
</mg:row>
<mg:row>
<mg:ln file="1" number="77" class="R"><mg:sg class="R"><mg:lf/></mg:sg></mg:ln>
</mg:row>
<mg:row>
<mg:ln file="1" number="78" class="R"><mg:sg class="R">/**<mg:lf/></mg:sg></mg:ln>
</mg:row>
<mg:row>
<mg:ln file="1" number="79" class="R"><mg:sg class="R"><mg:s/>*<mg:s/><mg:s/>Deprec</mg:sg><mg:sg class="R">ated<mg:lf/></mg:sg></mg:ln>
</mg:row>
<mg:row>
<mg:ln file="1" number="80" class="R"><mg:sg class="R"><mg:s/>*/<mg:lf/></mg:sg></mg:ln>
</mg:row>
<mg:row>
<mg:ln file="1" number="81" class="R"><mg:sg class="R">-<mg:s/>(void)cr</mg:sg><mg:sg class="R">eateFloatW</mg:sg><mg:sg class="R">indowAndSh</mg:sg><mg:sg class="R">owImmediat</mg:sg><mg:sg class="R">ely:(BOOL)</mg:sg><mg:sg class="R">show;<mg:lf/></mg:sg></mg:ln>
</mg:row>
<mg:row>
<mg:ln file="1" number="82" class="R"><mg:sg class="R"><mg:lf/></mg:sg></mg:ln>
</mg:row>
<mg:row>
<mg:ln file="1" number="83" class="R"><mg:sg class="R">/**<mg:lf/></mg:sg></mg:ln>
</mg:row>
<mg:row>
<mg:ln file="1" number="84" class="R"><mg:sg class="R"><mg:s/>*<mg:s/><mg:s/>@brief</mg:sg><mg:sg class="R"><mg:s/><mg:s/>显示GM页面，客</mg:sg><mg:sg class="R">户或者精灵页面，需要</mg:sg><mg:sg class="R">指定url，如:<mg:s/>h</mg:sg><mg:sg class="R">ttp://gm.1</mg:sg><mg:sg class="R">63.com/xxx</mg:sg><mg:sg class="R">x<mg:s/>url拼接规则参</mg:sg><mg:sg class="R">见使用文档,<mg:s/>为ni</mg:sg><mg:sg class="R">l打开主页<mg:lf/></mg:sg></mg:ln>
</mg:row>
<mg:row>
<mg:ln file="1" number="85" class="R"><mg:sg class="R"><mg:s/>*<mg:s/><mg:s/>强烈建议此参</mg:sg><mg:sg class="R">数填nil,<mg:s/>sdk</mg:sg><mg:sg class="R">会校验token是否</mg:sg><mg:sg class="R">过期，token过期</mg:sg><mg:sg class="R">游戏会收到一个tok</mg:sg><mg:sg class="R">en无效的通知，你在</mg:sg><mg:sg class="R">此设置有效的toke</mg:sg><mg:sg class="R">n时，会自己打开主页</mg:sg><mg:sg class="R">。<mg:lf/></mg:sg></mg:ln>
</mg:row>
<mg:row>
<mg:ln file="1" number="86" class="R"><mg:sg class="R"><mg:s/>*<mg:s/><mg:s/>@param</mg:sg><mg:sg class="R"><mg:s/>stringUrl</mg:sg><mg:sg class="R"><mg:lf/></mg:sg></mg:ln>
</mg:row>
<mg:row>
<mg:ln file="1" number="87" class="R"><mg:sg class="R"><mg:s/>*/<mg:lf/></mg:sg></mg:ln>
</mg:row>
<mg:row>
<mg:ln file="1" number="88" class="R"><mg:sg class="R">-<mg:s/>(void)sh</mg:sg><mg:sg class="R">owWebViewW</mg:sg><mg:sg class="R">ithUrl:(nu</mg:sg><mg:sg class="R">llable<mg:s/>NSS</mg:sg><mg:sg class="R">tring<mg:s/>*)st</mg:sg><mg:sg class="R">ringUrl;<mg:lf/></mg:sg></mg:ln>
</mg:row>
<mg:row>
<mg:ln file="1" number="89" class="R"><mg:sg class="R"><mg:lf/></mg:sg></mg:ln>
</mg:row>
<mg:row>
<mg:ln file="1" number="90" class="R"><mg:sg class="R">/**<mg:lf/></mg:sg></mg:ln>
</mg:row>
<mg:row>
<mg:ln file="1" number="91" class="R"><mg:sg class="R"><mg:s/>*收到游戏服推过来</mg:sg><mg:sg class="R">的message<mg:lf/></mg:sg></mg:ln>
</mg:row>
<mg:row>
<mg:ln file="1" number="92" class="R"><mg:sg class="R"><mg:s/>*<mg:s/>1.<mg:s/>json</mg:sg><mg:sg class="R">格式。<mg:lf/></mg:sg></mg:ln>
</mg:row>
<mg:row>
<mg:ln file="1" number="93" class="R"><mg:sg class="R"><mg:s/>*<mg:s/>2.<mg:s/>在设置之</mg:sg><mg:sg class="R">前请确保设置过tok</mg:sg><mg:sg class="R">en。<mg:lf/></mg:sg></mg:ln>
</mg:row>
<mg:row>
<mg:ln file="1" number="94" class="R"><mg:sg class="R"><mg:s/>*<mg:s/>3.<mg:s/>请向客服</mg:sg><mg:sg class="R">后台确定，他们发过来</mg:sg><mg:sg class="R">的token串里包括</mg:sg><mg:sg class="R">，浮标的信息，和主页</mg:sg><mg:sg class="R">地址<mg:lf/></mg:sg></mg:ln>
</mg:row>
<mg:row>
<mg:ln file="1" number="95" class="R"><mg:sg class="R"><mg:s/>*<mg:lf/></mg:sg></mg:ln>
</mg:row>
<mg:row>
<mg:ln file="1" number="96" class="R"><mg:sg class="R"><mg:s/>*<mg:s/>-1.<mg:s/>War</mg:sg><mg:sg class="R">ning：切换手机之</mg:sg><mg:sg class="R">后，用户卸载重装之后</mg:sg><mg:sg class="R">，越狱用户手动删除文</mg:sg><mg:sg class="R">件之后，之前的未读消</mg:sg><mg:sg class="R">息就看不到红点了。<mg:lf/></mg:sg></mg:ln>
</mg:row>
<mg:row>
<mg:ln file="1" number="97" class="R"><mg:sg class="R"><mg:s/>*<mg:s/>-2.<mg:s/>当前的</mg:sg><mg:sg class="R">是逐条推消息的格式如</mg:sg><mg:sg class="R">下（目前只是用来显示</mg:sg><mg:sg class="R">红点，还没消息预览的</mg:sg><mg:sg class="R">需求）{&quot;code&quot;</mg:sg><mg:sg class="R">:200,<mg:s/>&quot;gms</mg:sg><mg:sg class="R">dk_type&quot;:&quot;</mg:sg><mg:sg class="R">red_menu&quot;,</mg:sg><mg:sg class="R"><mg:s/>&quot;menu_id&quot;</mg:sg><mg:sg class="R">:&quot;xxxx&quot;,<mg:s/>&quot;</mg:sg><mg:sg class="R">show_msg&quot;:</mg:sg><mg:sg class="R">&quot;xxxx&quot;}<mg:lf/></mg:sg></mg:ln>
</mg:row>
<mg:row>
<mg:ln file="1" number="98" class="R"><mg:sg class="R"><mg:s/>*<mg:s/>-3.<mg:s/>往下【</mg:sg><mg:sg class="R">*】是写给维护客服S</mg:sg><mg:sg class="R">DK的同学看的，虽然</mg:sg><mg:sg class="R">策划说这个以后不会再</mg:sg><mg:sg class="R">改，但是以防万一。<mg:lf/></mg:sg></mg:ln>
</mg:row>
<mg:row>
<mg:ln file="1" number="99" class="R"><mg:sg class="R"><mg:s/>*<mg:s/>-*.<mg:s/>一次刷</mg:sg><mg:sg class="R">多条（服务端不支持）</mg:sg><mg:sg class="R">{&quot;msgs&quot;:[{</mg:sg><mg:sg class="R">&quot;gmsdk_typ</mg:sg><mg:sg class="R">e&quot;:&quot;red_me</mg:sg><mg:sg class="R">nu&quot;,<mg:s/>&quot;menu</mg:sg><mg:sg class="R">_id&quot;:&quot;xxxx</mg:sg><mg:sg class="R">&quot;,<mg:s/>&quot;show_m</mg:sg><mg:sg class="R">sg&quot;:&quot;xxxx&quot;</mg:sg><mg:sg class="R">},<mg:s/>{...}],</mg:sg><mg:sg class="R"><mg:s/>&quot;code&quot;:20</mg:sg><mg:sg class="R">0}<mg:s/>防止-2<mg:lf/></mg:sg></mg:ln>
</mg:row>
<mg:row>
<mg:ln file="1" number="100" class="R"><mg:sg class="R"><mg:s/>*/<mg:lf/></mg:sg></mg:ln>
</mg:row>
<mg:row>
<mg:ln file="1" number="101" class="R"><mg:sg class="R">-<mg:s/>(void)re</mg:sg><mg:sg class="R">civeMessag</mg:sg><mg:sg class="R">e:(NSStrin</mg:sg><mg:sg class="R">g<mg:s/>*)messag</mg:sg><mg:sg class="R">e;<mg:lf/></mg:sg></mg:ln>
</mg:row>
<mg:row>
<mg:ln file="1" number="102" class="R"><mg:sg class="R"><mg:lf/></mg:sg></mg:ln>
</mg:row>
<mg:row>
<mg:ln file="1" number="103" class="R"><mg:sg class="R">/**<mg:lf/></mg:sg></mg:ln>
</mg:row>
<mg:row>
<mg:ln file="1" number="104" class="R"><mg:sg class="R"><mg:s/>获取app的主wi</mg:sg><mg:sg class="R">ndow，由于sdk</mg:sg><mg:sg class="R">内存在自己的wind</mg:sg><mg:sg class="R">ow，直接通过”[U</mg:sg><mg:sg class="R">IApplicati</mg:sg><mg:sg class="R">on<mg:lf/></mg:sg></mg:ln>
</mg:row>
<mg:row>
<mg:ln file="1" number="105" class="R"><mg:sg class="R"><mg:s/>sharedApp</mg:sg><mg:sg class="R">lication].</mg:sg><mg:sg class="R">keyWindow”</mg:sg><mg:sg class="R">获取的window得</mg:sg><mg:sg class="R">到的结果可能不是预期</mg:sg><mg:sg class="R">的，所以提供这个方法</mg:sg><mg:sg class="R">来获取app的主<mg:lf/></mg:sg></mg:ln>
</mg:row>
<mg:row>
<mg:ln file="1" number="106" class="R"><mg:sg class="R"><mg:s/>window，需要</mg:sg><mg:sg class="R">注意的是，必须在<mg:s/>“</mg:sg><mg:sg class="R">-<mg:s/>(BOOL)ap</mg:sg><mg:sg class="R">plication:</mg:sg><mg:sg class="R">(UIApplica</mg:sg><mg:sg class="R">tion<mg:s/>*)app</mg:sg><mg:sg class="R">lication<mg:lf/></mg:sg></mg:ln>
</mg:row>
<mg:row>
<mg:ln file="1" number="107" class="R"><mg:sg class="R"><mg:s/>didFinish</mg:sg><mg:sg class="R">LaunchingW</mg:sg><mg:sg class="R">ithOptions</mg:sg><mg:sg class="R">:(NSDictio</mg:sg><mg:sg class="R">nary<mg:s/>*)lau</mg:sg><mg:sg class="R">nchOptions</mg:sg><mg:sg class="R">”<mg:s/>方法之后获取，不</mg:sg><mg:sg class="R">然返回的是空值<mg:lf/></mg:sg></mg:ln>
</mg:row>
<mg:row>
<mg:ln file="1" number="108" class="R"><mg:sg class="R"><mg:s/><mg:lf/></mg:sg></mg:ln>
</mg:row>
<mg:row>
<mg:ln file="1" number="109" class="R"><mg:sg class="R"><mg:s/>@return<mg:s/>a</mg:sg><mg:sg class="R">pp主window<mg:lf/></mg:sg></mg:ln>
</mg:row>
<mg:row>
<mg:ln file="1" number="110" class="R"><mg:sg class="R"><mg:s/>*/<mg:lf/></mg:sg></mg:ln>
</mg:row>
<mg:row>
<mg:ln file="1" number="111" class="R"><mg:sg class="R">-<mg:s/>(UIWindo</mg:sg><mg:sg class="R">w<mg:s/><mg:s/>*)appli</mg:sg><mg:sg class="R">cationMain</mg:sg><mg:sg class="R">Window;<mg:lf/></mg:sg></mg:ln>
</mg:row>
<mg:row>
<mg:ln file="1" number="112" class="R"><mg:sg class="R"><mg:lf/></mg:sg></mg:ln>
</mg:row>
<mg:row>
<mg:ln file="1" number="113" class="R"><mg:sg class="R">/**<mg:lf/></mg:sg></mg:ln>
</mg:row>
<mg:row>
<mg:ln file="1" number="114" class="R"><mg:sg class="R"><mg:s/>关闭webview</mg:sg><mg:sg class="R">接口<mg:lf/></mg:sg></mg:ln>
</mg:row>
<mg:row>
<mg:ln file="1" number="115" class="R"><mg:sg class="R"><mg:s/>*/<mg:lf/></mg:sg></mg:ln>
</mg:row>
<mg:row>
<mg:ln file="1" number="116" class="R"><mg:sg class="R">-<mg:s/>(void)nt</mg:sg><mg:sg class="R">Destroy;<mg:lf/></mg:sg></mg:ln>
</mg:row>
<mg:row>
<mg:ln file="1" number="117" class="R"><mg:sg class="R"><mg:lf/></mg:sg></mg:ln>
</mg:row>
<mg:row>
<mg:ln file="1" number="118" class="R"><mg:sg class="R">//========</mg:sg><mg:sg class="R">==========</mg:sg><mg:sg class="R">==========</mg:sg><mg:sg class="R">==========</mg:sg><mg:sg class="R">==========</mg:sg><mg:sg class="R">==========</mg:sg><mg:sg class="R">==========</mg:sg><mg:sg class="R">==========</mg:sg><mg:sg class="R">=======<mg:lf/></mg:sg></mg:ln>
</mg:row>
<mg:row>
<mg:ln file="1" number="119" class="R"><mg:sg class="R">//<mg:s/><mg:s/><mg:s/><mg:s/><mg:s/><mg:s/><mg:s/><mg:s/></mg:sg><mg:sg class="R"><mg:s/><mg:s/>分隔线,<mg:s/>4.1</mg:sg><mg:sg class="R"><mg:s/>以后以下接口均为空</mg:sg><mg:sg class="R">函数，<mg:lf/></mg:sg></mg:ln>
</mg:row>
<mg:row>
<mg:ln file="1" number="120" class="R"><mg:sg class="R">//========</mg:sg><mg:sg class="R">==========</mg:sg><mg:sg class="R">==========</mg:sg><mg:sg class="R">==========</mg:sg><mg:sg class="R">==========</mg:sg><mg:sg class="R">==========</mg:sg><mg:sg class="R">==========</mg:sg><mg:sg class="R">==========</mg:sg><mg:sg class="R">=======<mg:lf/></mg:sg></mg:ln>
</mg:row>
<mg:row>
<mg:ln file="1" number="121" class="R"><mg:sg class="R"><mg:lf/></mg:sg></mg:ln>
</mg:row>
<mg:row>
<mg:ln file="1" number="122" class="R"><mg:sg class="R">/**<mg:lf/></mg:sg></mg:ln>
</mg:row>
<mg:row>
<mg:ln file="1" number="123" class="R"><mg:sg class="R"><mg:s/>*<mg:s/><mg:s/>使用toke</mg:sg><mg:sg class="R">n登录,方块西游专用</mg:sg><mg:sg class="R">接口<mg:lf/></mg:sg></mg:ln>
</mg:row>
<mg:row>
<mg:ln file="1" number="124" class="R"><mg:sg class="R"><mg:s/>*<mg:s/><mg:s/>@param</mg:sg><mg:sg class="R"><mg:s/>token<mg:lf/></mg:sg></mg:ln>
</mg:row>
<mg:row>
<mg:ln file="1" number="125" class="R"><mg:sg class="R"><mg:s/>*/<mg:lf/></mg:sg></mg:ln>
</mg:row>
<mg:row>
<mg:ln file="1" number="126" class="R"><mg:sg class="R">-<mg:s/>(void)lo</mg:sg><mg:sg class="R">ginWithTok</mg:sg><mg:sg class="R">en:(NSStri</mg:sg><mg:sg class="R">ng<mg:s/>*)token</mg:sg><mg:sg class="R"><mg:s/>andAppCod</mg:sg><mg:sg class="R">e:(NSStrin</mg:sg><mg:sg class="R">g<mg:s/>*)appCod</mg:sg><mg:sg class="R">e<mg:s/>DEPRECAT</mg:sg><mg:sg class="R">ED_MSG_ATT</mg:sg><mg:sg class="R">RIBUTE(&quot;此方</mg:sg><mg:sg class="R">法在4.1后已弃用&quot;</mg:sg><mg:sg class="R">);<mg:lf/></mg:sg></mg:ln>
</mg:row>
<mg:row>
<mg:ln file="1" number="127" class="R"><mg:sg class="R">/**<mg:lf/></mg:sg></mg:ln>
</mg:row>
<mg:row>
<mg:ln file="1" number="128" class="R"><mg:sg class="R"><mg:s/>*<mg:s/><mg:s/>使用toke</mg:sg><mg:sg class="R">n登录,请不要调用这</mg:sg><mg:sg class="R">个接口<mg:lf/></mg:sg></mg:ln>
</mg:row>
<mg:row>
<mg:ln file="1" number="129" class="R"><mg:sg class="R"><mg:s/>*<mg:s/><mg:s/>@param</mg:sg><mg:sg class="R"><mg:s/>token<mg:lf/></mg:sg></mg:ln>
</mg:row>
<mg:row>
<mg:ln file="1" number="130" class="R"><mg:sg class="R"><mg:s/>*/<mg:lf/></mg:sg></mg:ln>
</mg:row>
<mg:row>
<mg:ln file="1" number="131" class="R"><mg:sg class="R">-<mg:s/>(void)lo</mg:sg><mg:sg class="R">ginWithTok</mg:sg><mg:sg class="R">en:(NSStri</mg:sg><mg:sg class="R">ng<mg:s/>*)token</mg:sg><mg:sg class="R"><mg:s/>andAppCod</mg:sg><mg:sg class="R">e:(NSStrin</mg:sg><mg:sg class="R">g<mg:s/>*)appCod</mg:sg><mg:sg class="R">e<mg:s/>fromeOut</mg:sg><mg:sg class="R">erNet:(BOO</mg:sg><mg:sg class="R">L)outer<mg:s/>DE</mg:sg><mg:sg class="R">PRECATED_M</mg:sg><mg:sg class="R">SG_ATTRIBU</mg:sg><mg:sg class="R">TE(&quot;此方法在4.</mg:sg><mg:sg class="R">1后已弃用&quot;);<mg:lf/></mg:sg></mg:ln>
</mg:row>
<mg:row>
<mg:ln file="1" number="132" class="R"><mg:sg class="R"><mg:lf/></mg:sg></mg:ln>
</mg:row>
<mg:row>
<mg:ln file="1" number="133" class="R"><mg:sg class="R">/**<mg:lf/></mg:sg></mg:ln>
</mg:row>
<mg:row>
<mg:ln file="1" number="134" class="R"><mg:sg class="R"><mg:s/>*<mg:s/><mg:s/>显示上传图片</mg:sg><mg:sg class="R">的页面（测试用，产品</mg:sg><mg:sg class="R">不需要调用这个接口）</mg:sg><mg:sg class="R"><mg:lf/></mg:sg></mg:ln>
</mg:row>
<mg:row>
<mg:ln file="1" number="135" class="R"><mg:sg class="R"><mg:s/>*/<mg:lf/></mg:sg></mg:ln>
</mg:row>
<mg:row>
<mg:ln file="1" number="136" class="R"><mg:sg class="R">-<mg:s/>(void)sh</mg:sg><mg:sg class="R">owUploadPi</mg:sg><mg:sg class="R">cView:(NSS</mg:sg><mg:sg class="R">tring<mg:s/>*)ap</mg:sg><mg:sg class="R">pCode<mg:s/>DEPR</mg:sg><mg:sg class="R">ECATED_MSG</mg:sg><mg:sg class="R">_ATTRIBUTE</mg:sg><mg:sg class="R">(&quot;此方法在4.1后</mg:sg><mg:sg class="R">已弃用&quot;);<mg:lf/></mg:sg></mg:ln>
</mg:row>
<mg:row>
<mg:ln file="1" number="137" class="R"><mg:sg class="R"><mg:lf/></mg:sg></mg:ln>
</mg:row>
<mg:row>
<mg:ln file="1" number="138" class="R"><mg:sg class="R">/**<mg:lf/></mg:sg></mg:ln>
</mg:row>
<mg:row>
<mg:ln file="1" number="139" class="R"><mg:sg class="R"><mg:s/>*<mg:s/><mg:s/>是否是指定的</mg:sg><mg:sg class="R">uri<mg:lf/></mg:sg></mg:ln>
</mg:row>
<mg:row>
<mg:ln file="1" number="140" class="R"><mg:sg class="R"><mg:s/>*<mg:s/><mg:s/>@param</mg:sg><mg:sg class="R"><mg:s/>uri<mg:s/>字符串<mg:lf/></mg:sg></mg:ln>
</mg:row>
<mg:row>
<mg:ln file="1" number="141" class="R"><mg:sg class="R"><mg:s/>*<mg:s/><mg:s/>@retur</mg:sg><mg:sg class="R">n<mg:s/>YES\NO<mg:lf/></mg:sg></mg:ln>
</mg:row>
<mg:row>
<mg:ln file="1" number="142" class="R"><mg:sg class="R"><mg:s/>*/<mg:lf/></mg:sg></mg:ln>
</mg:row>
<mg:row>
<mg:ln file="1" number="143" class="R"><mg:sg class="R">-<mg:s/>(BOOL)is</mg:sg><mg:sg class="R">CustomUri:</mg:sg><mg:sg class="R">(NSString<mg:s/></mg:sg><mg:sg class="R">*)uri<mg:s/>DEPR</mg:sg><mg:sg class="R">ECATED_MSG</mg:sg><mg:sg class="R">_ATTRIBUTE</mg:sg><mg:sg class="R">(&quot;此方法在4.1后</mg:sg><mg:sg class="R">已弃用&quot;);<mg:lf/></mg:sg></mg:ln>
</mg:row>
<mg:row>
<mg:ln file="1" number="144" class="R"><mg:sg class="R"><mg:lf/></mg:sg></mg:ln>
</mg:row>
<mg:row>
<mg:ln file="1" number="145" class="R"><mg:sg class="R">//-<mg:s/>(void)</mg:sg><mg:sg class="R">willAnimat</mg:sg><mg:sg class="R">eRotationT</mg:sg><mg:sg class="R">oInterface</mg:sg><mg:sg class="R">Orientatio</mg:sg><mg:sg class="R">n:(UIInter</mg:sg><mg:sg class="R">faceOrient</mg:sg><mg:sg class="R">ation)toIn</mg:sg><mg:sg class="R">terfaceOri</mg:sg><mg:sg class="R">entation<mg:s/>d</mg:sg><mg:sg class="R">uration:(N</mg:sg><mg:sg class="R">STimeInter</mg:sg><mg:sg class="R">val)durati</mg:sg><mg:sg class="R">on;<mg:lf/></mg:sg></mg:ln>
</mg:row>
<mg:row>
<mg:ln file="1" number="146" class="R"><mg:sg class="R">//-<mg:s/>(void)</mg:sg><mg:sg class="R">viewWillTr</mg:sg><mg:sg class="R">ansitionTo</mg:sg><mg:sg class="R">Size:(CGSi</mg:sg><mg:sg class="R">ze)size<mg:s/>wi</mg:sg><mg:sg class="R">thTransiti</mg:sg><mg:sg class="R">onCoordina</mg:sg><mg:sg class="R">tor:(id<mg:s/>&lt;U</mg:sg><mg:sg class="R">IViewContr</mg:sg><mg:sg class="R">ollerTrans</mg:sg><mg:sg class="R">itionCoord</mg:sg><mg:sg class="R">inator&gt;)co</mg:sg><mg:sg class="R">ordinator;</mg:sg><mg:sg class="R"><mg:lf/></mg:sg></mg:ln>
</mg:row>
<mg:row>
<mg:ln file="1" number="147" class="R"><mg:sg class="R"><mg:lf/></mg:sg></mg:ln>
</mg:row>
<mg:row>
<mg:ln file="1" number="148" class="R"><mg:sg class="R">-<mg:s/>(void)ap</mg:sg><mg:sg class="R">plicationW</mg:sg><mg:sg class="R">illResignA</mg:sg><mg:sg class="R">ctive:(UIA</mg:sg><mg:sg class="R">pplication</mg:sg><mg:sg class="R"><mg:s/>*)applica</mg:sg><mg:sg class="R">tion<mg:s/>DEPRE</mg:sg><mg:sg class="R">CATED_MSG_</mg:sg><mg:sg class="R">ATTRIBUTE(</mg:sg><mg:sg class="R">&quot;此方法在4.1后已</mg:sg><mg:sg class="R">弃用&quot;);<mg:lf/></mg:sg></mg:ln>
</mg:row>
<mg:row>
<mg:ln file="1" number="149" class="R"><mg:sg class="R"><mg:lf/></mg:sg></mg:ln>
</mg:row>
<mg:row>
<mg:ln file="1" number="150" class="R"><mg:sg class="R">NS_ASSUME_</mg:sg><mg:sg class="R">NONNULL_EN</mg:sg><mg:sg class="R">D<mg:lf/></mg:sg></mg:ln>
</mg:row>
<mg:row>
<mg:ln file="1" number="151" class="R"><mg:sg class="R">@end<mg:lf/></mg:sg></mg:ln>
</mg:row>
</mg:rowGroup>
</mg:rowData>
</mg:report>
