﻿<?xml version="1.0" encoding="UTF-8" ?>

<mg:report version="1.0" xmlns:mg="http://www.araxis.com/2002/Merge/Reporting" type="FileComparison">
<mg:metaData>
  <mg:title>Araxis Merge File Comparison Report</mg:title>
  <mg:id show="true">1161</mg:id>
  <mg:date>2019/4/19 20:25:42</mg:date>
<mg:options>
<mg:option name="clIgnoreDifferencesInWhitespaceAtTheStartOfLines">0</mg:option>
<mg:option name="clIgnoreDifferencesInWhitespaceAtTheEndOfLines">0</mg:option>
<mg:option name="clTreatConsecutiveWhitespaceAsASingleSpace">1</mg:option>
<mg:option name="clIgnoreAllDifferencesInWhitespace">0</mg:option>
<mg:option name="clWhitespaceSignificant">0</mg:option>
<mg:option name="clIgnoreCase">0</mg:option>
<mg:option name="clIgnoreLineEndings">1</mg:option>
<mg:option name="clHideCRLF">1</mg:option>
<mg:option name="clShowLineNums">1</mg:option>
<mg:option name="clShowOmittedLinesRow">0</mg:option>

<mg:regexps>
<mg:regexp enabled="false">
<mg:expression>^[ \t]*$</mg:expression>
<mg:description>Blank lines</mg:description>
</mg:regexp>
<mg:regexp enabled="false">
<mg:expression>[ \t]*//[^&quot;]*$</mg:expression>
<mg:description>C++ comments</mg:description>
</mg:regexp>
<mg:regexp enabled="false">
<mg:expression>^[ \t]*//.*\$(Date|Archive|Author|Header|JustDate|Modtime|Revision|Workfile):.*\$.*$</mg:expression>
<mg:description>SourceSafe comments</mg:description>
</mg:regexp>
<mg:regexp enabled="false">
<mg:expression>^[ \t]*//(:(Header|Source):|.*Generated.*Genitor).*\$</mg:expression>
<mg:description>Genitor comments</mg:description>
</mg:regexp>
<mg:regexp enabled="false">
<mg:expression>\$(Archive|Author|Date|Header|JustDate|Logfile|Modtime|Revision|Workfile):[^$]*\$</mg:expression>
<mg:description>SourceSafe keywords</mg:description>
</mg:regexp>
<mg:regexp enabled="false">
<mg:expression>^[ \t]*'.*$</mg:expression>
<mg:description>Visual Basic comments</mg:description>
</mg:regexp>
<mg:regexp enabled="false">
<mg:expression>\$(Author|Date|Header|Id|Locker|Name|RCSfile|Revision|Source|State):[^$]*\$</mg:expression>
<mg:description>CVS comments</mg:description>
</mg:regexp>
<mg:regexp enabled="false">
<mg:expression>\$(ACident|ACheader|AClog|ACpart|ACversion|Author|Date|Header|Line|Locker|Log|Revision|Smsfile|Smspath|Today|Vcfile|Vcpath|Workfile):?[^$]*\$</mg:expression>
<mg:description>AllChange keywords</mg:description>
</mg:regexp>
<mg:regexp enabled="false">
<mg:expression></mg:expression>
<mg:description></mg:description>
</mg:regexp>
<mg:regexp enabled="false">
<mg:expression></mg:expression>
<mg:description></mg:description>
</mg:regexp>
</mg:regexps>
</mg:options>
<mg:fileDetails file="1">
  <mg:name>LocalizableStringsManager.h</mg:name>
  <mg:title></mg:title>
  <mg:location>E:\MA75\Branch_20190409\Tools\Mac\LocalizationTool</mg:location>
  <mg:lastModified>Fri Apr 19 11:03:53 2019 UTC</mg:lastModified>
</mg:fileDetails>
<mg:fileDetails file="2">
  <mg:name>LocalizableStringsManager.h</mg:name>
  <mg:title></mg:title>
  <mg:location>E:\MA75\tgc_main\Tools\Mac\LocalizationTool</mg:location>
  <mg:lastModified>Thu Apr 11 09:36:47 2019 UTC</mg:lastModified>
</mg:fileDetails>
<mg:fileDetails file="3">
  <mg:name>LocalizableStringsManager.h</mg:name>
  <mg:title></mg:title>
  <mg:location>E:\MA75\tgc_mainOld\Tools\Mac\LocalizationTool</mg:location>
  <mg:lastModified>Fri Apr 19 11:53:34 2019 UTC</mg:lastModified>
</mg:fileDetails>
<mg:changeSummaries>
  <mg:changeSummary files="1,2">
	  <mg:changeCount type="unchanged" blocks1="3" blocks2="3" blocks="3" lines1="40" lines2="40" lines="80" />
	  <mg:changeCount type="removed" blocks1="1" blocks2="0" blocks="1" lines1="2" lines2="0" lines="2" />
	  <mg:changeCount type="inserted" blocks1="0" blocks2="0" blocks="0" lines1="0" lines2="0" lines="0" />
	  <mg:changeCount type="changed" blocks1="1" blocks2="1" blocks="1" lines1="1" lines2="2" lines="3" />
  </mg:changeSummary>
<mg:changeSummary files="2,3">
	  <mg:changeCount type="unchanged" blocks1="3" blocks2="3" blocks="3" lines1="40" lines2="40" lines="80" />
	  <mg:changeCount type="removed" blocks1="0" blocks2="0" blocks="0" lines1="0" lines2="0" lines="0" />
	  <mg:changeCount type="inserted" blocks1="0" blocks2="1" blocks="1" lines1="0" lines2="2" lines="2" />
	  <mg:changeCount type="changed" blocks1="1" blocks2="1" blocks="1" lines1="2" lines2="1" lines="3" />
  </mg:changeSummary>
<mg:changeSummary files="1,2,3"><mg:changeCount type="removed" blocks="0" lines="0"/><mg:changeCount type="inserted" blocks="1" lines="2"/><mg:changeCount type="changed" blocks="1" lines="3"/><mg:changeCount type="conflicts" count="0"/></mg:changeSummary></mg:changeSummaries>
		<mg:classes file="1">
<mg:class name="U">
<mg:cssAttribute name="color">#000000</mg:cssAttribute>
<mg:cssAttribute name="background-color">#FFFFFF</mg:cssAttribute>
<mg:cssAttribute name="font-family">Consolas</mg:cssAttribute>
<mg:cssAttribute name="font-weight">normal</mg:cssAttribute>
<mg:cssAttribute name="font-style">normal</mg:cssAttribute>
<mg:cssAttribute name="font-size">9pt</mg:cssAttribute>
<mg:cssAttribute name="text-decoration">none</mg:cssAttribute>
</mg:class>
<mg:class name="R">
<mg:cssAttribute name="color">#800000</mg:cssAttribute>
<mg:cssAttribute name="background-color">#F3E6D8</mg:cssAttribute>
<mg:cssAttribute name="font-family">Consolas</mg:cssAttribute>
<mg:cssAttribute name="font-weight">normal</mg:cssAttribute>
<mg:cssAttribute name="font-style">normal</mg:cssAttribute>
<mg:cssAttribute name="font-size">9pt</mg:cssAttribute>
<mg:cssAttribute name="text-decoration">none</mg:cssAttribute>
</mg:class>
<mg:class name="I">
<mg:cssAttribute name="color">#800000</mg:cssAttribute>
<mg:cssAttribute name="background-color">#D1E8CF</mg:cssAttribute>
<mg:cssAttribute name="font-family">Consolas</mg:cssAttribute>
<mg:cssAttribute name="font-weight">normal</mg:cssAttribute>
<mg:cssAttribute name="font-style">normal</mg:cssAttribute>
<mg:cssAttribute name="font-size">9pt</mg:cssAttribute>
<mg:cssAttribute name="text-decoration">none</mg:cssAttribute>
</mg:class>
<mg:class name="C">
<mg:cssAttribute name="color">#800000</mg:cssAttribute>
<mg:cssAttribute name="background-color">#DACDE6</mg:cssAttribute>
<mg:cssAttribute name="font-family">Consolas</mg:cssAttribute>
<mg:cssAttribute name="font-weight">normal</mg:cssAttribute>
<mg:cssAttribute name="font-style">normal</mg:cssAttribute>
<mg:cssAttribute name="font-size">9pt</mg:cssAttribute>
<mg:cssAttribute name="text-decoration">none</mg:cssAttribute>
</mg:class>
		</mg:classes>
		<mg:classes file="2">
<mg:class name="UU">
<mg:cssAttribute name="color">#000000</mg:cssAttribute>
<mg:cssAttribute name="background-color">#FFFFFF</mg:cssAttribute>
<mg:cssAttribute name="font-family">Consolas</mg:cssAttribute>
<mg:cssAttribute name="font-weight">normal</mg:cssAttribute>
<mg:cssAttribute name="font-style">normal</mg:cssAttribute>
<mg:cssAttribute name="font-size">9pt</mg:cssAttribute>
<mg:cssAttribute name="text-decoration">none</mg:cssAttribute>
</mg:class>
<mg:class name="UR">
<mg:cssAttribute name="color">#400000</mg:cssAttribute>
<mg:cssAttribute name="background-color">#F9F2EB</mg:cssAttribute>
<mg:cssAttribute name="font-family">Consolas</mg:cssAttribute>
<mg:cssAttribute name="font-weight">normal</mg:cssAttribute>
<mg:cssAttribute name="font-style">normal</mg:cssAttribute>
<mg:cssAttribute name="font-size">9pt</mg:cssAttribute>
<mg:cssAttribute name="text-decoration">none</mg:cssAttribute>
</mg:class>
<mg:class name="UI">
<mg:cssAttribute name="color">#400000</mg:cssAttribute>
<mg:cssAttribute name="background-color">#E8F3E7</mg:cssAttribute>
<mg:cssAttribute name="font-family">Consolas</mg:cssAttribute>
<mg:cssAttribute name="font-weight">normal</mg:cssAttribute>
<mg:cssAttribute name="font-style">normal</mg:cssAttribute>
<mg:cssAttribute name="font-size">9pt</mg:cssAttribute>
<mg:cssAttribute name="text-decoration">none</mg:cssAttribute>
</mg:class>
<mg:class name="UC">
<mg:cssAttribute name="color">#400000</mg:cssAttribute>
<mg:cssAttribute name="background-color">#ECE6F2</mg:cssAttribute>
<mg:cssAttribute name="font-family">Consolas</mg:cssAttribute>
<mg:cssAttribute name="font-weight">normal</mg:cssAttribute>
<mg:cssAttribute name="font-style">normal</mg:cssAttribute>
<mg:cssAttribute name="font-size">9pt</mg:cssAttribute>
<mg:cssAttribute name="text-decoration">none</mg:cssAttribute>
</mg:class>
<mg:class name="RU">
<mg:cssAttribute name="color">#400000</mg:cssAttribute>
<mg:cssAttribute name="background-color">#F9F2EB</mg:cssAttribute>
<mg:cssAttribute name="font-family">Consolas</mg:cssAttribute>
<mg:cssAttribute name="font-weight">normal</mg:cssAttribute>
<mg:cssAttribute name="font-style">normal</mg:cssAttribute>
<mg:cssAttribute name="font-size">9pt</mg:cssAttribute>
<mg:cssAttribute name="text-decoration">none</mg:cssAttribute>
</mg:class>
<mg:class name="RR">
<mg:cssAttribute name="color">#800000</mg:cssAttribute>
<mg:cssAttribute name="background-color">#F3E6D8</mg:cssAttribute>
<mg:cssAttribute name="font-family">Consolas</mg:cssAttribute>
<mg:cssAttribute name="font-weight">normal</mg:cssAttribute>
<mg:cssAttribute name="font-style">normal</mg:cssAttribute>
<mg:cssAttribute name="font-size">9pt</mg:cssAttribute>
<mg:cssAttribute name="text-decoration">none</mg:cssAttribute>
</mg:class>
<mg:class name="RI">
<mg:cssAttribute name="color">#800000</mg:cssAttribute>
<mg:cssAttribute name="background-color">#E2E7D3</mg:cssAttribute>
<mg:cssAttribute name="font-family">Consolas</mg:cssAttribute>
<mg:cssAttribute name="font-weight">normal</mg:cssAttribute>
<mg:cssAttribute name="font-style">normal</mg:cssAttribute>
<mg:cssAttribute name="font-size">9pt</mg:cssAttribute>
<mg:cssAttribute name="text-decoration">none</mg:cssAttribute>
</mg:class>
<mg:class name="RC">
<mg:cssAttribute name="color">#800000</mg:cssAttribute>
<mg:cssAttribute name="background-color">#E6D9DF</mg:cssAttribute>
<mg:cssAttribute name="font-family">Consolas</mg:cssAttribute>
<mg:cssAttribute name="font-weight">normal</mg:cssAttribute>
<mg:cssAttribute name="font-style">normal</mg:cssAttribute>
<mg:cssAttribute name="font-size">9pt</mg:cssAttribute>
<mg:cssAttribute name="text-decoration">none</mg:cssAttribute>
</mg:class>
<mg:class name="IU">
<mg:cssAttribute name="color">#400000</mg:cssAttribute>
<mg:cssAttribute name="background-color">#E8F3E7</mg:cssAttribute>
<mg:cssAttribute name="font-family">Consolas</mg:cssAttribute>
<mg:cssAttribute name="font-weight">normal</mg:cssAttribute>
<mg:cssAttribute name="font-style">normal</mg:cssAttribute>
<mg:cssAttribute name="font-size">9pt</mg:cssAttribute>
<mg:cssAttribute name="text-decoration">none</mg:cssAttribute>
</mg:class>
<mg:class name="IR">
<mg:cssAttribute name="color">#800000</mg:cssAttribute>
<mg:cssAttribute name="background-color">#E2E7D3</mg:cssAttribute>
<mg:cssAttribute name="font-family">Consolas</mg:cssAttribute>
<mg:cssAttribute name="font-weight">normal</mg:cssAttribute>
<mg:cssAttribute name="font-style">normal</mg:cssAttribute>
<mg:cssAttribute name="font-size">9pt</mg:cssAttribute>
<mg:cssAttribute name="text-decoration">none</mg:cssAttribute>
</mg:class>
<mg:class name="II">
<mg:cssAttribute name="color">#800000</mg:cssAttribute>
<mg:cssAttribute name="background-color">#D1E8CF</mg:cssAttribute>
<mg:cssAttribute name="font-family">Consolas</mg:cssAttribute>
<mg:cssAttribute name="font-weight">normal</mg:cssAttribute>
<mg:cssAttribute name="font-style">normal</mg:cssAttribute>
<mg:cssAttribute name="font-size">9pt</mg:cssAttribute>
<mg:cssAttribute name="text-decoration">none</mg:cssAttribute>
</mg:class>
<mg:class name="IC">
<mg:cssAttribute name="color">#800000</mg:cssAttribute>
<mg:cssAttribute name="background-color">#D5DADA</mg:cssAttribute>
<mg:cssAttribute name="font-family">Consolas</mg:cssAttribute>
<mg:cssAttribute name="font-weight">normal</mg:cssAttribute>
<mg:cssAttribute name="font-style">normal</mg:cssAttribute>
<mg:cssAttribute name="font-size">9pt</mg:cssAttribute>
<mg:cssAttribute name="text-decoration">none</mg:cssAttribute>
</mg:class>
<mg:class name="CU">
<mg:cssAttribute name="color">#400000</mg:cssAttribute>
<mg:cssAttribute name="background-color">#ECE6F2</mg:cssAttribute>
<mg:cssAttribute name="font-family">Consolas</mg:cssAttribute>
<mg:cssAttribute name="font-weight">normal</mg:cssAttribute>
<mg:cssAttribute name="font-style">normal</mg:cssAttribute>
<mg:cssAttribute name="font-size">9pt</mg:cssAttribute>
<mg:cssAttribute name="text-decoration">none</mg:cssAttribute>
</mg:class>
<mg:class name="CR">
<mg:cssAttribute name="color">#800000</mg:cssAttribute>
<mg:cssAttribute name="background-color">#E6D9DF</mg:cssAttribute>
<mg:cssAttribute name="font-family">Consolas</mg:cssAttribute>
<mg:cssAttribute name="font-weight">normal</mg:cssAttribute>
<mg:cssAttribute name="font-style">normal</mg:cssAttribute>
<mg:cssAttribute name="font-size">9pt</mg:cssAttribute>
<mg:cssAttribute name="text-decoration">none</mg:cssAttribute>
</mg:class>
<mg:class name="CI">
<mg:cssAttribute name="color">#800000</mg:cssAttribute>
<mg:cssAttribute name="background-color">#D5DADA</mg:cssAttribute>
<mg:cssAttribute name="font-family">Consolas</mg:cssAttribute>
<mg:cssAttribute name="font-weight">normal</mg:cssAttribute>
<mg:cssAttribute name="font-style">normal</mg:cssAttribute>
<mg:cssAttribute name="font-size">9pt</mg:cssAttribute>
<mg:cssAttribute name="text-decoration">none</mg:cssAttribute>
</mg:class>
<mg:class name="CC">
<mg:cssAttribute name="color">#800000</mg:cssAttribute>
<mg:cssAttribute name="background-color">#DACDE6</mg:cssAttribute>
<mg:cssAttribute name="font-family">Consolas</mg:cssAttribute>
<mg:cssAttribute name="font-weight">normal</mg:cssAttribute>
<mg:cssAttribute name="font-style">normal</mg:cssAttribute>
<mg:cssAttribute name="font-size">9pt</mg:cssAttribute>
<mg:cssAttribute name="text-decoration">none</mg:cssAttribute>
</mg:class>
		</mg:classes>
		<mg:classes file="3">
<mg:class name="U">
<mg:cssAttribute name="color">#000000</mg:cssAttribute>
<mg:cssAttribute name="background-color">#FFFFFF</mg:cssAttribute>
<mg:cssAttribute name="font-family">Consolas</mg:cssAttribute>
<mg:cssAttribute name="font-weight">normal</mg:cssAttribute>
<mg:cssAttribute name="font-style">normal</mg:cssAttribute>
<mg:cssAttribute name="font-size">9pt</mg:cssAttribute>
<mg:cssAttribute name="text-decoration">none</mg:cssAttribute>
</mg:class>
<mg:class name="R">
<mg:cssAttribute name="color">#800000</mg:cssAttribute>
<mg:cssAttribute name="background-color">#F3E6D8</mg:cssAttribute>
<mg:cssAttribute name="font-family">Consolas</mg:cssAttribute>
<mg:cssAttribute name="font-weight">normal</mg:cssAttribute>
<mg:cssAttribute name="font-style">normal</mg:cssAttribute>
<mg:cssAttribute name="font-size">9pt</mg:cssAttribute>
<mg:cssAttribute name="text-decoration">none</mg:cssAttribute>
</mg:class>
<mg:class name="I">
<mg:cssAttribute name="color">#800000</mg:cssAttribute>
<mg:cssAttribute name="background-color">#D1E8CF</mg:cssAttribute>
<mg:cssAttribute name="font-family">Consolas</mg:cssAttribute>
<mg:cssAttribute name="font-weight">normal</mg:cssAttribute>
<mg:cssAttribute name="font-style">normal</mg:cssAttribute>
<mg:cssAttribute name="font-size">9pt</mg:cssAttribute>
<mg:cssAttribute name="text-decoration">none</mg:cssAttribute>
</mg:class>
<mg:class name="C">
<mg:cssAttribute name="color">#800000</mg:cssAttribute>
<mg:cssAttribute name="background-color">#DACDE6</mg:cssAttribute>
<mg:cssAttribute name="font-family">Consolas</mg:cssAttribute>
<mg:cssAttribute name="font-weight">normal</mg:cssAttribute>
<mg:cssAttribute name="font-style">normal</mg:cssAttribute>
<mg:cssAttribute name="font-size">9pt</mg:cssAttribute>
<mg:cssAttribute name="text-decoration">none</mg:cssAttribute>
</mg:class>
		</mg:classes>
</mg:metaData>
<mg:rowData>
<mg:rowGroup>
<mg:row>
<mg:ln file="1" number="1" class="U"><mg:sg class="U">//<mg:lf/></mg:sg></mg:ln>
<mg:ln file="2" number="1" class="UU"><mg:sg class="UU">//<mg:lf/></mg:sg></mg:ln>
<mg:ln file="3" number="1" class="U"><mg:sg class="U">//<mg:lf/></mg:sg></mg:ln>
</mg:row>
<mg:row>
<mg:ln file="1" number="2" class="U"><mg:sg class="U">//<mg:s/><mg:s/>Locali</mg:sg><mg:sg class="U">zableStrin</mg:sg><mg:sg class="U">gsManager.</mg:sg><mg:sg class="U">h<mg:lf/></mg:sg></mg:ln>
<mg:ln file="2" number="2" class="UU"><mg:sg class="UU">//<mg:s/><mg:s/>Locali</mg:sg><mg:sg class="UU">zableStrin</mg:sg><mg:sg class="UU">gsManager.</mg:sg><mg:sg class="UU">h<mg:lf/></mg:sg></mg:ln>
<mg:ln file="3" number="2" class="U"><mg:sg class="U">//<mg:s/><mg:s/>Locali</mg:sg><mg:sg class="U">zableStrin</mg:sg><mg:sg class="U">gsManager.</mg:sg><mg:sg class="U">h<mg:lf/></mg:sg></mg:ln>
</mg:row>
<mg:row>
<mg:ln file="1" number="3" class="U"><mg:sg class="U">//<mg:s/><mg:s/>Locali</mg:sg><mg:sg class="U">zationTool</mg:sg><mg:sg class="U"><mg:lf/></mg:sg></mg:ln>
<mg:ln file="2" number="3" class="UU"><mg:sg class="UU">//<mg:s/><mg:s/>Locali</mg:sg><mg:sg class="UU">zationTool</mg:sg><mg:sg class="UU"><mg:lf/></mg:sg></mg:ln>
<mg:ln file="3" number="3" class="U"><mg:sg class="U">//<mg:s/><mg:s/>Locali</mg:sg><mg:sg class="U">zationTool</mg:sg><mg:sg class="U"><mg:lf/></mg:sg></mg:ln>
</mg:row>
<mg:row>
<mg:ln file="1" number="4" class="U"><mg:sg class="U">//<mg:lf/></mg:sg></mg:ln>
<mg:ln file="2" number="4" class="UU"><mg:sg class="UU">//<mg:lf/></mg:sg></mg:ln>
<mg:ln file="3" number="4" class="U"><mg:sg class="U">//<mg:lf/></mg:sg></mg:ln>
</mg:row>
<mg:row>
<mg:ln file="1" number="5" class="U"><mg:sg class="U">//<mg:s/><mg:s/>Create</mg:sg><mg:sg class="U">d<mg:s/>by<mg:s/>Jeffr</mg:sg><mg:sg class="U">ey<mg:s/>Exterka</mg:sg><mg:sg class="U">te<mg:s/>on<mg:s/>3/9/</mg:sg><mg:sg class="U">18.<mg:lf/></mg:sg></mg:ln>
<mg:ln file="2" number="5" class="UU"><mg:sg class="UU">//<mg:s/><mg:s/>Create</mg:sg><mg:sg class="UU">d<mg:s/>by<mg:s/>Jeffr</mg:sg><mg:sg class="UU">ey<mg:s/>Exterka</mg:sg><mg:sg class="UU">te<mg:s/>on<mg:s/>3/9/</mg:sg><mg:sg class="UU">18.<mg:lf/></mg:sg></mg:ln>
<mg:ln file="3" number="5" class="U"><mg:sg class="U">//<mg:s/><mg:s/>Create</mg:sg><mg:sg class="U">d<mg:s/>by<mg:s/>Jeffr</mg:sg><mg:sg class="U">ey<mg:s/>Exterka</mg:sg><mg:sg class="U">te<mg:s/>on<mg:s/>3/9/</mg:sg><mg:sg class="U">18.<mg:lf/></mg:sg></mg:ln>
</mg:row>
<mg:row>
<mg:ln file="1" number="6" class="U"><mg:sg class="U">//<mg:s/><mg:s/>Copyri</mg:sg><mg:sg class="U">ght<mg:s/>©<mg:s/>2018</mg:sg><mg:sg class="U"><mg:s/>TGC.<mg:s/>All<mg:s/></mg:sg><mg:sg class="U">rights<mg:s/>res</mg:sg><mg:sg class="U">erved.<mg:lf/></mg:sg></mg:ln>
<mg:ln file="2" number="6" class="UU"><mg:sg class="UU">//<mg:s/><mg:s/>Copyri</mg:sg><mg:sg class="UU">ght<mg:s/>©<mg:s/>2018</mg:sg><mg:sg class="UU"><mg:s/>TGC.<mg:s/>All<mg:s/></mg:sg><mg:sg class="UU">rights<mg:s/>res</mg:sg><mg:sg class="UU">erved.<mg:lf/></mg:sg></mg:ln>
<mg:ln file="3" number="6" class="U"><mg:sg class="U">//<mg:s/><mg:s/>Copyri</mg:sg><mg:sg class="U">ght<mg:s/>©<mg:s/>2018</mg:sg><mg:sg class="U"><mg:s/>TGC.<mg:s/>All<mg:s/></mg:sg><mg:sg class="U">rights<mg:s/>res</mg:sg><mg:sg class="U">erved.<mg:lf/></mg:sg></mg:ln>
</mg:row>
<mg:row>
<mg:ln file="1" number="7" class="U"><mg:sg class="U">//<mg:lf/></mg:sg></mg:ln>
<mg:ln file="2" number="7" class="UU"><mg:sg class="UU">//<mg:lf/></mg:sg></mg:ln>
<mg:ln file="3" number="7" class="U"><mg:sg class="U">//<mg:lf/></mg:sg></mg:ln>
</mg:row>
<mg:row>
<mg:ln file="1" number="8" class="U"><mg:sg class="U"><mg:lf/></mg:sg></mg:ln>
<mg:ln file="2" number="8" class="UU"><mg:sg class="UU"><mg:lf/></mg:sg></mg:ln>
<mg:ln file="3" number="8" class="U"><mg:sg class="U"><mg:lf/></mg:sg></mg:ln>
</mg:row>
<mg:row>
<mg:ln file="1" number="9" class="U"><mg:sg class="U">#import<mg:s/>&lt;F</mg:sg><mg:sg class="U">oundation/</mg:sg><mg:sg class="U">Foundation</mg:sg><mg:sg class="U">.h&gt;<mg:lf/></mg:sg></mg:ln>
<mg:ln file="2" number="9" class="UU"><mg:sg class="UU">#import<mg:s/>&lt;F</mg:sg><mg:sg class="UU">oundation/</mg:sg><mg:sg class="UU">Foundation</mg:sg><mg:sg class="UU">.h&gt;<mg:lf/></mg:sg></mg:ln>
<mg:ln file="3" number="9" class="U"><mg:sg class="U">#import<mg:s/>&lt;F</mg:sg><mg:sg class="U">oundation/</mg:sg><mg:sg class="U">Foundation</mg:sg><mg:sg class="U">.h&gt;<mg:lf/></mg:sg></mg:ln>
</mg:row>
<mg:row>
<mg:ln file="1" number="10" class="U"><mg:sg class="U">#import<mg:s/>&quot;L</mg:sg><mg:sg class="U">ocalizable</mg:sg><mg:sg class="U">String.h&quot;<mg:lf/></mg:sg></mg:ln>
<mg:ln file="2" number="10" class="UU"><mg:sg class="UU">#import<mg:s/>&quot;L</mg:sg><mg:sg class="UU">ocalizable</mg:sg><mg:sg class="UU">String.h&quot;<mg:lf/></mg:sg></mg:ln>
<mg:ln file="3" number="10" class="U"><mg:sg class="U">#import<mg:s/>&quot;L</mg:sg><mg:sg class="U">ocalizable</mg:sg><mg:sg class="U">String.h&quot;<mg:lf/></mg:sg></mg:ln>
</mg:row>
<mg:row>
<mg:ln file="1" number="11" class="U"><mg:sg class="U"><mg:lf/></mg:sg></mg:ln>
<mg:ln file="2" number="11" class="UU"><mg:sg class="UU"><mg:lf/></mg:sg></mg:ln>
<mg:ln file="3" number="11" class="U"><mg:sg class="U"><mg:lf/></mg:sg></mg:ln>
</mg:row>
</mg:rowGroup>
<mg:rowGroup>
<mg:row>
<mg:ln file="1" number="12" class="R"><mg:sg class="R">@class<mg:s/>Per</mg:sg><mg:sg class="R">forceClien</mg:sg><mg:sg class="R">t;<mg:lf/></mg:sg></mg:ln>
<mg:ln file="3" number="12" class="R"><mg:sg class="R">@class<mg:s/>Per</mg:sg><mg:sg class="R">forceClien</mg:sg><mg:sg class="R">t;<mg:lf/></mg:sg></mg:ln>
</mg:row>
<mg:row>
<mg:ln file="1" number="13" class="R"><mg:sg class="R"><mg:lf/></mg:sg></mg:ln>
<mg:ln file="3" number="13" class="R"><mg:sg class="R"><mg:lf/></mg:sg></mg:ln>
</mg:row>
</mg:rowGroup>
<mg:rowGroup>
<mg:row>
<mg:ln file="1" number="14" class="U"><mg:sg class="U">@protocol<mg:s/></mg:sg><mg:sg class="U">Localizabl</mg:sg><mg:sg class="U">eStringsMa</mg:sg><mg:sg class="U">nagerDeleg</mg:sg><mg:sg class="U">ate<mg:lf/></mg:sg></mg:ln>
<mg:ln file="2" number="12" class="UU"><mg:sg class="UU">@protocol<mg:s/></mg:sg><mg:sg class="UU">Localizabl</mg:sg><mg:sg class="UU">eStringsMa</mg:sg><mg:sg class="UU">nagerDeleg</mg:sg><mg:sg class="UU">ate<mg:lf/></mg:sg></mg:ln>
<mg:ln file="3" number="14" class="U"><mg:sg class="U">@protocol<mg:s/></mg:sg><mg:sg class="U">Localizabl</mg:sg><mg:sg class="U">eStringsMa</mg:sg><mg:sg class="U">nagerDeleg</mg:sg><mg:sg class="U">ate<mg:lf/></mg:sg></mg:ln>
</mg:row>
<mg:row>
<mg:ln file="1" number="15" class="U"><mg:sg class="U">-<mg:s/>(void)on</mg:sg><mg:sg class="U">Localizabl</mg:sg><mg:sg class="U">eStringAdd</mg:sg><mg:sg class="U">ed:(Locali</mg:sg><mg:sg class="U">zableStrin</mg:sg><mg:sg class="U">g*)localiz</mg:sg><mg:sg class="U">ableString</mg:sg><mg:sg class="U">;<mg:lf/></mg:sg></mg:ln>
<mg:ln file="2" number="13" class="UU"><mg:sg class="UU">-<mg:s/>(void)on</mg:sg><mg:sg class="UU">Localizabl</mg:sg><mg:sg class="UU">eStringAdd</mg:sg><mg:sg class="UU">ed:(Locali</mg:sg><mg:sg class="UU">zableStrin</mg:sg><mg:sg class="UU">g*)localiz</mg:sg><mg:sg class="UU">ableString</mg:sg><mg:sg class="UU">;<mg:lf/></mg:sg></mg:ln>
<mg:ln file="3" number="15" class="U"><mg:sg class="U">-<mg:s/>(void)on</mg:sg><mg:sg class="U">Localizabl</mg:sg><mg:sg class="U">eStringAdd</mg:sg><mg:sg class="U">ed:(Locali</mg:sg><mg:sg class="U">zableStrin</mg:sg><mg:sg class="U">g*)localiz</mg:sg><mg:sg class="U">ableString</mg:sg><mg:sg class="U">;<mg:lf/></mg:sg></mg:ln>
</mg:row>
<mg:row>
<mg:ln file="1" number="16" class="U"><mg:sg class="U">-<mg:s/>(void)on</mg:sg><mg:sg class="U">Localizabl</mg:sg><mg:sg class="U">eStringDel</mg:sg><mg:sg class="U">eted:(Loca</mg:sg><mg:sg class="U">lizableStr</mg:sg><mg:sg class="U">ing*)local</mg:sg><mg:sg class="U">izableStri</mg:sg><mg:sg class="U">ng;<mg:lf/></mg:sg></mg:ln>
<mg:ln file="2" number="14" class="UU"><mg:sg class="UU">-<mg:s/>(void)on</mg:sg><mg:sg class="UU">Localizabl</mg:sg><mg:sg class="UU">eStringDel</mg:sg><mg:sg class="UU">eted:(Loca</mg:sg><mg:sg class="UU">lizableStr</mg:sg><mg:sg class="UU">ing*)local</mg:sg><mg:sg class="UU">izableStri</mg:sg><mg:sg class="UU">ng;<mg:lf/></mg:sg></mg:ln>
<mg:ln file="3" number="16" class="U"><mg:sg class="U">-<mg:s/>(void)on</mg:sg><mg:sg class="U">Localizabl</mg:sg><mg:sg class="U">eStringDel</mg:sg><mg:sg class="U">eted:(Loca</mg:sg><mg:sg class="U">lizableStr</mg:sg><mg:sg class="U">ing*)local</mg:sg><mg:sg class="U">izableStri</mg:sg><mg:sg class="U">ng;<mg:lf/></mg:sg></mg:ln>
</mg:row>
<mg:row>
<mg:ln file="1" number="17" class="U"><mg:sg class="U">@end<mg:lf/></mg:sg></mg:ln>
<mg:ln file="2" number="15" class="UU"><mg:sg class="UU">@end<mg:lf/></mg:sg></mg:ln>
<mg:ln file="3" number="17" class="U"><mg:sg class="U">@end<mg:lf/></mg:sg></mg:ln>
</mg:row>
<mg:row>
<mg:ln file="1" number="18" class="U"><mg:sg class="U"><mg:lf/></mg:sg></mg:ln>
<mg:ln file="2" number="16" class="UU"><mg:sg class="UU"><mg:lf/></mg:sg></mg:ln>
<mg:ln file="3" number="18" class="U"><mg:sg class="U"><mg:lf/></mg:sg></mg:ln>
</mg:row>
<mg:row>
<mg:ln file="1" number="19" class="U"><mg:sg class="U"><mg:lf/></mg:sg></mg:ln>
<mg:ln file="2" number="17" class="UU"><mg:sg class="UU"><mg:lf/></mg:sg></mg:ln>
<mg:ln file="3" number="19" class="U"><mg:sg class="U"><mg:lf/></mg:sg></mg:ln>
</mg:row>
<mg:row>
<mg:ln file="1" number="20" class="U"><mg:sg class="U">@interface</mg:sg><mg:sg class="U"><mg:s/>Localizab</mg:sg><mg:sg class="U">leStringsM</mg:sg><mg:sg class="U">anager<mg:s/>:<mg:s/>N</mg:sg><mg:sg class="U">SObject<mg:lf/></mg:sg></mg:ln>
<mg:ln file="2" number="18" class="UU"><mg:sg class="UU">@interface</mg:sg><mg:sg class="UU"><mg:s/>Localizab</mg:sg><mg:sg class="UU">leStringsM</mg:sg><mg:sg class="UU">anager<mg:s/>:<mg:s/>N</mg:sg><mg:sg class="UU">SObject<mg:lf/></mg:sg></mg:ln>
<mg:ln file="3" number="20" class="U"><mg:sg class="U">@interface</mg:sg><mg:sg class="U"><mg:s/>Localizab</mg:sg><mg:sg class="U">leStringsM</mg:sg><mg:sg class="U">anager<mg:s/>:<mg:s/>N</mg:sg><mg:sg class="U">SObject<mg:lf/></mg:sg></mg:ln>
</mg:row>
<mg:row>
<mg:ln file="1" number="21" class="U"><mg:sg class="U"><mg:lf/></mg:sg></mg:ln>
<mg:ln file="2" number="19" class="UU"><mg:sg class="UU"><mg:lf/></mg:sg></mg:ln>
<mg:ln file="3" number="21" class="U"><mg:sg class="U"><mg:lf/></mg:sg></mg:ln>
</mg:row>
<mg:row>
<mg:ln file="1" number="22" class="U"><mg:sg class="U">@property<mg:s/></mg:sg><mg:sg class="U">(weak)<mg:s/>id<mg:s/></mg:sg><mg:sg class="U">&lt;Localizab</mg:sg><mg:sg class="U">leStringsM</mg:sg><mg:sg class="U">anagerDele</mg:sg><mg:sg class="U">gate&gt;<mg:s/>dele</mg:sg><mg:sg class="U">gate;<mg:lf/></mg:sg></mg:ln>
<mg:ln file="2" number="20" class="UU"><mg:sg class="UU">@property<mg:s/></mg:sg><mg:sg class="UU">(weak)<mg:s/>id<mg:s/></mg:sg><mg:sg class="UU">&lt;Localizab</mg:sg><mg:sg class="UU">leStringsM</mg:sg><mg:sg class="UU">anagerDele</mg:sg><mg:sg class="UU">gate&gt;<mg:s/>dele</mg:sg><mg:sg class="UU">gate;<mg:lf/></mg:sg></mg:ln>
<mg:ln file="3" number="22" class="U"><mg:sg class="U">@property<mg:s/></mg:sg><mg:sg class="U">(weak)<mg:s/>id<mg:s/></mg:sg><mg:sg class="U">&lt;Localizab</mg:sg><mg:sg class="U">leStringsM</mg:sg><mg:sg class="U">anagerDele</mg:sg><mg:sg class="U">gate&gt;<mg:s/>dele</mg:sg><mg:sg class="U">gate;<mg:lf/></mg:sg></mg:ln>
</mg:row>
<mg:row>
<mg:ln file="1" number="23" class="U"><mg:sg class="U"><mg:lf/></mg:sg></mg:ln>
<mg:ln file="2" number="21" class="UU"><mg:sg class="UU"><mg:lf/></mg:sg></mg:ln>
<mg:ln file="3" number="23" class="U"><mg:sg class="U"><mg:lf/></mg:sg></mg:ln>
</mg:row>
<mg:row>
<mg:ln file="1" number="24" class="U"><mg:sg class="U">//<mg:s/>Key-Val</mg:sg><mg:sg class="U">ue<mg:s/>Observa</mg:sg><mg:sg class="U">ble<mg:s/>proper</mg:sg><mg:sg class="U">ties<mg:lf/></mg:sg></mg:ln>
<mg:ln file="2" number="22" class="UU"><mg:sg class="UU">//<mg:s/>Key-Val</mg:sg><mg:sg class="UU">ue<mg:s/>Observa</mg:sg><mg:sg class="UU">ble<mg:s/>proper</mg:sg><mg:sg class="UU">ties<mg:lf/></mg:sg></mg:ln>
<mg:ln file="3" number="24" class="U"><mg:sg class="U">//<mg:s/>Key-Val</mg:sg><mg:sg class="U">ue<mg:s/>Observa</mg:sg><mg:sg class="U">ble<mg:s/>proper</mg:sg><mg:sg class="U">ties<mg:lf/></mg:sg></mg:ln>
</mg:row>
<mg:row>
<mg:ln file="1" number="25" class="U"><mg:sg class="U">@property<mg:s/></mg:sg><mg:sg class="U">(readonly)</mg:sg><mg:sg class="U"><mg:s/>NSArray&lt;L</mg:sg><mg:sg class="U">anguage*&gt;*</mg:sg><mg:sg class="U"><mg:s/>languages</mg:sg><mg:sg class="U">;<mg:lf/></mg:sg></mg:ln>
<mg:ln file="2" number="23" class="UU"><mg:sg class="UU">@property<mg:s/></mg:sg><mg:sg class="UU">(readonly)</mg:sg><mg:sg class="UU"><mg:s/>NSArray&lt;L</mg:sg><mg:sg class="UU">anguage*&gt;*</mg:sg><mg:sg class="UU"><mg:s/>languages</mg:sg><mg:sg class="UU">;<mg:lf/></mg:sg></mg:ln>
<mg:ln file="3" number="25" class="U"><mg:sg class="U">@property<mg:s/></mg:sg><mg:sg class="U">(readonly)</mg:sg><mg:sg class="U"><mg:s/>NSArray&lt;L</mg:sg><mg:sg class="U">anguage*&gt;*</mg:sg><mg:sg class="U"><mg:s/>languages</mg:sg><mg:sg class="U">;<mg:lf/></mg:sg></mg:ln>
</mg:row>
<mg:row>
<mg:ln file="1" number="26" class="U"><mg:sg class="U">@property<mg:s/></mg:sg><mg:sg class="U">(readonly)</mg:sg><mg:sg class="U"><mg:s/>NSNumber*</mg:sg><mg:sg class="U"><mg:s/>languages</mg:sg><mg:sg class="U">FilteredOu</mg:sg><mg:sg class="U">tCount;<mg:lf/></mg:sg></mg:ln>
<mg:ln file="2" number="24" class="UU"><mg:sg class="UU">@property<mg:s/></mg:sg><mg:sg class="UU">(readonly)</mg:sg><mg:sg class="UU"><mg:s/>NSNumber*</mg:sg><mg:sg class="UU"><mg:s/>languages</mg:sg><mg:sg class="UU">FilteredOu</mg:sg><mg:sg class="UU">tCount;<mg:lf/></mg:sg></mg:ln>
<mg:ln file="3" number="26" class="U"><mg:sg class="U">@property<mg:s/></mg:sg><mg:sg class="U">(readonly)</mg:sg><mg:sg class="U"><mg:s/>NSNumber*</mg:sg><mg:sg class="U"><mg:s/>languages</mg:sg><mg:sg class="U">FilteredOu</mg:sg><mg:sg class="U">tCount;<mg:lf/></mg:sg></mg:ln>
</mg:row>
<mg:row>
<mg:ln file="1" number="27" class="U"><mg:sg class="U">@property<mg:s/></mg:sg><mg:sg class="U">(readonly)</mg:sg><mg:sg class="U"><mg:s/>NSArray&lt;L</mg:sg><mg:sg class="U">ocalizable</mg:sg><mg:sg class="U">String*&gt;*<mg:s/></mg:sg><mg:sg class="U">strings;<mg:lf/></mg:sg></mg:ln>
<mg:ln file="2" number="25" class="UU"><mg:sg class="UU">@property<mg:s/></mg:sg><mg:sg class="UU">(readonly)</mg:sg><mg:sg class="UU"><mg:s/>NSArray&lt;L</mg:sg><mg:sg class="UU">ocalizable</mg:sg><mg:sg class="UU">String*&gt;*<mg:s/></mg:sg><mg:sg class="UU">strings;<mg:lf/></mg:sg></mg:ln>
<mg:ln file="3" number="27" class="U"><mg:sg class="U">@property<mg:s/></mg:sg><mg:sg class="U">(readonly)</mg:sg><mg:sg class="U"><mg:s/>NSArray&lt;L</mg:sg><mg:sg class="U">ocalizable</mg:sg><mg:sg class="U">String*&gt;*<mg:s/></mg:sg><mg:sg class="U">strings;<mg:lf/></mg:sg></mg:ln>
</mg:row>
<mg:row>
<mg:ln file="1" number="28" class="U"><mg:sg class="U">@property<mg:s/></mg:sg><mg:sg class="U">(readonly)</mg:sg><mg:sg class="U"><mg:s/>NSNumber*</mg:sg><mg:sg class="U"><mg:s/>hasUnsave</mg:sg><mg:sg class="U">dChanges;<mg:lf/></mg:sg></mg:ln>
<mg:ln file="2" number="26" class="UU"><mg:sg class="UU">@property<mg:s/></mg:sg><mg:sg class="UU">(readonly)</mg:sg><mg:sg class="UU"><mg:s/>NSNumber*</mg:sg><mg:sg class="UU"><mg:s/>hasUnsave</mg:sg><mg:sg class="UU">dChanges;<mg:lf/></mg:sg></mg:ln>
<mg:ln file="3" number="28" class="U"><mg:sg class="U">@property<mg:s/></mg:sg><mg:sg class="U">(readonly)</mg:sg><mg:sg class="U"><mg:s/>NSNumber*</mg:sg><mg:sg class="U"><mg:s/>hasUnsave</mg:sg><mg:sg class="U">dChanges;<mg:lf/></mg:sg></mg:ln>
</mg:row>
<mg:row>
<mg:ln file="1" number="29" class="U"><mg:sg class="U"><mg:lf/></mg:sg></mg:ln>
<mg:ln file="2" number="27" class="UU"><mg:sg class="UU"><mg:lf/></mg:sg></mg:ln>
<mg:ln file="3" number="29" class="U"><mg:sg class="U"><mg:lf/></mg:sg></mg:ln>
</mg:row>
<mg:row>
<mg:ln file="1" number="30" class="U"><mg:sg class="U">//<mg:s/>Methods</mg:sg><mg:sg class="U"><mg:lf/></mg:sg></mg:ln>
<mg:ln file="2" number="28" class="UU"><mg:sg class="UU">//<mg:s/>Methods</mg:sg><mg:sg class="UU"><mg:lf/></mg:sg></mg:ln>
<mg:ln file="3" number="30" class="U"><mg:sg class="U">//<mg:s/>Methods</mg:sg><mg:sg class="U"><mg:lf/></mg:sg></mg:ln>
</mg:row>
<mg:row>
<mg:ln file="1" number="31" class="U"><mg:sg class="U">-<mg:s/>(void)lo</mg:sg><mg:sg class="U">adFromPath</mg:sg><mg:sg class="U">:(NSString</mg:sg><mg:sg class="U">*)path;<mg:lf/></mg:sg></mg:ln>
<mg:ln file="2" number="29" class="UU"><mg:sg class="UU">-<mg:s/>(void)lo</mg:sg><mg:sg class="UU">adFromPath</mg:sg><mg:sg class="UU">:(NSString</mg:sg><mg:sg class="UU">*)path;<mg:lf/></mg:sg></mg:ln>
<mg:ln file="3" number="31" class="U"><mg:sg class="U">-<mg:s/>(void)lo</mg:sg><mg:sg class="U">adFromPath</mg:sg><mg:sg class="U">:(NSString</mg:sg><mg:sg class="U">*)path;<mg:lf/></mg:sg></mg:ln>
</mg:row>
</mg:rowGroup>
<mg:rowGroup>
<mg:row>
<mg:ln file="1" number="32" class="C"><mg:sg class="U">-<mg:s/>(void)sa</mg:sg><mg:sg class="U">veToPath:(</mg:sg><mg:sg class="U">NSString*)</mg:sg><mg:sg class="U">path<mg:s/></mg:sg><mg:sg class="R">per</mg:sg><mg:sg class="U">force:(</mg:sg><mg:sg class="C">Perf</mg:sg><mg:sg class="U">o</mg:sg><mg:sg class="R">rceC</mg:sg><mg:sg class="U">l</mg:sg><mg:sg class="R">ient*</mg:sg><mg:sg class="U">)</mg:sg><mg:sg class="R">per</mg:sg><mg:sg class="U">force;</mg:sg><mg:sg class="U"><mg:lf/></mg:sg></mg:ln>
<mg:ln file="2" number="30" class="CC"><mg:sg class="UU">-<mg:s/>(void)sa</mg:sg><mg:sg class="UU">veToPath:(</mg:sg><mg:sg class="UU">NSString*)</mg:sg><mg:sg class="UU">path<mg:s/></mg:sg><mg:sg class="RR"></mg:sg><mg:sg class="UR"></mg:sg><mg:sg class="UU">force:(</mg:sg><mg:sg class="CC">bo</mg:sg><mg:sg class="UU">o</mg:sg><mg:sg class="RR"></mg:sg><mg:sg class="UR"></mg:sg><mg:sg class="UU">l</mg:sg><mg:sg class="RR"></mg:sg><mg:sg class="UR"></mg:sg><mg:sg class="UU">)</mg:sg><mg:sg class="RR"></mg:sg><mg:sg class="UR"></mg:sg><mg:sg class="UU">force;</mg:sg><mg:sg class="UU"><mg:lf/></mg:sg></mg:ln>
<mg:ln file="3" number="32" class="C"><mg:sg class="U">-<mg:s/>(void)sa</mg:sg><mg:sg class="U">veToPath:(</mg:sg><mg:sg class="U">NSString*)</mg:sg><mg:sg class="U">path<mg:s/></mg:sg><mg:sg class="R">per</mg:sg><mg:sg class="U">force:(</mg:sg><mg:sg class="C">Perf</mg:sg><mg:sg class="U">o</mg:sg><mg:sg class="R">rceC</mg:sg><mg:sg class="U">l</mg:sg><mg:sg class="R">ient*</mg:sg><mg:sg class="U">)</mg:sg><mg:sg class="R">per</mg:sg><mg:sg class="U">force;</mg:sg><mg:sg class="U"><mg:lf/></mg:sg></mg:ln>
</mg:row>
<mg:row>
<mg:ln file="2" number="31" class="CC"><mg:sg class="II">-<mg:s/>(void)ex</mg:sg><mg:sg class="II">portToFile</mg:sg><mg:sg class="II">:(NSURL*)f</mg:sg><mg:sg class="II">ile;<mg:lf/></mg:sg></mg:ln>
</mg:row>
</mg:rowGroup>
<mg:rowGroup>
<mg:row>
<mg:ln file="1" number="33" class="U"><mg:sg class="U"><mg:lf/></mg:sg></mg:ln>
<mg:ln file="2" number="32" class="UU"><mg:sg class="UU"><mg:lf/></mg:sg></mg:ln>
<mg:ln file="3" number="33" class="U"><mg:sg class="U"><mg:lf/></mg:sg></mg:ln>
</mg:row>
<mg:row>
<mg:ln file="1" number="34" class="U"><mg:sg class="U">-<mg:s/>(Localiz</mg:sg><mg:sg class="U">ableString</mg:sg><mg:sg class="U">*)createLo</mg:sg><mg:sg class="U">calizableS</mg:sg><mg:sg class="U">tringWithK</mg:sg><mg:sg class="U">ey:(NSStri</mg:sg><mg:sg class="U">ng*)key<mg:s/>js</mg:sg><mg:sg class="U">onObject:(</mg:sg><mg:sg class="U">NSDictiona</mg:sg><mg:sg class="U">ry*)jsonOb</mg:sg><mg:sg class="U">ject;<mg:lf/></mg:sg></mg:ln>
<mg:ln file="2" number="33" class="UU"><mg:sg class="UU">-<mg:s/>(Localiz</mg:sg><mg:sg class="UU">ableString</mg:sg><mg:sg class="UU">*)createLo</mg:sg><mg:sg class="UU">calizableS</mg:sg><mg:sg class="UU">tringWithK</mg:sg><mg:sg class="UU">ey:(NSStri</mg:sg><mg:sg class="UU">ng*)key<mg:s/>js</mg:sg><mg:sg class="UU">onObject:(</mg:sg><mg:sg class="UU">NSDictiona</mg:sg><mg:sg class="UU">ry*)jsonOb</mg:sg><mg:sg class="UU">ject;<mg:lf/></mg:sg></mg:ln>
<mg:ln file="3" number="34" class="U"><mg:sg class="U">-<mg:s/>(Localiz</mg:sg><mg:sg class="U">ableString</mg:sg><mg:sg class="U">*)createLo</mg:sg><mg:sg class="U">calizableS</mg:sg><mg:sg class="U">tringWithK</mg:sg><mg:sg class="U">ey:(NSStri</mg:sg><mg:sg class="U">ng*)key<mg:s/>js</mg:sg><mg:sg class="U">onObject:(</mg:sg><mg:sg class="U">NSDictiona</mg:sg><mg:sg class="U">ry*)jsonOb</mg:sg><mg:sg class="U">ject;<mg:lf/></mg:sg></mg:ln>
</mg:row>
<mg:row>
<mg:ln file="1" number="35" class="U"><mg:sg class="U"><mg:lf/></mg:sg></mg:ln>
<mg:ln file="2" number="34" class="UU"><mg:sg class="UU"><mg:lf/></mg:sg></mg:ln>
<mg:ln file="3" number="35" class="U"><mg:sg class="U"><mg:lf/></mg:sg></mg:ln>
</mg:row>
<mg:row>
<mg:ln file="1" number="36" class="U"><mg:sg class="U">-<mg:s/>(Localiz</mg:sg><mg:sg class="U">ableString</mg:sg><mg:sg class="U">*)getLocal</mg:sg><mg:sg class="U">izableStri</mg:sg><mg:sg class="U">ngForKey:(</mg:sg><mg:sg class="U">NSString*)</mg:sg><mg:sg class="U">key;<mg:lf/></mg:sg></mg:ln>
<mg:ln file="2" number="35" class="UU"><mg:sg class="UU">-<mg:s/>(Localiz</mg:sg><mg:sg class="UU">ableString</mg:sg><mg:sg class="UU">*)getLocal</mg:sg><mg:sg class="UU">izableStri</mg:sg><mg:sg class="UU">ngForKey:(</mg:sg><mg:sg class="UU">NSString*)</mg:sg><mg:sg class="UU">key;<mg:lf/></mg:sg></mg:ln>
<mg:ln file="3" number="36" class="U"><mg:sg class="U">-<mg:s/>(Localiz</mg:sg><mg:sg class="U">ableString</mg:sg><mg:sg class="U">*)getLocal</mg:sg><mg:sg class="U">izableStri</mg:sg><mg:sg class="U">ngForKey:(</mg:sg><mg:sg class="U">NSString*)</mg:sg><mg:sg class="U">key;<mg:lf/></mg:sg></mg:ln>
</mg:row>
<mg:row>
<mg:ln file="1" number="37" class="U"><mg:sg class="U"><mg:lf/></mg:sg></mg:ln>
<mg:ln file="2" number="36" class="UU"><mg:sg class="UU"><mg:lf/></mg:sg></mg:ln>
<mg:ln file="3" number="37" class="U"><mg:sg class="U"><mg:lf/></mg:sg></mg:ln>
</mg:row>
<mg:row>
<mg:ln file="1" number="38" class="U"><mg:sg class="U">//<mg:s/>Data<mg:s/>mo</mg:sg><mg:sg class="U">difying<mg:s/>fu</mg:sg><mg:sg class="U">nctions,<mg:s/>w</mg:sg><mg:sg class="U">ith<mg:s/>full<mg:s/>u</mg:sg><mg:sg class="U">ndo/redo<mg:s/>s</mg:sg><mg:sg class="U">upport<mg:lf/></mg:sg></mg:ln>
<mg:ln file="2" number="37" class="UU"><mg:sg class="UU">//<mg:s/>Data<mg:s/>mo</mg:sg><mg:sg class="UU">difying<mg:s/>fu</mg:sg><mg:sg class="UU">nctions,<mg:s/>w</mg:sg><mg:sg class="UU">ith<mg:s/>full<mg:s/>u</mg:sg><mg:sg class="UU">ndo/redo<mg:s/>s</mg:sg><mg:sg class="UU">upport<mg:lf/></mg:sg></mg:ln>
<mg:ln file="3" number="38" class="U"><mg:sg class="U">//<mg:s/>Data<mg:s/>mo</mg:sg><mg:sg class="U">difying<mg:s/>fu</mg:sg><mg:sg class="U">nctions,<mg:s/>w</mg:sg><mg:sg class="U">ith<mg:s/>full<mg:s/>u</mg:sg><mg:sg class="U">ndo/redo<mg:s/>s</mg:sg><mg:sg class="U">upport<mg:lf/></mg:sg></mg:ln>
</mg:row>
<mg:row>
<mg:ln file="1" number="39" class="U"><mg:sg class="U">-<mg:s/>(void)se</mg:sg><mg:sg class="U">tUndoManag</mg:sg><mg:sg class="U">er:(NSUndo</mg:sg><mg:sg class="U">Manager*)u</mg:sg><mg:sg class="U">ndoManager</mg:sg><mg:sg class="U">;<mg:lf/></mg:sg></mg:ln>
<mg:ln file="2" number="38" class="UU"><mg:sg class="UU">-<mg:s/>(void)se</mg:sg><mg:sg class="UU">tUndoManag</mg:sg><mg:sg class="UU">er:(NSUndo</mg:sg><mg:sg class="UU">Manager*)u</mg:sg><mg:sg class="UU">ndoManager</mg:sg><mg:sg class="UU">;<mg:lf/></mg:sg></mg:ln>
<mg:ln file="3" number="39" class="U"><mg:sg class="U">-<mg:s/>(void)se</mg:sg><mg:sg class="U">tUndoManag</mg:sg><mg:sg class="U">er:(NSUndo</mg:sg><mg:sg class="U">Manager*)u</mg:sg><mg:sg class="U">ndoManager</mg:sg><mg:sg class="U">;<mg:lf/></mg:sg></mg:ln>
</mg:row>
<mg:row>
<mg:ln file="1" number="40" class="U"><mg:sg class="U">-<mg:s/>(void)ad</mg:sg><mg:sg class="U">dString:(L</mg:sg><mg:sg class="U">ocalizable</mg:sg><mg:sg class="U">String*)lo</mg:sg><mg:sg class="U">calizableS</mg:sg><mg:sg class="U">tring;<mg:lf/></mg:sg></mg:ln>
<mg:ln file="2" number="39" class="UU"><mg:sg class="UU">-<mg:s/>(void)ad</mg:sg><mg:sg class="UU">dString:(L</mg:sg><mg:sg class="UU">ocalizable</mg:sg><mg:sg class="UU">String*)lo</mg:sg><mg:sg class="UU">calizableS</mg:sg><mg:sg class="UU">tring;<mg:lf/></mg:sg></mg:ln>
<mg:ln file="3" number="40" class="U"><mg:sg class="U">-<mg:s/>(void)ad</mg:sg><mg:sg class="U">dString:(L</mg:sg><mg:sg class="U">ocalizable</mg:sg><mg:sg class="U">String*)lo</mg:sg><mg:sg class="U">calizableS</mg:sg><mg:sg class="U">tring;<mg:lf/></mg:sg></mg:ln>
</mg:row>
<mg:row>
<mg:ln file="1" number="41" class="U"><mg:sg class="U">-<mg:s/>(void)de</mg:sg><mg:sg class="U">leteString</mg:sg><mg:sg class="U">:(Localiza</mg:sg><mg:sg class="U">bleString*</mg:sg><mg:sg class="U">)localizab</mg:sg><mg:sg class="U">leString;<mg:lf/></mg:sg></mg:ln>
<mg:ln file="2" number="40" class="UU"><mg:sg class="UU">-<mg:s/>(void)de</mg:sg><mg:sg class="UU">leteString</mg:sg><mg:sg class="UU">:(Localiza</mg:sg><mg:sg class="UU">bleString*</mg:sg><mg:sg class="UU">)localizab</mg:sg><mg:sg class="UU">leString;<mg:lf/></mg:sg></mg:ln>
<mg:ln file="3" number="41" class="U"><mg:sg class="U">-<mg:s/>(void)de</mg:sg><mg:sg class="U">leteString</mg:sg><mg:sg class="U">:(Localiza</mg:sg><mg:sg class="U">bleString*</mg:sg><mg:sg class="U">)localizab</mg:sg><mg:sg class="U">leString;<mg:lf/></mg:sg></mg:ln>
</mg:row>
<mg:row>
<mg:ln file="1" number="42" class="U"><mg:sg class="U"><mg:lf/></mg:sg></mg:ln>
<mg:ln file="2" number="41" class="UU"><mg:sg class="UU"><mg:lf/></mg:sg></mg:ln>
<mg:ln file="3" number="42" class="U"><mg:sg class="U"><mg:lf/></mg:sg></mg:ln>
</mg:row>
<mg:row>
<mg:ln file="1" number="43" class="U"><mg:sg class="U">@end<mg:lf/></mg:sg></mg:ln>
<mg:ln file="2" number="42" class="UU"><mg:sg class="UU">@end<mg:lf/></mg:sg></mg:ln>
<mg:ln file="3" number="43" class="U"><mg:sg class="U">@end<mg:lf/></mg:sg></mg:ln>
</mg:row>
</mg:rowGroup>
</mg:rowData>
</mg:report>
