﻿<?xml version="1.0" encoding="UTF-8" ?>

<mg:report version="1.0" xmlns:mg="http://www.araxis.com/2002/Merge/Reporting" type="FileComparison">
<mg:metaData>
  <mg:title>Araxis Merge File Comparison Report</mg:title>
  <mg:id show="true">1028</mg:id>
  <mg:date>2019/4/19 20:25:39</mg:date>
<mg:options>
<mg:option name="clIgnoreDifferencesInWhitespaceAtTheStartOfLines">0</mg:option>
<mg:option name="clIgnoreDifferencesInWhitespaceAtTheEndOfLines">0</mg:option>
<mg:option name="clTreatConsecutiveWhitespaceAsASingleSpace">1</mg:option>
<mg:option name="clIgnoreAllDifferencesInWhitespace">0</mg:option>
<mg:option name="clWhitespaceSignificant">0</mg:option>
<mg:option name="clIgnoreCase">0</mg:option>
<mg:option name="clIgnoreLineEndings">1</mg:option>
<mg:option name="clHideCRLF">1</mg:option>
<mg:option name="clShowLineNums">1</mg:option>
<mg:option name="clShowOmittedLinesRow">0</mg:option>

<mg:regexps>
<mg:regexp enabled="false">
<mg:expression>^[ \t]*$</mg:expression>
<mg:description>Blank lines</mg:description>
</mg:regexp>
<mg:regexp enabled="false">
<mg:expression>[ \t]*//[^&quot;]*$</mg:expression>
<mg:description>C++ comments</mg:description>
</mg:regexp>
<mg:regexp enabled="false">
<mg:expression>^[ \t]*//.*\$(Date|Archive|Author|Header|JustDate|Modtime|Revision|Workfile):.*\$.*$</mg:expression>
<mg:description>SourceSafe comments</mg:description>
</mg:regexp>
<mg:regexp enabled="false">
<mg:expression>^[ \t]*//(:(Header|Source):|.*Generated.*Genitor).*\$</mg:expression>
<mg:description>Genitor comments</mg:description>
</mg:regexp>
<mg:regexp enabled="false">
<mg:expression>\$(Archive|Author|Date|Header|JustDate|Logfile|Modtime|Revision|Workfile):[^$]*\$</mg:expression>
<mg:description>SourceSafe keywords</mg:description>
</mg:regexp>
<mg:regexp enabled="false">
<mg:expression>^[ \t]*'.*$</mg:expression>
<mg:description>Visual Basic comments</mg:description>
</mg:regexp>
<mg:regexp enabled="false">
<mg:expression>\$(Author|Date|Header|Id|Locker|Name|RCSfile|Revision|Source|State):[^$]*\$</mg:expression>
<mg:description>CVS comments</mg:description>
</mg:regexp>
<mg:regexp enabled="false">
<mg:expression>\$(ACident|ACheader|AClog|ACpart|ACversion|Author|Date|Header|Line|Locker|Log|Revision|Smsfile|Smspath|Today|Vcfile|Vcpath|Workfile):?[^$]*\$</mg:expression>
<mg:description>AllChange keywords</mg:description>
</mg:regexp>
<mg:regexp enabled="false">
<mg:expression></mg:expression>
<mg:description></mg:description>
</mg:regexp>
<mg:regexp enabled="false">
<mg:expression></mg:expression>
<mg:description></mg:description>
</mg:regexp>
</mg:regexps>
</mg:options>
<mg:fileDetails file="1">
  <mg:name></mg:name>
  <mg:title></mg:title>
  <mg:location></mg:location>
  <mg:lastModified>Fri Apr 19 12:25:39 2019 UTC</mg:lastModified>
</mg:fileDetails>
<mg:fileDetails file="2">
  <mg:name>GTMTypeCasting.h</mg:name>
  <mg:title></mg:title>
  <mg:location>E:\MA75\tgc_main\Prototypes\Sky\Sky\iphoneos\Frameworks\GoogleToolboxForMac.framework\Headers</mg:location>
  <mg:lastModified>Thu Jan 17 03:38:33 2019 UTC</mg:lastModified>
</mg:fileDetails>
<mg:fileDetails file="3">
  <mg:name>GTMTypeCasting.h</mg:name>
  <mg:title></mg:title>
  <mg:location>E:\MA75\tgc_mainOld\Prototypes\Sky\Sky\iphoneos\Frameworks\GoogleToolboxForMac.framework\Headers</mg:location>
  <mg:lastModified>Fri Apr 19 11:19:54 2019 UTC</mg:lastModified>
</mg:fileDetails>
<mg:changeSummaries>
  <mg:changeSummary files="1,2">
	  <mg:changeCount type="unchanged" blocks1="0" blocks2="0" blocks="0" lines1="0" lines2="0" lines="0" />
	  <mg:changeCount type="removed" blocks1="0" blocks2="0" blocks="0" lines1="0" lines2="0" lines="0" />
	  <mg:changeCount type="inserted" blocks1="0" blocks2="1" blocks="1" lines1="0" lines2="71" lines="71" />
	  <mg:changeCount type="changed" blocks1="0" blocks2="0" blocks="0" lines1="0" lines2="0" lines="0" />
  </mg:changeSummary>
<mg:changeSummary files="2,3">
	  <mg:changeCount type="unchanged" blocks1="1" blocks2="1" blocks="1" lines1="71" lines2="71" lines="142" />
	  <mg:changeCount type="removed" blocks1="0" blocks2="0" blocks="0" lines1="0" lines2="0" lines="0" />
	  <mg:changeCount type="inserted" blocks1="0" blocks2="0" blocks="0" lines1="0" lines2="0" lines="0" />
	  <mg:changeCount type="changed" blocks1="0" blocks2="0" blocks="0" lines1="0" lines2="0" lines="0" />
  </mg:changeSummary>
<mg:changeSummary files="1,2,3"><mg:changeCount type="removed" blocks="1" lines="71"/><mg:changeCount type="inserted" blocks="0" lines="0"/><mg:changeCount type="changed" blocks="0" lines="0"/><mg:changeCount type="conflicts" count="0"/></mg:changeSummary></mg:changeSummaries>
		<mg:classes file="1">
<mg:class name="U">
<mg:cssAttribute name="color">#000000</mg:cssAttribute>
<mg:cssAttribute name="background-color">#FFFFFF</mg:cssAttribute>
<mg:cssAttribute name="font-family">Consolas</mg:cssAttribute>
<mg:cssAttribute name="font-weight">normal</mg:cssAttribute>
<mg:cssAttribute name="font-style">normal</mg:cssAttribute>
<mg:cssAttribute name="font-size">9pt</mg:cssAttribute>
<mg:cssAttribute name="text-decoration">none</mg:cssAttribute>
</mg:class>
<mg:class name="R">
<mg:cssAttribute name="color">#800000</mg:cssAttribute>
<mg:cssAttribute name="background-color">#F3E6D8</mg:cssAttribute>
<mg:cssAttribute name="font-family">Consolas</mg:cssAttribute>
<mg:cssAttribute name="font-weight">normal</mg:cssAttribute>
<mg:cssAttribute name="font-style">normal</mg:cssAttribute>
<mg:cssAttribute name="font-size">9pt</mg:cssAttribute>
<mg:cssAttribute name="text-decoration">none</mg:cssAttribute>
</mg:class>
<mg:class name="I">
<mg:cssAttribute name="color">#800000</mg:cssAttribute>
<mg:cssAttribute name="background-color">#D1E8CF</mg:cssAttribute>
<mg:cssAttribute name="font-family">Consolas</mg:cssAttribute>
<mg:cssAttribute name="font-weight">normal</mg:cssAttribute>
<mg:cssAttribute name="font-style">normal</mg:cssAttribute>
<mg:cssAttribute name="font-size">9pt</mg:cssAttribute>
<mg:cssAttribute name="text-decoration">none</mg:cssAttribute>
</mg:class>
<mg:class name="C">
<mg:cssAttribute name="color">#800000</mg:cssAttribute>
<mg:cssAttribute name="background-color">#DACDE6</mg:cssAttribute>
<mg:cssAttribute name="font-family">Consolas</mg:cssAttribute>
<mg:cssAttribute name="font-weight">normal</mg:cssAttribute>
<mg:cssAttribute name="font-style">normal</mg:cssAttribute>
<mg:cssAttribute name="font-size">9pt</mg:cssAttribute>
<mg:cssAttribute name="text-decoration">none</mg:cssAttribute>
</mg:class>
		</mg:classes>
		<mg:classes file="2">
<mg:class name="UU">
<mg:cssAttribute name="color">#000000</mg:cssAttribute>
<mg:cssAttribute name="background-color">#FFFFFF</mg:cssAttribute>
<mg:cssAttribute name="font-family">Consolas</mg:cssAttribute>
<mg:cssAttribute name="font-weight">normal</mg:cssAttribute>
<mg:cssAttribute name="font-style">normal</mg:cssAttribute>
<mg:cssAttribute name="font-size">9pt</mg:cssAttribute>
<mg:cssAttribute name="text-decoration">none</mg:cssAttribute>
</mg:class>
<mg:class name="UR">
<mg:cssAttribute name="color">#400000</mg:cssAttribute>
<mg:cssAttribute name="background-color">#F9F2EB</mg:cssAttribute>
<mg:cssAttribute name="font-family">Consolas</mg:cssAttribute>
<mg:cssAttribute name="font-weight">normal</mg:cssAttribute>
<mg:cssAttribute name="font-style">normal</mg:cssAttribute>
<mg:cssAttribute name="font-size">9pt</mg:cssAttribute>
<mg:cssAttribute name="text-decoration">none</mg:cssAttribute>
</mg:class>
<mg:class name="UI">
<mg:cssAttribute name="color">#400000</mg:cssAttribute>
<mg:cssAttribute name="background-color">#E8F3E7</mg:cssAttribute>
<mg:cssAttribute name="font-family">Consolas</mg:cssAttribute>
<mg:cssAttribute name="font-weight">normal</mg:cssAttribute>
<mg:cssAttribute name="font-style">normal</mg:cssAttribute>
<mg:cssAttribute name="font-size">9pt</mg:cssAttribute>
<mg:cssAttribute name="text-decoration">none</mg:cssAttribute>
</mg:class>
<mg:class name="UC">
<mg:cssAttribute name="color">#400000</mg:cssAttribute>
<mg:cssAttribute name="background-color">#ECE6F2</mg:cssAttribute>
<mg:cssAttribute name="font-family">Consolas</mg:cssAttribute>
<mg:cssAttribute name="font-weight">normal</mg:cssAttribute>
<mg:cssAttribute name="font-style">normal</mg:cssAttribute>
<mg:cssAttribute name="font-size">9pt</mg:cssAttribute>
<mg:cssAttribute name="text-decoration">none</mg:cssAttribute>
</mg:class>
<mg:class name="RU">
<mg:cssAttribute name="color">#400000</mg:cssAttribute>
<mg:cssAttribute name="background-color">#F9F2EB</mg:cssAttribute>
<mg:cssAttribute name="font-family">Consolas</mg:cssAttribute>
<mg:cssAttribute name="font-weight">normal</mg:cssAttribute>
<mg:cssAttribute name="font-style">normal</mg:cssAttribute>
<mg:cssAttribute name="font-size">9pt</mg:cssAttribute>
<mg:cssAttribute name="text-decoration">none</mg:cssAttribute>
</mg:class>
<mg:class name="RR">
<mg:cssAttribute name="color">#800000</mg:cssAttribute>
<mg:cssAttribute name="background-color">#F3E6D8</mg:cssAttribute>
<mg:cssAttribute name="font-family">Consolas</mg:cssAttribute>
<mg:cssAttribute name="font-weight">normal</mg:cssAttribute>
<mg:cssAttribute name="font-style">normal</mg:cssAttribute>
<mg:cssAttribute name="font-size">9pt</mg:cssAttribute>
<mg:cssAttribute name="text-decoration">none</mg:cssAttribute>
</mg:class>
<mg:class name="RI">
<mg:cssAttribute name="color">#800000</mg:cssAttribute>
<mg:cssAttribute name="background-color">#E2E7D3</mg:cssAttribute>
<mg:cssAttribute name="font-family">Consolas</mg:cssAttribute>
<mg:cssAttribute name="font-weight">normal</mg:cssAttribute>
<mg:cssAttribute name="font-style">normal</mg:cssAttribute>
<mg:cssAttribute name="font-size">9pt</mg:cssAttribute>
<mg:cssAttribute name="text-decoration">none</mg:cssAttribute>
</mg:class>
<mg:class name="RC">
<mg:cssAttribute name="color">#800000</mg:cssAttribute>
<mg:cssAttribute name="background-color">#E6D9DF</mg:cssAttribute>
<mg:cssAttribute name="font-family">Consolas</mg:cssAttribute>
<mg:cssAttribute name="font-weight">normal</mg:cssAttribute>
<mg:cssAttribute name="font-style">normal</mg:cssAttribute>
<mg:cssAttribute name="font-size">9pt</mg:cssAttribute>
<mg:cssAttribute name="text-decoration">none</mg:cssAttribute>
</mg:class>
<mg:class name="IU">
<mg:cssAttribute name="color">#400000</mg:cssAttribute>
<mg:cssAttribute name="background-color">#E8F3E7</mg:cssAttribute>
<mg:cssAttribute name="font-family">Consolas</mg:cssAttribute>
<mg:cssAttribute name="font-weight">normal</mg:cssAttribute>
<mg:cssAttribute name="font-style">normal</mg:cssAttribute>
<mg:cssAttribute name="font-size">9pt</mg:cssAttribute>
<mg:cssAttribute name="text-decoration">none</mg:cssAttribute>
</mg:class>
<mg:class name="IR">
<mg:cssAttribute name="color">#800000</mg:cssAttribute>
<mg:cssAttribute name="background-color">#E2E7D3</mg:cssAttribute>
<mg:cssAttribute name="font-family">Consolas</mg:cssAttribute>
<mg:cssAttribute name="font-weight">normal</mg:cssAttribute>
<mg:cssAttribute name="font-style">normal</mg:cssAttribute>
<mg:cssAttribute name="font-size">9pt</mg:cssAttribute>
<mg:cssAttribute name="text-decoration">none</mg:cssAttribute>
</mg:class>
<mg:class name="II">
<mg:cssAttribute name="color">#800000</mg:cssAttribute>
<mg:cssAttribute name="background-color">#D1E8CF</mg:cssAttribute>
<mg:cssAttribute name="font-family">Consolas</mg:cssAttribute>
<mg:cssAttribute name="font-weight">normal</mg:cssAttribute>
<mg:cssAttribute name="font-style">normal</mg:cssAttribute>
<mg:cssAttribute name="font-size">9pt</mg:cssAttribute>
<mg:cssAttribute name="text-decoration">none</mg:cssAttribute>
</mg:class>
<mg:class name="IC">
<mg:cssAttribute name="color">#800000</mg:cssAttribute>
<mg:cssAttribute name="background-color">#D5DADA</mg:cssAttribute>
<mg:cssAttribute name="font-family">Consolas</mg:cssAttribute>
<mg:cssAttribute name="font-weight">normal</mg:cssAttribute>
<mg:cssAttribute name="font-style">normal</mg:cssAttribute>
<mg:cssAttribute name="font-size">9pt</mg:cssAttribute>
<mg:cssAttribute name="text-decoration">none</mg:cssAttribute>
</mg:class>
<mg:class name="CU">
<mg:cssAttribute name="color">#400000</mg:cssAttribute>
<mg:cssAttribute name="background-color">#ECE6F2</mg:cssAttribute>
<mg:cssAttribute name="font-family">Consolas</mg:cssAttribute>
<mg:cssAttribute name="font-weight">normal</mg:cssAttribute>
<mg:cssAttribute name="font-style">normal</mg:cssAttribute>
<mg:cssAttribute name="font-size">9pt</mg:cssAttribute>
<mg:cssAttribute name="text-decoration">none</mg:cssAttribute>
</mg:class>
<mg:class name="CR">
<mg:cssAttribute name="color">#800000</mg:cssAttribute>
<mg:cssAttribute name="background-color">#E6D9DF</mg:cssAttribute>
<mg:cssAttribute name="font-family">Consolas</mg:cssAttribute>
<mg:cssAttribute name="font-weight">normal</mg:cssAttribute>
<mg:cssAttribute name="font-style">normal</mg:cssAttribute>
<mg:cssAttribute name="font-size">9pt</mg:cssAttribute>
<mg:cssAttribute name="text-decoration">none</mg:cssAttribute>
</mg:class>
<mg:class name="CI">
<mg:cssAttribute name="color">#800000</mg:cssAttribute>
<mg:cssAttribute name="background-color">#D5DADA</mg:cssAttribute>
<mg:cssAttribute name="font-family">Consolas</mg:cssAttribute>
<mg:cssAttribute name="font-weight">normal</mg:cssAttribute>
<mg:cssAttribute name="font-style">normal</mg:cssAttribute>
<mg:cssAttribute name="font-size">9pt</mg:cssAttribute>
<mg:cssAttribute name="text-decoration">none</mg:cssAttribute>
</mg:class>
<mg:class name="CC">
<mg:cssAttribute name="color">#800000</mg:cssAttribute>
<mg:cssAttribute name="background-color">#DACDE6</mg:cssAttribute>
<mg:cssAttribute name="font-family">Consolas</mg:cssAttribute>
<mg:cssAttribute name="font-weight">normal</mg:cssAttribute>
<mg:cssAttribute name="font-style">normal</mg:cssAttribute>
<mg:cssAttribute name="font-size">9pt</mg:cssAttribute>
<mg:cssAttribute name="text-decoration">none</mg:cssAttribute>
</mg:class>
		</mg:classes>
		<mg:classes file="3">
<mg:class name="U">
<mg:cssAttribute name="color">#000000</mg:cssAttribute>
<mg:cssAttribute name="background-color">#FFFFFF</mg:cssAttribute>
<mg:cssAttribute name="font-family">Consolas</mg:cssAttribute>
<mg:cssAttribute name="font-weight">normal</mg:cssAttribute>
<mg:cssAttribute name="font-style">normal</mg:cssAttribute>
<mg:cssAttribute name="font-size">9pt</mg:cssAttribute>
<mg:cssAttribute name="text-decoration">none</mg:cssAttribute>
</mg:class>
<mg:class name="R">
<mg:cssAttribute name="color">#800000</mg:cssAttribute>
<mg:cssAttribute name="background-color">#F3E6D8</mg:cssAttribute>
<mg:cssAttribute name="font-family">Consolas</mg:cssAttribute>
<mg:cssAttribute name="font-weight">normal</mg:cssAttribute>
<mg:cssAttribute name="font-style">normal</mg:cssAttribute>
<mg:cssAttribute name="font-size">9pt</mg:cssAttribute>
<mg:cssAttribute name="text-decoration">none</mg:cssAttribute>
</mg:class>
<mg:class name="I">
<mg:cssAttribute name="color">#800000</mg:cssAttribute>
<mg:cssAttribute name="background-color">#D1E8CF</mg:cssAttribute>
<mg:cssAttribute name="font-family">Consolas</mg:cssAttribute>
<mg:cssAttribute name="font-weight">normal</mg:cssAttribute>
<mg:cssAttribute name="font-style">normal</mg:cssAttribute>
<mg:cssAttribute name="font-size">9pt</mg:cssAttribute>
<mg:cssAttribute name="text-decoration">none</mg:cssAttribute>
</mg:class>
<mg:class name="C">
<mg:cssAttribute name="color">#800000</mg:cssAttribute>
<mg:cssAttribute name="background-color">#DACDE6</mg:cssAttribute>
<mg:cssAttribute name="font-family">Consolas</mg:cssAttribute>
<mg:cssAttribute name="font-weight">normal</mg:cssAttribute>
<mg:cssAttribute name="font-style">normal</mg:cssAttribute>
<mg:cssAttribute name="font-size">9pt</mg:cssAttribute>
<mg:cssAttribute name="text-decoration">none</mg:cssAttribute>
</mg:class>
		</mg:classes>
</mg:metaData>
<mg:rowData>
<mg:rowGroup>
<mg:row>
<mg:ln file="2" number="1" class="IU"><mg:sg class="IU">//<mg:lf/></mg:sg></mg:ln>
<mg:ln file="3" number="1" class="U"><mg:sg class="U">//<mg:lf/></mg:sg></mg:ln>
</mg:row>
<mg:row>
<mg:ln file="2" number="2" class="IU"><mg:sg class="IU">//<mg:s/><mg:s/>GTMTyp</mg:sg><mg:sg class="IU">eCasting.h</mg:sg><mg:sg class="IU"><mg:lf/></mg:sg></mg:ln>
<mg:ln file="3" number="2" class="U"><mg:sg class="U">//<mg:s/><mg:s/>GTMTyp</mg:sg><mg:sg class="U">eCasting.h</mg:sg><mg:sg class="U"><mg:lf/></mg:sg></mg:ln>
</mg:row>
<mg:row>
<mg:ln file="2" number="3" class="IU"><mg:sg class="IU">//<mg:lf/></mg:sg></mg:ln>
<mg:ln file="3" number="3" class="U"><mg:sg class="U">//<mg:lf/></mg:sg></mg:ln>
</mg:row>
<mg:row>
<mg:ln file="2" number="4" class="IU"><mg:sg class="IU">//<mg:s/><mg:s/>Copyri</mg:sg><mg:sg class="IU">ght<mg:s/>2010<mg:s/>G</mg:sg><mg:sg class="IU">oogle<mg:s/>Inc.</mg:sg><mg:sg class="IU"><mg:lf/></mg:sg></mg:ln>
<mg:ln file="3" number="4" class="U"><mg:sg class="U">//<mg:s/><mg:s/>Copyri</mg:sg><mg:sg class="U">ght<mg:s/>2010<mg:s/>G</mg:sg><mg:sg class="U">oogle<mg:s/>Inc.</mg:sg><mg:sg class="U"><mg:lf/></mg:sg></mg:ln>
</mg:row>
<mg:row>
<mg:ln file="2" number="5" class="IU"><mg:sg class="IU">//<mg:lf/></mg:sg></mg:ln>
<mg:ln file="3" number="5" class="U"><mg:sg class="U">//<mg:lf/></mg:sg></mg:ln>
</mg:row>
<mg:row>
<mg:ln file="2" number="6" class="IU"><mg:sg class="IU">//<mg:s/><mg:s/>Licens</mg:sg><mg:sg class="IU">ed<mg:s/>under<mg:s/>t</mg:sg><mg:sg class="IU">he<mg:s/>Apache<mg:s/></mg:sg><mg:sg class="IU">License,<mg:s/>V</mg:sg><mg:sg class="IU">ersion<mg:s/>2.0</mg:sg><mg:sg class="IU"><mg:s/>(the<mg:s/>&quot;Lic</mg:sg><mg:sg class="IU">ense&quot;);<mg:s/>yo</mg:sg><mg:sg class="IU">u<mg:s/>may<mg:s/>not<mg:lf/></mg:sg></mg:ln>
<mg:ln file="3" number="6" class="U"><mg:sg class="U">//<mg:s/><mg:s/>Licens</mg:sg><mg:sg class="U">ed<mg:s/>under<mg:s/>t</mg:sg><mg:sg class="U">he<mg:s/>Apache<mg:s/></mg:sg><mg:sg class="U">License,<mg:s/>V</mg:sg><mg:sg class="U">ersion<mg:s/>2.0</mg:sg><mg:sg class="U"><mg:s/>(the<mg:s/>&quot;Lic</mg:sg><mg:sg class="U">ense&quot;);<mg:s/>yo</mg:sg><mg:sg class="U">u<mg:s/>may<mg:s/>not<mg:lf/></mg:sg></mg:ln>
</mg:row>
<mg:row>
<mg:ln file="2" number="7" class="IU"><mg:sg class="IU">//<mg:s/><mg:s/>use<mg:s/>th</mg:sg><mg:sg class="IU">is<mg:s/>file<mg:s/>ex</mg:sg><mg:sg class="IU">cept<mg:s/>in<mg:s/>co</mg:sg><mg:sg class="IU">mpliance<mg:s/>w</mg:sg><mg:sg class="IU">ith<mg:s/>the<mg:s/>Li</mg:sg><mg:sg class="IU">cense.<mg:s/><mg:s/>Yo</mg:sg><mg:sg class="IU">u<mg:s/>may<mg:s/>obta</mg:sg><mg:sg class="IU">in<mg:s/>a<mg:s/>copy<mg:lf/></mg:sg></mg:ln>
<mg:ln file="3" number="7" class="U"><mg:sg class="U">//<mg:s/><mg:s/>use<mg:s/>th</mg:sg><mg:sg class="U">is<mg:s/>file<mg:s/>ex</mg:sg><mg:sg class="U">cept<mg:s/>in<mg:s/>co</mg:sg><mg:sg class="U">mpliance<mg:s/>w</mg:sg><mg:sg class="U">ith<mg:s/>the<mg:s/>Li</mg:sg><mg:sg class="U">cense.<mg:s/><mg:s/>Yo</mg:sg><mg:sg class="U">u<mg:s/>may<mg:s/>obta</mg:sg><mg:sg class="U">in<mg:s/>a<mg:s/>copy<mg:lf/></mg:sg></mg:ln>
</mg:row>
<mg:row>
<mg:ln file="2" number="8" class="IU"><mg:sg class="IU">//<mg:s/><mg:s/>of<mg:s/>the</mg:sg><mg:sg class="IU"><mg:s/>License<mg:s/>a</mg:sg><mg:sg class="IU">t<mg:lf/></mg:sg></mg:ln>
<mg:ln file="3" number="8" class="U"><mg:sg class="U">//<mg:s/><mg:s/>of<mg:s/>the</mg:sg><mg:sg class="U"><mg:s/>License<mg:s/>a</mg:sg><mg:sg class="U">t<mg:lf/></mg:sg></mg:ln>
</mg:row>
<mg:row>
<mg:ln file="2" number="9" class="IU"><mg:sg class="IU">//<mg:lf/></mg:sg></mg:ln>
<mg:ln file="3" number="9" class="U"><mg:sg class="U">//<mg:lf/></mg:sg></mg:ln>
</mg:row>
<mg:row>
<mg:ln file="2" number="10" class="IU"><mg:sg class="IU">//<mg:s/><mg:s/>http:/</mg:sg><mg:sg class="IU">/www.apach</mg:sg><mg:sg class="IU">e.org/lice</mg:sg><mg:sg class="IU">nses/LICEN</mg:sg><mg:sg class="IU">SE-2.0<mg:lf/></mg:sg></mg:ln>
<mg:ln file="3" number="10" class="U"><mg:sg class="U">//<mg:s/><mg:s/>http:/</mg:sg><mg:sg class="U">/www.apach</mg:sg><mg:sg class="U">e.org/lice</mg:sg><mg:sg class="U">nses/LICEN</mg:sg><mg:sg class="U">SE-2.0<mg:lf/></mg:sg></mg:ln>
</mg:row>
<mg:row>
<mg:ln file="2" number="11" class="IU"><mg:sg class="IU">//<mg:lf/></mg:sg></mg:ln>
<mg:ln file="3" number="11" class="U"><mg:sg class="U">//<mg:lf/></mg:sg></mg:ln>
</mg:row>
<mg:row>
<mg:ln file="2" number="12" class="IU"><mg:sg class="IU">//<mg:s/><mg:s/>Unless</mg:sg><mg:sg class="IU"><mg:s/>required<mg:s/></mg:sg><mg:sg class="IU">by<mg:s/>applica</mg:sg><mg:sg class="IU">ble<mg:s/>law<mg:s/>or</mg:sg><mg:sg class="IU"><mg:s/>agreed<mg:s/>to</mg:sg><mg:sg class="IU"><mg:s/>in<mg:s/>writin</mg:sg><mg:sg class="IU">g,<mg:s/>softwar</mg:sg><mg:sg class="IU">e<mg:lf/></mg:sg></mg:ln>
<mg:ln file="3" number="12" class="U"><mg:sg class="U">//<mg:s/><mg:s/>Unless</mg:sg><mg:sg class="U"><mg:s/>required<mg:s/></mg:sg><mg:sg class="U">by<mg:s/>applica</mg:sg><mg:sg class="U">ble<mg:s/>law<mg:s/>or</mg:sg><mg:sg class="U"><mg:s/>agreed<mg:s/>to</mg:sg><mg:sg class="U"><mg:s/>in<mg:s/>writin</mg:sg><mg:sg class="U">g,<mg:s/>softwar</mg:sg><mg:sg class="U">e<mg:lf/></mg:sg></mg:ln>
</mg:row>
<mg:row>
<mg:ln file="2" number="13" class="IU"><mg:sg class="IU">//<mg:s/><mg:s/>distri</mg:sg><mg:sg class="IU">buted<mg:s/>unde</mg:sg><mg:sg class="IU">r<mg:s/>the<mg:s/>Lice</mg:sg><mg:sg class="IU">nse<mg:s/>is<mg:s/>dis</mg:sg><mg:sg class="IU">tributed<mg:s/>o</mg:sg><mg:sg class="IU">n<mg:s/>an<mg:s/>&quot;AS<mg:s/>I</mg:sg><mg:sg class="IU">S&quot;<mg:s/>BASIS,<mg:s/></mg:sg><mg:sg class="IU">WITHOUT<mg:lf/></mg:sg></mg:ln>
<mg:ln file="3" number="13" class="U"><mg:sg class="U">//<mg:s/><mg:s/>distri</mg:sg><mg:sg class="U">buted<mg:s/>unde</mg:sg><mg:sg class="U">r<mg:s/>the<mg:s/>Lice</mg:sg><mg:sg class="U">nse<mg:s/>is<mg:s/>dis</mg:sg><mg:sg class="U">tributed<mg:s/>o</mg:sg><mg:sg class="U">n<mg:s/>an<mg:s/>&quot;AS<mg:s/>I</mg:sg><mg:sg class="U">S&quot;<mg:s/>BASIS,<mg:s/></mg:sg><mg:sg class="U">WITHOUT<mg:lf/></mg:sg></mg:ln>
</mg:row>
<mg:row>
<mg:ln file="2" number="14" class="IU"><mg:sg class="IU">//<mg:s/><mg:s/>WARRAN</mg:sg><mg:sg class="IU">TIES<mg:s/>OR<mg:s/>CO</mg:sg><mg:sg class="IU">NDITIONS<mg:s/>O</mg:sg><mg:sg class="IU">F<mg:s/>ANY<mg:s/>KIND</mg:sg><mg:sg class="IU">,<mg:s/>either<mg:s/>e</mg:sg><mg:sg class="IU">xpress<mg:s/>or<mg:s/></mg:sg><mg:sg class="IU">implied.<mg:s/><mg:s/></mg:sg><mg:sg class="IU">See<mg:s/>the<mg:lf/></mg:sg></mg:ln>
<mg:ln file="3" number="14" class="U"><mg:sg class="U">//<mg:s/><mg:s/>WARRAN</mg:sg><mg:sg class="U">TIES<mg:s/>OR<mg:s/>CO</mg:sg><mg:sg class="U">NDITIONS<mg:s/>O</mg:sg><mg:sg class="U">F<mg:s/>ANY<mg:s/>KIND</mg:sg><mg:sg class="U">,<mg:s/>either<mg:s/>e</mg:sg><mg:sg class="U">xpress<mg:s/>or<mg:s/></mg:sg><mg:sg class="U">implied.<mg:s/><mg:s/></mg:sg><mg:sg class="U">See<mg:s/>the<mg:lf/></mg:sg></mg:ln>
</mg:row>
<mg:row>
<mg:ln file="2" number="15" class="IU"><mg:sg class="IU">//<mg:s/><mg:s/>Licens</mg:sg><mg:sg class="IU">e<mg:s/>for<mg:s/>the<mg:s/></mg:sg><mg:sg class="IU">specific<mg:s/>l</mg:sg><mg:sg class="IU">anguage<mg:s/>go</mg:sg><mg:sg class="IU">verning<mg:s/>pe</mg:sg><mg:sg class="IU">rmissions<mg:s/></mg:sg><mg:sg class="IU">and<mg:s/>limita</mg:sg><mg:sg class="IU">tions<mg:s/>unde</mg:sg><mg:sg class="IU">r<mg:lf/></mg:sg></mg:ln>
<mg:ln file="3" number="15" class="U"><mg:sg class="U">//<mg:s/><mg:s/>Licens</mg:sg><mg:sg class="U">e<mg:s/>for<mg:s/>the<mg:s/></mg:sg><mg:sg class="U">specific<mg:s/>l</mg:sg><mg:sg class="U">anguage<mg:s/>go</mg:sg><mg:sg class="U">verning<mg:s/>pe</mg:sg><mg:sg class="U">rmissions<mg:s/></mg:sg><mg:sg class="U">and<mg:s/>limita</mg:sg><mg:sg class="U">tions<mg:s/>unde</mg:sg><mg:sg class="U">r<mg:lf/></mg:sg></mg:ln>
</mg:row>
<mg:row>
<mg:ln file="2" number="16" class="IU"><mg:sg class="IU">//<mg:s/><mg:s/>the<mg:s/>Li</mg:sg><mg:sg class="IU">cense.<mg:lf/></mg:sg></mg:ln>
<mg:ln file="3" number="16" class="U"><mg:sg class="U">//<mg:s/><mg:s/>the<mg:s/>Li</mg:sg><mg:sg class="U">cense.<mg:lf/></mg:sg></mg:ln>
</mg:row>
<mg:row>
<mg:ln file="2" number="17" class="IU"><mg:sg class="IU">//<mg:lf/></mg:sg></mg:ln>
<mg:ln file="3" number="17" class="U"><mg:sg class="U">//<mg:lf/></mg:sg></mg:ln>
</mg:row>
<mg:row>
<mg:ln file="2" number="18" class="IU"><mg:sg class="IU"><mg:lf/></mg:sg></mg:ln>
<mg:ln file="3" number="18" class="U"><mg:sg class="U"><mg:lf/></mg:sg></mg:ln>
</mg:row>
<mg:row>
<mg:ln file="2" number="19" class="IU"><mg:sg class="IU">#import<mg:s/>&lt;F</mg:sg><mg:sg class="IU">oundation/</mg:sg><mg:sg class="IU">Foundation</mg:sg><mg:sg class="IU">.h&gt;<mg:lf/></mg:sg></mg:ln>
<mg:ln file="3" number="19" class="U"><mg:sg class="U">#import<mg:s/>&lt;F</mg:sg><mg:sg class="U">oundation/</mg:sg><mg:sg class="U">Foundation</mg:sg><mg:sg class="U">.h&gt;<mg:lf/></mg:sg></mg:ln>
</mg:row>
<mg:row>
<mg:ln file="2" number="20" class="IU"><mg:sg class="IU">#import<mg:s/>&quot;G</mg:sg><mg:sg class="IU">TMDefines.</mg:sg><mg:sg class="IU">h&quot;<mg:lf/></mg:sg></mg:ln>
<mg:ln file="3" number="20" class="U"><mg:sg class="U">#import<mg:s/>&quot;G</mg:sg><mg:sg class="U">TMDefines.</mg:sg><mg:sg class="U">h&quot;<mg:lf/></mg:sg></mg:ln>
</mg:row>
<mg:row>
<mg:ln file="2" number="21" class="IU"><mg:sg class="IU"><mg:lf/></mg:sg></mg:ln>
<mg:ln file="3" number="21" class="U"><mg:sg class="U"><mg:lf/></mg:sg></mg:ln>
</mg:row>
<mg:row>
<mg:ln file="2" number="22" class="IU"><mg:sg class="IU">//<mg:s/>These<mg:s/>a</mg:sg><mg:sg class="IU">re<mg:s/>some<mg:s/>ba</mg:sg><mg:sg class="IU">sic<mg:s/>macros</mg:sg><mg:sg class="IU"><mg:s/>for<mg:s/>makin</mg:sg><mg:sg class="IU">g<mg:s/>down-cas</mg:sg><mg:sg class="IU">ting<mg:s/>safer</mg:sg><mg:sg class="IU"><mg:s/>in<mg:s/>Object</mg:sg><mg:sg class="IU">ive<mg:s/>C.<mg:lf/></mg:sg></mg:ln>
<mg:ln file="3" number="22" class="U"><mg:sg class="U">//<mg:s/>These<mg:s/>a</mg:sg><mg:sg class="U">re<mg:s/>some<mg:s/>ba</mg:sg><mg:sg class="U">sic<mg:s/>macros</mg:sg><mg:sg class="U"><mg:s/>for<mg:s/>makin</mg:sg><mg:sg class="U">g<mg:s/>down-cas</mg:sg><mg:sg class="U">ting<mg:s/>safer</mg:sg><mg:sg class="U"><mg:s/>in<mg:s/>Object</mg:sg><mg:sg class="U">ive<mg:s/>C.<mg:lf/></mg:sg></mg:ln>
</mg:row>
<mg:row>
<mg:ln file="2" number="23" class="IU"><mg:sg class="IU">//<mg:s/>They<mg:s/>ar</mg:sg><mg:sg class="IU">e<mg:s/>loosely<mg:s/></mg:sg><mg:sg class="IU">based<mg:s/>on<mg:s/>t</mg:sg><mg:sg class="IU">he<mg:s/>same<mg:s/>ca</mg:sg><mg:sg class="IU">st<mg:s/>types<mg:s/>w</mg:sg><mg:sg class="IU">ith<mg:s/>simila</mg:sg><mg:sg class="IU">r<mg:s/>names<mg:s/>in</mg:sg><mg:sg class="IU"><mg:s/>C++.<mg:lf/></mg:sg></mg:ln>
<mg:ln file="3" number="23" class="U"><mg:sg class="U">//<mg:s/>They<mg:s/>ar</mg:sg><mg:sg class="U">e<mg:s/>loosely<mg:s/></mg:sg><mg:sg class="U">based<mg:s/>on<mg:s/>t</mg:sg><mg:sg class="U">he<mg:s/>same<mg:s/>ca</mg:sg><mg:sg class="U">st<mg:s/>types<mg:s/>w</mg:sg><mg:sg class="U">ith<mg:s/>simila</mg:sg><mg:sg class="U">r<mg:s/>names<mg:s/>in</mg:sg><mg:sg class="U"><mg:s/>C++.<mg:lf/></mg:sg></mg:ln>
</mg:row>
<mg:row>
<mg:ln file="2" number="24" class="IU"><mg:sg class="IU">//<mg:s/>A<mg:s/>typic</mg:sg><mg:sg class="IU">al<mg:s/>usage<mg:s/>w</mg:sg><mg:sg class="IU">ould<mg:s/>look<mg:s/></mg:sg><mg:sg class="IU">like<mg:s/>this:</mg:sg><mg:sg class="IU"><mg:lf/></mg:sg></mg:ln>
<mg:ln file="3" number="24" class="U"><mg:sg class="U">//<mg:s/>A<mg:s/>typic</mg:sg><mg:sg class="U">al<mg:s/>usage<mg:s/>w</mg:sg><mg:sg class="U">ould<mg:s/>look<mg:s/></mg:sg><mg:sg class="U">like<mg:s/>this:</mg:sg><mg:sg class="U"><mg:lf/></mg:sg></mg:ln>
</mg:row>
<mg:row>
<mg:ln file="2" number="25" class="IU"><mg:sg class="IU">//<mg:lf/></mg:sg></mg:ln>
<mg:ln file="3" number="25" class="U"><mg:sg class="U">//<mg:lf/></mg:sg></mg:ln>
</mg:row>
<mg:row>
<mg:ln file="2" number="26" class="IU"><mg:sg class="IU">//<mg:s/>Bar*<mg:s/>b<mg:s/></mg:sg><mg:sg class="IU">=<mg:s/>[[Bar<mg:s/>al</mg:sg><mg:sg class="IU">loc]<mg:s/>init]</mg:sg><mg:sg class="IU">;<mg:lf/></mg:sg></mg:ln>
<mg:ln file="3" number="26" class="U"><mg:sg class="U">//<mg:s/>Bar*<mg:s/>b<mg:s/></mg:sg><mg:sg class="U">=<mg:s/>[[Bar<mg:s/>al</mg:sg><mg:sg class="U">loc]<mg:s/>init]</mg:sg><mg:sg class="U">;<mg:lf/></mg:sg></mg:ln>
</mg:row>
<mg:row>
<mg:ln file="2" number="27" class="IU"><mg:sg class="IU">//<mg:s/>Foo*<mg:s/>a<mg:s/></mg:sg><mg:sg class="IU">=<mg:s/>GTM_STAT</mg:sg><mg:sg class="IU">IC_CAST(Fo</mg:sg><mg:sg class="IU">o,<mg:s/>b);<mg:lf/></mg:sg></mg:ln>
<mg:ln file="3" number="27" class="U"><mg:sg class="U">//<mg:s/>Foo*<mg:s/>a<mg:s/></mg:sg><mg:sg class="U">=<mg:s/>GTM_STAT</mg:sg><mg:sg class="U">IC_CAST(Fo</mg:sg><mg:sg class="U">o,<mg:s/>b);<mg:lf/></mg:sg></mg:ln>
</mg:row>
<mg:row>
<mg:ln file="2" number="28" class="IU"><mg:sg class="IU">//<mg:lf/></mg:sg></mg:ln>
<mg:ln file="3" number="28" class="U"><mg:sg class="U">//<mg:lf/></mg:sg></mg:ln>
</mg:row>
<mg:row>
<mg:ln file="2" number="29" class="IU"><mg:sg class="IU">//<mg:s/>Note<mg:s/>th</mg:sg><mg:sg class="IU">at<mg:s/>it's<mg:s/>GT</mg:sg><mg:sg class="IU">M_STATIC_C</mg:sg><mg:sg class="IU">AST(Foo,<mg:s/>b</mg:sg><mg:sg class="IU">)<mg:s/>and<mg:s/>not<mg:s/></mg:sg><mg:sg class="IU">GTM_STATIC</mg:sg><mg:sg class="IU">_CAST(Foo*</mg:sg><mg:sg class="IU">,<mg:s/>b).<mg:lf/></mg:sg></mg:ln>
<mg:ln file="3" number="29" class="U"><mg:sg class="U">//<mg:s/>Note<mg:s/>th</mg:sg><mg:sg class="U">at<mg:s/>it's<mg:s/>GT</mg:sg><mg:sg class="U">M_STATIC_C</mg:sg><mg:sg class="U">AST(Foo,<mg:s/>b</mg:sg><mg:sg class="U">)<mg:s/>and<mg:s/>not<mg:s/></mg:sg><mg:sg class="U">GTM_STATIC</mg:sg><mg:sg class="U">_CAST(Foo*</mg:sg><mg:sg class="U">,<mg:s/>b).<mg:lf/></mg:sg></mg:ln>
</mg:row>
<mg:row>
<mg:ln file="2" number="30" class="IU"><mg:sg class="IU">//<mg:lf/></mg:sg></mg:ln>
<mg:ln file="3" number="30" class="U"><mg:sg class="U">//<mg:lf/></mg:sg></mg:ln>
</mg:row>
<mg:row>
<mg:ln file="2" number="31" class="IU"><mg:sg class="IU">//<mg:s/>GTM_STA</mg:sg><mg:sg class="IU">TIC_CAST<mg:s/>r</mg:sg><mg:sg class="IU">uns<mg:s/>only<mg:s/>i</mg:sg><mg:sg class="IU">n<mg:s/>debug<mg:s/>mo</mg:sg><mg:sg class="IU">de,<mg:s/>and<mg:s/>wi</mg:sg><mg:sg class="IU">ll<mg:s/>assert<mg:s/></mg:sg><mg:sg class="IU">if<mg:s/>and<mg:s/>onl</mg:sg><mg:sg class="IU">y<mg:s/>if:<mg:lf/></mg:sg></mg:ln>
<mg:ln file="3" number="31" class="U"><mg:sg class="U">//<mg:s/>GTM_STA</mg:sg><mg:sg class="U">TIC_CAST<mg:s/>r</mg:sg><mg:sg class="U">uns<mg:s/>only<mg:s/>i</mg:sg><mg:sg class="U">n<mg:s/>debug<mg:s/>mo</mg:sg><mg:sg class="U">de,<mg:s/>and<mg:s/>wi</mg:sg><mg:sg class="U">ll<mg:s/>assert<mg:s/></mg:sg><mg:sg class="U">if<mg:s/>and<mg:s/>onl</mg:sg><mg:sg class="U">y<mg:s/>if:<mg:lf/></mg:sg></mg:ln>
</mg:row>
<mg:row>
<mg:ln file="2" number="32" class="IU"><mg:sg class="IU">//<mg:s/><mg:s/><mg:s/>-<mg:s/>obj</mg:sg><mg:sg class="IU">ect<mg:s/>is<mg:s/>non</mg:sg><mg:sg class="IU"><mg:s/>nil<mg:lf/></mg:sg></mg:ln>
<mg:ln file="3" number="32" class="U"><mg:sg class="U">//<mg:s/><mg:s/><mg:s/>-<mg:s/>obj</mg:sg><mg:sg class="U">ect<mg:s/>is<mg:s/>non</mg:sg><mg:sg class="U"><mg:s/>nil<mg:lf/></mg:sg></mg:ln>
</mg:row>
<mg:row>
<mg:ln file="2" number="33" class="IU"><mg:sg class="IU">//<mg:s/><mg:s/><mg:s/>-<mg:s/>[ob</mg:sg><mg:sg class="IU">ject<mg:s/>isKin</mg:sg><mg:sg class="IU">dOfClass:[</mg:sg><mg:sg class="IU">cls<mg:s/>class]</mg:sg><mg:sg class="IU">]<mg:s/>returns<mg:s/></mg:sg><mg:sg class="IU">nil<mg:lf/></mg:sg></mg:ln>
<mg:ln file="3" number="33" class="U"><mg:sg class="U">//<mg:s/><mg:s/><mg:s/>-<mg:s/>[ob</mg:sg><mg:sg class="U">ject<mg:s/>isKin</mg:sg><mg:sg class="U">dOfClass:[</mg:sg><mg:sg class="U">cls<mg:s/>class]</mg:sg><mg:sg class="U">]<mg:s/>returns<mg:s/></mg:sg><mg:sg class="U">nil<mg:lf/></mg:sg></mg:ln>
</mg:row>
<mg:row>
<mg:ln file="2" number="34" class="IU"><mg:sg class="IU">//<mg:lf/></mg:sg></mg:ln>
<mg:ln file="3" number="34" class="U"><mg:sg class="U">//<mg:lf/></mg:sg></mg:ln>
</mg:row>
<mg:row>
<mg:ln file="2" number="35" class="IU"><mg:sg class="IU">//<mg:s/>otherwi</mg:sg><mg:sg class="IU">se<mg:s/>it<mg:s/>retu</mg:sg><mg:sg class="IU">rns<mg:s/>object</mg:sg><mg:sg class="IU">.<mg:lf/></mg:sg></mg:ln>
<mg:ln file="3" number="35" class="U"><mg:sg class="U">//<mg:s/>otherwi</mg:sg><mg:sg class="U">se<mg:s/>it<mg:s/>retu</mg:sg><mg:sg class="U">rns<mg:s/>object</mg:sg><mg:sg class="U">.<mg:lf/></mg:sg></mg:ln>
</mg:row>
<mg:row>
<mg:ln file="2" number="36" class="IU"><mg:sg class="IU">//<mg:lf/></mg:sg></mg:ln>
<mg:ln file="3" number="36" class="U"><mg:sg class="U">//<mg:lf/></mg:sg></mg:ln>
</mg:row>
<mg:row>
<mg:ln file="2" number="37" class="IU"><mg:sg class="IU">//<mg:s/>GTM_DYN</mg:sg><mg:sg class="IU">AMIC_CAST<mg:s/></mg:sg><mg:sg class="IU">runs<mg:s/>in<mg:s/>bo</mg:sg><mg:sg class="IU">th<mg:s/>debug<mg:s/>a</mg:sg><mg:sg class="IU">nd<mg:s/>release</mg:sg><mg:sg class="IU"><mg:s/>and<mg:s/>will<mg:s/></mg:sg><mg:sg class="IU">return<mg:s/>nil</mg:sg><mg:sg class="IU"><mg:s/>if<mg:lf/></mg:sg></mg:ln>
<mg:ln file="3" number="37" class="U"><mg:sg class="U">//<mg:s/>GTM_DYN</mg:sg><mg:sg class="U">AMIC_CAST<mg:s/></mg:sg><mg:sg class="U">runs<mg:s/>in<mg:s/>bo</mg:sg><mg:sg class="U">th<mg:s/>debug<mg:s/>a</mg:sg><mg:sg class="U">nd<mg:s/>release</mg:sg><mg:sg class="U"><mg:s/>and<mg:s/>will<mg:s/></mg:sg><mg:sg class="U">return<mg:s/>nil</mg:sg><mg:sg class="U"><mg:s/>if<mg:lf/></mg:sg></mg:ln>
</mg:row>
<mg:row>
<mg:ln file="2" number="38" class="IU"><mg:sg class="IU">//<mg:s/><mg:s/><mg:s/>-<mg:s/>obj</mg:sg><mg:sg class="IU">ect<mg:s/>is<mg:s/>nil</mg:sg><mg:sg class="IU"><mg:lf/></mg:sg></mg:ln>
<mg:ln file="3" number="38" class="U"><mg:sg class="U">//<mg:s/><mg:s/><mg:s/>-<mg:s/>obj</mg:sg><mg:sg class="U">ect<mg:s/>is<mg:s/>nil</mg:sg><mg:sg class="U"><mg:lf/></mg:sg></mg:ln>
</mg:row>
<mg:row>
<mg:ln file="2" number="39" class="IU"><mg:sg class="IU">//<mg:s/><mg:s/><mg:s/>-<mg:s/>[ob</mg:sg><mg:sg class="IU">ject<mg:s/>isKin</mg:sg><mg:sg class="IU">dOfClass:[</mg:sg><mg:sg class="IU">cls<mg:s/>class]</mg:sg><mg:sg class="IU">]<mg:s/>returns<mg:s/></mg:sg><mg:sg class="IU">nil<mg:lf/></mg:sg></mg:ln>
<mg:ln file="3" number="39" class="U"><mg:sg class="U">//<mg:s/><mg:s/><mg:s/>-<mg:s/>[ob</mg:sg><mg:sg class="U">ject<mg:s/>isKin</mg:sg><mg:sg class="U">dOfClass:[</mg:sg><mg:sg class="U">cls<mg:s/>class]</mg:sg><mg:sg class="U">]<mg:s/>returns<mg:s/></mg:sg><mg:sg class="U">nil<mg:lf/></mg:sg></mg:ln>
</mg:row>
<mg:row>
<mg:ln file="2" number="40" class="IU"><mg:sg class="IU">//<mg:lf/></mg:sg></mg:ln>
<mg:ln file="3" number="40" class="U"><mg:sg class="U">//<mg:lf/></mg:sg></mg:ln>
</mg:row>
<mg:row>
<mg:ln file="2" number="41" class="IU"><mg:sg class="IU">//<mg:s/>otherwi</mg:sg><mg:sg class="IU">se<mg:s/>it<mg:s/>retu</mg:sg><mg:sg class="IU">rns<mg:s/>object</mg:sg><mg:sg class="IU">.<mg:lf/></mg:sg></mg:ln>
<mg:ln file="3" number="41" class="U"><mg:sg class="U">//<mg:s/>otherwi</mg:sg><mg:sg class="U">se<mg:s/>it<mg:s/>retu</mg:sg><mg:sg class="U">rns<mg:s/>object</mg:sg><mg:sg class="U">.<mg:lf/></mg:sg></mg:ln>
</mg:row>
<mg:row>
<mg:ln file="2" number="42" class="IU"><mg:sg class="IU">//<mg:lf/></mg:sg></mg:ln>
<mg:ln file="3" number="42" class="U"><mg:sg class="U">//<mg:lf/></mg:sg></mg:ln>
</mg:row>
<mg:row>
<mg:ln file="2" number="43" class="IU"><mg:sg class="IU"><mg:lf/></mg:sg></mg:ln>
<mg:ln file="3" number="43" class="U"><mg:sg class="U"><mg:lf/></mg:sg></mg:ln>
</mg:row>
<mg:row>
<mg:ln file="2" number="44" class="IU"><mg:sg class="IU">//<mg:s/>Support</mg:sg><mg:sg class="IU"><mg:s/>functions</mg:sg><mg:sg class="IU"><mg:s/>for<mg:s/>deali</mg:sg><mg:sg class="IU">ng<mg:s/>with<mg:s/>ca</mg:sg><mg:sg class="IU">sting.<mg:lf/></mg:sg></mg:ln>
<mg:ln file="3" number="44" class="U"><mg:sg class="U">//<mg:s/>Support</mg:sg><mg:sg class="U"><mg:s/>functions</mg:sg><mg:sg class="U"><mg:s/>for<mg:s/>deali</mg:sg><mg:sg class="U">ng<mg:s/>with<mg:s/>ca</mg:sg><mg:sg class="U">sting.<mg:lf/></mg:sg></mg:ln>
</mg:row>
<mg:row>
<mg:ln file="2" number="45" class="IU"><mg:sg class="IU">GTM_INLINE</mg:sg><mg:sg class="IU"><mg:s/>id<mg:s/>GTMDyn</mg:sg><mg:sg class="IU">amicCastSu</mg:sg><mg:sg class="IU">pport(Clas</mg:sg><mg:sg class="IU">s<mg:s/>cls,<mg:s/>id<mg:s/></mg:sg><mg:sg class="IU">object)<mg:s/>{<mg:lf/></mg:sg></mg:ln>
<mg:ln file="3" number="45" class="U"><mg:sg class="U">GTM_INLINE</mg:sg><mg:sg class="U"><mg:s/>id<mg:s/>GTMDyn</mg:sg><mg:sg class="U">amicCastSu</mg:sg><mg:sg class="U">pport(Clas</mg:sg><mg:sg class="U">s<mg:s/>cls,<mg:s/>id<mg:s/></mg:sg><mg:sg class="U">object)<mg:s/>{<mg:lf/></mg:sg></mg:ln>
</mg:row>
<mg:row>
<mg:ln file="2" number="46" class="IU"><mg:sg class="IU"><mg:s/><mg:s/>_GTMDevA</mg:sg><mg:sg class="IU">ssert(cls,</mg:sg><mg:sg class="IU"><mg:s/>@&quot;Nil<mg:s/>Cla</mg:sg><mg:sg class="IU">ss&quot;);<mg:lf/></mg:sg></mg:ln>
<mg:ln file="3" number="46" class="U"><mg:sg class="U"><mg:s/><mg:s/>_GTMDevA</mg:sg><mg:sg class="U">ssert(cls,</mg:sg><mg:sg class="U"><mg:s/>@&quot;Nil<mg:s/>Cla</mg:sg><mg:sg class="U">ss&quot;);<mg:lf/></mg:sg></mg:ln>
</mg:row>
<mg:row>
<mg:ln file="2" number="47" class="IU"><mg:sg class="IU"><mg:s/><mg:s/>return<mg:s/>[</mg:sg><mg:sg class="IU">object<mg:s/>isK</mg:sg><mg:sg class="IU">indOfClass</mg:sg><mg:sg class="IU">:cls]<mg:s/>?<mg:s/>ob</mg:sg><mg:sg class="IU">ject<mg:s/>:<mg:s/>nil</mg:sg><mg:sg class="IU">;<mg:lf/></mg:sg></mg:ln>
<mg:ln file="3" number="47" class="U"><mg:sg class="U"><mg:s/><mg:s/>return<mg:s/>[</mg:sg><mg:sg class="U">object<mg:s/>isK</mg:sg><mg:sg class="U">indOfClass</mg:sg><mg:sg class="U">:cls]<mg:s/>?<mg:s/>ob</mg:sg><mg:sg class="U">ject<mg:s/>:<mg:s/>nil</mg:sg><mg:sg class="U">;<mg:lf/></mg:sg></mg:ln>
</mg:row>
<mg:row>
<mg:ln file="2" number="48" class="IU"><mg:sg class="IU">}<mg:lf/></mg:sg></mg:ln>
<mg:ln file="3" number="48" class="U"><mg:sg class="U">}<mg:lf/></mg:sg></mg:ln>
</mg:row>
<mg:row>
<mg:ln file="2" number="49" class="IU"><mg:sg class="IU"><mg:lf/></mg:sg></mg:ln>
<mg:ln file="3" number="49" class="U"><mg:sg class="U"><mg:lf/></mg:sg></mg:ln>
</mg:row>
<mg:row>
<mg:ln file="2" number="50" class="IU"><mg:sg class="IU">GTM_INLINE</mg:sg><mg:sg class="IU"><mg:s/>id<mg:s/>GTMSta</mg:sg><mg:sg class="IU">ticCastSup</mg:sg><mg:sg class="IU">port(Class</mg:sg><mg:sg class="IU"><mg:s/>cls,<mg:s/>id<mg:s/>o</mg:sg><mg:sg class="IU">bject)<mg:s/>{<mg:lf/></mg:sg></mg:ln>
<mg:ln file="3" number="50" class="U"><mg:sg class="U">GTM_INLINE</mg:sg><mg:sg class="U"><mg:s/>id<mg:s/>GTMSta</mg:sg><mg:sg class="U">ticCastSup</mg:sg><mg:sg class="U">port(Class</mg:sg><mg:sg class="U"><mg:s/>cls,<mg:s/>id<mg:s/>o</mg:sg><mg:sg class="U">bject)<mg:s/>{<mg:lf/></mg:sg></mg:ln>
</mg:row>
<mg:row>
<mg:ln file="2" number="51" class="IU"><mg:sg class="IU"><mg:s/><mg:s/>id<mg:s/>value</mg:sg><mg:sg class="IU"><mg:s/>=<mg:s/>nil;<mg:lf/></mg:sg></mg:ln>
<mg:ln file="3" number="51" class="U"><mg:sg class="U"><mg:s/><mg:s/>id<mg:s/>value</mg:sg><mg:sg class="U"><mg:s/>=<mg:s/>nil;<mg:lf/></mg:sg></mg:ln>
</mg:row>
<mg:row>
<mg:ln file="2" number="52" class="IU"><mg:sg class="IU"><mg:s/><mg:s/>if<mg:s/>(obje</mg:sg><mg:sg class="IU">ct)<mg:s/>{<mg:lf/></mg:sg></mg:ln>
<mg:ln file="3" number="52" class="U"><mg:sg class="U"><mg:s/><mg:s/>if<mg:s/>(obje</mg:sg><mg:sg class="U">ct)<mg:s/>{<mg:lf/></mg:sg></mg:ln>
</mg:row>
<mg:row>
<mg:ln file="2" number="53" class="IU"><mg:sg class="IU"><mg:s/><mg:s/><mg:s/><mg:s/>value<mg:s/></mg:sg><mg:sg class="IU">=<mg:s/>GTMDynam</mg:sg><mg:sg class="IU">icCastSupp</mg:sg><mg:sg class="IU">ort(cls,<mg:s/>o</mg:sg><mg:sg class="IU">bject);<mg:lf/></mg:sg></mg:ln>
<mg:ln file="3" number="53" class="U"><mg:sg class="U"><mg:s/><mg:s/><mg:s/><mg:s/>value<mg:s/></mg:sg><mg:sg class="U">=<mg:s/>GTMDynam</mg:sg><mg:sg class="U">icCastSupp</mg:sg><mg:sg class="U">ort(cls,<mg:s/>o</mg:sg><mg:sg class="U">bject);<mg:lf/></mg:sg></mg:ln>
</mg:row>
<mg:row>
<mg:ln file="2" number="54" class="IU"><mg:sg class="IU"><mg:s/><mg:s/><mg:s/><mg:s/>_GTMDe</mg:sg><mg:sg class="IU">vAssert(va</mg:sg><mg:sg class="IU">lue,<mg:s/>@&quot;Cou</mg:sg><mg:sg class="IU">ld<mg:s/>not<mg:s/>cas</mg:sg><mg:sg class="IU">t<mg:s/>%@<mg:s/>to<mg:s/>cl</mg:sg><mg:sg class="IU">ass<mg:s/>%@&quot;,<mg:s/>o</mg:sg><mg:sg class="IU">bject,<mg:s/>cls</mg:sg><mg:sg class="IU">);<mg:lf/></mg:sg></mg:ln>
<mg:ln file="3" number="54" class="U"><mg:sg class="U"><mg:s/><mg:s/><mg:s/><mg:s/>_GTMDe</mg:sg><mg:sg class="U">vAssert(va</mg:sg><mg:sg class="U">lue,<mg:s/>@&quot;Cou</mg:sg><mg:sg class="U">ld<mg:s/>not<mg:s/>cas</mg:sg><mg:sg class="U">t<mg:s/>%@<mg:s/>to<mg:s/>cl</mg:sg><mg:sg class="U">ass<mg:s/>%@&quot;,<mg:s/>o</mg:sg><mg:sg class="U">bject,<mg:s/>cls</mg:sg><mg:sg class="U">);<mg:lf/></mg:sg></mg:ln>
</mg:row>
<mg:row>
<mg:ln file="2" number="55" class="IU"><mg:sg class="IU"><mg:s/><mg:s/>}<mg:lf/></mg:sg></mg:ln>
<mg:ln file="3" number="55" class="U"><mg:sg class="U"><mg:s/><mg:s/>}<mg:lf/></mg:sg></mg:ln>
</mg:row>
<mg:row>
<mg:ln file="2" number="56" class="IU"><mg:sg class="IU"><mg:s/><mg:s/>return<mg:s/>v</mg:sg><mg:sg class="IU">alue;<mg:lf/></mg:sg></mg:ln>
<mg:ln file="3" number="56" class="U"><mg:sg class="U"><mg:s/><mg:s/>return<mg:s/>v</mg:sg><mg:sg class="U">alue;<mg:lf/></mg:sg></mg:ln>
</mg:row>
<mg:row>
<mg:ln file="2" number="57" class="IU"><mg:sg class="IU">}<mg:lf/></mg:sg></mg:ln>
<mg:ln file="3" number="57" class="U"><mg:sg class="U">}<mg:lf/></mg:sg></mg:ln>
</mg:row>
<mg:row>
<mg:ln file="2" number="58" class="IU"><mg:sg class="IU"><mg:lf/></mg:sg></mg:ln>
<mg:ln file="3" number="58" class="U"><mg:sg class="U"><mg:lf/></mg:sg></mg:ln>
</mg:row>
<mg:row>
<mg:ln file="2" number="59" class="IU"><mg:sg class="IU">#ifndef<mg:s/>GT</mg:sg><mg:sg class="IU">M_STATIC_C</mg:sg><mg:sg class="IU">AST<mg:lf/></mg:sg></mg:ln>
<mg:ln file="3" number="59" class="U"><mg:sg class="U">#ifndef<mg:s/>GT</mg:sg><mg:sg class="U">M_STATIC_C</mg:sg><mg:sg class="U">AST<mg:lf/></mg:sg></mg:ln>
</mg:row>
<mg:row>
<mg:ln file="2" number="60" class="IU"><mg:sg class="IU"><mg:s/><mg:s/>#ifdef<mg:s/>D</mg:sg><mg:sg class="IU">EBUG<mg:lf/></mg:sg></mg:ln>
<mg:ln file="3" number="60" class="U"><mg:sg class="U"><mg:s/><mg:s/>#ifdef<mg:s/>D</mg:sg><mg:sg class="U">EBUG<mg:lf/></mg:sg></mg:ln>
</mg:row>
<mg:row>
<mg:ln file="2" number="61" class="IU"><mg:sg class="IU"><mg:s/><mg:s/><mg:s/><mg:s/>#defin</mg:sg><mg:sg class="IU">e<mg:s/>GTM_STAT</mg:sg><mg:sg class="IU">IC_CAST(ty</mg:sg><mg:sg class="IU">pe,<mg:s/>object</mg:sg><mg:sg class="IU">)<mg:s/>\<mg:lf/></mg:sg></mg:ln>
<mg:ln file="3" number="61" class="U"><mg:sg class="U"><mg:s/><mg:s/><mg:s/><mg:s/>#defin</mg:sg><mg:sg class="U">e<mg:s/>GTM_STAT</mg:sg><mg:sg class="U">IC_CAST(ty</mg:sg><mg:sg class="U">pe,<mg:s/>object</mg:sg><mg:sg class="U">)<mg:s/>\<mg:lf/></mg:sg></mg:ln>
</mg:row>
<mg:row>
<mg:ln file="2" number="62" class="IU"><mg:sg class="IU"><mg:s/><mg:s/><mg:s/><mg:s/><mg:s/><mg:s/>((ty</mg:sg><mg:sg class="IU">pe<mg:s/>*)<mg:s/>GTMS</mg:sg><mg:sg class="IU">taticCastS</mg:sg><mg:sg class="IU">upport([ty</mg:sg><mg:sg class="IU">pe<mg:s/>class],</mg:sg><mg:sg class="IU"><mg:s/>object))<mg:lf/></mg:sg></mg:ln>
<mg:ln file="3" number="62" class="U"><mg:sg class="U"><mg:s/><mg:s/><mg:s/><mg:s/><mg:s/><mg:s/>((ty</mg:sg><mg:sg class="U">pe<mg:s/>*)<mg:s/>GTMS</mg:sg><mg:sg class="U">taticCastS</mg:sg><mg:sg class="U">upport([ty</mg:sg><mg:sg class="U">pe<mg:s/>class],</mg:sg><mg:sg class="U"><mg:s/>object))<mg:lf/></mg:sg></mg:ln>
</mg:row>
<mg:row>
<mg:ln file="2" number="63" class="IU"><mg:sg class="IU"><mg:s/><mg:s/>#else<mg:lf/></mg:sg></mg:ln>
<mg:ln file="3" number="63" class="U"><mg:sg class="U"><mg:s/><mg:s/>#else<mg:lf/></mg:sg></mg:ln>
</mg:row>
<mg:row>
<mg:ln file="2" number="64" class="IU"><mg:sg class="IU"><mg:s/><mg:s/><mg:s/><mg:s/>#defin</mg:sg><mg:sg class="IU">e<mg:s/>GTM_STAT</mg:sg><mg:sg class="IU">IC_CAST(ty</mg:sg><mg:sg class="IU">pe,<mg:s/>object</mg:sg><mg:sg class="IU">)<mg:s/>((type<mg:s/>*</mg:sg><mg:sg class="IU">)<mg:s/>(object)</mg:sg><mg:sg class="IU">)<mg:lf/></mg:sg></mg:ln>
<mg:ln file="3" number="64" class="U"><mg:sg class="U"><mg:s/><mg:s/><mg:s/><mg:s/>#defin</mg:sg><mg:sg class="U">e<mg:s/>GTM_STAT</mg:sg><mg:sg class="U">IC_CAST(ty</mg:sg><mg:sg class="U">pe,<mg:s/>object</mg:sg><mg:sg class="U">)<mg:s/>((type<mg:s/>*</mg:sg><mg:sg class="U">)<mg:s/>(object)</mg:sg><mg:sg class="U">)<mg:lf/></mg:sg></mg:ln>
</mg:row>
<mg:row>
<mg:ln file="2" number="65" class="IU"><mg:sg class="IU"><mg:s/><mg:s/>#endif<mg:lf/></mg:sg></mg:ln>
<mg:ln file="3" number="65" class="U"><mg:sg class="U"><mg:s/><mg:s/>#endif<mg:lf/></mg:sg></mg:ln>
</mg:row>
<mg:row>
<mg:ln file="2" number="66" class="IU"><mg:sg class="IU">#endif<mg:lf/></mg:sg></mg:ln>
<mg:ln file="3" number="66" class="U"><mg:sg class="U">#endif<mg:lf/></mg:sg></mg:ln>
</mg:row>
<mg:row>
<mg:ln file="2" number="67" class="IU"><mg:sg class="IU"><mg:lf/></mg:sg></mg:ln>
<mg:ln file="3" number="67" class="U"><mg:sg class="U"><mg:lf/></mg:sg></mg:ln>
</mg:row>
<mg:row>
<mg:ln file="2" number="68" class="IU"><mg:sg class="IU">#ifndef<mg:s/>GT</mg:sg><mg:sg class="IU">M_DYNAMIC_</mg:sg><mg:sg class="IU">CAST<mg:lf/></mg:sg></mg:ln>
<mg:ln file="3" number="68" class="U"><mg:sg class="U">#ifndef<mg:s/>GT</mg:sg><mg:sg class="U">M_DYNAMIC_</mg:sg><mg:sg class="U">CAST<mg:lf/></mg:sg></mg:ln>
</mg:row>
<mg:row>
<mg:ln file="2" number="69" class="IU"><mg:sg class="IU"><mg:s/><mg:s/>#define<mg:s/></mg:sg><mg:sg class="IU">GTM_DYNAMI</mg:sg><mg:sg class="IU">C_CAST(typ</mg:sg><mg:sg class="IU">e,<mg:s/>object)</mg:sg><mg:sg class="IU"><mg:s/>\<mg:lf/></mg:sg></mg:ln>
<mg:ln file="3" number="69" class="U"><mg:sg class="U"><mg:s/><mg:s/>#define<mg:s/></mg:sg><mg:sg class="U">GTM_DYNAMI</mg:sg><mg:sg class="U">C_CAST(typ</mg:sg><mg:sg class="U">e,<mg:s/>object)</mg:sg><mg:sg class="U"><mg:s/>\<mg:lf/></mg:sg></mg:ln>
</mg:row>
<mg:row>
<mg:ln file="2" number="70" class="IU"><mg:sg class="IU"><mg:s/><mg:s/><mg:s/><mg:s/>((type</mg:sg><mg:sg class="IU"><mg:s/>*)<mg:s/>GTMDyn</mg:sg><mg:sg class="IU">amicCastSu</mg:sg><mg:sg class="IU">pport([typ</mg:sg><mg:sg class="IU">e<mg:s/>class],<mg:s/></mg:sg><mg:sg class="IU">object))<mg:lf/></mg:sg></mg:ln>
<mg:ln file="3" number="70" class="U"><mg:sg class="U"><mg:s/><mg:s/><mg:s/><mg:s/>((type</mg:sg><mg:sg class="U"><mg:s/>*)<mg:s/>GTMDyn</mg:sg><mg:sg class="U">amicCastSu</mg:sg><mg:sg class="U">pport([typ</mg:sg><mg:sg class="U">e<mg:s/>class],<mg:s/></mg:sg><mg:sg class="U">object))<mg:lf/></mg:sg></mg:ln>
</mg:row>
<mg:row>
<mg:ln file="2" number="71" class="IU"><mg:sg class="IU">#endif<mg:lf/></mg:sg></mg:ln>
<mg:ln file="3" number="71" class="U"><mg:sg class="U">#endif<mg:lf/></mg:sg></mg:ln>
</mg:row>
</mg:rowGroup>
</mg:rowData>
</mg:report>
