﻿<?xml version="1.0" encoding="UTF-8" ?>

<mg:report version="1.0" xmlns:mg="http://www.araxis.com/2002/Merge/Reporting" type="FileComparison">
<mg:metaData>
  <mg:title>Araxis Merge File Comparison Report</mg:title>
  <mg:id show="true">1044</mg:id>
  <mg:date>2019/4/19 20:25:39</mg:date>
<mg:options>
<mg:option name="clIgnoreDifferencesInWhitespaceAtTheStartOfLines">0</mg:option>
<mg:option name="clIgnoreDifferencesInWhitespaceAtTheEndOfLines">0</mg:option>
<mg:option name="clTreatConsecutiveWhitespaceAsASingleSpace">1</mg:option>
<mg:option name="clIgnoreAllDifferencesInWhitespace">0</mg:option>
<mg:option name="clWhitespaceSignificant">0</mg:option>
<mg:option name="clIgnoreCase">0</mg:option>
<mg:option name="clIgnoreLineEndings">1</mg:option>
<mg:option name="clHideCRLF">1</mg:option>
<mg:option name="clShowLineNums">1</mg:option>
<mg:option name="clShowOmittedLinesRow">0</mg:option>

<mg:regexps>
<mg:regexp enabled="false">
<mg:expression>^[ \t]*$</mg:expression>
<mg:description>Blank lines</mg:description>
</mg:regexp>
<mg:regexp enabled="false">
<mg:expression>[ \t]*//[^&quot;]*$</mg:expression>
<mg:description>C++ comments</mg:description>
</mg:regexp>
<mg:regexp enabled="false">
<mg:expression>^[ \t]*//.*\$(Date|Archive|Author|Header|JustDate|Modtime|Revision|Workfile):.*\$.*$</mg:expression>
<mg:description>SourceSafe comments</mg:description>
</mg:regexp>
<mg:regexp enabled="false">
<mg:expression>^[ \t]*//(:(Header|Source):|.*Generated.*Genitor).*\$</mg:expression>
<mg:description>Genitor comments</mg:description>
</mg:regexp>
<mg:regexp enabled="false">
<mg:expression>\$(Archive|Author|Date|Header|JustDate|Logfile|Modtime|Revision|Workfile):[^$]*\$</mg:expression>
<mg:description>SourceSafe keywords</mg:description>
</mg:regexp>
<mg:regexp enabled="false">
<mg:expression>^[ \t]*'.*$</mg:expression>
<mg:description>Visual Basic comments</mg:description>
</mg:regexp>
<mg:regexp enabled="false">
<mg:expression>\$(Author|Date|Header|Id|Locker|Name|RCSfile|Revision|Source|State):[^$]*\$</mg:expression>
<mg:description>CVS comments</mg:description>
</mg:regexp>
<mg:regexp enabled="false">
<mg:expression>\$(ACident|ACheader|AClog|ACpart|ACversion|Author|Date|Header|Line|Locker|Log|Revision|Smsfile|Smspath|Today|Vcfile|Vcpath|Workfile):?[^$]*\$</mg:expression>
<mg:description>AllChange keywords</mg:description>
</mg:regexp>
<mg:regexp enabled="false">
<mg:expression></mg:expression>
<mg:description></mg:description>
</mg:regexp>
<mg:regexp enabled="false">
<mg:expression></mg:expression>
<mg:description></mg:description>
</mg:regexp>
</mg:regexps>
</mg:options>
<mg:fileDetails file="1">
  <mg:name></mg:name>
  <mg:title></mg:title>
  <mg:location></mg:location>
  <mg:lastModified>Fri Apr 19 12:25:39 2019 UTC</mg:lastModified>
</mg:fileDetails>
<mg:fileDetails file="2">
  <mg:name>SMQuestionResponse.h</mg:name>
  <mg:title></mg:title>
  <mg:location>E:\MA75\tgc_main\Prototypes\Sky\Sky\iphoneos\Frameworks\SurveyMonkeyiOSSDK.framework\Versions\A\Headers</mg:location>
  <mg:lastModified>Thu Jan 17 03:38:44 2019 UTC</mg:lastModified>
</mg:fileDetails>
<mg:fileDetails file="3">
  <mg:name>SMQuestionResponse.h</mg:name>
  <mg:title></mg:title>
  <mg:location>E:\MA75\tgc_mainOld\Prototypes\Sky\Sky\iphoneos\Frameworks\SurveyMonkeyiOSSDK.framework\Versions\A\Headers</mg:location>
  <mg:lastModified>Fri Apr 19 11:20:03 2019 UTC</mg:lastModified>
</mg:fileDetails>
<mg:changeSummaries>
  <mg:changeSummary files="1,2">
	  <mg:changeCount type="unchanged" blocks1="0" blocks2="0" blocks="0" lines1="0" lines2="0" lines="0" />
	  <mg:changeCount type="removed" blocks1="0" blocks2="0" blocks="0" lines1="0" lines2="0" lines="0" />
	  <mg:changeCount type="inserted" blocks1="0" blocks2="1" blocks="1" lines1="0" lines2="40" lines="40" />
	  <mg:changeCount type="changed" blocks1="0" blocks2="0" blocks="0" lines1="0" lines2="0" lines="0" />
  </mg:changeSummary>
<mg:changeSummary files="2,3">
	  <mg:changeCount type="unchanged" blocks1="1" blocks2="1" blocks="1" lines1="40" lines2="40" lines="80" />
	  <mg:changeCount type="removed" blocks1="0" blocks2="0" blocks="0" lines1="0" lines2="0" lines="0" />
	  <mg:changeCount type="inserted" blocks1="0" blocks2="0" blocks="0" lines1="0" lines2="0" lines="0" />
	  <mg:changeCount type="changed" blocks1="0" blocks2="0" blocks="0" lines1="0" lines2="0" lines="0" />
  </mg:changeSummary>
<mg:changeSummary files="1,2,3"><mg:changeCount type="removed" blocks="1" lines="40"/><mg:changeCount type="inserted" blocks="0" lines="0"/><mg:changeCount type="changed" blocks="0" lines="0"/><mg:changeCount type="conflicts" count="0"/></mg:changeSummary></mg:changeSummaries>
		<mg:classes file="1">
<mg:class name="U">
<mg:cssAttribute name="color">#000000</mg:cssAttribute>
<mg:cssAttribute name="background-color">#FFFFFF</mg:cssAttribute>
<mg:cssAttribute name="font-family">Consolas</mg:cssAttribute>
<mg:cssAttribute name="font-weight">normal</mg:cssAttribute>
<mg:cssAttribute name="font-style">normal</mg:cssAttribute>
<mg:cssAttribute name="font-size">9pt</mg:cssAttribute>
<mg:cssAttribute name="text-decoration">none</mg:cssAttribute>
</mg:class>
<mg:class name="R">
<mg:cssAttribute name="color">#800000</mg:cssAttribute>
<mg:cssAttribute name="background-color">#F3E6D8</mg:cssAttribute>
<mg:cssAttribute name="font-family">Consolas</mg:cssAttribute>
<mg:cssAttribute name="font-weight">normal</mg:cssAttribute>
<mg:cssAttribute name="font-style">normal</mg:cssAttribute>
<mg:cssAttribute name="font-size">9pt</mg:cssAttribute>
<mg:cssAttribute name="text-decoration">none</mg:cssAttribute>
</mg:class>
<mg:class name="I">
<mg:cssAttribute name="color">#800000</mg:cssAttribute>
<mg:cssAttribute name="background-color">#D1E8CF</mg:cssAttribute>
<mg:cssAttribute name="font-family">Consolas</mg:cssAttribute>
<mg:cssAttribute name="font-weight">normal</mg:cssAttribute>
<mg:cssAttribute name="font-style">normal</mg:cssAttribute>
<mg:cssAttribute name="font-size">9pt</mg:cssAttribute>
<mg:cssAttribute name="text-decoration">none</mg:cssAttribute>
</mg:class>
<mg:class name="C">
<mg:cssAttribute name="color">#800000</mg:cssAttribute>
<mg:cssAttribute name="background-color">#DACDE6</mg:cssAttribute>
<mg:cssAttribute name="font-family">Consolas</mg:cssAttribute>
<mg:cssAttribute name="font-weight">normal</mg:cssAttribute>
<mg:cssAttribute name="font-style">normal</mg:cssAttribute>
<mg:cssAttribute name="font-size">9pt</mg:cssAttribute>
<mg:cssAttribute name="text-decoration">none</mg:cssAttribute>
</mg:class>
		</mg:classes>
		<mg:classes file="2">
<mg:class name="UU">
<mg:cssAttribute name="color">#000000</mg:cssAttribute>
<mg:cssAttribute name="background-color">#FFFFFF</mg:cssAttribute>
<mg:cssAttribute name="font-family">Consolas</mg:cssAttribute>
<mg:cssAttribute name="font-weight">normal</mg:cssAttribute>
<mg:cssAttribute name="font-style">normal</mg:cssAttribute>
<mg:cssAttribute name="font-size">9pt</mg:cssAttribute>
<mg:cssAttribute name="text-decoration">none</mg:cssAttribute>
</mg:class>
<mg:class name="UR">
<mg:cssAttribute name="color">#400000</mg:cssAttribute>
<mg:cssAttribute name="background-color">#F9F2EB</mg:cssAttribute>
<mg:cssAttribute name="font-family">Consolas</mg:cssAttribute>
<mg:cssAttribute name="font-weight">normal</mg:cssAttribute>
<mg:cssAttribute name="font-style">normal</mg:cssAttribute>
<mg:cssAttribute name="font-size">9pt</mg:cssAttribute>
<mg:cssAttribute name="text-decoration">none</mg:cssAttribute>
</mg:class>
<mg:class name="UI">
<mg:cssAttribute name="color">#400000</mg:cssAttribute>
<mg:cssAttribute name="background-color">#E8F3E7</mg:cssAttribute>
<mg:cssAttribute name="font-family">Consolas</mg:cssAttribute>
<mg:cssAttribute name="font-weight">normal</mg:cssAttribute>
<mg:cssAttribute name="font-style">normal</mg:cssAttribute>
<mg:cssAttribute name="font-size">9pt</mg:cssAttribute>
<mg:cssAttribute name="text-decoration">none</mg:cssAttribute>
</mg:class>
<mg:class name="UC">
<mg:cssAttribute name="color">#400000</mg:cssAttribute>
<mg:cssAttribute name="background-color">#ECE6F2</mg:cssAttribute>
<mg:cssAttribute name="font-family">Consolas</mg:cssAttribute>
<mg:cssAttribute name="font-weight">normal</mg:cssAttribute>
<mg:cssAttribute name="font-style">normal</mg:cssAttribute>
<mg:cssAttribute name="font-size">9pt</mg:cssAttribute>
<mg:cssAttribute name="text-decoration">none</mg:cssAttribute>
</mg:class>
<mg:class name="RU">
<mg:cssAttribute name="color">#400000</mg:cssAttribute>
<mg:cssAttribute name="background-color">#F9F2EB</mg:cssAttribute>
<mg:cssAttribute name="font-family">Consolas</mg:cssAttribute>
<mg:cssAttribute name="font-weight">normal</mg:cssAttribute>
<mg:cssAttribute name="font-style">normal</mg:cssAttribute>
<mg:cssAttribute name="font-size">9pt</mg:cssAttribute>
<mg:cssAttribute name="text-decoration">none</mg:cssAttribute>
</mg:class>
<mg:class name="RR">
<mg:cssAttribute name="color">#800000</mg:cssAttribute>
<mg:cssAttribute name="background-color">#F3E6D8</mg:cssAttribute>
<mg:cssAttribute name="font-family">Consolas</mg:cssAttribute>
<mg:cssAttribute name="font-weight">normal</mg:cssAttribute>
<mg:cssAttribute name="font-style">normal</mg:cssAttribute>
<mg:cssAttribute name="font-size">9pt</mg:cssAttribute>
<mg:cssAttribute name="text-decoration">none</mg:cssAttribute>
</mg:class>
<mg:class name="RI">
<mg:cssAttribute name="color">#800000</mg:cssAttribute>
<mg:cssAttribute name="background-color">#E2E7D3</mg:cssAttribute>
<mg:cssAttribute name="font-family">Consolas</mg:cssAttribute>
<mg:cssAttribute name="font-weight">normal</mg:cssAttribute>
<mg:cssAttribute name="font-style">normal</mg:cssAttribute>
<mg:cssAttribute name="font-size">9pt</mg:cssAttribute>
<mg:cssAttribute name="text-decoration">none</mg:cssAttribute>
</mg:class>
<mg:class name="RC">
<mg:cssAttribute name="color">#800000</mg:cssAttribute>
<mg:cssAttribute name="background-color">#E6D9DF</mg:cssAttribute>
<mg:cssAttribute name="font-family">Consolas</mg:cssAttribute>
<mg:cssAttribute name="font-weight">normal</mg:cssAttribute>
<mg:cssAttribute name="font-style">normal</mg:cssAttribute>
<mg:cssAttribute name="font-size">9pt</mg:cssAttribute>
<mg:cssAttribute name="text-decoration">none</mg:cssAttribute>
</mg:class>
<mg:class name="IU">
<mg:cssAttribute name="color">#400000</mg:cssAttribute>
<mg:cssAttribute name="background-color">#E8F3E7</mg:cssAttribute>
<mg:cssAttribute name="font-family">Consolas</mg:cssAttribute>
<mg:cssAttribute name="font-weight">normal</mg:cssAttribute>
<mg:cssAttribute name="font-style">normal</mg:cssAttribute>
<mg:cssAttribute name="font-size">9pt</mg:cssAttribute>
<mg:cssAttribute name="text-decoration">none</mg:cssAttribute>
</mg:class>
<mg:class name="IR">
<mg:cssAttribute name="color">#800000</mg:cssAttribute>
<mg:cssAttribute name="background-color">#E2E7D3</mg:cssAttribute>
<mg:cssAttribute name="font-family">Consolas</mg:cssAttribute>
<mg:cssAttribute name="font-weight">normal</mg:cssAttribute>
<mg:cssAttribute name="font-style">normal</mg:cssAttribute>
<mg:cssAttribute name="font-size">9pt</mg:cssAttribute>
<mg:cssAttribute name="text-decoration">none</mg:cssAttribute>
</mg:class>
<mg:class name="II">
<mg:cssAttribute name="color">#800000</mg:cssAttribute>
<mg:cssAttribute name="background-color">#D1E8CF</mg:cssAttribute>
<mg:cssAttribute name="font-family">Consolas</mg:cssAttribute>
<mg:cssAttribute name="font-weight">normal</mg:cssAttribute>
<mg:cssAttribute name="font-style">normal</mg:cssAttribute>
<mg:cssAttribute name="font-size">9pt</mg:cssAttribute>
<mg:cssAttribute name="text-decoration">none</mg:cssAttribute>
</mg:class>
<mg:class name="IC">
<mg:cssAttribute name="color">#800000</mg:cssAttribute>
<mg:cssAttribute name="background-color">#D5DADA</mg:cssAttribute>
<mg:cssAttribute name="font-family">Consolas</mg:cssAttribute>
<mg:cssAttribute name="font-weight">normal</mg:cssAttribute>
<mg:cssAttribute name="font-style">normal</mg:cssAttribute>
<mg:cssAttribute name="font-size">9pt</mg:cssAttribute>
<mg:cssAttribute name="text-decoration">none</mg:cssAttribute>
</mg:class>
<mg:class name="CU">
<mg:cssAttribute name="color">#400000</mg:cssAttribute>
<mg:cssAttribute name="background-color">#ECE6F2</mg:cssAttribute>
<mg:cssAttribute name="font-family">Consolas</mg:cssAttribute>
<mg:cssAttribute name="font-weight">normal</mg:cssAttribute>
<mg:cssAttribute name="font-style">normal</mg:cssAttribute>
<mg:cssAttribute name="font-size">9pt</mg:cssAttribute>
<mg:cssAttribute name="text-decoration">none</mg:cssAttribute>
</mg:class>
<mg:class name="CR">
<mg:cssAttribute name="color">#800000</mg:cssAttribute>
<mg:cssAttribute name="background-color">#E6D9DF</mg:cssAttribute>
<mg:cssAttribute name="font-family">Consolas</mg:cssAttribute>
<mg:cssAttribute name="font-weight">normal</mg:cssAttribute>
<mg:cssAttribute name="font-style">normal</mg:cssAttribute>
<mg:cssAttribute name="font-size">9pt</mg:cssAttribute>
<mg:cssAttribute name="text-decoration">none</mg:cssAttribute>
</mg:class>
<mg:class name="CI">
<mg:cssAttribute name="color">#800000</mg:cssAttribute>
<mg:cssAttribute name="background-color">#D5DADA</mg:cssAttribute>
<mg:cssAttribute name="font-family">Consolas</mg:cssAttribute>
<mg:cssAttribute name="font-weight">normal</mg:cssAttribute>
<mg:cssAttribute name="font-style">normal</mg:cssAttribute>
<mg:cssAttribute name="font-size">9pt</mg:cssAttribute>
<mg:cssAttribute name="text-decoration">none</mg:cssAttribute>
</mg:class>
<mg:class name="CC">
<mg:cssAttribute name="color">#800000</mg:cssAttribute>
<mg:cssAttribute name="background-color">#DACDE6</mg:cssAttribute>
<mg:cssAttribute name="font-family">Consolas</mg:cssAttribute>
<mg:cssAttribute name="font-weight">normal</mg:cssAttribute>
<mg:cssAttribute name="font-style">normal</mg:cssAttribute>
<mg:cssAttribute name="font-size">9pt</mg:cssAttribute>
<mg:cssAttribute name="text-decoration">none</mg:cssAttribute>
</mg:class>
		</mg:classes>
		<mg:classes file="3">
<mg:class name="U">
<mg:cssAttribute name="color">#000000</mg:cssAttribute>
<mg:cssAttribute name="background-color">#FFFFFF</mg:cssAttribute>
<mg:cssAttribute name="font-family">Consolas</mg:cssAttribute>
<mg:cssAttribute name="font-weight">normal</mg:cssAttribute>
<mg:cssAttribute name="font-style">normal</mg:cssAttribute>
<mg:cssAttribute name="font-size">9pt</mg:cssAttribute>
<mg:cssAttribute name="text-decoration">none</mg:cssAttribute>
</mg:class>
<mg:class name="R">
<mg:cssAttribute name="color">#800000</mg:cssAttribute>
<mg:cssAttribute name="background-color">#F3E6D8</mg:cssAttribute>
<mg:cssAttribute name="font-family">Consolas</mg:cssAttribute>
<mg:cssAttribute name="font-weight">normal</mg:cssAttribute>
<mg:cssAttribute name="font-style">normal</mg:cssAttribute>
<mg:cssAttribute name="font-size">9pt</mg:cssAttribute>
<mg:cssAttribute name="text-decoration">none</mg:cssAttribute>
</mg:class>
<mg:class name="I">
<mg:cssAttribute name="color">#800000</mg:cssAttribute>
<mg:cssAttribute name="background-color">#D1E8CF</mg:cssAttribute>
<mg:cssAttribute name="font-family">Consolas</mg:cssAttribute>
<mg:cssAttribute name="font-weight">normal</mg:cssAttribute>
<mg:cssAttribute name="font-style">normal</mg:cssAttribute>
<mg:cssAttribute name="font-size">9pt</mg:cssAttribute>
<mg:cssAttribute name="text-decoration">none</mg:cssAttribute>
</mg:class>
<mg:class name="C">
<mg:cssAttribute name="color">#800000</mg:cssAttribute>
<mg:cssAttribute name="background-color">#DACDE6</mg:cssAttribute>
<mg:cssAttribute name="font-family">Consolas</mg:cssAttribute>
<mg:cssAttribute name="font-weight">normal</mg:cssAttribute>
<mg:cssAttribute name="font-style">normal</mg:cssAttribute>
<mg:cssAttribute name="font-size">9pt</mg:cssAttribute>
<mg:cssAttribute name="text-decoration">none</mg:cssAttribute>
</mg:class>
		</mg:classes>
</mg:metaData>
<mg:rowData>
<mg:rowGroup>
<mg:row>
<mg:ln file="2" number="1" class="IU"><mg:sg class="IU">/*<mg:lf/></mg:sg></mg:ln>
<mg:ln file="3" number="1" class="U"><mg:sg class="U">/*<mg:lf/></mg:sg></mg:ln>
</mg:row>
<mg:row>
<mg:ln file="2" number="2" class="IU"><mg:sg class="IU"><mg:s/>*<mg:s/>Copyrig</mg:sg><mg:sg class="IU">ht<mg:s/>(C)<mg:s/>Sur</mg:sg><mg:sg class="IU">veyMonkey<mg:lf/></mg:sg></mg:ln>
<mg:ln file="3" number="2" class="U"><mg:sg class="U"><mg:s/>*<mg:s/>Copyrig</mg:sg><mg:sg class="U">ht<mg:s/>(C)<mg:s/>Sur</mg:sg><mg:sg class="U">veyMonkey<mg:lf/></mg:sg></mg:ln>
</mg:row>
<mg:row>
<mg:ln file="2" number="3" class="IU"><mg:sg class="IU"><mg:s/>*/<mg:lf/></mg:sg></mg:ln>
<mg:ln file="3" number="3" class="U"><mg:sg class="U"><mg:s/>*/<mg:lf/></mg:sg></mg:ln>
</mg:row>
<mg:row>
<mg:ln file="2" number="4" class="IU"><mg:sg class="IU"><mg:lf/></mg:sg></mg:ln>
<mg:ln file="3" number="4" class="U"><mg:sg class="U"><mg:lf/></mg:sg></mg:ln>
</mg:row>
<mg:row>
<mg:ln file="2" number="5" class="IU"><mg:sg class="IU">#import<mg:s/>&quot;S</mg:sg><mg:sg class="IU">MJSONSeria</mg:sg><mg:sg class="IU">lizable.h&quot;</mg:sg><mg:sg class="IU"><mg:lf/></mg:sg></mg:ln>
<mg:ln file="3" number="5" class="U"><mg:sg class="U">#import<mg:s/>&quot;S</mg:sg><mg:sg class="U">MJSONSeria</mg:sg><mg:sg class="U">lizable.h&quot;</mg:sg><mg:sg class="U"><mg:lf/></mg:sg></mg:ln>
</mg:row>
<mg:row>
<mg:ln file="2" number="6" class="IU"><mg:sg class="IU"><mg:lf/></mg:sg></mg:ln>
<mg:ln file="3" number="6" class="U"><mg:sg class="U"><mg:lf/></mg:sg></mg:ln>
</mg:row>
<mg:row>
<mg:ln file="2" number="7" class="IU"><mg:sg class="IU">/**<mg:lf/></mg:sg></mg:ln>
<mg:ln file="3" number="7" class="U"><mg:sg class="U">/**<mg:lf/></mg:sg></mg:ln>
</mg:row>
<mg:row>
<mg:ln file="2" number="8" class="IU"><mg:sg class="IU"><mg:s/>*<mg:s/><mg:s/>The<mg:s/>SM</mg:sg><mg:sg class="IU">QuestionRe</mg:sg><mg:sg class="IU">sponse<mg:s/>obj</mg:sg><mg:sg class="IU">ect<mg:s/>repres</mg:sg><mg:sg class="IU">ents<mg:s/>a<mg:s/>com</mg:sg><mg:sg class="IU">plete<mg:s/>resp</mg:sg><mg:sg class="IU">onse<mg:s/>to<mg:s/>a<mg:s/></mg:sg><mg:sg class="IU">given<mg:s/>surv</mg:sg><mg:sg class="IU">ey<mg:s/>questio</mg:sg><mg:sg class="IU">n<mg:lf/></mg:sg></mg:ln>
<mg:ln file="3" number="8" class="U"><mg:sg class="U"><mg:s/>*<mg:s/><mg:s/>The<mg:s/>SM</mg:sg><mg:sg class="U">QuestionRe</mg:sg><mg:sg class="U">sponse<mg:s/>obj</mg:sg><mg:sg class="U">ect<mg:s/>repres</mg:sg><mg:sg class="U">ents<mg:s/>a<mg:s/>com</mg:sg><mg:sg class="U">plete<mg:s/>resp</mg:sg><mg:sg class="U">onse<mg:s/>to<mg:s/>a<mg:s/></mg:sg><mg:sg class="U">given<mg:s/>surv</mg:sg><mg:sg class="U">ey<mg:s/>questio</mg:sg><mg:sg class="U">n<mg:lf/></mg:sg></mg:ln>
</mg:row>
<mg:row>
<mg:ln file="2" number="9" class="IU"><mg:sg class="IU"><mg:s/>*<mg:lf/></mg:sg></mg:ln>
<mg:ln file="3" number="9" class="U"><mg:sg class="U"><mg:s/>*<mg:lf/></mg:sg></mg:ln>
</mg:row>
<mg:row>
<mg:ln file="2" number="10" class="IU"><mg:sg class="IU"><mg:s/>*<mg:s/><mg:s/>The<mg:s/>SM</mg:sg><mg:sg class="IU">QuestionRe</mg:sg><mg:sg class="IU">sponse<mg:s/>obj</mg:sg><mg:sg class="IU">ect<mg:s/>includ</mg:sg><mg:sg class="IU">es<mg:s/>relevan</mg:sg><mg:sg class="IU">t<mg:s/>question</mg:sg><mg:sg class="IU"><mg:s/>attribute</mg:sg><mg:sg class="IU">s<mg:s/>as<mg:s/>well<mg:s/></mg:sg><mg:sg class="IU">as<mg:s/>an<mg:s/>arra</mg:sg><mg:sg class="IU">y<mg:s/>of<mg:s/><mg:lf/></mg:sg></mg:ln>
<mg:ln file="3" number="10" class="U"><mg:sg class="U"><mg:s/>*<mg:s/><mg:s/>The<mg:s/>SM</mg:sg><mg:sg class="U">QuestionRe</mg:sg><mg:sg class="U">sponse<mg:s/>obj</mg:sg><mg:sg class="U">ect<mg:s/>includ</mg:sg><mg:sg class="U">es<mg:s/>relevan</mg:sg><mg:sg class="U">t<mg:s/>question</mg:sg><mg:sg class="U"><mg:s/>attribute</mg:sg><mg:sg class="U">s<mg:s/>as<mg:s/>well<mg:s/></mg:sg><mg:sg class="U">as<mg:s/>an<mg:s/>arra</mg:sg><mg:sg class="U">y<mg:s/>of<mg:s/><mg:lf/></mg:sg></mg:ln>
</mg:row>
<mg:row>
<mg:ln file="2" number="11" class="IU"><mg:sg class="IU"><mg:s/>*<mg:s/><mg:s/>SMAnsw</mg:sg><mg:sg class="IU">erResponse</mg:sg><mg:sg class="IU"><mg:s/>objects<mg:s/>r</mg:sg><mg:sg class="IU">epresentin</mg:sg><mg:sg class="IU">g<mg:s/>represen</mg:sg><mg:sg class="IU">ting<mg:s/>the<mg:s/>r</mg:sg><mg:sg class="IU">espondent'</mg:sg><mg:sg class="IU">s<mg:s/>answer(s</mg:sg><mg:sg class="IU">)<mg:s/>to<mg:s/>this<mg:s/></mg:sg><mg:sg class="IU">question.<mg:lf/></mg:sg></mg:ln>
<mg:ln file="3" number="11" class="U"><mg:sg class="U"><mg:s/>*<mg:s/><mg:s/>SMAnsw</mg:sg><mg:sg class="U">erResponse</mg:sg><mg:sg class="U"><mg:s/>objects<mg:s/>r</mg:sg><mg:sg class="U">epresentin</mg:sg><mg:sg class="U">g<mg:s/>represen</mg:sg><mg:sg class="U">ting<mg:s/>the<mg:s/>r</mg:sg><mg:sg class="U">espondent'</mg:sg><mg:sg class="U">s<mg:s/>answer(s</mg:sg><mg:sg class="U">)<mg:s/>to<mg:s/>this<mg:s/></mg:sg><mg:sg class="U">question.<mg:lf/></mg:sg></mg:ln>
</mg:row>
<mg:row>
<mg:ln file="2" number="12" class="IU"><mg:sg class="IU"><mg:s/>*/<mg:lf/></mg:sg></mg:ln>
<mg:ln file="3" number="12" class="U"><mg:sg class="U"><mg:s/>*/<mg:lf/></mg:sg></mg:ln>
</mg:row>
<mg:row>
<mg:ln file="2" number="13" class="IU"><mg:sg class="IU">@interface</mg:sg><mg:sg class="IU"><mg:s/>SMQuestio</mg:sg><mg:sg class="IU">nResponse<mg:s/></mg:sg><mg:sg class="IU">:<mg:s/>NSObject</mg:sg><mg:sg class="IU">&lt;SMJSONSer</mg:sg><mg:sg class="IU">ializableP</mg:sg><mg:sg class="IU">rotocol&gt;<mg:lf/></mg:sg></mg:ln>
<mg:ln file="3" number="13" class="U"><mg:sg class="U">@interface</mg:sg><mg:sg class="U"><mg:s/>SMQuestio</mg:sg><mg:sg class="U">nResponse<mg:s/></mg:sg><mg:sg class="U">:<mg:s/>NSObject</mg:sg><mg:sg class="U">&lt;SMJSONSer</mg:sg><mg:sg class="U">ializableP</mg:sg><mg:sg class="U">rotocol&gt;<mg:lf/></mg:sg></mg:ln>
</mg:row>
<mg:row>
<mg:ln file="2" number="14" class="IU"><mg:sg class="IU">/**<mg:s/>@name<mg:s/></mg:sg><mg:sg class="IU">Question<mg:s/>A</mg:sg><mg:sg class="IU">ttributes<mg:s/></mg:sg><mg:sg class="IU">*/<mg:lf/></mg:sg></mg:ln>
<mg:ln file="3" number="14" class="U"><mg:sg class="U">/**<mg:s/>@name<mg:s/></mg:sg><mg:sg class="U">Question<mg:s/>A</mg:sg><mg:sg class="U">ttributes<mg:s/></mg:sg><mg:sg class="U">*/<mg:lf/></mg:sg></mg:ln>
</mg:row>
<mg:row>
<mg:ln file="2" number="15" class="IU"><mg:sg class="IU"><mg:lf/></mg:sg></mg:ln>
<mg:ln file="3" number="15" class="U"><mg:sg class="U"><mg:lf/></mg:sg></mg:ln>
</mg:row>
<mg:row>
<mg:ln file="2" number="16" class="IU"><mg:sg class="IU">/**<mg:s/>ID<mg:s/>of<mg:s/></mg:sg><mg:sg class="IU">page<mg:s/>where</mg:sg><mg:sg class="IU"><mg:s/>this<mg:s/>ques</mg:sg><mg:sg class="IU">tion<mg:s/>is<mg:s/>lo</mg:sg><mg:sg class="IU">cated<mg:s/>*/<mg:lf/></mg:sg></mg:ln>
<mg:ln file="3" number="16" class="U"><mg:sg class="U">/**<mg:s/>ID<mg:s/>of<mg:s/></mg:sg><mg:sg class="U">page<mg:s/>where</mg:sg><mg:sg class="U"><mg:s/>this<mg:s/>ques</mg:sg><mg:sg class="U">tion<mg:s/>is<mg:s/>lo</mg:sg><mg:sg class="U">cated<mg:s/>*/<mg:lf/></mg:sg></mg:ln>
</mg:row>
<mg:row>
<mg:ln file="2" number="17" class="IU"><mg:sg class="IU">@property<mg:s/></mg:sg><mg:sg class="IU">(nonatomic</mg:sg><mg:sg class="IU">,<mg:s/>strong)<mg:s/></mg:sg><mg:sg class="IU">NSString<mg:s/>*</mg:sg><mg:sg class="IU">pageID;<mg:lf/></mg:sg></mg:ln>
<mg:ln file="3" number="17" class="U"><mg:sg class="U">@property<mg:s/></mg:sg><mg:sg class="U">(nonatomic</mg:sg><mg:sg class="U">,<mg:s/>strong)<mg:s/></mg:sg><mg:sg class="U">NSString<mg:s/>*</mg:sg><mg:sg class="U">pageID;<mg:lf/></mg:sg></mg:ln>
</mg:row>
<mg:row>
<mg:ln file="2" number="18" class="IU"><mg:sg class="IU"><mg:lf/></mg:sg></mg:ln>
<mg:ln file="3" number="18" class="U"><mg:sg class="U"><mg:lf/></mg:sg></mg:ln>
</mg:row>
<mg:row>
<mg:ln file="2" number="19" class="IU"><mg:sg class="IU">/**<mg:s/>Index<mg:s/></mg:sg><mg:sg class="IU">of<mg:s/>page<mg:s/>wh</mg:sg><mg:sg class="IU">ere<mg:s/>this<mg:s/>q</mg:sg><mg:sg class="IU">uestion<mg:s/>is</mg:sg><mg:sg class="IU"><mg:s/>located<mg:s/>(</mg:sg><mg:sg class="IU">starting<mg:s/>a</mg:sg><mg:sg class="IU">t<mg:s/>0)*/<mg:lf/></mg:sg></mg:ln>
<mg:ln file="3" number="19" class="U"><mg:sg class="U">/**<mg:s/>Index<mg:s/></mg:sg><mg:sg class="U">of<mg:s/>page<mg:s/>wh</mg:sg><mg:sg class="U">ere<mg:s/>this<mg:s/>q</mg:sg><mg:sg class="U">uestion<mg:s/>is</mg:sg><mg:sg class="U"><mg:s/>located<mg:s/>(</mg:sg><mg:sg class="U">starting<mg:s/>a</mg:sg><mg:sg class="U">t<mg:s/>0)*/<mg:lf/></mg:sg></mg:ln>
</mg:row>
<mg:row>
<mg:ln file="2" number="20" class="IU"><mg:sg class="IU">@property<mg:s/></mg:sg><mg:sg class="IU">(nonatomic</mg:sg><mg:sg class="IU">,<mg:s/>assign)<mg:s/></mg:sg><mg:sg class="IU">NSUInteger</mg:sg><mg:sg class="IU"><mg:s/>pageIndex</mg:sg><mg:sg class="IU">;<mg:lf/></mg:sg></mg:ln>
<mg:ln file="3" number="20" class="U"><mg:sg class="U">@property<mg:s/></mg:sg><mg:sg class="U">(nonatomic</mg:sg><mg:sg class="U">,<mg:s/>assign)<mg:s/></mg:sg><mg:sg class="U">NSUInteger</mg:sg><mg:sg class="U"><mg:s/>pageIndex</mg:sg><mg:sg class="U">;<mg:lf/></mg:sg></mg:ln>
</mg:row>
<mg:row>
<mg:ln file="2" number="21" class="IU"><mg:sg class="IU"><mg:lf/></mg:sg></mg:ln>
<mg:ln file="3" number="21" class="U"><mg:sg class="U"><mg:lf/></mg:sg></mg:ln>
</mg:row>
<mg:row>
<mg:ln file="2" number="22" class="IU"><mg:sg class="IU">/**<mg:s/>ID<mg:s/>of<mg:s/></mg:sg><mg:sg class="IU">question<mg:s/>t</mg:sg><mg:sg class="IU">hat<mg:s/>was<mg:s/>an</mg:sg><mg:sg class="IU">swered<mg:s/>*/<mg:lf/></mg:sg></mg:ln>
<mg:ln file="3" number="22" class="U"><mg:sg class="U">/**<mg:s/>ID<mg:s/>of<mg:s/></mg:sg><mg:sg class="U">question<mg:s/>t</mg:sg><mg:sg class="U">hat<mg:s/>was<mg:s/>an</mg:sg><mg:sg class="U">swered<mg:s/>*/<mg:lf/></mg:sg></mg:ln>
</mg:row>
<mg:row>
<mg:ln file="2" number="23" class="IU"><mg:sg class="IU">@property<mg:s/></mg:sg><mg:sg class="IU">(nonatomic</mg:sg><mg:sg class="IU">,<mg:s/>strong)<mg:s/></mg:sg><mg:sg class="IU">NSString<mg:s/>*</mg:sg><mg:sg class="IU">questionID</mg:sg><mg:sg class="IU">;<mg:lf/></mg:sg></mg:ln>
<mg:ln file="3" number="23" class="U"><mg:sg class="U">@property<mg:s/></mg:sg><mg:sg class="U">(nonatomic</mg:sg><mg:sg class="U">,<mg:s/>strong)<mg:s/></mg:sg><mg:sg class="U">NSString<mg:s/>*</mg:sg><mg:sg class="U">questionID</mg:sg><mg:sg class="U">;<mg:lf/></mg:sg></mg:ln>
</mg:row>
<mg:row>
<mg:ln file="2" number="24" class="IU"><mg:sg class="IU"><mg:lf/></mg:sg></mg:ln>
<mg:ln file="3" number="24" class="U"><mg:sg class="U"><mg:lf/></mg:sg></mg:ln>
</mg:row>
<mg:row>
<mg:ln file="2" number="25" class="IU"><mg:sg class="IU">/**<mg:s/>Global</mg:sg><mg:sg class="IU"><mg:s/>index<mg:s/>of<mg:s/></mg:sg><mg:sg class="IU">question<mg:s/>i</mg:sg><mg:sg class="IU">n<mg:s/>survey<mg:s/>*</mg:sg><mg:sg class="IU">/<mg:lf/></mg:sg></mg:ln>
<mg:ln file="3" number="25" class="U"><mg:sg class="U">/**<mg:s/>Global</mg:sg><mg:sg class="U"><mg:s/>index<mg:s/>of<mg:s/></mg:sg><mg:sg class="U">question<mg:s/>i</mg:sg><mg:sg class="U">n<mg:s/>survey<mg:s/>*</mg:sg><mg:sg class="U">/<mg:lf/></mg:sg></mg:ln>
</mg:row>
<mg:row>
<mg:ln file="2" number="26" class="IU"><mg:sg class="IU">@property<mg:s/></mg:sg><mg:sg class="IU">(nonatomic</mg:sg><mg:sg class="IU">,<mg:s/>assign)<mg:s/></mg:sg><mg:sg class="IU">NSUInteger</mg:sg><mg:sg class="IU"><mg:s/>questionS</mg:sg><mg:sg class="IU">urveyIndex</mg:sg><mg:sg class="IU">;<mg:lf/></mg:sg></mg:ln>
<mg:ln file="3" number="26" class="U"><mg:sg class="U">@property<mg:s/></mg:sg><mg:sg class="U">(nonatomic</mg:sg><mg:sg class="U">,<mg:s/>assign)<mg:s/></mg:sg><mg:sg class="U">NSUInteger</mg:sg><mg:sg class="U"><mg:s/>questionS</mg:sg><mg:sg class="U">urveyIndex</mg:sg><mg:sg class="U">;<mg:lf/></mg:sg></mg:ln>
</mg:row>
<mg:row>
<mg:ln file="2" number="27" class="IU"><mg:sg class="IU"><mg:lf/></mg:sg></mg:ln>
<mg:ln file="3" number="27" class="U"><mg:sg class="U"><mg:lf/></mg:sg></mg:ln>
</mg:row>
<mg:row>
<mg:ln file="2" number="28" class="IU"><mg:sg class="IU">/**<mg:s/>Index<mg:s/></mg:sg><mg:sg class="IU">of<mg:s/>questio</mg:sg><mg:sg class="IU">n<mg:s/>within<mg:s/>i</mg:sg><mg:sg class="IU">ts<mg:s/>page<mg:s/>(s</mg:sg><mg:sg class="IU">tarting<mg:s/>at</mg:sg><mg:sg class="IU"><mg:s/>0)<mg:s/>*/<mg:lf/></mg:sg></mg:ln>
<mg:ln file="3" number="28" class="U"><mg:sg class="U">/**<mg:s/>Index<mg:s/></mg:sg><mg:sg class="U">of<mg:s/>questio</mg:sg><mg:sg class="U">n<mg:s/>within<mg:s/>i</mg:sg><mg:sg class="U">ts<mg:s/>page<mg:s/>(s</mg:sg><mg:sg class="U">tarting<mg:s/>at</mg:sg><mg:sg class="U"><mg:s/>0)<mg:s/>*/<mg:lf/></mg:sg></mg:ln>
</mg:row>
<mg:row>
<mg:ln file="2" number="29" class="IU"><mg:sg class="IU">@property<mg:s/></mg:sg><mg:sg class="IU">(nonatomic</mg:sg><mg:sg class="IU">,<mg:s/>assign)<mg:s/></mg:sg><mg:sg class="IU">NSUInteger</mg:sg><mg:sg class="IU"><mg:s/>questionP</mg:sg><mg:sg class="IU">ageIndex;<mg:lf/></mg:sg></mg:ln>
<mg:ln file="3" number="29" class="U"><mg:sg class="U">@property<mg:s/></mg:sg><mg:sg class="U">(nonatomic</mg:sg><mg:sg class="U">,<mg:s/>assign)<mg:s/></mg:sg><mg:sg class="U">NSUInteger</mg:sg><mg:sg class="U"><mg:s/>questionP</mg:sg><mg:sg class="U">ageIndex;<mg:lf/></mg:sg></mg:ln>
</mg:row>
<mg:row>
<mg:ln file="2" number="30" class="IU"><mg:sg class="IU"><mg:lf/></mg:sg></mg:ln>
<mg:ln file="3" number="30" class="U"><mg:sg class="U"><mg:lf/></mg:sg></mg:ln>
</mg:row>
<mg:row>
<mg:ln file="2" number="31" class="IU"><mg:sg class="IU">/**<mg:s/>Questi</mg:sg><mg:sg class="IU">on<mg:s/>Prompt<mg:s/></mg:sg><mg:sg class="IU">-<mg:s/>for<mg:s/>exam</mg:sg><mg:sg class="IU">ple<mg:s/>&quot;How<mg:s/>o</mg:sg><mg:sg class="IU">ld<mg:s/>are<mg:s/>you</mg:sg><mg:sg class="IU">&quot;<mg:s/>*/<mg:lf/></mg:sg></mg:ln>
<mg:ln file="3" number="31" class="U"><mg:sg class="U">/**<mg:s/>Questi</mg:sg><mg:sg class="U">on<mg:s/>Prompt<mg:s/></mg:sg><mg:sg class="U">-<mg:s/>for<mg:s/>exam</mg:sg><mg:sg class="U">ple<mg:s/>&quot;How<mg:s/>o</mg:sg><mg:sg class="U">ld<mg:s/>are<mg:s/>you</mg:sg><mg:sg class="U">&quot;<mg:s/>*/<mg:lf/></mg:sg></mg:ln>
</mg:row>
<mg:row>
<mg:ln file="2" number="32" class="IU"><mg:sg class="IU">@property<mg:s/></mg:sg><mg:sg class="IU">(nonatomic</mg:sg><mg:sg class="IU">,<mg:s/>strong)<mg:s/></mg:sg><mg:sg class="IU">NSString<mg:s/>*</mg:sg><mg:sg class="IU">questionVa</mg:sg><mg:sg class="IU">lue;<mg:lf/></mg:sg></mg:ln>
<mg:ln file="3" number="32" class="U"><mg:sg class="U">@property<mg:s/></mg:sg><mg:sg class="U">(nonatomic</mg:sg><mg:sg class="U">,<mg:s/>strong)<mg:s/></mg:sg><mg:sg class="U">NSString<mg:s/>*</mg:sg><mg:sg class="U">questionVa</mg:sg><mg:sg class="U">lue;<mg:lf/></mg:sg></mg:ln>
</mg:row>
<mg:row>
<mg:ln file="2" number="33" class="IU"><mg:sg class="IU"><mg:lf/></mg:sg></mg:ln>
<mg:ln file="3" number="33" class="U"><mg:sg class="U"><mg:lf/></mg:sg></mg:ln>
</mg:row>
<mg:row>
<mg:ln file="2" number="34" class="IU"><mg:sg class="IU">/**<mg:s/>@name<mg:s/></mg:sg><mg:sg class="IU">Question<mg:s/>R</mg:sg><mg:sg class="IU">esponses<mg:s/>*</mg:sg><mg:sg class="IU">/<mg:lf/></mg:sg></mg:ln>
<mg:ln file="3" number="34" class="U"><mg:sg class="U">/**<mg:s/>@name<mg:s/></mg:sg><mg:sg class="U">Question<mg:s/>R</mg:sg><mg:sg class="U">esponses<mg:s/>*</mg:sg><mg:sg class="U">/<mg:lf/></mg:sg></mg:ln>
</mg:row>
<mg:row>
<mg:ln file="2" number="35" class="IU"><mg:sg class="IU"><mg:lf/></mg:sg></mg:ln>
<mg:ln file="3" number="35" class="U"><mg:sg class="U"><mg:lf/></mg:sg></mg:ln>
</mg:row>
<mg:row>
<mg:ln file="2" number="36" class="IU"><mg:sg class="IU">/**<mg:s/>Array<mg:s/></mg:sg><mg:sg class="IU">of<mg:s/>SMAnswe</mg:sg><mg:sg class="IU">rResponse<mg:s/></mg:sg><mg:sg class="IU">objects<mg:s/>re</mg:sg><mg:sg class="IU">presenting</mg:sg><mg:sg class="IU"><mg:s/>the<mg:lf/></mg:sg></mg:ln>
<mg:ln file="3" number="36" class="U"><mg:sg class="U">/**<mg:s/>Array<mg:s/></mg:sg><mg:sg class="U">of<mg:s/>SMAnswe</mg:sg><mg:sg class="U">rResponse<mg:s/></mg:sg><mg:sg class="U">objects<mg:s/>re</mg:sg><mg:sg class="U">presenting</mg:sg><mg:sg class="U"><mg:s/>the<mg:lf/></mg:sg></mg:ln>
</mg:row>
<mg:row>
<mg:ln file="2" number="37" class="IU"><mg:sg class="IU"><mg:s/>responden</mg:sg><mg:sg class="IU">t's<mg:s/>answer</mg:sg><mg:sg class="IU"><mg:s/>to<mg:s/>this<mg:s/>q</mg:sg><mg:sg class="IU">uestion*/<mg:lf/></mg:sg></mg:ln>
<mg:ln file="3" number="37" class="U"><mg:sg class="U"><mg:s/>responden</mg:sg><mg:sg class="U">t's<mg:s/>answer</mg:sg><mg:sg class="U"><mg:s/>to<mg:s/>this<mg:s/>q</mg:sg><mg:sg class="U">uestion*/<mg:lf/></mg:sg></mg:ln>
</mg:row>
<mg:row>
<mg:ln file="2" number="38" class="IU"><mg:sg class="IU">@property<mg:s/></mg:sg><mg:sg class="IU">(nonatomic</mg:sg><mg:sg class="IU">,<mg:s/>strong)<mg:s/></mg:sg><mg:sg class="IU">NSArray<mg:s/>*a</mg:sg><mg:sg class="IU">nswers;<mg:lf/></mg:sg></mg:ln>
<mg:ln file="3" number="38" class="U"><mg:sg class="U">@property<mg:s/></mg:sg><mg:sg class="U">(nonatomic</mg:sg><mg:sg class="U">,<mg:s/>strong)<mg:s/></mg:sg><mg:sg class="U">NSArray<mg:s/>*a</mg:sg><mg:sg class="U">nswers;<mg:lf/></mg:sg></mg:ln>
</mg:row>
<mg:row>
<mg:ln file="2" number="39" class="IU"><mg:sg class="IU"><mg:lf/></mg:sg></mg:ln>
<mg:ln file="3" number="39" class="U"><mg:sg class="U"><mg:lf/></mg:sg></mg:ln>
</mg:row>
<mg:row>
<mg:ln file="2" number="40" class="IU"><mg:sg class="IU">@end<mg:lf/></mg:sg></mg:ln>
<mg:ln file="3" number="40" class="U"><mg:sg class="U">@end<mg:lf/></mg:sg></mg:ln>
</mg:row>
</mg:rowGroup>
</mg:rowData>
</mg:report>
