﻿<?xml version="1.0" encoding="UTF-8" ?>

<mg:report version="1.0" xmlns:mg="http://www.araxis.com/2002/Merge/Reporting" type="FileComparison">
<mg:metaData>
  <mg:title>Araxis Merge File Comparison Report</mg:title>
  <mg:id show="true">1121</mg:id>
  <mg:date>2019/4/19 20:25:41</mg:date>
<mg:options>
<mg:option name="clIgnoreDifferencesInWhitespaceAtTheStartOfLines">0</mg:option>
<mg:option name="clIgnoreDifferencesInWhitespaceAtTheEndOfLines">0</mg:option>
<mg:option name="clTreatConsecutiveWhitespaceAsASingleSpace">1</mg:option>
<mg:option name="clIgnoreAllDifferencesInWhitespace">0</mg:option>
<mg:option name="clWhitespaceSignificant">0</mg:option>
<mg:option name="clIgnoreCase">0</mg:option>
<mg:option name="clIgnoreLineEndings">1</mg:option>
<mg:option name="clHideCRLF">1</mg:option>
<mg:option name="clShowLineNums">1</mg:option>
<mg:option name="clShowOmittedLinesRow">0</mg:option>

<mg:regexps>
<mg:regexp enabled="false">
<mg:expression>^[ \t]*$</mg:expression>
<mg:description>Blank lines</mg:description>
</mg:regexp>
<mg:regexp enabled="false">
<mg:expression>[ \t]*//[^&quot;]*$</mg:expression>
<mg:description>C++ comments</mg:description>
</mg:regexp>
<mg:regexp enabled="false">
<mg:expression>^[ \t]*//.*\$(Date|Archive|Author|Header|JustDate|Modtime|Revision|Workfile):.*\$.*$</mg:expression>
<mg:description>SourceSafe comments</mg:description>
</mg:regexp>
<mg:regexp enabled="false">
<mg:expression>^[ \t]*//(:(Header|Source):|.*Generated.*Genitor).*\$</mg:expression>
<mg:description>Genitor comments</mg:description>
</mg:regexp>
<mg:regexp enabled="false">
<mg:expression>\$(Archive|Author|Date|Header|JustDate|Logfile|Modtime|Revision|Workfile):[^$]*\$</mg:expression>
<mg:description>SourceSafe keywords</mg:description>
</mg:regexp>
<mg:regexp enabled="false">
<mg:expression>^[ \t]*'.*$</mg:expression>
<mg:description>Visual Basic comments</mg:description>
</mg:regexp>
<mg:regexp enabled="false">
<mg:expression>\$(Author|Date|Header|Id|Locker|Name|RCSfile|Revision|Source|State):[^$]*\$</mg:expression>
<mg:description>CVS comments</mg:description>
</mg:regexp>
<mg:regexp enabled="false">
<mg:expression>\$(ACident|ACheader|AClog|ACpart|ACversion|Author|Date|Header|Line|Locker|Log|Revision|Smsfile|Smspath|Today|Vcfile|Vcpath|Workfile):?[^$]*\$</mg:expression>
<mg:description>AllChange keywords</mg:description>
</mg:regexp>
<mg:regexp enabled="false">
<mg:expression></mg:expression>
<mg:description></mg:description>
</mg:regexp>
<mg:regexp enabled="false">
<mg:expression></mg:expression>
<mg:description></mg:description>
</mg:regexp>
</mg:regexps>
</mg:options>
<mg:fileDetails file="1">
  <mg:name>NtShareInfo.h</mg:name>
  <mg:title></mg:title>
  <mg:location>E:\MA75\Branch_20190409\Prototypes\Sky\Sky\iphoneos\Netease\NetEase2\NtUniSdkNetEase2.framework\Headers</mg:location>
  <mg:lastModified>Fri Apr 19 11:03:00 2019 UTC</mg:lastModified>
</mg:fileDetails>
<mg:fileDetails file="2">
  <mg:name></mg:name>
  <mg:title></mg:title>
  <mg:location></mg:location>
  <mg:lastModified>Fri Apr 19 12:25:41 2019 UTC</mg:lastModified>
</mg:fileDetails>
<mg:fileDetails file="3">
  <mg:name></mg:name>
  <mg:title></mg:title>
  <mg:location></mg:location>
  <mg:lastModified>Fri Apr 19 12:25:41 2019 UTC</mg:lastModified>
</mg:fileDetails>
<mg:changeSummaries>
  <mg:changeSummary files="1,2">
	  <mg:changeCount type="unchanged" blocks1="0" blocks2="0" blocks="0" lines1="0" lines2="0" lines="0" />
	  <mg:changeCount type="removed" blocks1="1" blocks2="0" blocks="1" lines1="248" lines2="0" lines="248" />
	  <mg:changeCount type="inserted" blocks1="0" blocks2="0" blocks="0" lines1="0" lines2="0" lines="0" />
	  <mg:changeCount type="changed" blocks1="0" blocks2="0" blocks="0" lines1="0" lines2="0" lines="0" />
  </mg:changeSummary>
<mg:changeSummary files="2,3">
	  <mg:changeCount type="unchanged" blocks1="0" blocks2="0" blocks="0" lines1="0" lines2="0" lines="0" />
	  <mg:changeCount type="removed" blocks1="0" blocks2="0" blocks="0" lines1="0" lines2="0" lines="0" />
	  <mg:changeCount type="inserted" blocks1="0" blocks2="0" blocks="0" lines1="0" lines2="0" lines="0" />
	  <mg:changeCount type="changed" blocks1="0" blocks2="0" blocks="0" lines1="0" lines2="0" lines="0" />
  </mg:changeSummary>
<mg:changeSummary files="1,2,3"><mg:changeCount type="removed" blocks="0" lines="0"/><mg:changeCount type="inserted" blocks="1" lines="248"/><mg:changeCount type="changed" blocks="0" lines="0"/><mg:changeCount type="conflicts" count="0"/></mg:changeSummary></mg:changeSummaries>
		<mg:classes file="1">
<mg:class name="U">
<mg:cssAttribute name="color">#000000</mg:cssAttribute>
<mg:cssAttribute name="background-color">#FFFFFF</mg:cssAttribute>
<mg:cssAttribute name="font-family">Consolas</mg:cssAttribute>
<mg:cssAttribute name="font-weight">normal</mg:cssAttribute>
<mg:cssAttribute name="font-style">normal</mg:cssAttribute>
<mg:cssAttribute name="font-size">9pt</mg:cssAttribute>
<mg:cssAttribute name="text-decoration">none</mg:cssAttribute>
</mg:class>
<mg:class name="R">
<mg:cssAttribute name="color">#800000</mg:cssAttribute>
<mg:cssAttribute name="background-color">#F3E6D8</mg:cssAttribute>
<mg:cssAttribute name="font-family">Consolas</mg:cssAttribute>
<mg:cssAttribute name="font-weight">normal</mg:cssAttribute>
<mg:cssAttribute name="font-style">normal</mg:cssAttribute>
<mg:cssAttribute name="font-size">9pt</mg:cssAttribute>
<mg:cssAttribute name="text-decoration">none</mg:cssAttribute>
</mg:class>
<mg:class name="I">
<mg:cssAttribute name="color">#800000</mg:cssAttribute>
<mg:cssAttribute name="background-color">#D1E8CF</mg:cssAttribute>
<mg:cssAttribute name="font-family">Consolas</mg:cssAttribute>
<mg:cssAttribute name="font-weight">normal</mg:cssAttribute>
<mg:cssAttribute name="font-style">normal</mg:cssAttribute>
<mg:cssAttribute name="font-size">9pt</mg:cssAttribute>
<mg:cssAttribute name="text-decoration">none</mg:cssAttribute>
</mg:class>
<mg:class name="C">
<mg:cssAttribute name="color">#800000</mg:cssAttribute>
<mg:cssAttribute name="background-color">#DACDE6</mg:cssAttribute>
<mg:cssAttribute name="font-family">Consolas</mg:cssAttribute>
<mg:cssAttribute name="font-weight">normal</mg:cssAttribute>
<mg:cssAttribute name="font-style">normal</mg:cssAttribute>
<mg:cssAttribute name="font-size">9pt</mg:cssAttribute>
<mg:cssAttribute name="text-decoration">none</mg:cssAttribute>
</mg:class>
		</mg:classes>
		<mg:classes file="2">
<mg:class name="UU">
<mg:cssAttribute name="color">#000000</mg:cssAttribute>
<mg:cssAttribute name="background-color">#FFFFFF</mg:cssAttribute>
<mg:cssAttribute name="font-family">Consolas</mg:cssAttribute>
<mg:cssAttribute name="font-weight">normal</mg:cssAttribute>
<mg:cssAttribute name="font-style">normal</mg:cssAttribute>
<mg:cssAttribute name="font-size">9pt</mg:cssAttribute>
<mg:cssAttribute name="text-decoration">none</mg:cssAttribute>
</mg:class>
<mg:class name="UR">
<mg:cssAttribute name="color">#400000</mg:cssAttribute>
<mg:cssAttribute name="background-color">#F9F2EB</mg:cssAttribute>
<mg:cssAttribute name="font-family">Consolas</mg:cssAttribute>
<mg:cssAttribute name="font-weight">normal</mg:cssAttribute>
<mg:cssAttribute name="font-style">normal</mg:cssAttribute>
<mg:cssAttribute name="font-size">9pt</mg:cssAttribute>
<mg:cssAttribute name="text-decoration">none</mg:cssAttribute>
</mg:class>
<mg:class name="UI">
<mg:cssAttribute name="color">#400000</mg:cssAttribute>
<mg:cssAttribute name="background-color">#E8F3E7</mg:cssAttribute>
<mg:cssAttribute name="font-family">Consolas</mg:cssAttribute>
<mg:cssAttribute name="font-weight">normal</mg:cssAttribute>
<mg:cssAttribute name="font-style">normal</mg:cssAttribute>
<mg:cssAttribute name="font-size">9pt</mg:cssAttribute>
<mg:cssAttribute name="text-decoration">none</mg:cssAttribute>
</mg:class>
<mg:class name="UC">
<mg:cssAttribute name="color">#400000</mg:cssAttribute>
<mg:cssAttribute name="background-color">#ECE6F2</mg:cssAttribute>
<mg:cssAttribute name="font-family">Consolas</mg:cssAttribute>
<mg:cssAttribute name="font-weight">normal</mg:cssAttribute>
<mg:cssAttribute name="font-style">normal</mg:cssAttribute>
<mg:cssAttribute name="font-size">9pt</mg:cssAttribute>
<mg:cssAttribute name="text-decoration">none</mg:cssAttribute>
</mg:class>
<mg:class name="RU">
<mg:cssAttribute name="color">#400000</mg:cssAttribute>
<mg:cssAttribute name="background-color">#F9F2EB</mg:cssAttribute>
<mg:cssAttribute name="font-family">Consolas</mg:cssAttribute>
<mg:cssAttribute name="font-weight">normal</mg:cssAttribute>
<mg:cssAttribute name="font-style">normal</mg:cssAttribute>
<mg:cssAttribute name="font-size">9pt</mg:cssAttribute>
<mg:cssAttribute name="text-decoration">none</mg:cssAttribute>
</mg:class>
<mg:class name="RR">
<mg:cssAttribute name="color">#800000</mg:cssAttribute>
<mg:cssAttribute name="background-color">#F3E6D8</mg:cssAttribute>
<mg:cssAttribute name="font-family">Consolas</mg:cssAttribute>
<mg:cssAttribute name="font-weight">normal</mg:cssAttribute>
<mg:cssAttribute name="font-style">normal</mg:cssAttribute>
<mg:cssAttribute name="font-size">9pt</mg:cssAttribute>
<mg:cssAttribute name="text-decoration">none</mg:cssAttribute>
</mg:class>
<mg:class name="RI">
<mg:cssAttribute name="color">#800000</mg:cssAttribute>
<mg:cssAttribute name="background-color">#E2E7D3</mg:cssAttribute>
<mg:cssAttribute name="font-family">Consolas</mg:cssAttribute>
<mg:cssAttribute name="font-weight">normal</mg:cssAttribute>
<mg:cssAttribute name="font-style">normal</mg:cssAttribute>
<mg:cssAttribute name="font-size">9pt</mg:cssAttribute>
<mg:cssAttribute name="text-decoration">none</mg:cssAttribute>
</mg:class>
<mg:class name="RC">
<mg:cssAttribute name="color">#800000</mg:cssAttribute>
<mg:cssAttribute name="background-color">#E6D9DF</mg:cssAttribute>
<mg:cssAttribute name="font-family">Consolas</mg:cssAttribute>
<mg:cssAttribute name="font-weight">normal</mg:cssAttribute>
<mg:cssAttribute name="font-style">normal</mg:cssAttribute>
<mg:cssAttribute name="font-size">9pt</mg:cssAttribute>
<mg:cssAttribute name="text-decoration">none</mg:cssAttribute>
</mg:class>
<mg:class name="IU">
<mg:cssAttribute name="color">#400000</mg:cssAttribute>
<mg:cssAttribute name="background-color">#E8F3E7</mg:cssAttribute>
<mg:cssAttribute name="font-family">Consolas</mg:cssAttribute>
<mg:cssAttribute name="font-weight">normal</mg:cssAttribute>
<mg:cssAttribute name="font-style">normal</mg:cssAttribute>
<mg:cssAttribute name="font-size">9pt</mg:cssAttribute>
<mg:cssAttribute name="text-decoration">none</mg:cssAttribute>
</mg:class>
<mg:class name="IR">
<mg:cssAttribute name="color">#800000</mg:cssAttribute>
<mg:cssAttribute name="background-color">#E2E7D3</mg:cssAttribute>
<mg:cssAttribute name="font-family">Consolas</mg:cssAttribute>
<mg:cssAttribute name="font-weight">normal</mg:cssAttribute>
<mg:cssAttribute name="font-style">normal</mg:cssAttribute>
<mg:cssAttribute name="font-size">9pt</mg:cssAttribute>
<mg:cssAttribute name="text-decoration">none</mg:cssAttribute>
</mg:class>
<mg:class name="II">
<mg:cssAttribute name="color">#800000</mg:cssAttribute>
<mg:cssAttribute name="background-color">#D1E8CF</mg:cssAttribute>
<mg:cssAttribute name="font-family">Consolas</mg:cssAttribute>
<mg:cssAttribute name="font-weight">normal</mg:cssAttribute>
<mg:cssAttribute name="font-style">normal</mg:cssAttribute>
<mg:cssAttribute name="font-size">9pt</mg:cssAttribute>
<mg:cssAttribute name="text-decoration">none</mg:cssAttribute>
</mg:class>
<mg:class name="IC">
<mg:cssAttribute name="color">#800000</mg:cssAttribute>
<mg:cssAttribute name="background-color">#D5DADA</mg:cssAttribute>
<mg:cssAttribute name="font-family">Consolas</mg:cssAttribute>
<mg:cssAttribute name="font-weight">normal</mg:cssAttribute>
<mg:cssAttribute name="font-style">normal</mg:cssAttribute>
<mg:cssAttribute name="font-size">9pt</mg:cssAttribute>
<mg:cssAttribute name="text-decoration">none</mg:cssAttribute>
</mg:class>
<mg:class name="CU">
<mg:cssAttribute name="color">#400000</mg:cssAttribute>
<mg:cssAttribute name="background-color">#ECE6F2</mg:cssAttribute>
<mg:cssAttribute name="font-family">Consolas</mg:cssAttribute>
<mg:cssAttribute name="font-weight">normal</mg:cssAttribute>
<mg:cssAttribute name="font-style">normal</mg:cssAttribute>
<mg:cssAttribute name="font-size">9pt</mg:cssAttribute>
<mg:cssAttribute name="text-decoration">none</mg:cssAttribute>
</mg:class>
<mg:class name="CR">
<mg:cssAttribute name="color">#800000</mg:cssAttribute>
<mg:cssAttribute name="background-color">#E6D9DF</mg:cssAttribute>
<mg:cssAttribute name="font-family">Consolas</mg:cssAttribute>
<mg:cssAttribute name="font-weight">normal</mg:cssAttribute>
<mg:cssAttribute name="font-style">normal</mg:cssAttribute>
<mg:cssAttribute name="font-size">9pt</mg:cssAttribute>
<mg:cssAttribute name="text-decoration">none</mg:cssAttribute>
</mg:class>
<mg:class name="CI">
<mg:cssAttribute name="color">#800000</mg:cssAttribute>
<mg:cssAttribute name="background-color">#D5DADA</mg:cssAttribute>
<mg:cssAttribute name="font-family">Consolas</mg:cssAttribute>
<mg:cssAttribute name="font-weight">normal</mg:cssAttribute>
<mg:cssAttribute name="font-style">normal</mg:cssAttribute>
<mg:cssAttribute name="font-size">9pt</mg:cssAttribute>
<mg:cssAttribute name="text-decoration">none</mg:cssAttribute>
</mg:class>
<mg:class name="CC">
<mg:cssAttribute name="color">#800000</mg:cssAttribute>
<mg:cssAttribute name="background-color">#DACDE6</mg:cssAttribute>
<mg:cssAttribute name="font-family">Consolas</mg:cssAttribute>
<mg:cssAttribute name="font-weight">normal</mg:cssAttribute>
<mg:cssAttribute name="font-style">normal</mg:cssAttribute>
<mg:cssAttribute name="font-size">9pt</mg:cssAttribute>
<mg:cssAttribute name="text-decoration">none</mg:cssAttribute>
</mg:class>
		</mg:classes>
		<mg:classes file="3">
<mg:class name="U">
<mg:cssAttribute name="color">#000000</mg:cssAttribute>
<mg:cssAttribute name="background-color">#FFFFFF</mg:cssAttribute>
<mg:cssAttribute name="font-family">Consolas</mg:cssAttribute>
<mg:cssAttribute name="font-weight">normal</mg:cssAttribute>
<mg:cssAttribute name="font-style">normal</mg:cssAttribute>
<mg:cssAttribute name="font-size">9pt</mg:cssAttribute>
<mg:cssAttribute name="text-decoration">none</mg:cssAttribute>
</mg:class>
<mg:class name="R">
<mg:cssAttribute name="color">#800000</mg:cssAttribute>
<mg:cssAttribute name="background-color">#F3E6D8</mg:cssAttribute>
<mg:cssAttribute name="font-family">Consolas</mg:cssAttribute>
<mg:cssAttribute name="font-weight">normal</mg:cssAttribute>
<mg:cssAttribute name="font-style">normal</mg:cssAttribute>
<mg:cssAttribute name="font-size">9pt</mg:cssAttribute>
<mg:cssAttribute name="text-decoration">none</mg:cssAttribute>
</mg:class>
<mg:class name="I">
<mg:cssAttribute name="color">#800000</mg:cssAttribute>
<mg:cssAttribute name="background-color">#D1E8CF</mg:cssAttribute>
<mg:cssAttribute name="font-family">Consolas</mg:cssAttribute>
<mg:cssAttribute name="font-weight">normal</mg:cssAttribute>
<mg:cssAttribute name="font-style">normal</mg:cssAttribute>
<mg:cssAttribute name="font-size">9pt</mg:cssAttribute>
<mg:cssAttribute name="text-decoration">none</mg:cssAttribute>
</mg:class>
<mg:class name="C">
<mg:cssAttribute name="color">#800000</mg:cssAttribute>
<mg:cssAttribute name="background-color">#DACDE6</mg:cssAttribute>
<mg:cssAttribute name="font-family">Consolas</mg:cssAttribute>
<mg:cssAttribute name="font-weight">normal</mg:cssAttribute>
<mg:cssAttribute name="font-style">normal</mg:cssAttribute>
<mg:cssAttribute name="font-size">9pt</mg:cssAttribute>
<mg:cssAttribute name="text-decoration">none</mg:cssAttribute>
</mg:class>
		</mg:classes>
</mg:metaData>
<mg:rowData>
<mg:rowGroup>
<mg:row>
<mg:ln file="1" number="1" class="R"><mg:sg class="R">//<mg:lf/></mg:sg></mg:ln>
</mg:row>
<mg:row>
<mg:ln file="1" number="2" class="R"><mg:sg class="R">//<mg:s/><mg:s/>NtShar</mg:sg><mg:sg class="R">eInfo.h<mg:lf/></mg:sg></mg:ln>
</mg:row>
<mg:row>
<mg:ln file="1" number="3" class="R"><mg:sg class="R">//<mg:s/><mg:s/>NtUniS</mg:sg><mg:sg class="R">dkLine<mg:lf/></mg:sg></mg:ln>
</mg:row>
<mg:row>
<mg:ln file="1" number="4" class="R"><mg:sg class="R">//<mg:lf/></mg:sg></mg:ln>
</mg:row>
<mg:row>
<mg:ln file="1" number="5" class="R"><mg:sg class="R">//<mg:s/><mg:s/>Create</mg:sg><mg:sg class="R">d<mg:s/>by<mg:s/>Huang</mg:sg><mg:sg class="R"><mg:s/>Quanyong<mg:s/></mg:sg><mg:sg class="R">on<mg:s/>14-9-24</mg:sg><mg:sg class="R">.<mg:lf/></mg:sg></mg:ln>
</mg:row>
<mg:row>
<mg:ln file="1" number="6" class="R"><mg:sg class="R">//<mg:s/><mg:s/>Copyri</mg:sg><mg:sg class="R">ght<mg:s/>(c)<mg:s/>20</mg:sg><mg:sg class="R">14年<mg:s/>Stupid</mg:sg><mg:sg class="R"><mg:s/>Dumb<mg:s/>Kids</mg:sg><mg:sg class="R">.<mg:s/>All<mg:s/>righ</mg:sg><mg:sg class="R">ts<mg:s/>reserve</mg:sg><mg:sg class="R">d.<mg:lf/></mg:sg></mg:ln>
</mg:row>
<mg:row>
<mg:ln file="1" number="7" class="R"><mg:sg class="R">//<mg:lf/></mg:sg></mg:ln>
</mg:row>
<mg:row>
<mg:ln file="1" number="8" class="R"><mg:sg class="R"><mg:lf/></mg:sg></mg:ln>
</mg:row>
<mg:row>
<mg:ln file="1" number="9" class="R"><mg:sg class="R">#import<mg:s/>&lt;F</mg:sg><mg:sg class="R">oundation/</mg:sg><mg:sg class="R">Foundation</mg:sg><mg:sg class="R">.h&gt;<mg:lf/></mg:sg></mg:ln>
</mg:row>
<mg:row>
<mg:ln file="1" number="10" class="R"><mg:sg class="R">#import<mg:s/>&lt;U</mg:sg><mg:sg class="R">IKit/UIKit</mg:sg><mg:sg class="R">.h&gt;<mg:lf/></mg:sg></mg:ln>
</mg:row>
<mg:row>
<mg:ln file="1" number="11" class="R"><mg:sg class="R"><mg:lf/></mg:sg></mg:ln>
</mg:row>
<mg:row>
<mg:ln file="1" number="12" class="R"><mg:sg class="R">#define<mg:s/>__</mg:sg><mg:sg class="R">NTSHARE_1_</mg:sg><mg:sg class="R">0<mg:s/>1.0<mg:lf/></mg:sg></mg:ln>
</mg:row>
<mg:row>
<mg:ln file="1" number="13" class="R"><mg:sg class="R">#define<mg:s/>__</mg:sg><mg:sg class="R">NTSHARE_2_</mg:sg><mg:sg class="R">0<mg:s/>2.0<mg:lf/></mg:sg></mg:ln>
</mg:row>
<mg:row>
<mg:ln file="1" number="14" class="R"><mg:sg class="R">#define<mg:s/>NT</mg:sg><mg:sg class="R">_SHARE_DEP</mg:sg><mg:sg class="R">RECATED(_v</mg:sg><mg:sg class="R">ersion,__V</mg:sg><mg:sg class="R">A_ARGS__)<mg:s/></mg:sg><mg:sg class="R">__attribut</mg:sg><mg:sg class="R">e__((depre</mg:sg><mg:sg class="R">cated(__VA</mg:sg><mg:sg class="R">_ARGS__)))</mg:sg><mg:sg class="R"><mg:lf/></mg:sg></mg:ln>
</mg:row>
<mg:row>
<mg:ln file="1" number="15" class="R"><mg:sg class="R"><mg:lf/></mg:sg></mg:ln>
</mg:row>
<mg:row>
<mg:ln file="1" number="16" class="R"><mg:sg class="R">/**<mg:lf/></mg:sg></mg:ln>
</mg:row>
<mg:row>
<mg:ln file="1" number="17" class="R"><mg:sg class="R"><mg:s/>*<mg:s/>@defgro</mg:sg><mg:sg class="R">up<mg:s/>分享的范围<mg:lf/></mg:sg></mg:ln>
</mg:row>
<mg:row>
<mg:ln file="1" number="18" class="R"><mg:sg class="R"><mg:s/>*<mg:s/>@brief<mg:s/></mg:sg><mg:sg class="R">分享的范围<mg:lf/></mg:sg></mg:ln>
</mg:row>
<mg:row>
<mg:ln file="1" number="19" class="R"><mg:sg class="R"><mg:s/>*<mg:s/>@{<mg:lf/></mg:sg></mg:ln>
</mg:row>
<mg:row>
<mg:ln file="1" number="20" class="R"><mg:sg class="R"><mg:s/>*/<mg:lf/></mg:sg></mg:ln>
</mg:row>
<mg:row>
<mg:ln file="1" number="21" class="R"><mg:sg class="R">extern<mg:s/>NSS</mg:sg><mg:sg class="R">tring<mg:s/>*<mg:s/>co</mg:sg><mg:sg class="R">nst<mg:s/>SCOPE_</mg:sg><mg:sg class="R">TOUSER;<mg:s/>//</mg:sg><mg:sg class="R">/&lt;<mg:s/>指定玩家<mg:lf/></mg:sg></mg:ln>
</mg:row>
<mg:row>
<mg:ln file="1" number="22" class="R"><mg:sg class="R">extern<mg:s/>NSS</mg:sg><mg:sg class="R">tring<mg:s/>*<mg:s/>co</mg:sg><mg:sg class="R">nst<mg:s/>SCOPE_</mg:sg><mg:sg class="R">CIRCLE;<mg:s/>//</mg:sg><mg:sg class="R">/&lt;<mg:s/>朋友圈<mg:lf/></mg:sg></mg:ln>
</mg:row>
<mg:row>
<mg:ln file="1" number="23" class="R"><mg:sg class="R">extern<mg:s/>NSS</mg:sg><mg:sg class="R">tring<mg:s/>*<mg:s/>co</mg:sg><mg:sg class="R">nst<mg:s/>SCOPE_</mg:sg><mg:sg class="R">MULTIUSER;</mg:sg><mg:sg class="R"><mg:s/>///&lt;<mg:s/>多个好友</mg:sg><mg:sg class="R"><mg:lf/></mg:sg></mg:ln>
</mg:row>
<mg:row>
<mg:ln file="1" number="24" class="R"><mg:sg class="R">/**<mg:s/>@}<mg:s/>*/<mg:lf/></mg:sg></mg:ln>
</mg:row>
<mg:row>
<mg:ln file="1" number="25" class="R"><mg:sg class="R"><mg:lf/></mg:sg></mg:ln>
</mg:row>
<mg:row>
<mg:ln file="1" number="26" class="R"><mg:sg class="R">/**<mg:lf/></mg:sg></mg:ln>
</mg:row>
<mg:row>
<mg:ln file="1" number="27" class="R"><mg:sg class="R"><mg:s/>*<mg:s/>@defgro</mg:sg><mg:sg class="R">up<mg:s/>分享消息的类型</mg:sg><mg:sg class="R"><mg:lf/></mg:sg></mg:ln>
</mg:row>
<mg:row>
<mg:ln file="1" number="28" class="R"><mg:sg class="R"><mg:s/>*<mg:s/>@brief<mg:s/></mg:sg><mg:sg class="R">分享的消息类型<mg:lf/></mg:sg></mg:ln>
</mg:row>
<mg:row>
<mg:ln file="1" number="29" class="R"><mg:sg class="R"><mg:s/>*<mg:s/>@{<mg:lf/></mg:sg></mg:ln>
</mg:row>
<mg:row>
<mg:ln file="1" number="30" class="R"><mg:sg class="R"><mg:s/>*/<mg:lf/></mg:sg></mg:ln>
</mg:row>
<mg:row>
<mg:ln file="1" number="31" class="R"><mg:sg class="R">extern<mg:s/>NSS</mg:sg><mg:sg class="R">tring<mg:s/>*<mg:s/>co</mg:sg><mg:sg class="R">nst<mg:s/>TYPE_M</mg:sg><mg:sg class="R">INI_PROGRA</mg:sg><mg:sg class="R">M;<mg:s/>///&lt;<mg:s/>小程</mg:sg><mg:sg class="R">序分享<mg:lf/></mg:sg></mg:ln>
</mg:row>
<mg:row>
<mg:ln file="1" number="32" class="R"><mg:sg class="R">extern<mg:s/>NSS</mg:sg><mg:sg class="R">tring<mg:s/>*<mg:s/>co</mg:sg><mg:sg class="R">nst<mg:s/>TYPE_T</mg:sg><mg:sg class="R">O_MINI_PRO</mg:sg><mg:sg class="R">GRAM;//<mg:s/>跳转</mg:sg><mg:sg class="R">小程序<mg:lf/></mg:sg></mg:ln>
</mg:row>
<mg:row>
<mg:ln file="1" number="33" class="R"><mg:sg class="R">extern<mg:s/>NSS</mg:sg><mg:sg class="R">tring<mg:s/>*<mg:s/>co</mg:sg><mg:sg class="R">nst<mg:s/>TYPE_I</mg:sg><mg:sg class="R">NVITE;<mg:s/>///</mg:sg><mg:sg class="R">&lt;<mg:s/>邀请消息<mg:lf/></mg:sg></mg:ln>
</mg:row>
<mg:row>
<mg:ln file="1" number="34" class="R"><mg:sg class="R">extern<mg:s/>NSS</mg:sg><mg:sg class="R">tring<mg:s/>*<mg:s/>co</mg:sg><mg:sg class="R">nst<mg:s/>TYPE_I</mg:sg><mg:sg class="R">MAGE;<mg:s/>///&lt;</mg:sg><mg:sg class="R"><mg:s/>图文消息<mg:lf/></mg:sg></mg:ln>
</mg:row>
<mg:row>
<mg:ln file="1" number="35" class="R"><mg:sg class="R">extern<mg:s/>NSS</mg:sg><mg:sg class="R">tring<mg:s/>*<mg:s/>co</mg:sg><mg:sg class="R">nst<mg:s/>TYPE_T</mg:sg><mg:sg class="R">EXT_ONLY;<mg:s/></mg:sg><mg:sg class="R">///&lt;<mg:s/>文本消息<mg:lf/></mg:sg></mg:ln>
</mg:row>
<mg:row>
<mg:ln file="1" number="36" class="R"><mg:sg class="R">extern<mg:s/>NSS</mg:sg><mg:sg class="R">tring<mg:s/>*<mg:s/>co</mg:sg><mg:sg class="R">nst<mg:s/>TYPE_L</mg:sg><mg:sg class="R">INK;<mg:s/>///&lt;<mg:s/></mg:sg><mg:sg class="R">带链接的消息<mg:lf/></mg:sg></mg:ln>
</mg:row>
<mg:row>
<mg:ln file="1" number="37" class="R"><mg:sg class="R">extern<mg:s/>NSS</mg:sg><mg:sg class="R">tring<mg:s/>*<mg:s/>co</mg:sg><mg:sg class="R">nst<mg:s/>TYPE_V</mg:sg><mg:sg class="R">IDEO;<mg:s/>///&lt;</mg:sg><mg:sg class="R"><mg:s/>带video的消息</mg:sg><mg:sg class="R"><mg:lf/></mg:sg></mg:ln>
</mg:row>
<mg:row>
<mg:ln file="1" number="38" class="R"><mg:sg class="R">extern<mg:s/>NSS</mg:sg><mg:sg class="R">tring<mg:s/>*<mg:s/>co</mg:sg><mg:sg class="R">nst<mg:s/>TYPE_A</mg:sg><mg:sg class="R">UDIO;<mg:s/>///&lt;</mg:sg><mg:sg class="R"><mg:s/>带audio的消息</mg:sg><mg:sg class="R"><mg:lf/></mg:sg></mg:ln>
</mg:row>
<mg:row>
<mg:ln file="1" number="39" class="R"><mg:sg class="R">extern<mg:s/>NSS</mg:sg><mg:sg class="R">tring<mg:s/>*<mg:s/>co</mg:sg><mg:sg class="R">nst<mg:s/>TYPE_G</mg:sg><mg:sg class="R">IF;<mg:s/>///&lt;<mg:s/>带</mg:sg><mg:sg class="R">gif的消息<mg:lf/></mg:sg></mg:ln>
</mg:row>
<mg:row>
<mg:ln file="1" number="40" class="R"><mg:sg class="R">extern<mg:s/>NSS</mg:sg><mg:sg class="R">tring<mg:s/>*<mg:s/>co</mg:sg><mg:sg class="R">nst<mg:s/>TYPE_A</mg:sg><mg:sg class="R">TTENTION;<mg:s/></mg:sg><mg:sg class="R">///&lt;<mg:s/>关注的消息</mg:sg><mg:sg class="R"><mg:lf/></mg:sg></mg:ln>
</mg:row>
<mg:row>
<mg:ln file="1" number="41" class="R"><mg:sg class="R">extern<mg:s/>NSS</mg:sg><mg:sg class="R">tring<mg:s/>*<mg:s/>co</mg:sg><mg:sg class="R">nst<mg:s/>TYPE_G</mg:sg><mg:sg class="R">ET_RTMP;<mg:s/>/</mg:sg><mg:sg class="R">//&lt;<mg:s/>获取RTMP</mg:sg><mg:sg class="R">直播地址<mg:lf/></mg:sg></mg:ln>
</mg:row>
<mg:row>
<mg:ln file="1" number="42" class="R"><mg:sg class="R">extern<mg:s/>NSS</mg:sg><mg:sg class="R">tring<mg:s/>*<mg:s/>co</mg:sg><mg:sg class="R">nst<mg:s/>TYPE_G</mg:sg><mg:sg class="R">ET_TOKEN;<mg:s/></mg:sg><mg:sg class="R">///&lt;<mg:s/>获取tok</mg:sg><mg:sg class="R">en<mg:lf/></mg:sg></mg:ln>
</mg:row>
<mg:row>
<mg:ln file="1" number="43" class="R"><mg:sg class="R">extern<mg:s/>NSS</mg:sg><mg:sg class="R">tring<mg:s/>*<mg:s/>co</mg:sg><mg:sg class="R">nst<mg:s/>TYPE_C</mg:sg><mg:sg class="R">LEAR_TOKEN</mg:sg><mg:sg class="R">;<mg:s/>///&lt;<mg:s/>清除t</mg:sg><mg:sg class="R">oken<mg:lf/></mg:sg></mg:ln>
</mg:row>
<mg:row>
<mg:ln file="1" number="44" class="R"><mg:sg class="R">/**<mg:s/>@}<mg:s/>*/<mg:lf/></mg:sg></mg:ln>
</mg:row>
<mg:row>
<mg:ln file="1" number="45" class="R"><mg:sg class="R"><mg:lf/></mg:sg></mg:ln>
</mg:row>
<mg:row>
<mg:ln file="1" number="46" class="R"><mg:sg class="R">/**<mg:lf/></mg:sg></mg:ln>
</mg:row>
<mg:row>
<mg:ln file="1" number="47" class="R"><mg:sg class="R"><mg:s/>*<mg:s/>@brief<mg:s/></mg:sg><mg:sg class="R">{@link<mg:s/>Sha</mg:sg><mg:sg class="R">reInfo}<mg:s/>se</mg:sg><mg:sg class="R">tShareChan</mg:sg><mg:sg class="R">nel配置的微博分享</mg:sg><mg:sg class="R"><mg:lf/></mg:sg></mg:ln>
</mg:row>
<mg:row>
<mg:ln file="1" number="48" class="R"><mg:sg class="R"><mg:s/>*/<mg:lf/></mg:sg></mg:ln>
</mg:row>
<mg:row>
<mg:ln file="1" number="49" class="R"><mg:sg class="R">extern<mg:s/>NSI</mg:sg><mg:sg class="R">nteger<mg:s/>con</mg:sg><mg:sg class="R">st<mg:s/>NT_SHAR</mg:sg><mg:sg class="R">E_TYPE_WEI</mg:sg><mg:sg class="R">BO;<mg:s/>//=100</mg:sg><mg:sg class="R"><mg:lf/></mg:sg></mg:ln>
</mg:row>
<mg:row>
<mg:ln file="1" number="50" class="R"><mg:sg class="R">/**<mg:lf/></mg:sg></mg:ln>
</mg:row>
<mg:row>
<mg:ln file="1" number="51" class="R"><mg:sg class="R"><mg:s/>*<mg:s/>@brief<mg:s/></mg:sg><mg:sg class="R">{@link<mg:s/>Sha</mg:sg><mg:sg class="R">reInfo}<mg:s/>se</mg:sg><mg:sg class="R">tShareChan</mg:sg><mg:sg class="R">nel配置的微信好友</mg:sg><mg:sg class="R">分享<mg:lf/></mg:sg></mg:ln>
</mg:row>
<mg:row>
<mg:ln file="1" number="52" class="R"><mg:sg class="R"><mg:s/>*/<mg:lf/></mg:sg></mg:ln>
</mg:row>
<mg:row>
<mg:ln file="1" number="53" class="R"><mg:sg class="R">extern<mg:s/>NSI</mg:sg><mg:sg class="R">nteger<mg:s/>con</mg:sg><mg:sg class="R">st<mg:s/>NT_SHAR</mg:sg><mg:sg class="R">E_TYPE_WEI</mg:sg><mg:sg class="R">XIN_FRIEND</mg:sg><mg:sg class="R">;<mg:s/>//=101<mg:lf/></mg:sg></mg:ln>
</mg:row>
<mg:row>
<mg:ln file="1" number="54" class="R"><mg:sg class="R">/**<mg:lf/></mg:sg></mg:ln>
</mg:row>
<mg:row>
<mg:ln file="1" number="55" class="R"><mg:sg class="R"><mg:s/>*<mg:s/>@brief<mg:s/></mg:sg><mg:sg class="R">{@link<mg:s/>Sha</mg:sg><mg:sg class="R">reInfo}<mg:s/>se</mg:sg><mg:sg class="R">tShareChan</mg:sg><mg:sg class="R">nel配置的微信朋友</mg:sg><mg:sg class="R">分享<mg:lf/></mg:sg></mg:ln>
</mg:row>
<mg:row>
<mg:ln file="1" number="56" class="R"><mg:sg class="R"><mg:s/>*/<mg:lf/></mg:sg></mg:ln>
</mg:row>
<mg:row>
<mg:ln file="1" number="57" class="R"><mg:sg class="R">extern<mg:s/>NSI</mg:sg><mg:sg class="R">nteger<mg:s/>con</mg:sg><mg:sg class="R">st<mg:s/>NT_SHAR</mg:sg><mg:sg class="R">E_TYPE_WEI</mg:sg><mg:sg class="R">XIN_TIMELI</mg:sg><mg:sg class="R">NE;<mg:s/>//=102</mg:sg><mg:sg class="R"><mg:lf/></mg:sg></mg:ln>
</mg:row>
<mg:row>
<mg:ln file="1" number="58" class="R"><mg:sg class="R">/**<mg:lf/></mg:sg></mg:ln>
</mg:row>
<mg:row>
<mg:ln file="1" number="59" class="R"><mg:sg class="R"><mg:s/>*<mg:s/>@brief<mg:s/></mg:sg><mg:sg class="R">{@link<mg:s/>Sha</mg:sg><mg:sg class="R">reInfo}<mg:s/>se</mg:sg><mg:sg class="R">tShareChan</mg:sg><mg:sg class="R">nel配置的易信好友</mg:sg><mg:sg class="R">分享<mg:lf/></mg:sg></mg:ln>
</mg:row>
<mg:row>
<mg:ln file="1" number="60" class="R"><mg:sg class="R"><mg:s/>*/<mg:lf/></mg:sg></mg:ln>
</mg:row>
<mg:row>
<mg:ln file="1" number="61" class="R"><mg:sg class="R">extern<mg:s/>NSI</mg:sg><mg:sg class="R">nteger<mg:s/>con</mg:sg><mg:sg class="R">st<mg:s/>NT_SHAR</mg:sg><mg:sg class="R">E_TYPE_YIX</mg:sg><mg:sg class="R">IN_FRIEND;</mg:sg><mg:sg class="R"><mg:s/>//=103<mg:lf/></mg:sg></mg:ln>
</mg:row>
<mg:row>
<mg:ln file="1" number="62" class="R"><mg:sg class="R">/**<mg:lf/></mg:sg></mg:ln>
</mg:row>
<mg:row>
<mg:ln file="1" number="63" class="R"><mg:sg class="R"><mg:s/>*<mg:s/>@brief<mg:s/></mg:sg><mg:sg class="R">{@link<mg:s/>Sha</mg:sg><mg:sg class="R">reInfo}<mg:s/>se</mg:sg><mg:sg class="R">tShareChan</mg:sg><mg:sg class="R">nel配置的易信朋友</mg:sg><mg:sg class="R">圈分享<mg:lf/></mg:sg></mg:ln>
</mg:row>
<mg:row>
<mg:ln file="1" number="64" class="R"><mg:sg class="R"><mg:s/>*/<mg:lf/></mg:sg></mg:ln>
</mg:row>
<mg:row>
<mg:ln file="1" number="65" class="R"><mg:sg class="R">extern<mg:s/>NSI</mg:sg><mg:sg class="R">nteger<mg:s/>con</mg:sg><mg:sg class="R">st<mg:s/>NT_SHAR</mg:sg><mg:sg class="R">E_TYPE_YIX</mg:sg><mg:sg class="R">IN_TIMELIN</mg:sg><mg:sg class="R">E;<mg:s/>//=104<mg:lf/></mg:sg></mg:ln>
</mg:row>
<mg:row>
<mg:ln file="1" number="66" class="R"><mg:sg class="R">/**<mg:lf/></mg:sg></mg:ln>
</mg:row>
<mg:row>
<mg:ln file="1" number="67" class="R"><mg:sg class="R"><mg:s/>*<mg:s/>@brief<mg:s/></mg:sg><mg:sg class="R">{@link<mg:s/>Sha</mg:sg><mg:sg class="R">reInfo}<mg:s/>se</mg:sg><mg:sg class="R">tShareChan</mg:sg><mg:sg class="R">nel配置的QQ分享</mg:sg><mg:sg class="R"><mg:lf/></mg:sg></mg:ln>
</mg:row>
<mg:row>
<mg:ln file="1" number="68" class="R"><mg:sg class="R"><mg:s/>*/<mg:lf/></mg:sg></mg:ln>
</mg:row>
<mg:row>
<mg:ln file="1" number="69" class="R"><mg:sg class="R">extern<mg:s/>NSI</mg:sg><mg:sg class="R">nteger<mg:s/>con</mg:sg><mg:sg class="R">st<mg:s/>NT_SHAR</mg:sg><mg:sg class="R">E_TYPE_QQ;</mg:sg><mg:sg class="R"><mg:s/>//=105<mg:lf/></mg:sg></mg:ln>
</mg:row>
<mg:row>
<mg:ln file="1" number="70" class="R"><mg:sg class="R">/**<mg:lf/></mg:sg></mg:ln>
</mg:row>
<mg:row>
<mg:ln file="1" number="71" class="R"><mg:sg class="R"><mg:s/>*<mg:s/>@brief<mg:s/></mg:sg><mg:sg class="R">{@link<mg:s/>Sha</mg:sg><mg:sg class="R">reInfo}<mg:s/>se</mg:sg><mg:sg class="R">tShareChan</mg:sg><mg:sg class="R">nel配置的QQ空间</mg:sg><mg:sg class="R">分享<mg:lf/></mg:sg></mg:ln>
</mg:row>
<mg:row>
<mg:ln file="1" number="72" class="R"><mg:sg class="R"><mg:s/>*/<mg:lf/></mg:sg></mg:ln>
</mg:row>
<mg:row>
<mg:ln file="1" number="73" class="R"><mg:sg class="R">extern<mg:s/>NSI</mg:sg><mg:sg class="R">nteger<mg:s/>con</mg:sg><mg:sg class="R">st<mg:s/>NT_SHAR</mg:sg><mg:sg class="R">E_TYPE_QZO</mg:sg><mg:sg class="R">NE;<mg:s/>//=106</mg:sg><mg:sg class="R"><mg:lf/></mg:sg></mg:ln>
</mg:row>
<mg:row>
<mg:ln file="1" number="74" class="R"><mg:sg class="R">/**<mg:lf/></mg:sg></mg:ln>
</mg:row>
<mg:row>
<mg:ln file="1" number="75" class="R"><mg:sg class="R"><mg:s/>*<mg:s/>@brief<mg:s/></mg:sg><mg:sg class="R">{@link<mg:s/>Sha</mg:sg><mg:sg class="R">reInfo}<mg:s/>se</mg:sg><mg:sg class="R">tShareChan</mg:sg><mg:sg class="R">nel配置的Goog</mg:sg><mg:sg class="R">le+分享<mg:lf/></mg:sg></mg:ln>
</mg:row>
<mg:row>
<mg:ln file="1" number="76" class="R"><mg:sg class="R"><mg:s/>*/<mg:lf/></mg:sg></mg:ln>
</mg:row>
<mg:row>
<mg:ln file="1" number="77" class="R"><mg:sg class="R">extern<mg:s/>NSI</mg:sg><mg:sg class="R">nteger<mg:s/>con</mg:sg><mg:sg class="R">st<mg:s/>NT_SHAR</mg:sg><mg:sg class="R">E_TYPE_PLU</mg:sg><mg:sg class="R">S;<mg:s/>//=107<mg:lf/></mg:sg></mg:ln>
</mg:row>
<mg:row>
<mg:ln file="1" number="78" class="R"><mg:sg class="R">/**<mg:lf/></mg:sg></mg:ln>
</mg:row>
<mg:row>
<mg:ln file="1" number="79" class="R"><mg:sg class="R"><mg:s/>*<mg:s/>@brief<mg:s/></mg:sg><mg:sg class="R">{@link<mg:s/>Sha</mg:sg><mg:sg class="R">reInfo}<mg:s/>se</mg:sg><mg:sg class="R">tShareChan</mg:sg><mg:sg class="R">nel配置的face</mg:sg><mg:sg class="R">book分享<mg:lf/></mg:sg></mg:ln>
</mg:row>
<mg:row>
<mg:ln file="1" number="80" class="R"><mg:sg class="R"><mg:s/>*/<mg:lf/></mg:sg></mg:ln>
</mg:row>
<mg:row>
<mg:ln file="1" number="81" class="R"><mg:sg class="R">extern<mg:s/>NSI</mg:sg><mg:sg class="R">nteger<mg:s/>con</mg:sg><mg:sg class="R">st<mg:s/>NT_SHAR</mg:sg><mg:sg class="R">E_TYPE_FAC</mg:sg><mg:sg class="R">EBOOK;<mg:s/>//=</mg:sg><mg:sg class="R">108<mg:lf/></mg:sg></mg:ln>
</mg:row>
<mg:row>
<mg:ln file="1" number="82" class="R"><mg:sg class="R">/**<mg:lf/></mg:sg></mg:ln>
</mg:row>
<mg:row>
<mg:ln file="1" number="83" class="R"><mg:sg class="R"><mg:s/>*<mg:s/>@brief<mg:s/></mg:sg><mg:sg class="R">{@link<mg:s/>Sha</mg:sg><mg:sg class="R">reInfo}<mg:s/>se</mg:sg><mg:sg class="R">tShareChan</mg:sg><mg:sg class="R">nel配置的gare</mg:sg><mg:sg class="R">na分享<mg:lf/></mg:sg></mg:ln>
</mg:row>
<mg:row>
<mg:ln file="1" number="84" class="R"><mg:sg class="R"><mg:s/>*/<mg:lf/></mg:sg></mg:ln>
</mg:row>
<mg:row>
<mg:ln file="1" number="85" class="R"><mg:sg class="R">extern<mg:s/>NSI</mg:sg><mg:sg class="R">nteger<mg:s/>con</mg:sg><mg:sg class="R">st<mg:s/>NT_SHAR</mg:sg><mg:sg class="R">E_TYPE_GAR</mg:sg><mg:sg class="R">ENA;<mg:s/>//=10</mg:sg><mg:sg class="R">9<mg:lf/></mg:sg></mg:ln>
</mg:row>
<mg:row>
<mg:ln file="1" number="86" class="R"><mg:sg class="R">/**<mg:lf/></mg:sg></mg:ln>
</mg:row>
<mg:row>
<mg:ln file="1" number="87" class="R"><mg:sg class="R"><mg:s/>*<mg:s/>@brief<mg:s/></mg:sg><mg:sg class="R">{@link<mg:s/>Sha</mg:sg><mg:sg class="R">reInfo}<mg:s/>se</mg:sg><mg:sg class="R">tShareChan</mg:sg><mg:sg class="R">nel配置的kaka</mg:sg><mg:sg class="R">o分享<mg:lf/></mg:sg></mg:ln>
</mg:row>
<mg:row>
<mg:ln file="1" number="88" class="R"><mg:sg class="R"><mg:s/>*/<mg:lf/></mg:sg></mg:ln>
</mg:row>
<mg:row>
<mg:ln file="1" number="89" class="R"><mg:sg class="R">extern<mg:s/>NSI</mg:sg><mg:sg class="R">nteger<mg:s/>con</mg:sg><mg:sg class="R">st<mg:s/>NT_SHAR</mg:sg><mg:sg class="R">E_TYPE_KAK</mg:sg><mg:sg class="R">AO;<mg:s/>//<mg:s/>=<mg:s/>1</mg:sg><mg:sg class="R">10;<mg:lf/></mg:sg></mg:ln>
</mg:row>
<mg:row>
<mg:ln file="1" number="90" class="R"><mg:sg class="R">/**<mg:lf/></mg:sg></mg:ln>
</mg:row>
<mg:row>
<mg:ln file="1" number="91" class="R"><mg:sg class="R"><mg:s/>*<mg:s/>@brief<mg:s/></mg:sg><mg:sg class="R">{@link<mg:s/>Sha</mg:sg><mg:sg class="R">reInfo}<mg:s/>se</mg:sg><mg:sg class="R">tShareChan</mg:sg><mg:sg class="R">nel配置的Line</mg:sg><mg:sg class="R">分享<mg:lf/></mg:sg></mg:ln>
</mg:row>
<mg:row>
<mg:ln file="1" number="92" class="R"><mg:sg class="R"><mg:s/>*/<mg:lf/></mg:sg></mg:ln>
</mg:row>
<mg:row>
<mg:ln file="1" number="93" class="R"><mg:sg class="R">extern<mg:s/>NSI</mg:sg><mg:sg class="R">nteger<mg:s/>con</mg:sg><mg:sg class="R">st<mg:s/>NT_SHAR</mg:sg><mg:sg class="R">E_TYPE_LIN</mg:sg><mg:sg class="R">E;<mg:s/>//<mg:s/>=<mg:s/>11</mg:sg><mg:sg class="R">1;<mg:lf/></mg:sg></mg:ln>
</mg:row>
<mg:row>
<mg:ln file="1" number="94" class="R"><mg:sg class="R"><mg:lf/></mg:sg></mg:ln>
</mg:row>
<mg:row>
<mg:ln file="1" number="95" class="R"><mg:sg class="R">/**<mg:lf/></mg:sg></mg:ln>
</mg:row>
<mg:row>
<mg:ln file="1" number="96" class="R"><mg:sg class="R"><mg:s/>*<mg:s/>@brief<mg:s/></mg:sg><mg:sg class="R">{@link<mg:s/>Sha</mg:sg><mg:sg class="R">reInfo}<mg:s/>se</mg:sg><mg:sg class="R">tShareChan</mg:sg><mg:sg class="R">nel配置的Zalo</mg:sg><mg:sg class="R">分享<mg:lf/></mg:sg></mg:ln>
</mg:row>
<mg:row>
<mg:ln file="1" number="97" class="R"><mg:sg class="R"><mg:s/>*/<mg:lf/></mg:sg></mg:ln>
</mg:row>
<mg:row>
<mg:ln file="1" number="98" class="R"><mg:sg class="R">extern<mg:s/>NSI</mg:sg><mg:sg class="R">nteger<mg:s/>con</mg:sg><mg:sg class="R">st<mg:s/>NT_SHAR</mg:sg><mg:sg class="R">E_TYPE_ZAL</mg:sg><mg:sg class="R">O;//112<mg:lf/></mg:sg></mg:ln>
</mg:row>
<mg:row>
<mg:ln file="1" number="99" class="R"><mg:sg class="R"><mg:lf/></mg:sg></mg:ln>
</mg:row>
<mg:row>
<mg:ln file="1" number="100" class="R"><mg:sg class="R">/**<mg:lf/></mg:sg></mg:ln>
</mg:row>
<mg:row>
<mg:ln file="1" number="101" class="R"><mg:sg class="R"><mg:s/>*<mg:s/>@brief<mg:s/></mg:sg><mg:sg class="R">{@link<mg:s/>Sha</mg:sg><mg:sg class="R">reInfo}<mg:s/>se</mg:sg><mg:sg class="R">tShareChan</mg:sg><mg:sg class="R">nel配置的VK分享</mg:sg><mg:sg class="R"><mg:lf/></mg:sg></mg:ln>
</mg:row>
<mg:row>
<mg:ln file="1" number="102" class="R"><mg:sg class="R"><mg:s/>*/<mg:lf/></mg:sg></mg:ln>
</mg:row>
<mg:row>
<mg:ln file="1" number="103" class="R"><mg:sg class="R">extern<mg:s/>NSI</mg:sg><mg:sg class="R">nteger<mg:s/>con</mg:sg><mg:sg class="R">st<mg:s/>NT_SHAR</mg:sg><mg:sg class="R">E_TYPE_VK;</mg:sg><mg:sg class="R">//113<mg:lf/></mg:sg></mg:ln>
</mg:row>
<mg:row>
<mg:ln file="1" number="104" class="R"><mg:sg class="R">/**<mg:lf/></mg:sg></mg:ln>
</mg:row>
<mg:row>
<mg:ln file="1" number="105" class="R"><mg:sg class="R"><mg:s/>*<mg:s/>@brief<mg:s/></mg:sg><mg:sg class="R">{@link<mg:s/>Sha</mg:sg><mg:sg class="R">reInfo}<mg:s/>se</mg:sg><mg:sg class="R">tShareChan</mg:sg><mg:sg class="R">nel配置的Twit</mg:sg><mg:sg class="R">ter分享<mg:lf/></mg:sg></mg:ln>
</mg:row>
<mg:row>
<mg:ln file="1" number="106" class="R"><mg:sg class="R"><mg:s/>*/<mg:lf/></mg:sg></mg:ln>
</mg:row>
<mg:row>
<mg:ln file="1" number="107" class="R"><mg:sg class="R">extern<mg:s/>NSI</mg:sg><mg:sg class="R">nteger<mg:s/>con</mg:sg><mg:sg class="R">st<mg:s/>NT_SHAR</mg:sg><mg:sg class="R">E_TYPE_TWI</mg:sg><mg:sg class="R">TTER;//114</mg:sg><mg:sg class="R"><mg:lf/></mg:sg></mg:ln>
</mg:row>
<mg:row>
<mg:ln file="1" number="108" class="R"><mg:sg class="R">/**<mg:lf/></mg:sg></mg:ln>
</mg:row>
<mg:row>
<mg:ln file="1" number="109" class="R"><mg:sg class="R"><mg:s/>*<mg:s/>@brief<mg:s/></mg:sg><mg:sg class="R">{@link<mg:s/>Sha</mg:sg><mg:sg class="R">reInfo}<mg:s/>se</mg:sg><mg:sg class="R">tShareChan</mg:sg><mg:sg class="R">nel配置的Face</mg:sg><mg:sg class="R">book<mg:s/>Messe</mg:sg><mg:sg class="R">nger分享<mg:lf/></mg:sg></mg:ln>
</mg:row>
<mg:row>
<mg:ln file="1" number="110" class="R"><mg:sg class="R"><mg:s/>*/<mg:lf/></mg:sg></mg:ln>
</mg:row>
<mg:row>
<mg:ln file="1" number="111" class="R"><mg:sg class="R">extern<mg:s/>NSI</mg:sg><mg:sg class="R">nteger<mg:s/>con</mg:sg><mg:sg class="R">st<mg:s/>NT_SHAR</mg:sg><mg:sg class="R">E_TYPE_FAC</mg:sg><mg:sg class="R">EBOOK_MESS</mg:sg><mg:sg class="R">ENGER;//11</mg:sg><mg:sg class="R">5<mg:lf/></mg:sg></mg:ln>
</mg:row>
<mg:row>
<mg:ln file="1" number="112" class="R"><mg:sg class="R">/**<mg:lf/></mg:sg></mg:ln>
</mg:row>
<mg:row>
<mg:ln file="1" number="113" class="R"><mg:sg class="R"><mg:s/>*<mg:s/>@brief<mg:s/></mg:sg><mg:sg class="R">{@link<mg:s/>Sha</mg:sg><mg:sg class="R">reInfo}<mg:s/>se</mg:sg><mg:sg class="R">tShareChan</mg:sg><mg:sg class="R">nel配置的Face</mg:sg><mg:sg class="R">book<mg:s/>点赞分享<mg:lf/></mg:sg></mg:ln>
</mg:row>
<mg:row>
<mg:ln file="1" number="114" class="R"><mg:sg class="R"><mg:s/>*/<mg:lf/></mg:sg></mg:ln>
</mg:row>
<mg:row>
<mg:ln file="1" number="115" class="R"><mg:sg class="R">extern<mg:s/>NSI</mg:sg><mg:sg class="R">nteger<mg:s/>con</mg:sg><mg:sg class="R">st<mg:s/>NT_SHAR</mg:sg><mg:sg class="R">E_TYPE_FAC</mg:sg><mg:sg class="R">EBOOK_LIKE</mg:sg><mg:sg class="R">;//116<mg:lf/></mg:sg></mg:ln>
</mg:row>
<mg:row>
<mg:ln file="1" number="116" class="R"><mg:sg class="R"><mg:lf/></mg:sg></mg:ln>
</mg:row>
<mg:row>
<mg:ln file="1" number="117" class="R"><mg:sg class="R">extern<mg:s/>NSI</mg:sg><mg:sg class="R">nteger<mg:s/>con</mg:sg><mg:sg class="R">st<mg:s/>NT_SHAR</mg:sg><mg:sg class="R">E_TYPE_INS</mg:sg><mg:sg class="R">TAGRAM;//1</mg:sg><mg:sg class="R">17<mg:lf/></mg:sg></mg:ln>
</mg:row>
<mg:row>
<mg:ln file="1" number="118" class="R"><mg:sg class="R"><mg:lf/></mg:sg></mg:ln>
</mg:row>
<mg:row>
<mg:ln file="1" number="119" class="R"><mg:sg class="R">extern<mg:s/>NSI</mg:sg><mg:sg class="R">nteger<mg:s/>con</mg:sg><mg:sg class="R">st<mg:s/>NT_SHAR</mg:sg><mg:sg class="R">E_TYPE_WHA</mg:sg><mg:sg class="R">TSAPP;//12</mg:sg><mg:sg class="R">0<mg:lf/></mg:sg></mg:ln>
</mg:row>
<mg:row>
<mg:ln file="1" number="120" class="R"><mg:sg class="R"><mg:lf/></mg:sg></mg:ln>
</mg:row>
<mg:row>
<mg:ln file="1" number="121" class="R"><mg:sg class="R">extern<mg:s/>NSI</mg:sg><mg:sg class="R">nteger<mg:s/>con</mg:sg><mg:sg class="R">st<mg:s/>NT_SHAR</mg:sg><mg:sg class="R">E_TYPE_YOU</mg:sg><mg:sg class="R">TUBE;<mg:s/>//12</mg:sg><mg:sg class="R">2<mg:lf/></mg:sg></mg:ln>
</mg:row>
<mg:row>
<mg:ln file="1" number="122" class="R"><mg:sg class="R">extern<mg:s/>NSI</mg:sg><mg:sg class="R">nteger<mg:s/>con</mg:sg><mg:sg class="R">st<mg:s/>NT_SHAR</mg:sg><mg:sg class="R">E_TYPE_GOD</mg:sg><mg:sg class="R">LIKE_TIMEL</mg:sg><mg:sg class="R">INE;<mg:s/>//124</mg:sg><mg:sg class="R"><mg:s/>网易大神圈子分享<mg:lf/></mg:sg></mg:ln>
</mg:row>
<mg:row>
<mg:ln file="1" number="123" class="R"><mg:sg class="R">extern<mg:s/>NSI</mg:sg><mg:sg class="R">nteger<mg:s/>con</mg:sg><mg:sg class="R">st<mg:s/>NT_SHAR</mg:sg><mg:sg class="R">E_TYPE_GOD</mg:sg><mg:sg class="R">LIKE_FRIEN</mg:sg><mg:sg class="R">D;<mg:s/>//125<mg:s/>网</mg:sg><mg:sg class="R">易大神好友分享<mg:lf/></mg:sg></mg:ln>
</mg:row>
<mg:row>
<mg:ln file="1" number="124" class="R"><mg:sg class="R"><mg:lf/></mg:sg></mg:ln>
</mg:row>
<mg:row>
<mg:ln file="1" number="125" class="R"><mg:sg class="R">//下面2xx的变量</mg:sg><mg:sg class="R">是为了兼容安卓，iO</mg:sg><mg:sg class="R">S跟android做</mg:sg><mg:sg class="R">统一<mg:lf/></mg:sg></mg:ln>
</mg:row>
<mg:row>
<mg:ln file="1" number="126" class="R"><mg:sg class="R">extern<mg:s/>NSI</mg:sg><mg:sg class="R">nteger<mg:s/>con</mg:sg><mg:sg class="R">st<mg:s/>NT_SHAR</mg:sg><mg:sg class="R">E_TYPE_INS</mg:sg><mg:sg class="R">TAGRAM_2;/</mg:sg><mg:sg class="R">/=<mg:s/>201;<mg:lf/></mg:sg></mg:ln>
</mg:row>
<mg:row>
<mg:ln file="1" number="127" class="R"><mg:sg class="R">extern<mg:s/>NSI</mg:sg><mg:sg class="R">nteger<mg:s/>con</mg:sg><mg:sg class="R">st<mg:s/>NT_SHAR</mg:sg><mg:sg class="R">E_TYPE_TWI</mg:sg><mg:sg class="R">TTER_2;<mg:s/>//</mg:sg><mg:sg class="R">=<mg:s/>202;<mg:lf/></mg:sg></mg:ln>
</mg:row>
<mg:row>
<mg:ln file="1" number="128" class="R"><mg:sg class="R">extern<mg:s/>NSI</mg:sg><mg:sg class="R">nteger<mg:s/>con</mg:sg><mg:sg class="R">st<mg:s/>NT_SHAR</mg:sg><mg:sg class="R">E_TYPE_LIN</mg:sg><mg:sg class="R">E_2;<mg:s/>//=<mg:s/>2</mg:sg><mg:sg class="R">03;<mg:lf/></mg:sg></mg:ln>
</mg:row>
<mg:row>
<mg:ln file="1" number="129" class="R"><mg:sg class="R"><mg:lf/></mg:sg></mg:ln>
</mg:row>
<mg:row>
<mg:ln file="1" number="130" class="R"><mg:sg class="R">//3xx开头后续新</mg:sg><mg:sg class="R">的分享渠道<mg:lf/></mg:sg></mg:ln>
</mg:row>
<mg:row>
<mg:ln file="1" number="131" class="R"><mg:sg class="R">extern<mg:s/>NSI</mg:sg><mg:sg class="R">nteger<mg:s/>con</mg:sg><mg:sg class="R">st<mg:s/>NT_SHAR</mg:sg><mg:sg class="R">E_TYPE_LIN</mg:sg><mg:sg class="R">E_GAME;<mg:s/>//</mg:sg><mg:sg class="R"><mg:s/>=<mg:s/>300;<mg:lf/></mg:sg></mg:ln>
</mg:row>
<mg:row>
<mg:ln file="1" number="132" class="R"><mg:sg class="R">extern<mg:s/>NSI</mg:sg><mg:sg class="R">nteger<mg:s/>con</mg:sg><mg:sg class="R">st<mg:s/>NT_SHAR</mg:sg><mg:sg class="R">E_TYPE_MIN</mg:sg><mg:sg class="R">I_PROGRAME</mg:sg><mg:sg class="R">;<mg:s/>//<mg:s/>=<mg:s/>301</mg:sg><mg:sg class="R">;<mg:lf/></mg:sg></mg:ln>
</mg:row>
<mg:row>
<mg:ln file="1" number="133" class="R"><mg:sg class="R">extern<mg:s/>NSI</mg:sg><mg:sg class="R">nteger<mg:s/>con</mg:sg><mg:sg class="R">st<mg:s/>NT_SHAR</mg:sg><mg:sg class="R">E_TYPE_DOU</mg:sg><mg:sg class="R">YIN;//<mg:s/>=<mg:s/>3</mg:sg><mg:sg class="R">02;<mg:lf/></mg:sg></mg:ln>
</mg:row>
<mg:row>
<mg:ln file="1" number="134" class="R"><mg:sg class="R">extern<mg:s/>NSI</mg:sg><mg:sg class="R">nteger<mg:s/>con</mg:sg><mg:sg class="R">st<mg:s/>NT_SHAR</mg:sg><mg:sg class="R">E_TYPE_KUA</mg:sg><mg:sg class="R">ISHOU;//<mg:s/>=</mg:sg><mg:sg class="R"><mg:s/>303;<mg:lf/></mg:sg></mg:ln>
</mg:row>
<mg:row>
<mg:ln file="1" number="135" class="R"><mg:sg class="R">extern<mg:s/>NSI</mg:sg><mg:sg class="R">nteger<mg:s/>con</mg:sg><mg:sg class="R">st<mg:s/>NT_SHAR</mg:sg><mg:sg class="R">E_TYPE_KAK</mg:sg><mg:sg class="R">AO_STORY;/</mg:sg><mg:sg class="R">/<mg:s/>=<mg:s/>304;<mg:lf/></mg:sg></mg:ln>
</mg:row>
<mg:row>
<mg:ln file="1" number="136" class="R"><mg:sg class="R"><mg:lf/></mg:sg></mg:ln>
</mg:row>
<mg:row>
<mg:ln file="1" number="137" class="R"><mg:sg class="R">/**<mg:lf/></mg:sg></mg:ln>
</mg:row>
<mg:row>
<mg:ln file="1" number="138" class="R"><mg:sg class="R"><mg:s/>*<mg:s/>@defgro</mg:sg><mg:sg class="R">up<mg:s/>分享的范围<mg:lf/></mg:sg></mg:ln>
</mg:row>
<mg:row>
<mg:ln file="1" number="139" class="R"><mg:sg class="R"><mg:s/>*<mg:s/>@brief<mg:s/></mg:sg><mg:sg class="R">分享的范围<mg:lf/></mg:sg></mg:ln>
</mg:row>
<mg:row>
<mg:ln file="1" number="140" class="R"><mg:sg class="R"><mg:s/>*<mg:s/>@{<mg:lf/></mg:sg></mg:ln>
</mg:row>
<mg:row>
<mg:ln file="1" number="141" class="R"><mg:sg class="R"><mg:s/>*/<mg:lf/></mg:sg></mg:ln>
</mg:row>
<mg:row>
<mg:ln file="1" number="142" class="R"><mg:sg class="R">typedef<mg:s/>NS</mg:sg><mg:sg class="R">_ENUM(int,</mg:sg><mg:sg class="R"><mg:s/>NtShareSc</mg:sg><mg:sg class="R">ope)<mg:s/>{<mg:lf/></mg:sg></mg:ln>
</mg:row>
<mg:row>
<mg:ln file="1" number="143" class="R"><mg:sg class="R"><mg:s/><mg:s/><mg:s/><mg:s/>NT_SHA</mg:sg><mg:sg class="R">RE_SCOPE_T</mg:sg><mg:sg class="R">OUSER<mg:s/><mg:s/><mg:s/><mg:s/><mg:s/></mg:sg><mg:sg class="R"><mg:s/><mg:s/>=<mg:s/>0,<mg:s/><mg:s/>//</mg:sg><mg:sg class="R">/&lt;<mg:s/>指定玩家<mg:lf/></mg:sg></mg:ln>
</mg:row>
<mg:row>
<mg:ln file="1" number="144" class="R"><mg:sg class="R"><mg:s/><mg:s/><mg:s/><mg:s/>NT_SHA</mg:sg><mg:sg class="R">RE_SCOPE_C</mg:sg><mg:sg class="R">IRCLE<mg:s/><mg:s/><mg:s/><mg:s/><mg:s/></mg:sg><mg:sg class="R"><mg:s/><mg:s/>=<mg:s/>1,<mg:s/><mg:s/>//</mg:sg><mg:sg class="R">/&lt;<mg:s/>朋友圈<mg:lf/></mg:sg></mg:ln>
</mg:row>
<mg:row>
<mg:ln file="1" number="145" class="R"><mg:sg class="R"><mg:s/><mg:s/><mg:s/><mg:s/>NT_SHA</mg:sg><mg:sg class="R">RE_SCOPE_M</mg:sg><mg:sg class="R">ULTIUSER<mg:s/><mg:s/></mg:sg><mg:sg class="R"><mg:s/><mg:s/>=<mg:s/>2,<mg:s/><mg:s/>//</mg:sg><mg:sg class="R">/&lt;<mg:s/>多个玩家<mg:lf/></mg:sg></mg:ln>
</mg:row>
<mg:row>
<mg:ln file="1" number="146" class="R"><mg:sg class="R">}<mg:s/>NT_SHARE</mg:sg><mg:sg class="R">_DEPRECATE</mg:sg><mg:sg class="R">D(2_0,<mg:s/>&quot;Us</mg:sg><mg:sg class="R">e<mg:s/>SCOPE_TO</mg:sg><mg:sg class="R">USER|SCOPE</mg:sg><mg:sg class="R">_CIRCLE|SC</mg:sg><mg:sg class="R">OPE_MULTIU</mg:sg><mg:sg class="R">SER<mg:s/>instea</mg:sg><mg:sg class="R">d&quot;);<mg:lf/></mg:sg></mg:ln>
</mg:row>
<mg:row>
<mg:ln file="1" number="147" class="R"><mg:sg class="R"><mg:lf/></mg:sg></mg:ln>
</mg:row>
<mg:row>
<mg:ln file="1" number="148" class="R"><mg:sg class="R">typedef<mg:s/>NS</mg:sg><mg:sg class="R">_ENUM(int,</mg:sg><mg:sg class="R"><mg:s/>NtShareTy</mg:sg><mg:sg class="R">pe)<mg:s/>{<mg:lf/></mg:sg></mg:ln>
</mg:row>
<mg:row>
<mg:ln file="1" number="149" class="R"><mg:sg class="R"><mg:s/><mg:s/><mg:s/><mg:s/>NT_SHA</mg:sg><mg:sg class="R">RE_TYPE_IN</mg:sg><mg:sg class="R">VITE<mg:s/><mg:s/><mg:s/><mg:s/>=<mg:s/></mg:sg><mg:sg class="R">0,<mg:s/><mg:s/><mg:s/>///&lt;<mg:s/></mg:sg><mg:sg class="R">邀请消息<mg:lf/></mg:sg></mg:ln>
</mg:row>
<mg:row>
<mg:ln file="1" number="150" class="R"><mg:sg class="R"><mg:s/><mg:s/><mg:s/><mg:s/>NT_SHA</mg:sg><mg:sg class="R">RE_TYPE_IM</mg:sg><mg:sg class="R">AGE<mg:s/><mg:s/><mg:s/><mg:s/><mg:s/>=<mg:s/></mg:sg><mg:sg class="R">1,<mg:s/><mg:s/><mg:s/>///&lt;<mg:s/></mg:sg><mg:sg class="R">图文消息<mg:lf/></mg:sg></mg:ln>
</mg:row>
<mg:row>
<mg:ln file="1" number="151" class="R"><mg:sg class="R"><mg:s/><mg:s/><mg:s/><mg:s/>NT_SHA</mg:sg><mg:sg class="R">RE_TYPE_LI</mg:sg><mg:sg class="R">NK<mg:s/><mg:s/><mg:s/><mg:s/><mg:s/><mg:s/>=<mg:s/></mg:sg><mg:sg class="R">2,<mg:s/><mg:s/><mg:s/>///&lt;<mg:s/></mg:sg><mg:sg class="R">带链接的消息<mg:lf/></mg:sg></mg:ln>
</mg:row>
<mg:row>
<mg:ln file="1" number="152" class="R"><mg:sg class="R"><mg:s/><mg:s/><mg:s/><mg:s/>NT_SHA</mg:sg><mg:sg class="R">RE_TYPE_OP</mg:sg><mg:sg class="R">ENGRAPH<mg:s/>=<mg:s/></mg:sg><mg:sg class="R">3,<mg:s/><mg:s/><mg:s/><mg:s/>///&lt;</mg:sg><mg:sg class="R"><mg:s/>Open<mg:s/>grap</mg:sg><mg:sg class="R">h<mg:lf/></mg:sg></mg:ln>
</mg:row>
<mg:row>
<mg:ln file="1" number="153" class="R"><mg:sg class="R"><mg:s/><mg:s/><mg:s/><mg:s/>//NT_S</mg:sg><mg:sg class="R">HARE_TYPE_</mg:sg><mg:sg class="R">VIDEO<mg:s/><mg:s/><mg:s/><mg:s/><mg:s/></mg:sg><mg:sg class="R">=<mg:s/>4,<mg:s/><mg:s/><mg:s/><mg:s/>//</mg:sg><mg:sg class="R">/&lt;<mg:s/>视频分享<mg:lf/></mg:sg></mg:ln>
</mg:row>
<mg:row>
<mg:ln file="1" number="154" class="R"><mg:sg class="R"><mg:s/><mg:s/><mg:s/><mg:s/>NT_SHA</mg:sg><mg:sg class="R">RE_TYPE_TE</mg:sg><mg:sg class="R">XT<mg:s/><mg:s/><mg:s/><mg:s/><mg:s/><mg:s/>=<mg:s/></mg:sg><mg:sg class="R">5,<mg:s/><mg:s/><mg:s/><mg:s/>///&lt;</mg:sg><mg:sg class="R"><mg:s/>文本消息<mg:lf/></mg:sg></mg:ln>
</mg:row>
<mg:row>
<mg:ln file="1" number="155" class="R"><mg:sg class="R"><mg:s/><mg:s/><mg:s/><mg:s/>//NT_S</mg:sg><mg:sg class="R">HARE_TYPE_</mg:sg><mg:sg class="R">MINI_PROGR</mg:sg><mg:sg class="R">AM<mg:s/><mg:s/>=<mg:s/>6,//</mg:sg><mg:sg class="R">/&lt;<mg:s/>小程序<mg:s/>//这</mg:sg><mg:sg class="R">个变量会导致跟NtS</mg:sg><mg:sg class="R">hareMgr那边的</mg:sg><mg:sg class="R">同一个变量重复定义(</mg:sg><mg:sg class="R">MA78遇到)<mg:s/>而且</mg:sg><mg:sg class="R">NtShareTyp</mg:sg><mg:sg class="R">e已经废弃，所以去掉</mg:sg><mg:sg class="R">NT_SHARE_T</mg:sg><mg:sg class="R">YPE_MINI_P</mg:sg><mg:sg class="R">ROGRAM<mg:lf/></mg:sg></mg:ln>
</mg:row>
<mg:row>
<mg:ln file="1" number="156" class="R"><mg:sg class="R">}<mg:s/>NT_SHARE</mg:sg><mg:sg class="R">_DEPRECATE</mg:sg><mg:sg class="R">D(2_0,<mg:s/>&quot;Us</mg:sg><mg:sg class="R">e<mg:s/>TYPE_INV</mg:sg><mg:sg class="R">ITE|TYPE_I</mg:sg><mg:sg class="R">MAGE|TYPE_</mg:sg><mg:sg class="R">LINK|TYPE_</mg:sg><mg:sg class="R">VIDEO<mg:s/>inst</mg:sg><mg:sg class="R">ead&quot;);<mg:lf/></mg:sg></mg:ln>
</mg:row>
<mg:row>
<mg:ln file="1" number="157" class="R"><mg:sg class="R"><mg:lf/></mg:sg></mg:ln>
</mg:row>
<mg:row>
<mg:ln file="1" number="158" class="R"><mg:sg class="R">//<mg:s/>--<mg:s/>EFUN</mg:sg><mg:sg class="R">,<mg:s/>Garena<mg:lf/></mg:sg></mg:ln>
</mg:row>
<mg:row>
<mg:ln file="1" number="159" class="R"><mg:sg class="R">typedef<mg:s/>NS</mg:sg><mg:sg class="R">_ENUM(int,</mg:sg><mg:sg class="R"><mg:s/>NtShareCo</mg:sg><mg:sg class="R">mmunity)<mg:s/>{</mg:sg><mg:sg class="R"><mg:lf/></mg:sg></mg:ln>
</mg:row>
<mg:row>
<mg:ln file="1" number="160" class="R"><mg:sg class="R"><mg:s/><mg:s/><mg:s/><mg:s/>NT_SHA</mg:sg><mg:sg class="R">RE_COM_FAC</mg:sg><mg:sg class="R">EBOOK<mg:s/><mg:s/><mg:s/><mg:s/>=</mg:sg><mg:sg class="R"><mg:s/>0,<mg:s/><mg:s/><mg:s/>///&lt;</mg:sg><mg:sg class="R"><mg:s/>FB<mg:lf/></mg:sg></mg:ln>
</mg:row>
<mg:row>
<mg:ln file="1" number="161" class="R"><mg:sg class="R"><mg:s/><mg:s/><mg:s/><mg:s/>NT_SHA</mg:sg><mg:sg class="R">RE_COM_KAK</mg:sg><mg:sg class="R">AO<mg:s/><mg:s/><mg:s/><mg:s/><mg:s/><mg:s/><mg:s/>=</mg:sg><mg:sg class="R"><mg:s/>1,<mg:s/><mg:s/><mg:s/>///&lt;</mg:sg><mg:sg class="R"><mg:s/>KAKAO<mg:lf/></mg:sg></mg:ln>
</mg:row>
<mg:row>
<mg:ln file="1" number="162" class="R"><mg:sg class="R"><mg:s/><mg:s/><mg:s/><mg:s/>NT_SHA</mg:sg><mg:sg class="R">RE_COM_TWI</mg:sg><mg:sg class="R">TTER<mg:s/><mg:s/><mg:s/><mg:s/><mg:s/>=</mg:sg><mg:sg class="R"><mg:s/>2,<mg:s/><mg:s/><mg:s/>///&lt;</mg:sg><mg:sg class="R"><mg:s/>TWITTER<mg:lf/></mg:sg></mg:ln>
</mg:row>
<mg:row>
<mg:ln file="1" number="163" class="R"><mg:sg class="R"><mg:s/><mg:s/><mg:s/><mg:s/>NT_SHA</mg:sg><mg:sg class="R">RE_COM_VK<mg:s/></mg:sg><mg:sg class="R"><mg:s/><mg:s/><mg:s/><mg:s/><mg:s/><mg:s/><mg:s/><mg:s/><mg:s/>=</mg:sg><mg:sg class="R"><mg:s/>3,<mg:s/><mg:s/><mg:s/>///&lt;</mg:sg><mg:sg class="R"><mg:s/>VK<mg:lf/></mg:sg></mg:ln>
</mg:row>
<mg:row>
<mg:ln file="1" number="164" class="R"><mg:sg class="R"><mg:s/><mg:s/><mg:s/><mg:s/>NT_SHA</mg:sg><mg:sg class="R">RE_COM_BEE</mg:sg><mg:sg class="R">TALK<mg:s/><mg:s/><mg:s/><mg:s/><mg:s/>=</mg:sg><mg:sg class="R"><mg:s/>4,<mg:s/><mg:s/><mg:s/>///&lt;</mg:sg><mg:sg class="R"><mg:s/>BeeTalk<mg:lf/></mg:sg></mg:ln>
</mg:row>
<mg:row>
<mg:ln file="1" number="165" class="R"><mg:sg class="R"><mg:s/><mg:s/><mg:s/><mg:s/>NT_SHA</mg:sg><mg:sg class="R">RE_COM_GAR</mg:sg><mg:sg class="R">ENA<mg:s/><mg:s/><mg:s/><mg:s/><mg:s/><mg:s/>=</mg:sg><mg:sg class="R"><mg:s/>5<mg:s/><mg:s/><mg:s/><mg:s/>///&lt;</mg:sg><mg:sg class="R"><mg:s/>Garena<mg:lf/></mg:sg></mg:ln>
</mg:row>
<mg:row>
<mg:ln file="1" number="166" class="R"><mg:sg class="R">}<mg:s/>NT_SHARE</mg:sg><mg:sg class="R">_DEPRECATE</mg:sg><mg:sg class="R">D(2_0,<mg:s/>&quot;Us</mg:sg><mg:sg class="R">e<mg:s/>NT_SHARE</mg:sg><mg:sg class="R">_TYPE_WEIB</mg:sg><mg:sg class="R">O|NT_SHARE</mg:sg><mg:sg class="R">_TYPE_WEIX</mg:sg><mg:sg class="R">IN_FRIEND|</mg:sg><mg:sg class="R">...<mg:s/>instea</mg:sg><mg:sg class="R">d&quot;);<mg:lf/></mg:sg></mg:ln>
</mg:row>
<mg:row>
<mg:ln file="1" number="167" class="R"><mg:sg class="R"><mg:lf/></mg:sg></mg:ln>
</mg:row>
<mg:row>
<mg:ln file="1" number="168" class="R"><mg:sg class="R">@interface</mg:sg><mg:sg class="R"><mg:s/>NtShareIn</mg:sg><mg:sg class="R">fo<mg:s/>:<mg:s/>NSObj</mg:sg><mg:sg class="R">ect<mg:lf/></mg:sg></mg:ln>
</mg:row>
<mg:row>
<mg:ln file="1" number="169" class="R"><mg:sg class="R"><mg:lf/></mg:sg></mg:ln>
</mg:row>
<mg:row>
<mg:ln file="1" number="170" class="R"><mg:sg class="R">@property(</mg:sg><mg:sg class="R">nonatomic,</mg:sg><mg:sg class="R">strong)<mg:s/>NS</mg:sg><mg:sg class="R">String<mg:s/>*to</mg:sg><mg:sg class="R">User;<mg:s/><mg:s/><mg:s/>//</mg:sg><mg:sg class="R">/&lt;<mg:s/>分享消息的接收</mg:sg><mg:sg class="R">者<mg:lf/></mg:sg></mg:ln>
</mg:row>
<mg:row>
<mg:ln file="1" number="171" class="R"><mg:sg class="R">@property(</mg:sg><mg:sg class="R">nonatomic,</mg:sg><mg:sg class="R">strong)<mg:s/>NS</mg:sg><mg:sg class="R">String<mg:s/>*ti</mg:sg><mg:sg class="R">tle;<mg:s/><mg:s/><mg:s/><mg:s/>//</mg:sg><mg:sg class="R">/&lt;<mg:s/>分享消息的标题</mg:sg><mg:sg class="R"><mg:lf/></mg:sg></mg:ln>
</mg:row>
<mg:row>
<mg:ln file="1" number="172" class="R"><mg:sg class="R">@property(</mg:sg><mg:sg class="R">nonatomic,</mg:sg><mg:sg class="R">strong)<mg:s/>NS</mg:sg><mg:sg class="R">String<mg:s/>*su</mg:sg><mg:sg class="R">bTitle<mg:s/>NT_</mg:sg><mg:sg class="R">SHARE_DEPR</mg:sg><mg:sg class="R">ECATED(2_0</mg:sg><mg:sg class="R">,<mg:s/>&quot;the<mg:s/>pro</mg:sg><mg:sg class="R">perty<mg:s/>has<mg:s/></mg:sg><mg:sg class="R">deprecated</mg:sg><mg:sg class="R">.&quot;);<mg:s/>///&lt;<mg:s/></mg:sg><mg:sg class="R">分享消息的副标题<mg:lf/></mg:sg></mg:ln>
</mg:row>
<mg:row>
<mg:ln file="1" number="173" class="R"><mg:sg class="R">@property(</mg:sg><mg:sg class="R">nonatomic,</mg:sg><mg:sg class="R">strong)<mg:s/>NS</mg:sg><mg:sg class="R">String<mg:s/>*de</mg:sg><mg:sg class="R">sc;<mg:s/><mg:s/><mg:s/><mg:s/><mg:s/>//</mg:sg><mg:sg class="R">/&lt;<mg:s/>分享消息的描述</mg:sg><mg:sg class="R"><mg:lf/></mg:sg></mg:ln>
</mg:row>
<mg:row>
<mg:ln file="1" number="174" class="R"><mg:sg class="R">@property(</mg:sg><mg:sg class="R">nonatomic,</mg:sg><mg:sg class="R">strong)<mg:s/>NS</mg:sg><mg:sg class="R">String<mg:s/>*im</mg:sg><mg:sg class="R">age;<mg:s/><mg:s/><mg:s/><mg:s/>//</mg:sg><mg:sg class="R">/&lt;<mg:s/>分享消息的图片</mg:sg><mg:sg class="R">路径<mg:lf/></mg:sg></mg:ln>
</mg:row>
<mg:row>
<mg:ln file="1" number="175" class="R"><mg:sg class="R">@property(</mg:sg><mg:sg class="R">nonatomic,</mg:sg><mg:sg class="R">strong)<mg:s/>NS</mg:sg><mg:sg class="R">String<mg:s/>*te</mg:sg><mg:sg class="R">xt;<mg:s/><mg:s/><mg:s/><mg:s/><mg:s/>//</mg:sg><mg:sg class="R">/&lt;<mg:s/>分享消息的文本</mg:sg><mg:sg class="R"><mg:lf/></mg:sg></mg:ln>
</mg:row>
<mg:row>
<mg:ln file="1" number="176" class="R"><mg:sg class="R">@property(</mg:sg><mg:sg class="R">nonatomic,</mg:sg><mg:sg class="R">strong)<mg:s/>NS</mg:sg><mg:sg class="R">String<mg:s/>*li</mg:sg><mg:sg class="R">nk;<mg:s/><mg:s/><mg:s/><mg:s/><mg:s/>//</mg:sg><mg:sg class="R">/&lt;<mg:s/>分享消息的链接</mg:sg><mg:sg class="R"><mg:lf/></mg:sg></mg:ln>
</mg:row>
<mg:row>
<mg:ln file="1" number="177" class="R"><mg:sg class="R">@property(</mg:sg><mg:sg class="R">nonatomic,</mg:sg><mg:sg class="R">strong)<mg:s/>NS</mg:sg><mg:sg class="R">String<mg:s/>*vi</mg:sg><mg:sg class="R">deoUrl;<mg:s/><mg:s/><mg:s/></mg:sg><mg:sg class="R"><mg:s/><mg:s/>///&lt;<mg:s/>分享视</mg:sg><mg:sg class="R">频的链接<mg:lf/></mg:sg></mg:ln>
</mg:row>
<mg:row>
<mg:ln file="1" number="178" class="R"><mg:sg class="R">@property(</mg:sg><mg:sg class="R">nonatomic,</mg:sg><mg:sg class="R">strong)<mg:s/>NS</mg:sg><mg:sg class="R">Array<mg:s/>*toU</mg:sg><mg:sg class="R">serList;<mg:s/><mg:s/></mg:sg><mg:sg class="R"><mg:s/>///&lt;<mg:s/>分享给多</mg:sg><mg:sg class="R">个接收者<mg:s/><mg:s/>仅用于邀</mg:sg><mg:sg class="R">请消息<mg:lf/></mg:sg></mg:ln>
</mg:row>
<mg:row>
<mg:ln file="1" number="179" class="R"><mg:sg class="R">@property(</mg:sg><mg:sg class="R">nonatomic,</mg:sg><mg:sg class="R">strong)<mg:s/>UI</mg:sg><mg:sg class="R">Image<mg:s/>*sha</mg:sg><mg:sg class="R">reBitmap;<mg:s/></mg:sg><mg:sg class="R"><mg:s/><mg:s/>///&lt;分享图片</mg:sg><mg:sg class="R">内容<mg:lf/></mg:sg></mg:ln>
</mg:row>
<mg:row>
<mg:ln file="1" number="180" class="R"><mg:sg class="R">@property(</mg:sg><mg:sg class="R">nonatomic,</mg:sg><mg:sg class="R">strong)<mg:s/>UI</mg:sg><mg:sg class="R">Image<mg:s/>*sha</mg:sg><mg:sg class="R">reThumb;<mg:s/><mg:s/></mg:sg><mg:sg class="R"><mg:s/><mg:s/>///&lt;分享图片</mg:sg><mg:sg class="R">缩略图<mg:lf/></mg:sg></mg:ln>
</mg:row>
<mg:row>
<mg:ln file="1" number="181" class="R"><mg:sg class="R">@property(</mg:sg><mg:sg class="R">nonatomic,</mg:sg><mg:sg class="R">strong)<mg:s/>NS</mg:sg><mg:sg class="R">String<mg:s/>*u3</mg:sg><mg:sg class="R">dshareThum</mg:sg><mg:sg class="R">b;///&lt;分享图片</mg:sg><mg:sg class="R">缩略图(u3d使用)</mg:sg><mg:sg class="R"><mg:lf/></mg:sg></mg:ln>
</mg:row>
<mg:row>
<mg:ln file="1" number="182" class="R"><mg:sg class="R">@property(</mg:sg><mg:sg class="R">nonatomic,</mg:sg><mg:sg class="R">strong)<mg:s/>NS</mg:sg><mg:sg class="R">String<mg:s/>*u3</mg:sg><mg:sg class="R">dShareBitm</mg:sg><mg:sg class="R">ap;///&lt;分享图</mg:sg><mg:sg class="R">片内容(u3d使用)</mg:sg><mg:sg class="R"><mg:lf/></mg:sg></mg:ln>
</mg:row>
<mg:row>
<mg:ln file="1" number="183" class="R"><mg:sg class="R">@property(</mg:sg><mg:sg class="R">nonatomic,</mg:sg><mg:sg class="R">assign)<mg:s/>BO</mg:sg><mg:sg class="R">OL<mg:s/>showSha</mg:sg><mg:sg class="R">reDialog;/</mg:sg><mg:sg class="R">//&lt;分享对话框<mg:lf/></mg:sg></mg:ln>
</mg:row>
<mg:row>
<mg:ln file="1" number="184" class="R"><mg:sg class="R">@property(</mg:sg><mg:sg class="R">nonatomic,</mg:sg><mg:sg class="R">assign)<mg:s/>in</mg:sg><mg:sg class="R">t<mg:s/>shareCha</mg:sg><mg:sg class="R">nnel;///&lt;<mg:s/></mg:sg><mg:sg class="R">分享的渠道<mg:lf/></mg:sg></mg:ln>
</mg:row>
<mg:row>
<mg:ln file="1" number="185" class="R"><mg:sg class="R">@property(</mg:sg><mg:sg class="R">nonatomic,</mg:sg><mg:sg class="R">strong)<mg:s/>NS</mg:sg><mg:sg class="R">String<mg:s/>*ex</mg:sg><mg:sg class="R">tJson;///&lt;</mg:sg><mg:sg class="R"><mg:s/>透传的信息<mg:lf/></mg:sg></mg:ln>
</mg:row>
<mg:row>
<mg:ln file="1" number="186" class="R"><mg:sg class="R"><mg:lf/></mg:sg></mg:ln>
</mg:row>
<mg:row>
<mg:ln file="1" number="187" class="R"><mg:sg class="R">//app唤起小程序</mg:sg><mg:sg class="R">所需参数<mg:lf/></mg:sg></mg:ln>
</mg:row>
<mg:row>
<mg:ln file="1" number="188" class="R"><mg:sg class="R">@property<mg:s/></mg:sg><mg:sg class="R">(nonatomic</mg:sg><mg:sg class="R">,<mg:s/>copy)<mg:s/>NS</mg:sg><mg:sg class="R">String<mg:s/>*pa</mg:sg><mg:sg class="R">th;<mg:lf/></mg:sg></mg:ln>
</mg:row>
<mg:row>
<mg:ln file="1" number="189" class="R"><mg:sg class="R">//@propert</mg:sg><mg:sg class="R">y<mg:s/>(nonatom</mg:sg><mg:sg class="R">ic,<mg:s/>copy)<mg:s/></mg:sg><mg:sg class="R">NSString<mg:s/>*</mg:sg><mg:sg class="R">userName;/</mg:sg><mg:sg class="R">/已存在<mg:lf/></mg:sg></mg:ln>
</mg:row>
<mg:row>
<mg:ln file="1" number="190" class="R"><mg:sg class="R">@property<mg:s/></mg:sg><mg:sg class="R">(nonatomic</mg:sg><mg:sg class="R">,<mg:s/>assign)<mg:s/></mg:sg><mg:sg class="R">NSUInteger</mg:sg><mg:sg class="R"><mg:s/>miniProgr</mg:sg><mg:sg class="R">amType;<mg:lf/></mg:sg></mg:ln>
</mg:row>
<mg:row>
<mg:ln file="1" number="191" class="R"><mg:sg class="R"><mg:lf/></mg:sg></mg:ln>
</mg:row>
<mg:row>
<mg:ln file="1" number="192" class="R"><mg:sg class="R"><mg:lf/></mg:sg></mg:ln>
</mg:row>
<mg:row>
<mg:ln file="1" number="193" class="R"><mg:sg class="R">@property(</mg:sg><mg:sg class="R">nonatomic)</mg:sg><mg:sg class="R"><mg:s/>NtShareSc</mg:sg><mg:sg class="R">ope<mg:s/>shareS</mg:sg><mg:sg class="R">cope<mg:s/>NT_SH</mg:sg><mg:sg class="R">ARE_DEPREC</mg:sg><mg:sg class="R">ATED(2_0,<mg:s/></mg:sg><mg:sg class="R">&quot;the<mg:s/>prope</mg:sg><mg:sg class="R">rty<mg:s/>has<mg:s/>de</mg:sg><mg:sg class="R">precated.<mg:s/></mg:sg><mg:sg class="R">Use<mg:s/>scope<mg:s/></mg:sg><mg:sg class="R">instead.&quot;)</mg:sg><mg:sg class="R">;<mg:s/><mg:s/><mg:s/>///&lt;<mg:s/>分</mg:sg><mg:sg class="R">享范围<mg:lf/></mg:sg></mg:ln>
</mg:row>
<mg:row>
<mg:ln file="1" number="194" class="R"><mg:sg class="R">@property(</mg:sg><mg:sg class="R">nonatomic)</mg:sg><mg:sg class="R"><mg:s/>NtShareTy</mg:sg><mg:sg class="R">pe<mg:s/>shareTy</mg:sg><mg:sg class="R">pe<mg:s/>NT_SHAR</mg:sg><mg:sg class="R">E_DEPRECAT</mg:sg><mg:sg class="R">ED(2_0,<mg:s/>&quot;t</mg:sg><mg:sg class="R">he<mg:s/>propert</mg:sg><mg:sg class="R">y<mg:s/>has<mg:s/>depr</mg:sg><mg:sg class="R">ecated.<mg:s/>Us</mg:sg><mg:sg class="R">e<mg:s/>type<mg:s/>ins</mg:sg><mg:sg class="R">tead.&quot;);<mg:s/><mg:s/></mg:sg><mg:sg class="R"><mg:s/><mg:s/>///&lt;<mg:s/>分享类</mg:sg><mg:sg class="R">型<mg:lf/></mg:sg></mg:ln>
</mg:row>
<mg:row>
<mg:ln file="1" number="195" class="R"><mg:sg class="R">@property(</mg:sg><mg:sg class="R">nonatomic)</mg:sg><mg:sg class="R"><mg:s/>NtShareCo</mg:sg><mg:sg class="R">mmunity<mg:s/>sh</mg:sg><mg:sg class="R">areCommuni</mg:sg><mg:sg class="R">ty<mg:s/>NT_SHAR</mg:sg><mg:sg class="R">E_DEPRECAT</mg:sg><mg:sg class="R">ED(2_0,<mg:s/>&quot;t</mg:sg><mg:sg class="R">he<mg:s/>propert</mg:sg><mg:sg class="R">y<mg:s/>has<mg:s/>depr</mg:sg><mg:sg class="R">ecated.<mg:s/>Us</mg:sg><mg:sg class="R">e<mg:s/>shareCha</mg:sg><mg:sg class="R">nnel<mg:s/>inste</mg:sg><mg:sg class="R">ad.&quot;);<mg:s/><mg:s/><mg:s/><mg:s/></mg:sg><mg:sg class="R">///&lt;<mg:s/>分享社区类</mg:sg><mg:sg class="R">型<mg:lf/></mg:sg></mg:ln>
</mg:row>
<mg:row>
<mg:ln file="1" number="196" class="R"><mg:sg class="R"><mg:lf/></mg:sg></mg:ln>
</mg:row>
<mg:row>
<mg:ln file="1" number="197" class="R"><mg:sg class="R">@property(</mg:sg><mg:sg class="R">nonatomic,</mg:sg><mg:sg class="R">strong)<mg:s/>NS</mg:sg><mg:sg class="R">String<mg:s/>*sc</mg:sg><mg:sg class="R">ope;<mg:s/>//分享的</mg:sg><mg:sg class="R">范围：对话、公开、收</mg:sg><mg:sg class="R">藏等<mg:lf/></mg:sg></mg:ln>
</mg:row>
<mg:row>
<mg:ln file="1" number="198" class="R"><mg:sg class="R">//TYPE_IMA</mg:sg><mg:sg class="R">GE|TYPE_LI</mg:sg><mg:sg class="R">NK|TYPE_TE</mg:sg><mg:sg class="R">XT_ONLY|TY</mg:sg><mg:sg class="R">PE_MINI_PR</mg:sg><mg:sg class="R">OGRAM<mg:lf/></mg:sg></mg:ln>
</mg:row>
<mg:row>
<mg:ln file="1" number="199" class="R"><mg:sg class="R">@property(</mg:sg><mg:sg class="R">nonatomic,</mg:sg><mg:sg class="R">strong)<mg:s/>NS</mg:sg><mg:sg class="R">String<mg:s/>*ty</mg:sg><mg:sg class="R">pe;<mg:lf/></mg:sg></mg:ln>
</mg:row>
<mg:row>
<mg:ln file="1" number="200" class="R"><mg:sg class="R"><mg:lf/></mg:sg></mg:ln>
</mg:row>
<mg:row>
<mg:ln file="1" number="201" class="R"><mg:sg class="R">//<mg:s/>--<mg:s/>line</mg:sg><mg:sg class="R"><mg:s/>分享发消息<mg:s/>--<mg:lf/></mg:sg></mg:ln>
</mg:row>
<mg:row>
<mg:ln file="1" number="202" class="R"><mg:sg class="R">@property(</mg:sg><mg:sg class="R">nonatomic,</mg:sg><mg:sg class="R"><mg:s/>copy)<mg:s/>NSS</mg:sg><mg:sg class="R">tring<mg:s/>*tem</mg:sg><mg:sg class="R">plateId;<mg:lf/></mg:sg></mg:ln>
</mg:row>
<mg:row>
<mg:ln file="1" number="203" class="R"><mg:sg class="R">@property(</mg:sg><mg:sg class="R">nonatomic,</mg:sg><mg:sg class="R"><mg:s/>strong)<mg:s/>N</mg:sg><mg:sg class="R">SDictionar</mg:sg><mg:sg class="R">y<mg:s/>*textMsg</mg:sg><mg:sg class="R">;<mg:lf/></mg:sg></mg:ln>
</mg:row>
<mg:row>
<mg:ln file="1" number="204" class="R"><mg:sg class="R">@property(</mg:sg><mg:sg class="R">nonatomic,</mg:sg><mg:sg class="R"><mg:s/>strong)<mg:s/>N</mg:sg><mg:sg class="R">SDictionar</mg:sg><mg:sg class="R">y<mg:s/>*subText</mg:sg><mg:sg class="R">Msg;<mg:lf/></mg:sg></mg:ln>
</mg:row>
<mg:row>
<mg:ln file="1" number="205" class="R"><mg:sg class="R">@property(</mg:sg><mg:sg class="R">nonatomic,</mg:sg><mg:sg class="R"><mg:s/>strong)<mg:s/>N</mg:sg><mg:sg class="R">SDictionar</mg:sg><mg:sg class="R">y<mg:s/>*altText</mg:sg><mg:sg class="R">Msg;<mg:lf/></mg:sg></mg:ln>
</mg:row>
<mg:row>
<mg:ln file="1" number="206" class="R"><mg:sg class="R">@property(</mg:sg><mg:sg class="R">nonatomic,</mg:sg><mg:sg class="R"><mg:s/>strong)<mg:s/>N</mg:sg><mg:sg class="R">SDictionar</mg:sg><mg:sg class="R">y<mg:s/>*linkTex</mg:sg><mg:sg class="R">tMsg;<mg:lf/></mg:sg></mg:ln>
</mg:row>
<mg:row>
<mg:ln file="1" number="207" class="R"><mg:sg class="R">@property(</mg:sg><mg:sg class="R">nonatomic,</mg:sg><mg:sg class="R"><mg:s/>strong)<mg:s/>N</mg:sg><mg:sg class="R">SDictionar</mg:sg><mg:sg class="R">y&lt;NSString</mg:sg><mg:sg class="R"><mg:s/>*,<mg:s/>NSStri</mg:sg><mg:sg class="R">ng<mg:s/>*&gt;<mg:s/>*aLi</mg:sg><mg:sg class="R">nkParams;<mg:lf/></mg:sg></mg:ln>
</mg:row>
<mg:row>
<mg:ln file="1" number="208" class="R"><mg:sg class="R">@property(</mg:sg><mg:sg class="R">nonatomic,</mg:sg><mg:sg class="R"><mg:s/>strong)<mg:s/>N</mg:sg><mg:sg class="R">SDictionar</mg:sg><mg:sg class="R">y&lt;NSString</mg:sg><mg:sg class="R"><mg:s/>*,<mg:s/>NSStri</mg:sg><mg:sg class="R">ng<mg:s/>*&gt;<mg:s/>*iLi</mg:sg><mg:sg class="R">nkParams;<mg:lf/></mg:sg></mg:ln>
</mg:row>
<mg:row>
<mg:ln file="1" number="209" class="R"><mg:sg class="R"><mg:lf/></mg:sg></mg:ln>
</mg:row>
<mg:row>
<mg:ln file="1" number="210" class="R"><mg:sg class="R">//<mg:s/>--<mg:s/>funp</mg:sg><mg:sg class="R">lus<mg:s/>open<mg:s/>g</mg:sg><mg:sg class="R">raph<mg:s/>--<mg:lf/></mg:sg></mg:ln>
</mg:row>
<mg:row>
<mg:ln file="1" number="211" class="R"><mg:sg class="R">@property(</mg:sg><mg:sg class="R">nonatomic,</mg:sg><mg:sg class="R"><mg:s/>copy)<mg:s/>NSS</mg:sg><mg:sg class="R">tring<mg:s/>*ogN</mg:sg><mg:sg class="R">amespace;<mg:lf/></mg:sg></mg:ln>
</mg:row>
<mg:row>
<mg:ln file="1" number="212" class="R"><mg:sg class="R">@property(</mg:sg><mg:sg class="R">nonatomic,</mg:sg><mg:sg class="R"><mg:s/>copy)<mg:s/>NSS</mg:sg><mg:sg class="R">tring<mg:s/>*ogA</mg:sg><mg:sg class="R">ction;<mg:lf/></mg:sg></mg:ln>
</mg:row>
<mg:row>
<mg:ln file="1" number="213" class="R"><mg:sg class="R">@property(</mg:sg><mg:sg class="R">nonatomic,</mg:sg><mg:sg class="R"><mg:s/>copy)<mg:s/>NSS</mg:sg><mg:sg class="R">tring<mg:s/>*ogO</mg:sg><mg:sg class="R">bject;<mg:lf/></mg:sg></mg:ln>
</mg:row>
<mg:row>
<mg:ln file="1" number="214" class="R"><mg:sg class="R">@property(</mg:sg><mg:sg class="R">nonatomic,</mg:sg><mg:sg class="R"><mg:s/>)<mg:s/>BOOL<mg:s/>us</mg:sg><mg:sg class="R">eApiOnly;<mg:lf/></mg:sg></mg:ln>
</mg:row>
<mg:row>
<mg:ln file="1" number="215" class="R"><mg:sg class="R"><mg:lf/></mg:sg></mg:ln>
</mg:row>
<mg:row>
<mg:ln file="1" number="216" class="R"><mg:sg class="R">//<mg:s/>--<mg:s/>Gare</mg:sg><mg:sg class="R">na<mg:lf/></mg:sg></mg:ln>
</mg:row>
<mg:row>
<mg:ln file="1" number="217" class="R"><mg:sg class="R">@property(</mg:sg><mg:sg class="R">nonatomic,</mg:sg><mg:sg class="R">copy)<mg:s/>NSSt</mg:sg><mg:sg class="R">ring<mg:s/>*obje</mg:sg><mg:sg class="R">ctId;<mg:s/>///&lt;</mg:sg><mg:sg class="R"><mg:s/>FB<mg:s/>Open<mg:s/>g</mg:sg><mg:sg class="R">raph<mg:s/>objec</mg:sg><mg:sg class="R">tid<mg:lf/></mg:sg></mg:ln>
</mg:row>
<mg:row>
<mg:ln file="1" number="218" class="R"><mg:sg class="R">@property(</mg:sg><mg:sg class="R">nonatomic,</mg:sg><mg:sg class="R">copy)<mg:s/>NSSt</mg:sg><mg:sg class="R">ring<mg:s/>*tag;</mg:sg><mg:sg class="R"><mg:lf/></mg:sg></mg:ln>
</mg:row>
<mg:row>
<mg:ln file="1" number="219" class="R"><mg:sg class="R">@property(</mg:sg><mg:sg class="R">nonatomic,</mg:sg><mg:sg class="R"><mg:s/>strong)<mg:s/>N</mg:sg><mg:sg class="R">SDictionar</mg:sg><mg:sg class="R">y<mg:s/>*shareDa</mg:sg><mg:sg class="R">ta;<mg:lf/></mg:sg></mg:ln>
</mg:row>
<mg:row>
<mg:ln file="1" number="220" class="R"><mg:sg class="R">@property(</mg:sg><mg:sg class="R">nonatomic,</mg:sg><mg:sg class="R">assign)<mg:s/>in</mg:sg><mg:sg class="R">t<mg:s/>scene;//</mg:sg><mg:sg class="R">/&lt;<mg:s/>0:<mg:s/>Chat</mg:sg><mg:sg class="R">.<mg:s/>1:<mg:s/>Buzz<mg:lf/></mg:sg></mg:ln>
</mg:row>
<mg:row>
<mg:ln file="1" number="221" class="R"><mg:sg class="R"><mg:lf/></mg:sg></mg:ln>
</mg:row>
<mg:row>
<mg:ln file="1" number="222" class="R"><mg:sg class="R">//new<mg:s/>add<mg:s/></mg:sg><mg:sg class="R">by<mg:s/>darren<mg:lf/></mg:sg></mg:ln>
</mg:row>
<mg:row>
<mg:ln file="1" number="223" class="R"><mg:sg class="R">@property<mg:s/></mg:sg><mg:sg class="R">(nonatomic</mg:sg><mg:sg class="R">,<mg:s/>copy)<mg:s/>NS</mg:sg><mg:sg class="R">String<mg:s/>*us</mg:sg><mg:sg class="R">erName;<mg:lf/></mg:sg></mg:ln>
</mg:row>
<mg:row>
<mg:ln file="1" number="224" class="R"><mg:sg class="R">@property<mg:s/></mg:sg><mg:sg class="R">(nonatomic</mg:sg><mg:sg class="R">,<mg:s/>copy)<mg:s/>NS</mg:sg><mg:sg class="R">String<mg:s/>*us</mg:sg><mg:sg class="R">erID;<mg:lf/></mg:sg></mg:ln>
</mg:row>
<mg:row>
<mg:ln file="1" number="225" class="R"><mg:sg class="R">@property<mg:s/></mg:sg><mg:sg class="R">(nonatomic</mg:sg><mg:sg class="R">,<mg:s/>copy)<mg:s/>NS</mg:sg><mg:sg class="R">String<mg:s/>*fo</mg:sg><mg:sg class="R">llowID;<mg:lf/></mg:sg></mg:ln>
</mg:row>
<mg:row>
<mg:ln file="1" number="226" class="R"><mg:sg class="R">@property<mg:s/></mg:sg><mg:sg class="R">(nonatomic</mg:sg><mg:sg class="R">,<mg:s/>strong)<mg:s/></mg:sg><mg:sg class="R">NSData<mg:s/><mg:s/><mg:s/>*</mg:sg><mg:sg class="R">imageData;</mg:sg><mg:sg class="R"><mg:lf/></mg:sg></mg:ln>
</mg:row>
<mg:row>
<mg:ln file="1" number="227" class="R"><mg:sg class="R">//分享链接需要设置</mg:sg><mg:sg class="R">缩略图<mg:lf/></mg:sg></mg:ln>
</mg:row>
<mg:row>
<mg:ln file="1" number="228" class="R"><mg:sg class="R">@property<mg:s/></mg:sg><mg:sg class="R">(nonatomic</mg:sg><mg:sg class="R">,<mg:s/>strong)<mg:s/></mg:sg><mg:sg class="R">NSData<mg:s/><mg:s/><mg:s/>*</mg:sg><mg:sg class="R"><mg:s/>thumbImag</mg:sg><mg:sg class="R">eData;<mg:lf/></mg:sg></mg:ln>
</mg:row>
<mg:row>
<mg:ln file="1" number="229" class="R"><mg:sg class="R">//会话（<mg:s/>@0<mg:s/>）</mg:sg><mg:sg class="R">、朋友圈（<mg:s/>@1<mg:s/>）</mg:sg><mg:sg class="R">、收藏（<mg:s/>@2<mg:s/>）<mg:lf/></mg:sg></mg:ln>
</mg:row>
<mg:row>
<mg:ln file="1" number="230" class="R"><mg:sg class="R">@property<mg:s/></mg:sg><mg:sg class="R">(nonatomic</mg:sg><mg:sg class="R">,<mg:s/>strong)<mg:s/></mg:sg><mg:sg class="R">NSNumber<mg:s/>*</mg:sg><mg:sg class="R">shareScene</mg:sg><mg:sg class="R">;<mg:lf/></mg:sg></mg:ln>
</mg:row>
<mg:row>
<mg:ln file="1" number="231" class="R"><mg:sg class="R">@property<mg:s/></mg:sg><mg:sg class="R">(nonatomic</mg:sg><mg:sg class="R">,<mg:s/>copy)<mg:s/>NS</mg:sg><mg:sg class="R">String<mg:s/>*co</mg:sg><mg:sg class="R">mment;<mg:lf/></mg:sg></mg:ln>
</mg:row>
<mg:row>
<mg:ln file="1" number="232" class="R"><mg:sg class="R">@end<mg:lf/></mg:sg></mg:ln>
</mg:row>
<mg:row>
<mg:ln file="1" number="233" class="R"><mg:sg class="R"><mg:lf/></mg:sg></mg:ln>
</mg:row>
<mg:row>
<mg:ln file="1" number="234" class="R"><mg:sg class="R">@interface</mg:sg><mg:sg class="R"><mg:s/>NtShareRe</mg:sg><mg:sg class="R">sponse:NSO</mg:sg><mg:sg class="R">bject<mg:lf/></mg:sg></mg:ln>
</mg:row>
<mg:row>
<mg:ln file="1" number="235" class="R"><mg:sg class="R">/**<mg:lf/></mg:sg></mg:ln>
</mg:row>
<mg:row>
<mg:ln file="1" number="236" class="R"><mg:sg class="R"><mg:s/>*<mg:s/><mg:s/>@brief</mg:sg><mg:sg class="R"><mg:s/>响应类型，预留参数</mg:sg><mg:sg class="R"><mg:lf/></mg:sg></mg:ln>
</mg:row>
<mg:row>
<mg:ln file="1" number="237" class="R"><mg:sg class="R"><mg:s/>*/<mg:lf/></mg:sg></mg:ln>
</mg:row>
<mg:row>
<mg:ln file="1" number="238" class="R"><mg:sg class="R">@property<mg:s/></mg:sg><mg:sg class="R">(nonatomic</mg:sg><mg:sg class="R">,assign)<mg:s/>N</mg:sg><mg:sg class="R">SInteger<mg:s/>t</mg:sg><mg:sg class="R">ype;<mg:lf/></mg:sg></mg:ln>
</mg:row>
<mg:row>
<mg:ln file="1" number="239" class="R"><mg:sg class="R">/**<mg:lf/></mg:sg></mg:ln>
</mg:row>
<mg:row>
<mg:ln file="1" number="240" class="R"><mg:sg class="R"><mg:s/>*<mg:s/><mg:s/>@brief</mg:sg><mg:sg class="R"><mg:s/>错误码<mg:lf/></mg:sg></mg:ln>
</mg:row>
<mg:row>
<mg:ln file="1" number="241" class="R"><mg:sg class="R"><mg:s/>*/<mg:lf/></mg:sg></mg:ln>
</mg:row>
<mg:row>
<mg:ln file="1" number="242" class="R"><mg:sg class="R">@property<mg:s/></mg:sg><mg:sg class="R">(nonatomic</mg:sg><mg:sg class="R">,assign)<mg:s/>N</mg:sg><mg:sg class="R">SInteger<mg:s/>c</mg:sg><mg:sg class="R">ode;<mg:lf/></mg:sg></mg:ln>
</mg:row>
<mg:row>
<mg:ln file="1" number="243" class="R"><mg:sg class="R">/**<mg:lf/></mg:sg></mg:ln>
</mg:row>
<mg:row>
<mg:ln file="1" number="244" class="R"><mg:sg class="R"><mg:s/>*<mg:s/><mg:s/>@brief</mg:sg><mg:sg class="R"><mg:s/>错误提示字符串<mg:lf/></mg:sg></mg:ln>
</mg:row>
<mg:row>
<mg:ln file="1" number="245" class="R"><mg:sg class="R"><mg:s/>*/<mg:lf/></mg:sg></mg:ln>
</mg:row>
<mg:row>
<mg:ln file="1" number="246" class="R"><mg:sg class="R">@property<mg:s/></mg:sg><mg:sg class="R">(nonatomic</mg:sg><mg:sg class="R">,retain)<mg:s/>N</mg:sg><mg:sg class="R">SString<mg:s/>*e</mg:sg><mg:sg class="R">rrDescript</mg:sg><mg:sg class="R">ion;<mg:lf/></mg:sg></mg:ln>
</mg:row>
<mg:row>
<mg:ln file="1" number="247" class="R"><mg:sg class="R">@end<mg:lf/></mg:sg></mg:ln>
</mg:row>
<mg:row>
<mg:ln file="1" number="248" class="R"><mg:sg class="R"><mg:lf/></mg:sg></mg:ln>
</mg:row>
</mg:rowGroup>
</mg:rowData>
</mg:report>
