﻿<?xml version="1.0" encoding="UTF-8" ?>

<mg:report version="1.0" xmlns:mg="http://www.araxis.com/2002/Merge/Reporting" type="FileComparison">
<mg:metaData>
  <mg:title>Araxis Merge File Comparison Report</mg:title>
  <mg:id show="true">1008</mg:id>
  <mg:date>2019/4/19 20:25:39</mg:date>
<mg:options>
<mg:option name="clIgnoreDifferencesInWhitespaceAtTheStartOfLines">0</mg:option>
<mg:option name="clIgnoreDifferencesInWhitespaceAtTheEndOfLines">0</mg:option>
<mg:option name="clTreatConsecutiveWhitespaceAsASingleSpace">1</mg:option>
<mg:option name="clIgnoreAllDifferencesInWhitespace">0</mg:option>
<mg:option name="clWhitespaceSignificant">0</mg:option>
<mg:option name="clIgnoreCase">0</mg:option>
<mg:option name="clIgnoreLineEndings">1</mg:option>
<mg:option name="clHideCRLF">1</mg:option>
<mg:option name="clShowLineNums">1</mg:option>
<mg:option name="clShowOmittedLinesRow">0</mg:option>

<mg:regexps>
<mg:regexp enabled="false">
<mg:expression>^[ \t]*$</mg:expression>
<mg:description>Blank lines</mg:description>
</mg:regexp>
<mg:regexp enabled="false">
<mg:expression>[ \t]*//[^&quot;]*$</mg:expression>
<mg:description>C++ comments</mg:description>
</mg:regexp>
<mg:regexp enabled="false">
<mg:expression>^[ \t]*//.*\$(Date|Archive|Author|Header|JustDate|Modtime|Revision|Workfile):.*\$.*$</mg:expression>
<mg:description>SourceSafe comments</mg:description>
</mg:regexp>
<mg:regexp enabled="false">
<mg:expression>^[ \t]*//(:(Header|Source):|.*Generated.*Genitor).*\$</mg:expression>
<mg:description>Genitor comments</mg:description>
</mg:regexp>
<mg:regexp enabled="false">
<mg:expression>\$(Archive|Author|Date|Header|JustDate|Logfile|Modtime|Revision|Workfile):[^$]*\$</mg:expression>
<mg:description>SourceSafe keywords</mg:description>
</mg:regexp>
<mg:regexp enabled="false">
<mg:expression>^[ \t]*'.*$</mg:expression>
<mg:description>Visual Basic comments</mg:description>
</mg:regexp>
<mg:regexp enabled="false">
<mg:expression>\$(Author|Date|Header|Id|Locker|Name|RCSfile|Revision|Source|State):[^$]*\$</mg:expression>
<mg:description>CVS comments</mg:description>
</mg:regexp>
<mg:regexp enabled="false">
<mg:expression>\$(ACident|ACheader|AClog|ACpart|ACversion|Author|Date|Header|Line|Locker|Log|Revision|Smsfile|Smspath|Today|Vcfile|Vcpath|Workfile):?[^$]*\$</mg:expression>
<mg:description>AllChange keywords</mg:description>
</mg:regexp>
<mg:regexp enabled="false">
<mg:expression></mg:expression>
<mg:description></mg:description>
</mg:regexp>
<mg:regexp enabled="false">
<mg:expression></mg:expression>
<mg:description></mg:description>
</mg:regexp>
</mg:regexps>
</mg:options>
<mg:fileDetails file="1">
  <mg:name></mg:name>
  <mg:title></mg:title>
  <mg:location></mg:location>
  <mg:lastModified>Fri Apr 19 12:25:39 2019 UTC</mg:lastModified>
</mg:fileDetails>
<mg:fileDetails file="2">
  <mg:name>FIRUserPropertyNames.h</mg:name>
  <mg:title></mg:title>
  <mg:location>E:\MA75\tgc_main\Prototypes\Sky\Sky\iphoneos\Frameworks\FirebaseAnalytics.framework\Headers</mg:location>
  <mg:lastModified>Thu Jan 17 03:38:34 2019 UTC</mg:lastModified>
</mg:fileDetails>
<mg:fileDetails file="3">
  <mg:name>FIRUserPropertyNames.h</mg:name>
  <mg:title></mg:title>
  <mg:location>E:\MA75\tgc_mainOld\Prototypes\Sky\Sky\iphoneos\Frameworks\FirebaseAnalytics.framework\Headers</mg:location>
  <mg:lastModified>Fri Apr 19 11:19:53 2019 UTC</mg:lastModified>
</mg:fileDetails>
<mg:changeSummaries>
  <mg:changeSummary files="1,2">
	  <mg:changeCount type="unchanged" blocks1="0" blocks2="0" blocks="0" lines1="0" lines2="0" lines="0" />
	  <mg:changeCount type="removed" blocks1="0" blocks2="0" blocks="0" lines1="0" lines2="0" lines="0" />
	  <mg:changeCount type="inserted" blocks1="0" blocks2="1" blocks="1" lines1="0" lines2="17" lines="17" />
	  <mg:changeCount type="changed" blocks1="0" blocks2="0" blocks="0" lines1="0" lines2="0" lines="0" />
  </mg:changeSummary>
<mg:changeSummary files="2,3">
	  <mg:changeCount type="unchanged" blocks1="1" blocks2="1" blocks="1" lines1="17" lines2="17" lines="34" />
	  <mg:changeCount type="removed" blocks1="0" blocks2="0" blocks="0" lines1="0" lines2="0" lines="0" />
	  <mg:changeCount type="inserted" blocks1="0" blocks2="0" blocks="0" lines1="0" lines2="0" lines="0" />
	  <mg:changeCount type="changed" blocks1="0" blocks2="0" blocks="0" lines1="0" lines2="0" lines="0" />
  </mg:changeSummary>
<mg:changeSummary files="1,2,3"><mg:changeCount type="removed" blocks="1" lines="17"/><mg:changeCount type="inserted" blocks="0" lines="0"/><mg:changeCount type="changed" blocks="0" lines="0"/><mg:changeCount type="conflicts" count="0"/></mg:changeSummary></mg:changeSummaries>
		<mg:classes file="1">
<mg:class name="U">
<mg:cssAttribute name="color">#000000</mg:cssAttribute>
<mg:cssAttribute name="background-color">#FFFFFF</mg:cssAttribute>
<mg:cssAttribute name="font-family">Consolas</mg:cssAttribute>
<mg:cssAttribute name="font-weight">normal</mg:cssAttribute>
<mg:cssAttribute name="font-style">normal</mg:cssAttribute>
<mg:cssAttribute name="font-size">9pt</mg:cssAttribute>
<mg:cssAttribute name="text-decoration">none</mg:cssAttribute>
</mg:class>
<mg:class name="R">
<mg:cssAttribute name="color">#800000</mg:cssAttribute>
<mg:cssAttribute name="background-color">#F3E6D8</mg:cssAttribute>
<mg:cssAttribute name="font-family">Consolas</mg:cssAttribute>
<mg:cssAttribute name="font-weight">normal</mg:cssAttribute>
<mg:cssAttribute name="font-style">normal</mg:cssAttribute>
<mg:cssAttribute name="font-size">9pt</mg:cssAttribute>
<mg:cssAttribute name="text-decoration">none</mg:cssAttribute>
</mg:class>
<mg:class name="I">
<mg:cssAttribute name="color">#800000</mg:cssAttribute>
<mg:cssAttribute name="background-color">#D1E8CF</mg:cssAttribute>
<mg:cssAttribute name="font-family">Consolas</mg:cssAttribute>
<mg:cssAttribute name="font-weight">normal</mg:cssAttribute>
<mg:cssAttribute name="font-style">normal</mg:cssAttribute>
<mg:cssAttribute name="font-size">9pt</mg:cssAttribute>
<mg:cssAttribute name="text-decoration">none</mg:cssAttribute>
</mg:class>
<mg:class name="C">
<mg:cssAttribute name="color">#800000</mg:cssAttribute>
<mg:cssAttribute name="background-color">#DACDE6</mg:cssAttribute>
<mg:cssAttribute name="font-family">Consolas</mg:cssAttribute>
<mg:cssAttribute name="font-weight">normal</mg:cssAttribute>
<mg:cssAttribute name="font-style">normal</mg:cssAttribute>
<mg:cssAttribute name="font-size">9pt</mg:cssAttribute>
<mg:cssAttribute name="text-decoration">none</mg:cssAttribute>
</mg:class>
		</mg:classes>
		<mg:classes file="2">
<mg:class name="UU">
<mg:cssAttribute name="color">#000000</mg:cssAttribute>
<mg:cssAttribute name="background-color">#FFFFFF</mg:cssAttribute>
<mg:cssAttribute name="font-family">Consolas</mg:cssAttribute>
<mg:cssAttribute name="font-weight">normal</mg:cssAttribute>
<mg:cssAttribute name="font-style">normal</mg:cssAttribute>
<mg:cssAttribute name="font-size">9pt</mg:cssAttribute>
<mg:cssAttribute name="text-decoration">none</mg:cssAttribute>
</mg:class>
<mg:class name="UR">
<mg:cssAttribute name="color">#400000</mg:cssAttribute>
<mg:cssAttribute name="background-color">#F9F2EB</mg:cssAttribute>
<mg:cssAttribute name="font-family">Consolas</mg:cssAttribute>
<mg:cssAttribute name="font-weight">normal</mg:cssAttribute>
<mg:cssAttribute name="font-style">normal</mg:cssAttribute>
<mg:cssAttribute name="font-size">9pt</mg:cssAttribute>
<mg:cssAttribute name="text-decoration">none</mg:cssAttribute>
</mg:class>
<mg:class name="UI">
<mg:cssAttribute name="color">#400000</mg:cssAttribute>
<mg:cssAttribute name="background-color">#E8F3E7</mg:cssAttribute>
<mg:cssAttribute name="font-family">Consolas</mg:cssAttribute>
<mg:cssAttribute name="font-weight">normal</mg:cssAttribute>
<mg:cssAttribute name="font-style">normal</mg:cssAttribute>
<mg:cssAttribute name="font-size">9pt</mg:cssAttribute>
<mg:cssAttribute name="text-decoration">none</mg:cssAttribute>
</mg:class>
<mg:class name="UC">
<mg:cssAttribute name="color">#400000</mg:cssAttribute>
<mg:cssAttribute name="background-color">#ECE6F2</mg:cssAttribute>
<mg:cssAttribute name="font-family">Consolas</mg:cssAttribute>
<mg:cssAttribute name="font-weight">normal</mg:cssAttribute>
<mg:cssAttribute name="font-style">normal</mg:cssAttribute>
<mg:cssAttribute name="font-size">9pt</mg:cssAttribute>
<mg:cssAttribute name="text-decoration">none</mg:cssAttribute>
</mg:class>
<mg:class name="RU">
<mg:cssAttribute name="color">#400000</mg:cssAttribute>
<mg:cssAttribute name="background-color">#F9F2EB</mg:cssAttribute>
<mg:cssAttribute name="font-family">Consolas</mg:cssAttribute>
<mg:cssAttribute name="font-weight">normal</mg:cssAttribute>
<mg:cssAttribute name="font-style">normal</mg:cssAttribute>
<mg:cssAttribute name="font-size">9pt</mg:cssAttribute>
<mg:cssAttribute name="text-decoration">none</mg:cssAttribute>
</mg:class>
<mg:class name="RR">
<mg:cssAttribute name="color">#800000</mg:cssAttribute>
<mg:cssAttribute name="background-color">#F3E6D8</mg:cssAttribute>
<mg:cssAttribute name="font-family">Consolas</mg:cssAttribute>
<mg:cssAttribute name="font-weight">normal</mg:cssAttribute>
<mg:cssAttribute name="font-style">normal</mg:cssAttribute>
<mg:cssAttribute name="font-size">9pt</mg:cssAttribute>
<mg:cssAttribute name="text-decoration">none</mg:cssAttribute>
</mg:class>
<mg:class name="RI">
<mg:cssAttribute name="color">#800000</mg:cssAttribute>
<mg:cssAttribute name="background-color">#E2E7D3</mg:cssAttribute>
<mg:cssAttribute name="font-family">Consolas</mg:cssAttribute>
<mg:cssAttribute name="font-weight">normal</mg:cssAttribute>
<mg:cssAttribute name="font-style">normal</mg:cssAttribute>
<mg:cssAttribute name="font-size">9pt</mg:cssAttribute>
<mg:cssAttribute name="text-decoration">none</mg:cssAttribute>
</mg:class>
<mg:class name="RC">
<mg:cssAttribute name="color">#800000</mg:cssAttribute>
<mg:cssAttribute name="background-color">#E6D9DF</mg:cssAttribute>
<mg:cssAttribute name="font-family">Consolas</mg:cssAttribute>
<mg:cssAttribute name="font-weight">normal</mg:cssAttribute>
<mg:cssAttribute name="font-style">normal</mg:cssAttribute>
<mg:cssAttribute name="font-size">9pt</mg:cssAttribute>
<mg:cssAttribute name="text-decoration">none</mg:cssAttribute>
</mg:class>
<mg:class name="IU">
<mg:cssAttribute name="color">#400000</mg:cssAttribute>
<mg:cssAttribute name="background-color">#E8F3E7</mg:cssAttribute>
<mg:cssAttribute name="font-family">Consolas</mg:cssAttribute>
<mg:cssAttribute name="font-weight">normal</mg:cssAttribute>
<mg:cssAttribute name="font-style">normal</mg:cssAttribute>
<mg:cssAttribute name="font-size">9pt</mg:cssAttribute>
<mg:cssAttribute name="text-decoration">none</mg:cssAttribute>
</mg:class>
<mg:class name="IR">
<mg:cssAttribute name="color">#800000</mg:cssAttribute>
<mg:cssAttribute name="background-color">#E2E7D3</mg:cssAttribute>
<mg:cssAttribute name="font-family">Consolas</mg:cssAttribute>
<mg:cssAttribute name="font-weight">normal</mg:cssAttribute>
<mg:cssAttribute name="font-style">normal</mg:cssAttribute>
<mg:cssAttribute name="font-size">9pt</mg:cssAttribute>
<mg:cssAttribute name="text-decoration">none</mg:cssAttribute>
</mg:class>
<mg:class name="II">
<mg:cssAttribute name="color">#800000</mg:cssAttribute>
<mg:cssAttribute name="background-color">#D1E8CF</mg:cssAttribute>
<mg:cssAttribute name="font-family">Consolas</mg:cssAttribute>
<mg:cssAttribute name="font-weight">normal</mg:cssAttribute>
<mg:cssAttribute name="font-style">normal</mg:cssAttribute>
<mg:cssAttribute name="font-size">9pt</mg:cssAttribute>
<mg:cssAttribute name="text-decoration">none</mg:cssAttribute>
</mg:class>
<mg:class name="IC">
<mg:cssAttribute name="color">#800000</mg:cssAttribute>
<mg:cssAttribute name="background-color">#D5DADA</mg:cssAttribute>
<mg:cssAttribute name="font-family">Consolas</mg:cssAttribute>
<mg:cssAttribute name="font-weight">normal</mg:cssAttribute>
<mg:cssAttribute name="font-style">normal</mg:cssAttribute>
<mg:cssAttribute name="font-size">9pt</mg:cssAttribute>
<mg:cssAttribute name="text-decoration">none</mg:cssAttribute>
</mg:class>
<mg:class name="CU">
<mg:cssAttribute name="color">#400000</mg:cssAttribute>
<mg:cssAttribute name="background-color">#ECE6F2</mg:cssAttribute>
<mg:cssAttribute name="font-family">Consolas</mg:cssAttribute>
<mg:cssAttribute name="font-weight">normal</mg:cssAttribute>
<mg:cssAttribute name="font-style">normal</mg:cssAttribute>
<mg:cssAttribute name="font-size">9pt</mg:cssAttribute>
<mg:cssAttribute name="text-decoration">none</mg:cssAttribute>
</mg:class>
<mg:class name="CR">
<mg:cssAttribute name="color">#800000</mg:cssAttribute>
<mg:cssAttribute name="background-color">#E6D9DF</mg:cssAttribute>
<mg:cssAttribute name="font-family">Consolas</mg:cssAttribute>
<mg:cssAttribute name="font-weight">normal</mg:cssAttribute>
<mg:cssAttribute name="font-style">normal</mg:cssAttribute>
<mg:cssAttribute name="font-size">9pt</mg:cssAttribute>
<mg:cssAttribute name="text-decoration">none</mg:cssAttribute>
</mg:class>
<mg:class name="CI">
<mg:cssAttribute name="color">#800000</mg:cssAttribute>
<mg:cssAttribute name="background-color">#D5DADA</mg:cssAttribute>
<mg:cssAttribute name="font-family">Consolas</mg:cssAttribute>
<mg:cssAttribute name="font-weight">normal</mg:cssAttribute>
<mg:cssAttribute name="font-style">normal</mg:cssAttribute>
<mg:cssAttribute name="font-size">9pt</mg:cssAttribute>
<mg:cssAttribute name="text-decoration">none</mg:cssAttribute>
</mg:class>
<mg:class name="CC">
<mg:cssAttribute name="color">#800000</mg:cssAttribute>
<mg:cssAttribute name="background-color">#DACDE6</mg:cssAttribute>
<mg:cssAttribute name="font-family">Consolas</mg:cssAttribute>
<mg:cssAttribute name="font-weight">normal</mg:cssAttribute>
<mg:cssAttribute name="font-style">normal</mg:cssAttribute>
<mg:cssAttribute name="font-size">9pt</mg:cssAttribute>
<mg:cssAttribute name="text-decoration">none</mg:cssAttribute>
</mg:class>
		</mg:classes>
		<mg:classes file="3">
<mg:class name="U">
<mg:cssAttribute name="color">#000000</mg:cssAttribute>
<mg:cssAttribute name="background-color">#FFFFFF</mg:cssAttribute>
<mg:cssAttribute name="font-family">Consolas</mg:cssAttribute>
<mg:cssAttribute name="font-weight">normal</mg:cssAttribute>
<mg:cssAttribute name="font-style">normal</mg:cssAttribute>
<mg:cssAttribute name="font-size">9pt</mg:cssAttribute>
<mg:cssAttribute name="text-decoration">none</mg:cssAttribute>
</mg:class>
<mg:class name="R">
<mg:cssAttribute name="color">#800000</mg:cssAttribute>
<mg:cssAttribute name="background-color">#F3E6D8</mg:cssAttribute>
<mg:cssAttribute name="font-family">Consolas</mg:cssAttribute>
<mg:cssAttribute name="font-weight">normal</mg:cssAttribute>
<mg:cssAttribute name="font-style">normal</mg:cssAttribute>
<mg:cssAttribute name="font-size">9pt</mg:cssAttribute>
<mg:cssAttribute name="text-decoration">none</mg:cssAttribute>
</mg:class>
<mg:class name="I">
<mg:cssAttribute name="color">#800000</mg:cssAttribute>
<mg:cssAttribute name="background-color">#D1E8CF</mg:cssAttribute>
<mg:cssAttribute name="font-family">Consolas</mg:cssAttribute>
<mg:cssAttribute name="font-weight">normal</mg:cssAttribute>
<mg:cssAttribute name="font-style">normal</mg:cssAttribute>
<mg:cssAttribute name="font-size">9pt</mg:cssAttribute>
<mg:cssAttribute name="text-decoration">none</mg:cssAttribute>
</mg:class>
<mg:class name="C">
<mg:cssAttribute name="color">#800000</mg:cssAttribute>
<mg:cssAttribute name="background-color">#DACDE6</mg:cssAttribute>
<mg:cssAttribute name="font-family">Consolas</mg:cssAttribute>
<mg:cssAttribute name="font-weight">normal</mg:cssAttribute>
<mg:cssAttribute name="font-style">normal</mg:cssAttribute>
<mg:cssAttribute name="font-size">9pt</mg:cssAttribute>
<mg:cssAttribute name="text-decoration">none</mg:cssAttribute>
</mg:class>
		</mg:classes>
</mg:metaData>
<mg:rowData>
<mg:rowGroup>
<mg:row>
<mg:ln file="2" number="1" class="IU"><mg:sg class="IU">///<mg:s/>@file<mg:s/></mg:sg><mg:sg class="IU">FIRUserPro</mg:sg><mg:sg class="IU">pertyNames</mg:sg><mg:sg class="IU">.h<mg:lf/></mg:sg></mg:ln>
<mg:ln file="3" number="1" class="U"><mg:sg class="U">///<mg:s/>@file<mg:s/></mg:sg><mg:sg class="U">FIRUserPro</mg:sg><mg:sg class="U">pertyNames</mg:sg><mg:sg class="U">.h<mg:lf/></mg:sg></mg:ln>
</mg:row>
<mg:row>
<mg:ln file="2" number="2" class="IU"><mg:sg class="IU">///<mg:lf/></mg:sg></mg:ln>
<mg:ln file="3" number="2" class="U"><mg:sg class="U">///<mg:lf/></mg:sg></mg:ln>
</mg:row>
<mg:row>
<mg:ln file="2" number="3" class="IU"><mg:sg class="IU">///<mg:s/>Predef</mg:sg><mg:sg class="IU">ined<mg:s/>user<mg:s/></mg:sg><mg:sg class="IU">property<mg:s/>n</mg:sg><mg:sg class="IU">ames.<mg:lf/></mg:sg></mg:ln>
<mg:ln file="3" number="3" class="U"><mg:sg class="U">///<mg:s/>Predef</mg:sg><mg:sg class="U">ined<mg:s/>user<mg:s/></mg:sg><mg:sg class="U">property<mg:s/>n</mg:sg><mg:sg class="U">ames.<mg:lf/></mg:sg></mg:ln>
</mg:row>
<mg:row>
<mg:ln file="2" number="4" class="IU"><mg:sg class="IU">///<mg:lf/></mg:sg></mg:ln>
<mg:ln file="3" number="4" class="U"><mg:sg class="U">///<mg:lf/></mg:sg></mg:ln>
</mg:row>
<mg:row>
<mg:ln file="2" number="5" class="IU"><mg:sg class="IU">///<mg:s/>A<mg:s/>User</mg:sg><mg:sg class="IU">Property<mg:s/>i</mg:sg><mg:sg class="IU">s<mg:s/>an<mg:s/>attri</mg:sg><mg:sg class="IU">bute<mg:s/>that<mg:s/></mg:sg><mg:sg class="IU">describes<mg:s/></mg:sg><mg:sg class="IU">the<mg:s/>app-us</mg:sg><mg:sg class="IU">er.<mg:s/>By<mg:s/>sup</mg:sg><mg:sg class="IU">plying<mg:s/>Use</mg:sg><mg:sg class="IU">rPropertie</mg:sg><mg:sg class="IU">s,<mg:s/>you<mg:s/>can</mg:sg><mg:sg class="IU"><mg:lf/></mg:sg></mg:ln>
<mg:ln file="3" number="5" class="U"><mg:sg class="U">///<mg:s/>A<mg:s/>User</mg:sg><mg:sg class="U">Property<mg:s/>i</mg:sg><mg:sg class="U">s<mg:s/>an<mg:s/>attri</mg:sg><mg:sg class="U">bute<mg:s/>that<mg:s/></mg:sg><mg:sg class="U">describes<mg:s/></mg:sg><mg:sg class="U">the<mg:s/>app-us</mg:sg><mg:sg class="U">er.<mg:s/>By<mg:s/>sup</mg:sg><mg:sg class="U">plying<mg:s/>Use</mg:sg><mg:sg class="U">rPropertie</mg:sg><mg:sg class="U">s,<mg:s/>you<mg:s/>can</mg:sg><mg:sg class="U"><mg:lf/></mg:sg></mg:ln>
</mg:row>
<mg:row>
<mg:ln file="2" number="6" class="IU"><mg:sg class="IU">///<mg:s/>later<mg:s/></mg:sg><mg:sg class="IU">analyze<mg:s/>di</mg:sg><mg:sg class="IU">fferent<mg:s/>be</mg:sg><mg:sg class="IU">haviors<mg:s/>of</mg:sg><mg:sg class="IU"><mg:s/>various<mg:s/>s</mg:sg><mg:sg class="IU">egments<mg:s/>of</mg:sg><mg:sg class="IU"><mg:s/>your<mg:s/>user</mg:sg><mg:sg class="IU">base.<mg:s/>You<mg:s/></mg:sg><mg:sg class="IU">may<mg:s/>supply</mg:sg><mg:sg class="IU"><mg:s/>up<mg:s/>to<mg:s/>25<mg:lf/></mg:sg></mg:ln>
<mg:ln file="3" number="6" class="U"><mg:sg class="U">///<mg:s/>later<mg:s/></mg:sg><mg:sg class="U">analyze<mg:s/>di</mg:sg><mg:sg class="U">fferent<mg:s/>be</mg:sg><mg:sg class="U">haviors<mg:s/>of</mg:sg><mg:sg class="U"><mg:s/>various<mg:s/>s</mg:sg><mg:sg class="U">egments<mg:s/>of</mg:sg><mg:sg class="U"><mg:s/>your<mg:s/>user</mg:sg><mg:sg class="U">base.<mg:s/>You<mg:s/></mg:sg><mg:sg class="U">may<mg:s/>supply</mg:sg><mg:sg class="U"><mg:s/>up<mg:s/>to<mg:s/>25<mg:lf/></mg:sg></mg:ln>
</mg:row>
<mg:row>
<mg:ln file="2" number="7" class="IU"><mg:sg class="IU">///<mg:s/>unique</mg:sg><mg:sg class="IU"><mg:s/>UserPrope</mg:sg><mg:sg class="IU">rties<mg:s/>per<mg:s/></mg:sg><mg:sg class="IU">app,<mg:s/>and<mg:s/>y</mg:sg><mg:sg class="IU">ou<mg:s/>can<mg:s/>use</mg:sg><mg:sg class="IU"><mg:s/>the<mg:s/>name<mg:s/></mg:sg><mg:sg class="IU">and<mg:s/>value<mg:s/></mg:sg><mg:sg class="IU">of<mg:s/>your<mg:s/>ch</mg:sg><mg:sg class="IU">oosing<mg:s/>for</mg:sg><mg:sg class="IU"><mg:s/>each<mg:s/>one.</mg:sg><mg:sg class="IU"><mg:lf/></mg:sg></mg:ln>
<mg:ln file="3" number="7" class="U"><mg:sg class="U">///<mg:s/>unique</mg:sg><mg:sg class="U"><mg:s/>UserPrope</mg:sg><mg:sg class="U">rties<mg:s/>per<mg:s/></mg:sg><mg:sg class="U">app,<mg:s/>and<mg:s/>y</mg:sg><mg:sg class="U">ou<mg:s/>can<mg:s/>use</mg:sg><mg:sg class="U"><mg:s/>the<mg:s/>name<mg:s/></mg:sg><mg:sg class="U">and<mg:s/>value<mg:s/></mg:sg><mg:sg class="U">of<mg:s/>your<mg:s/>ch</mg:sg><mg:sg class="U">oosing<mg:s/>for</mg:sg><mg:sg class="U"><mg:s/>each<mg:s/>one.</mg:sg><mg:sg class="U"><mg:lf/></mg:sg></mg:ln>
</mg:row>
<mg:row>
<mg:ln file="2" number="8" class="IU"><mg:sg class="IU">///<mg:s/>UserPr</mg:sg><mg:sg class="IU">operty<mg:s/>nam</mg:sg><mg:sg class="IU">es<mg:s/>can<mg:s/>be<mg:s/></mg:sg><mg:sg class="IU">up<mg:s/>to<mg:s/>24<mg:s/>c</mg:sg><mg:sg class="IU">haracters<mg:s/></mg:sg><mg:sg class="IU">long,<mg:s/>may<mg:s/></mg:sg><mg:sg class="IU">only<mg:s/>conta</mg:sg><mg:sg class="IU">in<mg:s/>alphanu</mg:sg><mg:sg class="IU">meric<mg:s/>char</mg:sg><mg:sg class="IU">acters<mg:s/>and</mg:sg><mg:sg class="IU"><mg:lf/></mg:sg></mg:ln>
<mg:ln file="3" number="8" class="U"><mg:sg class="U">///<mg:s/>UserPr</mg:sg><mg:sg class="U">operty<mg:s/>nam</mg:sg><mg:sg class="U">es<mg:s/>can<mg:s/>be<mg:s/></mg:sg><mg:sg class="U">up<mg:s/>to<mg:s/>24<mg:s/>c</mg:sg><mg:sg class="U">haracters<mg:s/></mg:sg><mg:sg class="U">long,<mg:s/>may<mg:s/></mg:sg><mg:sg class="U">only<mg:s/>conta</mg:sg><mg:sg class="U">in<mg:s/>alphanu</mg:sg><mg:sg class="U">meric<mg:s/>char</mg:sg><mg:sg class="U">acters<mg:s/>and</mg:sg><mg:sg class="U"><mg:lf/></mg:sg></mg:ln>
</mg:row>
<mg:row>
<mg:ln file="2" number="9" class="IU"><mg:sg class="IU">///<mg:s/>unders</mg:sg><mg:sg class="IU">cores<mg:s/>(&quot;_&quot;</mg:sg><mg:sg class="IU">),<mg:s/>and<mg:s/>mus</mg:sg><mg:sg class="IU">t<mg:s/>start<mg:s/>wi</mg:sg><mg:sg class="IU">th<mg:s/>an<mg:s/>alph</mg:sg><mg:sg class="IU">abetic<mg:s/>cha</mg:sg><mg:sg class="IU">racter.<mg:s/>Us</mg:sg><mg:sg class="IU">erProperty</mg:sg><mg:sg class="IU"><mg:s/>values<mg:s/>ca</mg:sg><mg:sg class="IU">n<mg:s/>be<mg:s/>up<mg:s/>to</mg:sg><mg:sg class="IU"><mg:lf/></mg:sg></mg:ln>
<mg:ln file="3" number="9" class="U"><mg:sg class="U">///<mg:s/>unders</mg:sg><mg:sg class="U">cores<mg:s/>(&quot;_&quot;</mg:sg><mg:sg class="U">),<mg:s/>and<mg:s/>mus</mg:sg><mg:sg class="U">t<mg:s/>start<mg:s/>wi</mg:sg><mg:sg class="U">th<mg:s/>an<mg:s/>alph</mg:sg><mg:sg class="U">abetic<mg:s/>cha</mg:sg><mg:sg class="U">racter.<mg:s/>Us</mg:sg><mg:sg class="U">erProperty</mg:sg><mg:sg class="U"><mg:s/>values<mg:s/>ca</mg:sg><mg:sg class="U">n<mg:s/>be<mg:s/>up<mg:s/>to</mg:sg><mg:sg class="U"><mg:lf/></mg:sg></mg:ln>
</mg:row>
<mg:row>
<mg:ln file="2" number="10" class="IU"><mg:sg class="IU">///<mg:s/>36<mg:s/>cha</mg:sg><mg:sg class="IU">racters<mg:s/>lo</mg:sg><mg:sg class="IU">ng.<mg:s/>The<mg:s/>&quot;f</mg:sg><mg:sg class="IU">irebase_&quot;,</mg:sg><mg:sg class="IU"><mg:s/>&quot;google_&quot;</mg:sg><mg:sg class="IU">,<mg:s/>and<mg:s/>&quot;ga_</mg:sg><mg:sg class="IU">&quot;<mg:s/>prefixes</mg:sg><mg:sg class="IU"><mg:s/>are<mg:s/>reser</mg:sg><mg:sg class="IU">ved<mg:s/>and<mg:s/>sh</mg:sg><mg:sg class="IU">ould<mg:s/>not<mg:lf/></mg:sg></mg:ln>
<mg:ln file="3" number="10" class="U"><mg:sg class="U">///<mg:s/>36<mg:s/>cha</mg:sg><mg:sg class="U">racters<mg:s/>lo</mg:sg><mg:sg class="U">ng.<mg:s/>The<mg:s/>&quot;f</mg:sg><mg:sg class="U">irebase_&quot;,</mg:sg><mg:sg class="U"><mg:s/>&quot;google_&quot;</mg:sg><mg:sg class="U">,<mg:s/>and<mg:s/>&quot;ga_</mg:sg><mg:sg class="U">&quot;<mg:s/>prefixes</mg:sg><mg:sg class="U"><mg:s/>are<mg:s/>reser</mg:sg><mg:sg class="U">ved<mg:s/>and<mg:s/>sh</mg:sg><mg:sg class="U">ould<mg:s/>not<mg:lf/></mg:sg></mg:ln>
</mg:row>
<mg:row>
<mg:ln file="2" number="11" class="IU"><mg:sg class="IU">///<mg:s/>be<mg:s/>use</mg:sg><mg:sg class="IU">d.<mg:lf/></mg:sg></mg:ln>
<mg:ln file="3" number="11" class="U"><mg:sg class="U">///<mg:s/>be<mg:s/>use</mg:sg><mg:sg class="U">d.<mg:lf/></mg:sg></mg:ln>
</mg:row>
<mg:row>
<mg:ln file="2" number="12" class="IU"><mg:sg class="IU"><mg:lf/></mg:sg></mg:ln>
<mg:ln file="3" number="12" class="U"><mg:sg class="U"><mg:lf/></mg:sg></mg:ln>
</mg:row>
<mg:row>
<mg:ln file="2" number="13" class="IU"><mg:sg class="IU">#import<mg:s/>&lt;F</mg:sg><mg:sg class="IU">oundation/</mg:sg><mg:sg class="IU">Foundation</mg:sg><mg:sg class="IU">.h&gt;<mg:lf/></mg:sg></mg:ln>
<mg:ln file="3" number="13" class="U"><mg:sg class="U">#import<mg:s/>&lt;F</mg:sg><mg:sg class="U">oundation/</mg:sg><mg:sg class="U">Foundation</mg:sg><mg:sg class="U">.h&gt;<mg:lf/></mg:sg></mg:ln>
</mg:row>
<mg:row>
<mg:ln file="2" number="14" class="IU"><mg:sg class="IU"><mg:lf/></mg:sg></mg:ln>
<mg:ln file="3" number="14" class="U"><mg:sg class="U"><mg:lf/></mg:sg></mg:ln>
</mg:row>
<mg:row>
<mg:ln file="2" number="15" class="IU"><mg:sg class="IU">///<mg:s/>The<mg:s/>me</mg:sg><mg:sg class="IU">thod<mg:s/>used<mg:s/></mg:sg><mg:sg class="IU">to<mg:s/>sign<mg:s/>in</mg:sg><mg:sg class="IU">.<mg:s/>For<mg:s/>exam</mg:sg><mg:sg class="IU">ple,<mg:s/>&quot;goog</mg:sg><mg:sg class="IU">le&quot;,<mg:s/>&quot;face</mg:sg><mg:sg class="IU">book&quot;<mg:s/>or<mg:s/>&quot;</mg:sg><mg:sg class="IU">twitter&quot;.<mg:lf/></mg:sg></mg:ln>
<mg:ln file="3" number="15" class="U"><mg:sg class="U">///<mg:s/>The<mg:s/>me</mg:sg><mg:sg class="U">thod<mg:s/>used<mg:s/></mg:sg><mg:sg class="U">to<mg:s/>sign<mg:s/>in</mg:sg><mg:sg class="U">.<mg:s/>For<mg:s/>exam</mg:sg><mg:sg class="U">ple,<mg:s/>&quot;goog</mg:sg><mg:sg class="U">le&quot;,<mg:s/>&quot;face</mg:sg><mg:sg class="U">book&quot;<mg:s/>or<mg:s/>&quot;</mg:sg><mg:sg class="U">twitter&quot;.<mg:lf/></mg:sg></mg:ln>
</mg:row>
<mg:row>
<mg:ln file="2" number="16" class="IU"><mg:sg class="IU">static<mg:s/>NSS</mg:sg><mg:sg class="IU">tring<mg:s/>*con</mg:sg><mg:sg class="IU">st<mg:s/>kFIRUse</mg:sg><mg:sg class="IU">rPropertyS</mg:sg><mg:sg class="IU">ignUpMetho</mg:sg><mg:sg class="IU">d<mg:lf/></mg:sg></mg:ln>
<mg:ln file="3" number="16" class="U"><mg:sg class="U">static<mg:s/>NSS</mg:sg><mg:sg class="U">tring<mg:s/>*con</mg:sg><mg:sg class="U">st<mg:s/>kFIRUse</mg:sg><mg:sg class="U">rPropertyS</mg:sg><mg:sg class="U">ignUpMetho</mg:sg><mg:sg class="U">d<mg:lf/></mg:sg></mg:ln>
</mg:row>
<mg:row>
<mg:ln file="2" number="17" class="IU"><mg:sg class="IU"><mg:s/><mg:s/><mg:s/><mg:s/>NS_SWI</mg:sg><mg:sg class="IU">FT_NAME(An</mg:sg><mg:sg class="IU">alyticsUse</mg:sg><mg:sg class="IU">rPropertyS</mg:sg><mg:sg class="IU">ignUpMetho</mg:sg><mg:sg class="IU">d)<mg:s/>=<mg:s/>@&quot;sig</mg:sg><mg:sg class="IU">n_up_metho</mg:sg><mg:sg class="IU">d&quot;;<mg:lf/></mg:sg></mg:ln>
<mg:ln file="3" number="17" class="U"><mg:sg class="U"><mg:s/><mg:s/><mg:s/><mg:s/>NS_SWI</mg:sg><mg:sg class="U">FT_NAME(An</mg:sg><mg:sg class="U">alyticsUse</mg:sg><mg:sg class="U">rPropertyS</mg:sg><mg:sg class="U">ignUpMetho</mg:sg><mg:sg class="U">d)<mg:s/>=<mg:s/>@&quot;sig</mg:sg><mg:sg class="U">n_up_metho</mg:sg><mg:sg class="U">d&quot;;<mg:lf/></mg:sg></mg:ln>
</mg:row>
</mg:rowGroup>
</mg:rowData>
</mg:report>
