﻿<?xml version="1.0" encoding="UTF-8" ?>

<mg:report version="1.0" xmlns:mg="http://www.araxis.com/2002/Merge/Reporting" type="FileComparison">
<mg:metaData>
  <mg:title>Araxis Merge File Comparison Report</mg:title>
  <mg:id show="true">1011</mg:id>
  <mg:date>2019/4/19 20:25:39</mg:date>
<mg:options>
<mg:option name="clIgnoreDifferencesInWhitespaceAtTheStartOfLines">0</mg:option>
<mg:option name="clIgnoreDifferencesInWhitespaceAtTheEndOfLines">0</mg:option>
<mg:option name="clTreatConsecutiveWhitespaceAsASingleSpace">1</mg:option>
<mg:option name="clIgnoreAllDifferencesInWhitespace">0</mg:option>
<mg:option name="clWhitespaceSignificant">0</mg:option>
<mg:option name="clIgnoreCase">0</mg:option>
<mg:option name="clIgnoreLineEndings">1</mg:option>
<mg:option name="clHideCRLF">1</mg:option>
<mg:option name="clShowLineNums">1</mg:option>
<mg:option name="clShowOmittedLinesRow">0</mg:option>

<mg:regexps>
<mg:regexp enabled="false">
<mg:expression>^[ \t]*$</mg:expression>
<mg:description>Blank lines</mg:description>
</mg:regexp>
<mg:regexp enabled="false">
<mg:expression>[ \t]*//[^&quot;]*$</mg:expression>
<mg:description>C++ comments</mg:description>
</mg:regexp>
<mg:regexp enabled="false">
<mg:expression>^[ \t]*//.*\$(Date|Archive|Author|Header|JustDate|Modtime|Revision|Workfile):.*\$.*$</mg:expression>
<mg:description>SourceSafe comments</mg:description>
</mg:regexp>
<mg:regexp enabled="false">
<mg:expression>^[ \t]*//(:(Header|Source):|.*Generated.*Genitor).*\$</mg:expression>
<mg:description>Genitor comments</mg:description>
</mg:regexp>
<mg:regexp enabled="false">
<mg:expression>\$(Archive|Author|Date|Header|JustDate|Logfile|Modtime|Revision|Workfile):[^$]*\$</mg:expression>
<mg:description>SourceSafe keywords</mg:description>
</mg:regexp>
<mg:regexp enabled="false">
<mg:expression>^[ \t]*'.*$</mg:expression>
<mg:description>Visual Basic comments</mg:description>
</mg:regexp>
<mg:regexp enabled="false">
<mg:expression>\$(Author|Date|Header|Id|Locker|Name|RCSfile|Revision|Source|State):[^$]*\$</mg:expression>
<mg:description>CVS comments</mg:description>
</mg:regexp>
<mg:regexp enabled="false">
<mg:expression>\$(ACident|ACheader|AClog|ACpart|ACversion|Author|Date|Header|Line|Locker|Log|Revision|Smsfile|Smspath|Today|Vcfile|Vcpath|Workfile):?[^$]*\$</mg:expression>
<mg:description>AllChange keywords</mg:description>
</mg:regexp>
<mg:regexp enabled="false">
<mg:expression></mg:expression>
<mg:description></mg:description>
</mg:regexp>
<mg:regexp enabled="false">
<mg:expression></mg:expression>
<mg:description></mg:description>
</mg:regexp>
</mg:regexps>
</mg:options>
<mg:fileDetails file="1">
  <mg:name></mg:name>
  <mg:title></mg:title>
  <mg:location></mg:location>
  <mg:lastModified>Fri Apr 19 12:25:39 2019 UTC</mg:lastModified>
</mg:fileDetails>
<mg:fileDetails file="2">
  <mg:name>FIRConfiguration.h</mg:name>
  <mg:title></mg:title>
  <mg:location>E:\MA75\tgc_main\Prototypes\Sky\Sky\iphoneos\Frameworks\FirebaseCore.framework\Headers</mg:location>
  <mg:lastModified>Thu Jan 17 03:38:32 2019 UTC</mg:lastModified>
</mg:fileDetails>
<mg:fileDetails file="3">
  <mg:name>FIRConfiguration.h</mg:name>
  <mg:title></mg:title>
  <mg:location>E:\MA75\tgc_mainOld\Prototypes\Sky\Sky\iphoneos\Frameworks\FirebaseCore.framework\Headers</mg:location>
  <mg:lastModified>Fri Apr 19 11:19:53 2019 UTC</mg:lastModified>
</mg:fileDetails>
<mg:changeSummaries>
  <mg:changeSummary files="1,2">
	  <mg:changeCount type="unchanged" blocks1="0" blocks2="0" blocks="0" lines1="0" lines2="0" lines="0" />
	  <mg:changeCount type="removed" blocks1="0" blocks2="0" blocks="0" lines1="0" lines2="0" lines="0" />
	  <mg:changeCount type="inserted" blocks1="0" blocks2="1" blocks="1" lines1="0" lines2="50" lines="50" />
	  <mg:changeCount type="changed" blocks1="0" blocks2="0" blocks="0" lines1="0" lines2="0" lines="0" />
  </mg:changeSummary>
<mg:changeSummary files="2,3">
	  <mg:changeCount type="unchanged" blocks1="1" blocks2="1" blocks="1" lines1="50" lines2="50" lines="100" />
	  <mg:changeCount type="removed" blocks1="0" blocks2="0" blocks="0" lines1="0" lines2="0" lines="0" />
	  <mg:changeCount type="inserted" blocks1="0" blocks2="0" blocks="0" lines1="0" lines2="0" lines="0" />
	  <mg:changeCount type="changed" blocks1="0" blocks2="0" blocks="0" lines1="0" lines2="0" lines="0" />
  </mg:changeSummary>
<mg:changeSummary files="1,2,3"><mg:changeCount type="removed" blocks="1" lines="50"/><mg:changeCount type="inserted" blocks="0" lines="0"/><mg:changeCount type="changed" blocks="0" lines="0"/><mg:changeCount type="conflicts" count="0"/></mg:changeSummary></mg:changeSummaries>
		<mg:classes file="1">
<mg:class name="U">
<mg:cssAttribute name="color">#000000</mg:cssAttribute>
<mg:cssAttribute name="background-color">#FFFFFF</mg:cssAttribute>
<mg:cssAttribute name="font-family">Consolas</mg:cssAttribute>
<mg:cssAttribute name="font-weight">normal</mg:cssAttribute>
<mg:cssAttribute name="font-style">normal</mg:cssAttribute>
<mg:cssAttribute name="font-size">9pt</mg:cssAttribute>
<mg:cssAttribute name="text-decoration">none</mg:cssAttribute>
</mg:class>
<mg:class name="R">
<mg:cssAttribute name="color">#800000</mg:cssAttribute>
<mg:cssAttribute name="background-color">#F3E6D8</mg:cssAttribute>
<mg:cssAttribute name="font-family">Consolas</mg:cssAttribute>
<mg:cssAttribute name="font-weight">normal</mg:cssAttribute>
<mg:cssAttribute name="font-style">normal</mg:cssAttribute>
<mg:cssAttribute name="font-size">9pt</mg:cssAttribute>
<mg:cssAttribute name="text-decoration">none</mg:cssAttribute>
</mg:class>
<mg:class name="I">
<mg:cssAttribute name="color">#800000</mg:cssAttribute>
<mg:cssAttribute name="background-color">#D1E8CF</mg:cssAttribute>
<mg:cssAttribute name="font-family">Consolas</mg:cssAttribute>
<mg:cssAttribute name="font-weight">normal</mg:cssAttribute>
<mg:cssAttribute name="font-style">normal</mg:cssAttribute>
<mg:cssAttribute name="font-size">9pt</mg:cssAttribute>
<mg:cssAttribute name="text-decoration">none</mg:cssAttribute>
</mg:class>
<mg:class name="C">
<mg:cssAttribute name="color">#800000</mg:cssAttribute>
<mg:cssAttribute name="background-color">#DACDE6</mg:cssAttribute>
<mg:cssAttribute name="font-family">Consolas</mg:cssAttribute>
<mg:cssAttribute name="font-weight">normal</mg:cssAttribute>
<mg:cssAttribute name="font-style">normal</mg:cssAttribute>
<mg:cssAttribute name="font-size">9pt</mg:cssAttribute>
<mg:cssAttribute name="text-decoration">none</mg:cssAttribute>
</mg:class>
		</mg:classes>
		<mg:classes file="2">
<mg:class name="UU">
<mg:cssAttribute name="color">#000000</mg:cssAttribute>
<mg:cssAttribute name="background-color">#FFFFFF</mg:cssAttribute>
<mg:cssAttribute name="font-family">Consolas</mg:cssAttribute>
<mg:cssAttribute name="font-weight">normal</mg:cssAttribute>
<mg:cssAttribute name="font-style">normal</mg:cssAttribute>
<mg:cssAttribute name="font-size">9pt</mg:cssAttribute>
<mg:cssAttribute name="text-decoration">none</mg:cssAttribute>
</mg:class>
<mg:class name="UR">
<mg:cssAttribute name="color">#400000</mg:cssAttribute>
<mg:cssAttribute name="background-color">#F9F2EB</mg:cssAttribute>
<mg:cssAttribute name="font-family">Consolas</mg:cssAttribute>
<mg:cssAttribute name="font-weight">normal</mg:cssAttribute>
<mg:cssAttribute name="font-style">normal</mg:cssAttribute>
<mg:cssAttribute name="font-size">9pt</mg:cssAttribute>
<mg:cssAttribute name="text-decoration">none</mg:cssAttribute>
</mg:class>
<mg:class name="UI">
<mg:cssAttribute name="color">#400000</mg:cssAttribute>
<mg:cssAttribute name="background-color">#E8F3E7</mg:cssAttribute>
<mg:cssAttribute name="font-family">Consolas</mg:cssAttribute>
<mg:cssAttribute name="font-weight">normal</mg:cssAttribute>
<mg:cssAttribute name="font-style">normal</mg:cssAttribute>
<mg:cssAttribute name="font-size">9pt</mg:cssAttribute>
<mg:cssAttribute name="text-decoration">none</mg:cssAttribute>
</mg:class>
<mg:class name="UC">
<mg:cssAttribute name="color">#400000</mg:cssAttribute>
<mg:cssAttribute name="background-color">#ECE6F2</mg:cssAttribute>
<mg:cssAttribute name="font-family">Consolas</mg:cssAttribute>
<mg:cssAttribute name="font-weight">normal</mg:cssAttribute>
<mg:cssAttribute name="font-style">normal</mg:cssAttribute>
<mg:cssAttribute name="font-size">9pt</mg:cssAttribute>
<mg:cssAttribute name="text-decoration">none</mg:cssAttribute>
</mg:class>
<mg:class name="RU">
<mg:cssAttribute name="color">#400000</mg:cssAttribute>
<mg:cssAttribute name="background-color">#F9F2EB</mg:cssAttribute>
<mg:cssAttribute name="font-family">Consolas</mg:cssAttribute>
<mg:cssAttribute name="font-weight">normal</mg:cssAttribute>
<mg:cssAttribute name="font-style">normal</mg:cssAttribute>
<mg:cssAttribute name="font-size">9pt</mg:cssAttribute>
<mg:cssAttribute name="text-decoration">none</mg:cssAttribute>
</mg:class>
<mg:class name="RR">
<mg:cssAttribute name="color">#800000</mg:cssAttribute>
<mg:cssAttribute name="background-color">#F3E6D8</mg:cssAttribute>
<mg:cssAttribute name="font-family">Consolas</mg:cssAttribute>
<mg:cssAttribute name="font-weight">normal</mg:cssAttribute>
<mg:cssAttribute name="font-style">normal</mg:cssAttribute>
<mg:cssAttribute name="font-size">9pt</mg:cssAttribute>
<mg:cssAttribute name="text-decoration">none</mg:cssAttribute>
</mg:class>
<mg:class name="RI">
<mg:cssAttribute name="color">#800000</mg:cssAttribute>
<mg:cssAttribute name="background-color">#E2E7D3</mg:cssAttribute>
<mg:cssAttribute name="font-family">Consolas</mg:cssAttribute>
<mg:cssAttribute name="font-weight">normal</mg:cssAttribute>
<mg:cssAttribute name="font-style">normal</mg:cssAttribute>
<mg:cssAttribute name="font-size">9pt</mg:cssAttribute>
<mg:cssAttribute name="text-decoration">none</mg:cssAttribute>
</mg:class>
<mg:class name="RC">
<mg:cssAttribute name="color">#800000</mg:cssAttribute>
<mg:cssAttribute name="background-color">#E6D9DF</mg:cssAttribute>
<mg:cssAttribute name="font-family">Consolas</mg:cssAttribute>
<mg:cssAttribute name="font-weight">normal</mg:cssAttribute>
<mg:cssAttribute name="font-style">normal</mg:cssAttribute>
<mg:cssAttribute name="font-size">9pt</mg:cssAttribute>
<mg:cssAttribute name="text-decoration">none</mg:cssAttribute>
</mg:class>
<mg:class name="IU">
<mg:cssAttribute name="color">#400000</mg:cssAttribute>
<mg:cssAttribute name="background-color">#E8F3E7</mg:cssAttribute>
<mg:cssAttribute name="font-family">Consolas</mg:cssAttribute>
<mg:cssAttribute name="font-weight">normal</mg:cssAttribute>
<mg:cssAttribute name="font-style">normal</mg:cssAttribute>
<mg:cssAttribute name="font-size">9pt</mg:cssAttribute>
<mg:cssAttribute name="text-decoration">none</mg:cssAttribute>
</mg:class>
<mg:class name="IR">
<mg:cssAttribute name="color">#800000</mg:cssAttribute>
<mg:cssAttribute name="background-color">#E2E7D3</mg:cssAttribute>
<mg:cssAttribute name="font-family">Consolas</mg:cssAttribute>
<mg:cssAttribute name="font-weight">normal</mg:cssAttribute>
<mg:cssAttribute name="font-style">normal</mg:cssAttribute>
<mg:cssAttribute name="font-size">9pt</mg:cssAttribute>
<mg:cssAttribute name="text-decoration">none</mg:cssAttribute>
</mg:class>
<mg:class name="II">
<mg:cssAttribute name="color">#800000</mg:cssAttribute>
<mg:cssAttribute name="background-color">#D1E8CF</mg:cssAttribute>
<mg:cssAttribute name="font-family">Consolas</mg:cssAttribute>
<mg:cssAttribute name="font-weight">normal</mg:cssAttribute>
<mg:cssAttribute name="font-style">normal</mg:cssAttribute>
<mg:cssAttribute name="font-size">9pt</mg:cssAttribute>
<mg:cssAttribute name="text-decoration">none</mg:cssAttribute>
</mg:class>
<mg:class name="IC">
<mg:cssAttribute name="color">#800000</mg:cssAttribute>
<mg:cssAttribute name="background-color">#D5DADA</mg:cssAttribute>
<mg:cssAttribute name="font-family">Consolas</mg:cssAttribute>
<mg:cssAttribute name="font-weight">normal</mg:cssAttribute>
<mg:cssAttribute name="font-style">normal</mg:cssAttribute>
<mg:cssAttribute name="font-size">9pt</mg:cssAttribute>
<mg:cssAttribute name="text-decoration">none</mg:cssAttribute>
</mg:class>
<mg:class name="CU">
<mg:cssAttribute name="color">#400000</mg:cssAttribute>
<mg:cssAttribute name="background-color">#ECE6F2</mg:cssAttribute>
<mg:cssAttribute name="font-family">Consolas</mg:cssAttribute>
<mg:cssAttribute name="font-weight">normal</mg:cssAttribute>
<mg:cssAttribute name="font-style">normal</mg:cssAttribute>
<mg:cssAttribute name="font-size">9pt</mg:cssAttribute>
<mg:cssAttribute name="text-decoration">none</mg:cssAttribute>
</mg:class>
<mg:class name="CR">
<mg:cssAttribute name="color">#800000</mg:cssAttribute>
<mg:cssAttribute name="background-color">#E6D9DF</mg:cssAttribute>
<mg:cssAttribute name="font-family">Consolas</mg:cssAttribute>
<mg:cssAttribute name="font-weight">normal</mg:cssAttribute>
<mg:cssAttribute name="font-style">normal</mg:cssAttribute>
<mg:cssAttribute name="font-size">9pt</mg:cssAttribute>
<mg:cssAttribute name="text-decoration">none</mg:cssAttribute>
</mg:class>
<mg:class name="CI">
<mg:cssAttribute name="color">#800000</mg:cssAttribute>
<mg:cssAttribute name="background-color">#D5DADA</mg:cssAttribute>
<mg:cssAttribute name="font-family">Consolas</mg:cssAttribute>
<mg:cssAttribute name="font-weight">normal</mg:cssAttribute>
<mg:cssAttribute name="font-style">normal</mg:cssAttribute>
<mg:cssAttribute name="font-size">9pt</mg:cssAttribute>
<mg:cssAttribute name="text-decoration">none</mg:cssAttribute>
</mg:class>
<mg:class name="CC">
<mg:cssAttribute name="color">#800000</mg:cssAttribute>
<mg:cssAttribute name="background-color">#DACDE6</mg:cssAttribute>
<mg:cssAttribute name="font-family">Consolas</mg:cssAttribute>
<mg:cssAttribute name="font-weight">normal</mg:cssAttribute>
<mg:cssAttribute name="font-style">normal</mg:cssAttribute>
<mg:cssAttribute name="font-size">9pt</mg:cssAttribute>
<mg:cssAttribute name="text-decoration">none</mg:cssAttribute>
</mg:class>
		</mg:classes>
		<mg:classes file="3">
<mg:class name="U">
<mg:cssAttribute name="color">#000000</mg:cssAttribute>
<mg:cssAttribute name="background-color">#FFFFFF</mg:cssAttribute>
<mg:cssAttribute name="font-family">Consolas</mg:cssAttribute>
<mg:cssAttribute name="font-weight">normal</mg:cssAttribute>
<mg:cssAttribute name="font-style">normal</mg:cssAttribute>
<mg:cssAttribute name="font-size">9pt</mg:cssAttribute>
<mg:cssAttribute name="text-decoration">none</mg:cssAttribute>
</mg:class>
<mg:class name="R">
<mg:cssAttribute name="color">#800000</mg:cssAttribute>
<mg:cssAttribute name="background-color">#F3E6D8</mg:cssAttribute>
<mg:cssAttribute name="font-family">Consolas</mg:cssAttribute>
<mg:cssAttribute name="font-weight">normal</mg:cssAttribute>
<mg:cssAttribute name="font-style">normal</mg:cssAttribute>
<mg:cssAttribute name="font-size">9pt</mg:cssAttribute>
<mg:cssAttribute name="text-decoration">none</mg:cssAttribute>
</mg:class>
<mg:class name="I">
<mg:cssAttribute name="color">#800000</mg:cssAttribute>
<mg:cssAttribute name="background-color">#D1E8CF</mg:cssAttribute>
<mg:cssAttribute name="font-family">Consolas</mg:cssAttribute>
<mg:cssAttribute name="font-weight">normal</mg:cssAttribute>
<mg:cssAttribute name="font-style">normal</mg:cssAttribute>
<mg:cssAttribute name="font-size">9pt</mg:cssAttribute>
<mg:cssAttribute name="text-decoration">none</mg:cssAttribute>
</mg:class>
<mg:class name="C">
<mg:cssAttribute name="color">#800000</mg:cssAttribute>
<mg:cssAttribute name="background-color">#DACDE6</mg:cssAttribute>
<mg:cssAttribute name="font-family">Consolas</mg:cssAttribute>
<mg:cssAttribute name="font-weight">normal</mg:cssAttribute>
<mg:cssAttribute name="font-style">normal</mg:cssAttribute>
<mg:cssAttribute name="font-size">9pt</mg:cssAttribute>
<mg:cssAttribute name="text-decoration">none</mg:cssAttribute>
</mg:class>
		</mg:classes>
</mg:metaData>
<mg:rowData>
<mg:rowGroup>
<mg:row>
<mg:ln file="2" number="1" class="IU"><mg:sg class="IU">/*<mg:lf/></mg:sg></mg:ln>
<mg:ln file="3" number="1" class="U"><mg:sg class="U">/*<mg:lf/></mg:sg></mg:ln>
</mg:row>
<mg:row>
<mg:ln file="2" number="2" class="IU"><mg:sg class="IU"><mg:s/>*<mg:s/>Copyrig</mg:sg><mg:sg class="IU">ht<mg:s/>2017<mg:s/>Go</mg:sg><mg:sg class="IU">ogle<mg:lf/></mg:sg></mg:ln>
<mg:ln file="3" number="2" class="U"><mg:sg class="U"><mg:s/>*<mg:s/>Copyrig</mg:sg><mg:sg class="U">ht<mg:s/>2017<mg:s/>Go</mg:sg><mg:sg class="U">ogle<mg:lf/></mg:sg></mg:ln>
</mg:row>
<mg:row>
<mg:ln file="2" number="3" class="IU"><mg:sg class="IU"><mg:s/>*<mg:lf/></mg:sg></mg:ln>
<mg:ln file="3" number="3" class="U"><mg:sg class="U"><mg:s/>*<mg:lf/></mg:sg></mg:ln>
</mg:row>
<mg:row>
<mg:ln file="2" number="4" class="IU"><mg:sg class="IU"><mg:s/>*<mg:s/>License</mg:sg><mg:sg class="IU">d<mg:s/>under<mg:s/>th</mg:sg><mg:sg class="IU">e<mg:s/>Apache<mg:s/>L</mg:sg><mg:sg class="IU">icense,<mg:s/>Ve</mg:sg><mg:sg class="IU">rsion<mg:s/>2.0<mg:s/></mg:sg><mg:sg class="IU">(the<mg:s/>&quot;Lice</mg:sg><mg:sg class="IU">nse&quot;);<mg:lf/></mg:sg></mg:ln>
<mg:ln file="3" number="4" class="U"><mg:sg class="U"><mg:s/>*<mg:s/>License</mg:sg><mg:sg class="U">d<mg:s/>under<mg:s/>th</mg:sg><mg:sg class="U">e<mg:s/>Apache<mg:s/>L</mg:sg><mg:sg class="U">icense,<mg:s/>Ve</mg:sg><mg:sg class="U">rsion<mg:s/>2.0<mg:s/></mg:sg><mg:sg class="U">(the<mg:s/>&quot;Lice</mg:sg><mg:sg class="U">nse&quot;);<mg:lf/></mg:sg></mg:ln>
</mg:row>
<mg:row>
<mg:ln file="2" number="5" class="IU"><mg:sg class="IU"><mg:s/>*<mg:s/>you<mg:s/>may</mg:sg><mg:sg class="IU"><mg:s/>not<mg:s/>use<mg:s/>t</mg:sg><mg:sg class="IU">his<mg:s/>file<mg:s/>e</mg:sg><mg:sg class="IU">xcept<mg:s/>in<mg:s/>c</mg:sg><mg:sg class="IU">ompliance<mg:s/></mg:sg><mg:sg class="IU">with<mg:s/>the<mg:s/>L</mg:sg><mg:sg class="IU">icense.<mg:lf/></mg:sg></mg:ln>
<mg:ln file="3" number="5" class="U"><mg:sg class="U"><mg:s/>*<mg:s/>you<mg:s/>may</mg:sg><mg:sg class="U"><mg:s/>not<mg:s/>use<mg:s/>t</mg:sg><mg:sg class="U">his<mg:s/>file<mg:s/>e</mg:sg><mg:sg class="U">xcept<mg:s/>in<mg:s/>c</mg:sg><mg:sg class="U">ompliance<mg:s/></mg:sg><mg:sg class="U">with<mg:s/>the<mg:s/>L</mg:sg><mg:sg class="U">icense.<mg:lf/></mg:sg></mg:ln>
</mg:row>
<mg:row>
<mg:ln file="2" number="6" class="IU"><mg:sg class="IU"><mg:s/>*<mg:s/>You<mg:s/>may</mg:sg><mg:sg class="IU"><mg:s/>obtain<mg:s/>a<mg:s/></mg:sg><mg:sg class="IU">copy<mg:s/>of<mg:s/>th</mg:sg><mg:sg class="IU">e<mg:s/>License<mg:s/></mg:sg><mg:sg class="IU">at<mg:lf/></mg:sg></mg:ln>
<mg:ln file="3" number="6" class="U"><mg:sg class="U"><mg:s/>*<mg:s/>You<mg:s/>may</mg:sg><mg:sg class="U"><mg:s/>obtain<mg:s/>a<mg:s/></mg:sg><mg:sg class="U">copy<mg:s/>of<mg:s/>th</mg:sg><mg:sg class="U">e<mg:s/>License<mg:s/></mg:sg><mg:sg class="U">at<mg:lf/></mg:sg></mg:ln>
</mg:row>
<mg:row>
<mg:ln file="2" number="7" class="IU"><mg:sg class="IU"><mg:s/>*<mg:lf/></mg:sg></mg:ln>
<mg:ln file="3" number="7" class="U"><mg:sg class="U"><mg:s/>*<mg:lf/></mg:sg></mg:ln>
</mg:row>
<mg:row>
<mg:ln file="2" number="8" class="IU"><mg:sg class="IU"><mg:s/>*<mg:s/><mg:s/><mg:s/><mg:s/><mg:s/><mg:s/>ht</mg:sg><mg:sg class="IU">tp://www.a</mg:sg><mg:sg class="IU">pache.org/</mg:sg><mg:sg class="IU">licenses/L</mg:sg><mg:sg class="IU">ICENSE-2.0</mg:sg><mg:sg class="IU"><mg:lf/></mg:sg></mg:ln>
<mg:ln file="3" number="8" class="U"><mg:sg class="U"><mg:s/>*<mg:s/><mg:s/><mg:s/><mg:s/><mg:s/><mg:s/>ht</mg:sg><mg:sg class="U">tp://www.a</mg:sg><mg:sg class="U">pache.org/</mg:sg><mg:sg class="U">licenses/L</mg:sg><mg:sg class="U">ICENSE-2.0</mg:sg><mg:sg class="U"><mg:lf/></mg:sg></mg:ln>
</mg:row>
<mg:row>
<mg:ln file="2" number="9" class="IU"><mg:sg class="IU"><mg:s/>*<mg:lf/></mg:sg></mg:ln>
<mg:ln file="3" number="9" class="U"><mg:sg class="U"><mg:s/>*<mg:lf/></mg:sg></mg:ln>
</mg:row>
<mg:row>
<mg:ln file="2" number="10" class="IU"><mg:sg class="IU"><mg:s/>*<mg:s/>Unless<mg:s/></mg:sg><mg:sg class="IU">required<mg:s/>b</mg:sg><mg:sg class="IU">y<mg:s/>applicab</mg:sg><mg:sg class="IU">le<mg:s/>law<mg:s/>or<mg:s/></mg:sg><mg:sg class="IU">agreed<mg:s/>to<mg:s/></mg:sg><mg:sg class="IU">in<mg:s/>writing</mg:sg><mg:sg class="IU">,<mg:s/>software</mg:sg><mg:sg class="IU"><mg:lf/></mg:sg></mg:ln>
<mg:ln file="3" number="10" class="U"><mg:sg class="U"><mg:s/>*<mg:s/>Unless<mg:s/></mg:sg><mg:sg class="U">required<mg:s/>b</mg:sg><mg:sg class="U">y<mg:s/>applicab</mg:sg><mg:sg class="U">le<mg:s/>law<mg:s/>or<mg:s/></mg:sg><mg:sg class="U">agreed<mg:s/>to<mg:s/></mg:sg><mg:sg class="U">in<mg:s/>writing</mg:sg><mg:sg class="U">,<mg:s/>software</mg:sg><mg:sg class="U"><mg:lf/></mg:sg></mg:ln>
</mg:row>
<mg:row>
<mg:ln file="2" number="11" class="IU"><mg:sg class="IU"><mg:s/>*<mg:s/>distrib</mg:sg><mg:sg class="IU">uted<mg:s/>under</mg:sg><mg:sg class="IU"><mg:s/>the<mg:s/>Licen</mg:sg><mg:sg class="IU">se<mg:s/>is<mg:s/>dist</mg:sg><mg:sg class="IU">ributed<mg:s/>on</mg:sg><mg:sg class="IU"><mg:s/>an<mg:s/>&quot;AS<mg:s/>IS</mg:sg><mg:sg class="IU">&quot;<mg:s/>BASIS,<mg:lf/></mg:sg></mg:ln>
<mg:ln file="3" number="11" class="U"><mg:sg class="U"><mg:s/>*<mg:s/>distrib</mg:sg><mg:sg class="U">uted<mg:s/>under</mg:sg><mg:sg class="U"><mg:s/>the<mg:s/>Licen</mg:sg><mg:sg class="U">se<mg:s/>is<mg:s/>dist</mg:sg><mg:sg class="U">ributed<mg:s/>on</mg:sg><mg:sg class="U"><mg:s/>an<mg:s/>&quot;AS<mg:s/>IS</mg:sg><mg:sg class="U">&quot;<mg:s/>BASIS,<mg:lf/></mg:sg></mg:ln>
</mg:row>
<mg:row>
<mg:ln file="2" number="12" class="IU"><mg:sg class="IU"><mg:s/>*<mg:s/>WITHOUT</mg:sg><mg:sg class="IU"><mg:s/>WARRANTIE</mg:sg><mg:sg class="IU">S<mg:s/>OR<mg:s/>CONDI</mg:sg><mg:sg class="IU">TIONS<mg:s/>OF<mg:s/>A</mg:sg><mg:sg class="IU">NY<mg:s/>KIND,<mg:s/>e</mg:sg><mg:sg class="IU">ither<mg:s/>expr</mg:sg><mg:sg class="IU">ess<mg:s/>or<mg:s/>imp</mg:sg><mg:sg class="IU">lied.<mg:lf/></mg:sg></mg:ln>
<mg:ln file="3" number="12" class="U"><mg:sg class="U"><mg:s/>*<mg:s/>WITHOUT</mg:sg><mg:sg class="U"><mg:s/>WARRANTIE</mg:sg><mg:sg class="U">S<mg:s/>OR<mg:s/>CONDI</mg:sg><mg:sg class="U">TIONS<mg:s/>OF<mg:s/>A</mg:sg><mg:sg class="U">NY<mg:s/>KIND,<mg:s/>e</mg:sg><mg:sg class="U">ither<mg:s/>expr</mg:sg><mg:sg class="U">ess<mg:s/>or<mg:s/>imp</mg:sg><mg:sg class="U">lied.<mg:lf/></mg:sg></mg:ln>
</mg:row>
<mg:row>
<mg:ln file="2" number="13" class="IU"><mg:sg class="IU"><mg:s/>*<mg:s/>See<mg:s/>the</mg:sg><mg:sg class="IU"><mg:s/>License<mg:s/>f</mg:sg><mg:sg class="IU">or<mg:s/>the<mg:s/>spe</mg:sg><mg:sg class="IU">cific<mg:s/>lang</mg:sg><mg:sg class="IU">uage<mg:s/>gover</mg:sg><mg:sg class="IU">ning<mg:s/>permi</mg:sg><mg:sg class="IU">ssions<mg:s/>and</mg:sg><mg:sg class="IU"><mg:lf/></mg:sg></mg:ln>
<mg:ln file="3" number="13" class="U"><mg:sg class="U"><mg:s/>*<mg:s/>See<mg:s/>the</mg:sg><mg:sg class="U"><mg:s/>License<mg:s/>f</mg:sg><mg:sg class="U">or<mg:s/>the<mg:s/>spe</mg:sg><mg:sg class="U">cific<mg:s/>lang</mg:sg><mg:sg class="U">uage<mg:s/>gover</mg:sg><mg:sg class="U">ning<mg:s/>permi</mg:sg><mg:sg class="U">ssions<mg:s/>and</mg:sg><mg:sg class="U"><mg:lf/></mg:sg></mg:ln>
</mg:row>
<mg:row>
<mg:ln file="2" number="14" class="IU"><mg:sg class="IU"><mg:s/>*<mg:s/>limitat</mg:sg><mg:sg class="IU">ions<mg:s/>under</mg:sg><mg:sg class="IU"><mg:s/>the<mg:s/>Licen</mg:sg><mg:sg class="IU">se.<mg:lf/></mg:sg></mg:ln>
<mg:ln file="3" number="14" class="U"><mg:sg class="U"><mg:s/>*<mg:s/>limitat</mg:sg><mg:sg class="U">ions<mg:s/>under</mg:sg><mg:sg class="U"><mg:s/>the<mg:s/>Licen</mg:sg><mg:sg class="U">se.<mg:lf/></mg:sg></mg:ln>
</mg:row>
<mg:row>
<mg:ln file="2" number="15" class="IU"><mg:sg class="IU"><mg:s/>*/<mg:lf/></mg:sg></mg:ln>
<mg:ln file="3" number="15" class="U"><mg:sg class="U"><mg:s/>*/<mg:lf/></mg:sg></mg:ln>
</mg:row>
<mg:row>
<mg:ln file="2" number="16" class="IU"><mg:sg class="IU"><mg:lf/></mg:sg></mg:ln>
<mg:ln file="3" number="16" class="U"><mg:sg class="U"><mg:lf/></mg:sg></mg:ln>
</mg:row>
<mg:row>
<mg:ln file="2" number="17" class="IU"><mg:sg class="IU">#import<mg:s/>&lt;F</mg:sg><mg:sg class="IU">oundation/</mg:sg><mg:sg class="IU">Foundation</mg:sg><mg:sg class="IU">.h&gt;<mg:lf/></mg:sg></mg:ln>
<mg:ln file="3" number="17" class="U"><mg:sg class="U">#import<mg:s/>&lt;F</mg:sg><mg:sg class="U">oundation/</mg:sg><mg:sg class="U">Foundation</mg:sg><mg:sg class="U">.h&gt;<mg:lf/></mg:sg></mg:ln>
</mg:row>
<mg:row>
<mg:ln file="2" number="18" class="IU"><mg:sg class="IU"><mg:lf/></mg:sg></mg:ln>
<mg:ln file="3" number="18" class="U"><mg:sg class="U"><mg:lf/></mg:sg></mg:ln>
</mg:row>
<mg:row>
<mg:ln file="2" number="19" class="IU"><mg:sg class="IU">#import<mg:s/>&quot;F</mg:sg><mg:sg class="IU">IRAnalytic</mg:sg><mg:sg class="IU">sConfigura</mg:sg><mg:sg class="IU">tion.h&quot;<mg:lf/></mg:sg></mg:ln>
<mg:ln file="3" number="19" class="U"><mg:sg class="U">#import<mg:s/>&quot;F</mg:sg><mg:sg class="U">IRAnalytic</mg:sg><mg:sg class="U">sConfigura</mg:sg><mg:sg class="U">tion.h&quot;<mg:lf/></mg:sg></mg:ln>
</mg:row>
<mg:row>
<mg:ln file="2" number="20" class="IU"><mg:sg class="IU">#import<mg:s/>&quot;F</mg:sg><mg:sg class="IU">IRLoggerLe</mg:sg><mg:sg class="IU">vel.h&quot;<mg:lf/></mg:sg></mg:ln>
<mg:ln file="3" number="20" class="U"><mg:sg class="U">#import<mg:s/>&quot;F</mg:sg><mg:sg class="U">IRLoggerLe</mg:sg><mg:sg class="U">vel.h&quot;<mg:lf/></mg:sg></mg:ln>
</mg:row>
<mg:row>
<mg:ln file="2" number="21" class="IU"><mg:sg class="IU"><mg:lf/></mg:sg></mg:ln>
<mg:ln file="3" number="21" class="U"><mg:sg class="U"><mg:lf/></mg:sg></mg:ln>
</mg:row>
<mg:row>
<mg:ln file="2" number="22" class="IU"><mg:sg class="IU">NS_ASSUME_</mg:sg><mg:sg class="IU">NONNULL_BE</mg:sg><mg:sg class="IU">GIN<mg:lf/></mg:sg></mg:ln>
<mg:ln file="3" number="22" class="U"><mg:sg class="U">NS_ASSUME_</mg:sg><mg:sg class="U">NONNULL_BE</mg:sg><mg:sg class="U">GIN<mg:lf/></mg:sg></mg:ln>
</mg:row>
<mg:row>
<mg:ln file="2" number="23" class="IU"><mg:sg class="IU"><mg:lf/></mg:sg></mg:ln>
<mg:ln file="3" number="23" class="U"><mg:sg class="U"><mg:lf/></mg:sg></mg:ln>
</mg:row>
<mg:row>
<mg:ln file="2" number="24" class="IU"><mg:sg class="IU">/**<mg:lf/></mg:sg></mg:ln>
<mg:ln file="3" number="24" class="U"><mg:sg class="U">/**<mg:lf/></mg:sg></mg:ln>
</mg:row>
<mg:row>
<mg:ln file="2" number="25" class="IU"><mg:sg class="IU"><mg:s/>*<mg:s/>This<mg:s/>in</mg:sg><mg:sg class="IU">terface<mg:s/>pr</mg:sg><mg:sg class="IU">ovides<mg:s/>glo</mg:sg><mg:sg class="IU">bal<mg:s/>level<mg:s/></mg:sg><mg:sg class="IU">properties</mg:sg><mg:sg class="IU"><mg:s/>that<mg:s/>the<mg:s/></mg:sg><mg:sg class="IU">developer<mg:s/></mg:sg><mg:sg class="IU">can<mg:s/>tweak,</mg:sg><mg:sg class="IU"><mg:s/>and<mg:s/>the<mg:s/>s</mg:sg><mg:sg class="IU">ingleton<mg:lf/></mg:sg></mg:ln>
<mg:ln file="3" number="25" class="U"><mg:sg class="U"><mg:s/>*<mg:s/>This<mg:s/>in</mg:sg><mg:sg class="U">terface<mg:s/>pr</mg:sg><mg:sg class="U">ovides<mg:s/>glo</mg:sg><mg:sg class="U">bal<mg:s/>level<mg:s/></mg:sg><mg:sg class="U">properties</mg:sg><mg:sg class="U"><mg:s/>that<mg:s/>the<mg:s/></mg:sg><mg:sg class="U">developer<mg:s/></mg:sg><mg:sg class="U">can<mg:s/>tweak,</mg:sg><mg:sg class="U"><mg:s/>and<mg:s/>the<mg:s/>s</mg:sg><mg:sg class="U">ingleton<mg:lf/></mg:sg></mg:ln>
</mg:row>
<mg:row>
<mg:ln file="2" number="26" class="IU"><mg:sg class="IU"><mg:s/>*<mg:s/>of<mg:s/>the<mg:s/></mg:sg><mg:sg class="IU">Firebase<mg:s/>A</mg:sg><mg:sg class="IU">nalytics<mg:s/>c</mg:sg><mg:sg class="IU">onfigurati</mg:sg><mg:sg class="IU">on<mg:s/>class.<mg:lf/></mg:sg></mg:ln>
<mg:ln file="3" number="26" class="U"><mg:sg class="U"><mg:s/>*<mg:s/>of<mg:s/>the<mg:s/></mg:sg><mg:sg class="U">Firebase<mg:s/>A</mg:sg><mg:sg class="U">nalytics<mg:s/>c</mg:sg><mg:sg class="U">onfigurati</mg:sg><mg:sg class="U">on<mg:s/>class.<mg:lf/></mg:sg></mg:ln>
</mg:row>
<mg:row>
<mg:ln file="2" number="27" class="IU"><mg:sg class="IU"><mg:s/>*/<mg:lf/></mg:sg></mg:ln>
<mg:ln file="3" number="27" class="U"><mg:sg class="U"><mg:s/>*/<mg:lf/></mg:sg></mg:ln>
</mg:row>
<mg:row>
<mg:ln file="2" number="28" class="IU"><mg:sg class="IU">NS_SWIFT_N</mg:sg><mg:sg class="IU">AME(Fireba</mg:sg><mg:sg class="IU">seConfigur</mg:sg><mg:sg class="IU">ation)<mg:lf/></mg:sg></mg:ln>
<mg:ln file="3" number="28" class="U"><mg:sg class="U">NS_SWIFT_N</mg:sg><mg:sg class="U">AME(Fireba</mg:sg><mg:sg class="U">seConfigur</mg:sg><mg:sg class="U">ation)<mg:lf/></mg:sg></mg:ln>
</mg:row>
<mg:row>
<mg:ln file="2" number="29" class="IU"><mg:sg class="IU">@interface</mg:sg><mg:sg class="IU"><mg:s/>FIRConfig</mg:sg><mg:sg class="IU">uration<mg:s/>:<mg:s/></mg:sg><mg:sg class="IU">NSObject<mg:lf/></mg:sg></mg:ln>
<mg:ln file="3" number="29" class="U"><mg:sg class="U">@interface</mg:sg><mg:sg class="U"><mg:s/>FIRConfig</mg:sg><mg:sg class="U">uration<mg:s/>:<mg:s/></mg:sg><mg:sg class="U">NSObject<mg:lf/></mg:sg></mg:ln>
</mg:row>
<mg:row>
<mg:ln file="2" number="30" class="IU"><mg:sg class="IU"><mg:lf/></mg:sg></mg:ln>
<mg:ln file="3" number="30" class="U"><mg:sg class="U"><mg:lf/></mg:sg></mg:ln>
</mg:row>
<mg:row>
<mg:ln file="2" number="31" class="IU"><mg:sg class="IU">/**<mg:s/>Return</mg:sg><mg:sg class="IU">s<mg:s/>the<mg:s/>shar</mg:sg><mg:sg class="IU">ed<mg:s/>configu</mg:sg><mg:sg class="IU">ration<mg:s/>obj</mg:sg><mg:sg class="IU">ect.<mg:s/>*/<mg:lf/></mg:sg></mg:ln>
<mg:ln file="3" number="31" class="U"><mg:sg class="U">/**<mg:s/>Return</mg:sg><mg:sg class="U">s<mg:s/>the<mg:s/>shar</mg:sg><mg:sg class="U">ed<mg:s/>configu</mg:sg><mg:sg class="U">ration<mg:s/>obj</mg:sg><mg:sg class="U">ect.<mg:s/>*/<mg:lf/></mg:sg></mg:ln>
</mg:row>
<mg:row>
<mg:ln file="2" number="32" class="IU"><mg:sg class="IU">@property(</mg:sg><mg:sg class="IU">class,<mg:s/>non</mg:sg><mg:sg class="IU">atomic,<mg:s/>re</mg:sg><mg:sg class="IU">adonly)<mg:s/>FI</mg:sg><mg:sg class="IU">RConfigura</mg:sg><mg:sg class="IU">tion<mg:s/>*shar</mg:sg><mg:sg class="IU">edInstance</mg:sg><mg:sg class="IU"><mg:s/>NS_SWIFT_</mg:sg><mg:sg class="IU">NAME(share</mg:sg><mg:sg class="IU">d);<mg:lf/></mg:sg></mg:ln>
<mg:ln file="3" number="32" class="U"><mg:sg class="U">@property(</mg:sg><mg:sg class="U">class,<mg:s/>non</mg:sg><mg:sg class="U">atomic,<mg:s/>re</mg:sg><mg:sg class="U">adonly)<mg:s/>FI</mg:sg><mg:sg class="U">RConfigura</mg:sg><mg:sg class="U">tion<mg:s/>*shar</mg:sg><mg:sg class="U">edInstance</mg:sg><mg:sg class="U"><mg:s/>NS_SWIFT_</mg:sg><mg:sg class="U">NAME(share</mg:sg><mg:sg class="U">d);<mg:lf/></mg:sg></mg:ln>
</mg:row>
<mg:row>
<mg:ln file="2" number="33" class="IU"><mg:sg class="IU"><mg:lf/></mg:sg></mg:ln>
<mg:ln file="3" number="33" class="U"><mg:sg class="U"><mg:lf/></mg:sg></mg:ln>
</mg:row>
<mg:row>
<mg:ln file="2" number="34" class="IU"><mg:sg class="IU">/**<mg:s/>The<mg:s/>co</mg:sg><mg:sg class="IU">nfiguratio</mg:sg><mg:sg class="IU">n<mg:s/>class<mg:s/>fo</mg:sg><mg:sg class="IU">r<mg:s/>Firebase</mg:sg><mg:sg class="IU"><mg:s/>Analytics</mg:sg><mg:sg class="IU">.<mg:s/>*/<mg:lf/></mg:sg></mg:ln>
<mg:ln file="3" number="34" class="U"><mg:sg class="U">/**<mg:s/>The<mg:s/>co</mg:sg><mg:sg class="U">nfiguratio</mg:sg><mg:sg class="U">n<mg:s/>class<mg:s/>fo</mg:sg><mg:sg class="U">r<mg:s/>Firebase</mg:sg><mg:sg class="U"><mg:s/>Analytics</mg:sg><mg:sg class="U">.<mg:s/>*/<mg:lf/></mg:sg></mg:ln>
</mg:row>
<mg:row>
<mg:ln file="2" number="35" class="IU"><mg:sg class="IU">@property(</mg:sg><mg:sg class="IU">nonatomic,</mg:sg><mg:sg class="IU"><mg:s/>readwrite</mg:sg><mg:sg class="IU">)<mg:s/>FIRAnaly</mg:sg><mg:sg class="IU">ticsConfig</mg:sg><mg:sg class="IU">uration<mg:s/>*a</mg:sg><mg:sg class="IU">nalyticsCo</mg:sg><mg:sg class="IU">nfiguratio</mg:sg><mg:sg class="IU">n;<mg:lf/></mg:sg></mg:ln>
<mg:ln file="3" number="35" class="U"><mg:sg class="U">@property(</mg:sg><mg:sg class="U">nonatomic,</mg:sg><mg:sg class="U"><mg:s/>readwrite</mg:sg><mg:sg class="U">)<mg:s/>FIRAnaly</mg:sg><mg:sg class="U">ticsConfig</mg:sg><mg:sg class="U">uration<mg:s/>*a</mg:sg><mg:sg class="U">nalyticsCo</mg:sg><mg:sg class="U">nfiguratio</mg:sg><mg:sg class="U">n;<mg:lf/></mg:sg></mg:ln>
</mg:row>
<mg:row>
<mg:ln file="2" number="36" class="IU"><mg:sg class="IU"><mg:lf/></mg:sg></mg:ln>
<mg:ln file="3" number="36" class="U"><mg:sg class="U"><mg:lf/></mg:sg></mg:ln>
</mg:row>
<mg:row>
<mg:ln file="2" number="37" class="IU"><mg:sg class="IU">/**<mg:lf/></mg:sg></mg:ln>
<mg:ln file="3" number="37" class="U"><mg:sg class="U">/**<mg:lf/></mg:sg></mg:ln>
</mg:row>
<mg:row>
<mg:ln file="2" number="38" class="IU"><mg:sg class="IU"><mg:s/>*<mg:s/>Sets<mg:s/>th</mg:sg><mg:sg class="IU">e<mg:s/>logging<mg:s/></mg:sg><mg:sg class="IU">level<mg:s/>for<mg:s/></mg:sg><mg:sg class="IU">internal<mg:s/>F</mg:sg><mg:sg class="IU">irebase<mg:s/>lo</mg:sg><mg:sg class="IU">gging.<mg:s/>Fir</mg:sg><mg:sg class="IU">ebase<mg:s/>will</mg:sg><mg:sg class="IU"><mg:s/>only<mg:s/>log<mg:s/></mg:sg><mg:sg class="IU">messages<mg:lf/></mg:sg></mg:ln>
<mg:ln file="3" number="38" class="U"><mg:sg class="U"><mg:s/>*<mg:s/>Sets<mg:s/>th</mg:sg><mg:sg class="U">e<mg:s/>logging<mg:s/></mg:sg><mg:sg class="U">level<mg:s/>for<mg:s/></mg:sg><mg:sg class="U">internal<mg:s/>F</mg:sg><mg:sg class="U">irebase<mg:s/>lo</mg:sg><mg:sg class="U">gging.<mg:s/>Fir</mg:sg><mg:sg class="U">ebase<mg:s/>will</mg:sg><mg:sg class="U"><mg:s/>only<mg:s/>log<mg:s/></mg:sg><mg:sg class="U">messages<mg:lf/></mg:sg></mg:ln>
</mg:row>
<mg:row>
<mg:ln file="2" number="39" class="IU"><mg:sg class="IU"><mg:s/>*<mg:s/>that<mg:s/>ar</mg:sg><mg:sg class="IU">e<mg:s/>logged<mg:s/>a</mg:sg><mg:sg class="IU">t<mg:s/>or<mg:s/>below</mg:sg><mg:sg class="IU"><mg:s/>loggerLev</mg:sg><mg:sg class="IU">el.<mg:s/>The<mg:s/>me</mg:sg><mg:sg class="IU">ssages<mg:s/>are</mg:sg><mg:sg class="IU"><mg:s/>logged<mg:s/>bo</mg:sg><mg:sg class="IU">th<mg:s/>to<mg:s/>the<mg:s/></mg:sg><mg:sg class="IU">Xcode<mg:lf/></mg:sg></mg:ln>
<mg:ln file="3" number="39" class="U"><mg:sg class="U"><mg:s/>*<mg:s/>that<mg:s/>ar</mg:sg><mg:sg class="U">e<mg:s/>logged<mg:s/>a</mg:sg><mg:sg class="U">t<mg:s/>or<mg:s/>below</mg:sg><mg:sg class="U"><mg:s/>loggerLev</mg:sg><mg:sg class="U">el.<mg:s/>The<mg:s/>me</mg:sg><mg:sg class="U">ssages<mg:s/>are</mg:sg><mg:sg class="U"><mg:s/>logged<mg:s/>bo</mg:sg><mg:sg class="U">th<mg:s/>to<mg:s/>the<mg:s/></mg:sg><mg:sg class="U">Xcode<mg:lf/></mg:sg></mg:ln>
</mg:row>
<mg:row>
<mg:ln file="2" number="40" class="IU"><mg:sg class="IU"><mg:s/>*<mg:s/>console</mg:sg><mg:sg class="IU"><mg:s/>and<mg:s/>to<mg:s/>th</mg:sg><mg:sg class="IU">e<mg:s/>device's</mg:sg><mg:sg class="IU"><mg:s/>log.<mg:s/>Note</mg:sg><mg:sg class="IU"><mg:s/>that<mg:s/>if<mg:s/>a</mg:sg><mg:sg class="IU">n<mg:s/>app<mg:s/>is<mg:s/>r</mg:sg><mg:sg class="IU">unning<mg:s/>fro</mg:sg><mg:sg class="IU">m<mg:s/>AppStore</mg:sg><mg:sg class="IU">,<mg:s/>it<mg:s/>will<mg:lf/></mg:sg></mg:ln>
<mg:ln file="3" number="40" class="U"><mg:sg class="U"><mg:s/>*<mg:s/>console</mg:sg><mg:sg class="U"><mg:s/>and<mg:s/>to<mg:s/>th</mg:sg><mg:sg class="U">e<mg:s/>device's</mg:sg><mg:sg class="U"><mg:s/>log.<mg:s/>Note</mg:sg><mg:sg class="U"><mg:s/>that<mg:s/>if<mg:s/>a</mg:sg><mg:sg class="U">n<mg:s/>app<mg:s/>is<mg:s/>r</mg:sg><mg:sg class="U">unning<mg:s/>fro</mg:sg><mg:sg class="U">m<mg:s/>AppStore</mg:sg><mg:sg class="U">,<mg:s/>it<mg:s/>will<mg:lf/></mg:sg></mg:ln>
</mg:row>
<mg:row>
<mg:ln file="2" number="41" class="IU"><mg:sg class="IU"><mg:s/>*<mg:s/>never<mg:s/>l</mg:sg><mg:sg class="IU">og<mg:s/>above<mg:s/>F</mg:sg><mg:sg class="IU">IRLoggerLe</mg:sg><mg:sg class="IU">velNotice<mg:s/></mg:sg><mg:sg class="IU">even<mg:s/>if<mg:s/>lo</mg:sg><mg:sg class="IU">ggerLevel<mg:s/></mg:sg><mg:sg class="IU">is<mg:s/>set<mg:s/>to<mg:s/></mg:sg><mg:sg class="IU">a<mg:s/>higher<mg:s/>(</mg:sg><mg:sg class="IU">more<mg:s/>verbo</mg:sg><mg:sg class="IU">se)<mg:lf/></mg:sg></mg:ln>
<mg:ln file="3" number="41" class="U"><mg:sg class="U"><mg:s/>*<mg:s/>never<mg:s/>l</mg:sg><mg:sg class="U">og<mg:s/>above<mg:s/>F</mg:sg><mg:sg class="U">IRLoggerLe</mg:sg><mg:sg class="U">velNotice<mg:s/></mg:sg><mg:sg class="U">even<mg:s/>if<mg:s/>lo</mg:sg><mg:sg class="U">ggerLevel<mg:s/></mg:sg><mg:sg class="U">is<mg:s/>set<mg:s/>to<mg:s/></mg:sg><mg:sg class="U">a<mg:s/>higher<mg:s/>(</mg:sg><mg:sg class="U">more<mg:s/>verbo</mg:sg><mg:sg class="U">se)<mg:lf/></mg:sg></mg:ln>
</mg:row>
<mg:row>
<mg:ln file="2" number="42" class="IU"><mg:sg class="IU"><mg:s/>*<mg:s/>setting</mg:sg><mg:sg class="IU">.<mg:lf/></mg:sg></mg:ln>
<mg:ln file="3" number="42" class="U"><mg:sg class="U"><mg:s/>*<mg:s/>setting</mg:sg><mg:sg class="U">.<mg:lf/></mg:sg></mg:ln>
</mg:row>
<mg:row>
<mg:ln file="2" number="43" class="IU"><mg:sg class="IU"><mg:s/>*<mg:lf/></mg:sg></mg:ln>
<mg:ln file="3" number="43" class="U"><mg:sg class="U"><mg:s/>*<mg:lf/></mg:sg></mg:ln>
</mg:row>
<mg:row>
<mg:ln file="2" number="44" class="IU"><mg:sg class="IU"><mg:s/>*<mg:s/>@param<mg:s/></mg:sg><mg:sg class="IU">loggerLeve</mg:sg><mg:sg class="IU">l<mg:s/>The<mg:s/>maxi</mg:sg><mg:sg class="IU">mum<mg:s/>loggin</mg:sg><mg:sg class="IU">g<mg:s/>level.<mg:s/>T</mg:sg><mg:sg class="IU">he<mg:s/>default</mg:sg><mg:sg class="IU"><mg:s/>level<mg:s/>is<mg:s/></mg:sg><mg:sg class="IU">set<mg:s/>to<mg:s/>FIR</mg:sg><mg:sg class="IU">LoggerLeve</mg:sg><mg:sg class="IU">lNotice.<mg:lf/></mg:sg></mg:ln>
<mg:ln file="3" number="44" class="U"><mg:sg class="U"><mg:s/>*<mg:s/>@param<mg:s/></mg:sg><mg:sg class="U">loggerLeve</mg:sg><mg:sg class="U">l<mg:s/>The<mg:s/>maxi</mg:sg><mg:sg class="U">mum<mg:s/>loggin</mg:sg><mg:sg class="U">g<mg:s/>level.<mg:s/>T</mg:sg><mg:sg class="U">he<mg:s/>default</mg:sg><mg:sg class="U"><mg:s/>level<mg:s/>is<mg:s/></mg:sg><mg:sg class="U">set<mg:s/>to<mg:s/>FIR</mg:sg><mg:sg class="U">LoggerLeve</mg:sg><mg:sg class="U">lNotice.<mg:lf/></mg:sg></mg:ln>
</mg:row>
<mg:row>
<mg:ln file="2" number="45" class="IU"><mg:sg class="IU"><mg:s/>*/<mg:lf/></mg:sg></mg:ln>
<mg:ln file="3" number="45" class="U"><mg:sg class="U"><mg:s/>*/<mg:lf/></mg:sg></mg:ln>
</mg:row>
<mg:row>
<mg:ln file="2" number="46" class="IU"><mg:sg class="IU">-<mg:s/>(void)se</mg:sg><mg:sg class="IU">tLoggerLev</mg:sg><mg:sg class="IU">el:(FIRLog</mg:sg><mg:sg class="IU">gerLevel)l</mg:sg><mg:sg class="IU">oggerLevel</mg:sg><mg:sg class="IU">;<mg:lf/></mg:sg></mg:ln>
<mg:ln file="3" number="46" class="U"><mg:sg class="U">-<mg:s/>(void)se</mg:sg><mg:sg class="U">tLoggerLev</mg:sg><mg:sg class="U">el:(FIRLog</mg:sg><mg:sg class="U">gerLevel)l</mg:sg><mg:sg class="U">oggerLevel</mg:sg><mg:sg class="U">;<mg:lf/></mg:sg></mg:ln>
</mg:row>
<mg:row>
<mg:ln file="2" number="47" class="IU"><mg:sg class="IU"><mg:lf/></mg:sg></mg:ln>
<mg:ln file="3" number="47" class="U"><mg:sg class="U"><mg:lf/></mg:sg></mg:ln>
</mg:row>
<mg:row>
<mg:ln file="2" number="48" class="IU"><mg:sg class="IU">@end<mg:lf/></mg:sg></mg:ln>
<mg:ln file="3" number="48" class="U"><mg:sg class="U">@end<mg:lf/></mg:sg></mg:ln>
</mg:row>
<mg:row>
<mg:ln file="2" number="49" class="IU"><mg:sg class="IU"><mg:lf/></mg:sg></mg:ln>
<mg:ln file="3" number="49" class="U"><mg:sg class="U"><mg:lf/></mg:sg></mg:ln>
</mg:row>
<mg:row>
<mg:ln file="2" number="50" class="IU"><mg:sg class="IU">NS_ASSUME_</mg:sg><mg:sg class="IU">NONNULL_EN</mg:sg><mg:sg class="IU">D<mg:lf/></mg:sg></mg:ln>
<mg:ln file="3" number="50" class="U"><mg:sg class="U">NS_ASSUME_</mg:sg><mg:sg class="U">NONNULL_EN</mg:sg><mg:sg class="U">D<mg:lf/></mg:sg></mg:ln>
</mg:row>
</mg:rowGroup>
</mg:rowData>
</mg:report>
