﻿<?xml version="1.0" encoding="UTF-8" ?>

<mg:report version="1.0" xmlns:mg="http://www.araxis.com/2002/Merge/Reporting" type="FileComparison">
<mg:metaData>
  <mg:title>Araxis Merge File Comparison Report</mg:title>
  <mg:id show="true">1018</mg:id>
  <mg:date>2019/4/19 20:25:39</mg:date>
<mg:options>
<mg:option name="clIgnoreDifferencesInWhitespaceAtTheStartOfLines">0</mg:option>
<mg:option name="clIgnoreDifferencesInWhitespaceAtTheEndOfLines">0</mg:option>
<mg:option name="clTreatConsecutiveWhitespaceAsASingleSpace">1</mg:option>
<mg:option name="clIgnoreAllDifferencesInWhitespace">0</mg:option>
<mg:option name="clWhitespaceSignificant">0</mg:option>
<mg:option name="clIgnoreCase">0</mg:option>
<mg:option name="clIgnoreLineEndings">1</mg:option>
<mg:option name="clHideCRLF">1</mg:option>
<mg:option name="clShowLineNums">1</mg:option>
<mg:option name="clShowOmittedLinesRow">0</mg:option>

<mg:regexps>
<mg:regexp enabled="false">
<mg:expression>^[ \t]*$</mg:expression>
<mg:description>Blank lines</mg:description>
</mg:regexp>
<mg:regexp enabled="false">
<mg:expression>[ \t]*//[^&quot;]*$</mg:expression>
<mg:description>C++ comments</mg:description>
</mg:regexp>
<mg:regexp enabled="false">
<mg:expression>^[ \t]*//.*\$(Date|Archive|Author|Header|JustDate|Modtime|Revision|Workfile):.*\$.*$</mg:expression>
<mg:description>SourceSafe comments</mg:description>
</mg:regexp>
<mg:regexp enabled="false">
<mg:expression>^[ \t]*//(:(Header|Source):|.*Generated.*Genitor).*\$</mg:expression>
<mg:description>Genitor comments</mg:description>
</mg:regexp>
<mg:regexp enabled="false">
<mg:expression>\$(Archive|Author|Date|Header|JustDate|Logfile|Modtime|Revision|Workfile):[^$]*\$</mg:expression>
<mg:description>SourceSafe keywords</mg:description>
</mg:regexp>
<mg:regexp enabled="false">
<mg:expression>^[ \t]*'.*$</mg:expression>
<mg:description>Visual Basic comments</mg:description>
</mg:regexp>
<mg:regexp enabled="false">
<mg:expression>\$(Author|Date|Header|Id|Locker|Name|RCSfile|Revision|Source|State):[^$]*\$</mg:expression>
<mg:description>CVS comments</mg:description>
</mg:regexp>
<mg:regexp enabled="false">
<mg:expression>\$(ACident|ACheader|AClog|ACpart|ACversion|Author|Date|Header|Line|Locker|Log|Revision|Smsfile|Smspath|Today|Vcfile|Vcpath|Workfile):?[^$]*\$</mg:expression>
<mg:description>AllChange keywords</mg:description>
</mg:regexp>
<mg:regexp enabled="false">
<mg:expression></mg:expression>
<mg:description></mg:description>
</mg:regexp>
<mg:regexp enabled="false">
<mg:expression></mg:expression>
<mg:description></mg:description>
</mg:regexp>
</mg:regexps>
</mg:options>
<mg:fileDetails file="1">
  <mg:name></mg:name>
  <mg:title></mg:title>
  <mg:location></mg:location>
  <mg:lastModified>Fri Apr 19 12:25:39 2019 UTC</mg:lastModified>
</mg:fileDetails>
<mg:fileDetails file="2">
  <mg:name>GTMDebugSelectorValidation.h</mg:name>
  <mg:title></mg:title>
  <mg:location>E:\MA75\tgc_main\Prototypes\Sky\Sky\iphoneos\Frameworks\GoogleToolboxForMac.framework\Headers</mg:location>
  <mg:lastModified>Thu Jan 17 03:38:34 2019 UTC</mg:lastModified>
</mg:fileDetails>
<mg:fileDetails file="3">
  <mg:name>GTMDebugSelectorValidation.h</mg:name>
  <mg:title></mg:title>
  <mg:location>E:\MA75\tgc_mainOld\Prototypes\Sky\Sky\iphoneos\Frameworks\GoogleToolboxForMac.framework\Headers</mg:location>
  <mg:lastModified>Fri Apr 19 11:19:54 2019 UTC</mg:lastModified>
</mg:fileDetails>
<mg:changeSummaries>
  <mg:changeSummary files="1,2">
	  <mg:changeCount type="unchanged" blocks1="0" blocks2="0" blocks="0" lines1="0" lines2="0" lines="0" />
	  <mg:changeCount type="removed" blocks1="0" blocks2="0" blocks="0" lines1="0" lines2="0" lines="0" />
	  <mg:changeCount type="inserted" blocks1="0" blocks2="1" blocks="1" lines1="0" lines2="100" lines="100" />
	  <mg:changeCount type="changed" blocks1="0" blocks2="0" blocks="0" lines1="0" lines2="0" lines="0" />
  </mg:changeSummary>
<mg:changeSummary files="2,3">
	  <mg:changeCount type="unchanged" blocks1="1" blocks2="1" blocks="1" lines1="100" lines2="100" lines="200" />
	  <mg:changeCount type="removed" blocks1="0" blocks2="0" blocks="0" lines1="0" lines2="0" lines="0" />
	  <mg:changeCount type="inserted" blocks1="0" blocks2="0" blocks="0" lines1="0" lines2="0" lines="0" />
	  <mg:changeCount type="changed" blocks1="0" blocks2="0" blocks="0" lines1="0" lines2="0" lines="0" />
  </mg:changeSummary>
<mg:changeSummary files="1,2,3"><mg:changeCount type="removed" blocks="1" lines="100"/><mg:changeCount type="inserted" blocks="0" lines="0"/><mg:changeCount type="changed" blocks="0" lines="0"/><mg:changeCount type="conflicts" count="0"/></mg:changeSummary></mg:changeSummaries>
		<mg:classes file="1">
<mg:class name="U">
<mg:cssAttribute name="color">#000000</mg:cssAttribute>
<mg:cssAttribute name="background-color">#FFFFFF</mg:cssAttribute>
<mg:cssAttribute name="font-family">Consolas</mg:cssAttribute>
<mg:cssAttribute name="font-weight">normal</mg:cssAttribute>
<mg:cssAttribute name="font-style">normal</mg:cssAttribute>
<mg:cssAttribute name="font-size">9pt</mg:cssAttribute>
<mg:cssAttribute name="text-decoration">none</mg:cssAttribute>
</mg:class>
<mg:class name="R">
<mg:cssAttribute name="color">#800000</mg:cssAttribute>
<mg:cssAttribute name="background-color">#F3E6D8</mg:cssAttribute>
<mg:cssAttribute name="font-family">Consolas</mg:cssAttribute>
<mg:cssAttribute name="font-weight">normal</mg:cssAttribute>
<mg:cssAttribute name="font-style">normal</mg:cssAttribute>
<mg:cssAttribute name="font-size">9pt</mg:cssAttribute>
<mg:cssAttribute name="text-decoration">none</mg:cssAttribute>
</mg:class>
<mg:class name="I">
<mg:cssAttribute name="color">#800000</mg:cssAttribute>
<mg:cssAttribute name="background-color">#D1E8CF</mg:cssAttribute>
<mg:cssAttribute name="font-family">Consolas</mg:cssAttribute>
<mg:cssAttribute name="font-weight">normal</mg:cssAttribute>
<mg:cssAttribute name="font-style">normal</mg:cssAttribute>
<mg:cssAttribute name="font-size">9pt</mg:cssAttribute>
<mg:cssAttribute name="text-decoration">none</mg:cssAttribute>
</mg:class>
<mg:class name="C">
<mg:cssAttribute name="color">#800000</mg:cssAttribute>
<mg:cssAttribute name="background-color">#DACDE6</mg:cssAttribute>
<mg:cssAttribute name="font-family">Consolas</mg:cssAttribute>
<mg:cssAttribute name="font-weight">normal</mg:cssAttribute>
<mg:cssAttribute name="font-style">normal</mg:cssAttribute>
<mg:cssAttribute name="font-size">9pt</mg:cssAttribute>
<mg:cssAttribute name="text-decoration">none</mg:cssAttribute>
</mg:class>
		</mg:classes>
		<mg:classes file="2">
<mg:class name="UU">
<mg:cssAttribute name="color">#000000</mg:cssAttribute>
<mg:cssAttribute name="background-color">#FFFFFF</mg:cssAttribute>
<mg:cssAttribute name="font-family">Consolas</mg:cssAttribute>
<mg:cssAttribute name="font-weight">normal</mg:cssAttribute>
<mg:cssAttribute name="font-style">normal</mg:cssAttribute>
<mg:cssAttribute name="font-size">9pt</mg:cssAttribute>
<mg:cssAttribute name="text-decoration">none</mg:cssAttribute>
</mg:class>
<mg:class name="UR">
<mg:cssAttribute name="color">#400000</mg:cssAttribute>
<mg:cssAttribute name="background-color">#F9F2EB</mg:cssAttribute>
<mg:cssAttribute name="font-family">Consolas</mg:cssAttribute>
<mg:cssAttribute name="font-weight">normal</mg:cssAttribute>
<mg:cssAttribute name="font-style">normal</mg:cssAttribute>
<mg:cssAttribute name="font-size">9pt</mg:cssAttribute>
<mg:cssAttribute name="text-decoration">none</mg:cssAttribute>
</mg:class>
<mg:class name="UI">
<mg:cssAttribute name="color">#400000</mg:cssAttribute>
<mg:cssAttribute name="background-color">#E8F3E7</mg:cssAttribute>
<mg:cssAttribute name="font-family">Consolas</mg:cssAttribute>
<mg:cssAttribute name="font-weight">normal</mg:cssAttribute>
<mg:cssAttribute name="font-style">normal</mg:cssAttribute>
<mg:cssAttribute name="font-size">9pt</mg:cssAttribute>
<mg:cssAttribute name="text-decoration">none</mg:cssAttribute>
</mg:class>
<mg:class name="UC">
<mg:cssAttribute name="color">#400000</mg:cssAttribute>
<mg:cssAttribute name="background-color">#ECE6F2</mg:cssAttribute>
<mg:cssAttribute name="font-family">Consolas</mg:cssAttribute>
<mg:cssAttribute name="font-weight">normal</mg:cssAttribute>
<mg:cssAttribute name="font-style">normal</mg:cssAttribute>
<mg:cssAttribute name="font-size">9pt</mg:cssAttribute>
<mg:cssAttribute name="text-decoration">none</mg:cssAttribute>
</mg:class>
<mg:class name="RU">
<mg:cssAttribute name="color">#400000</mg:cssAttribute>
<mg:cssAttribute name="background-color">#F9F2EB</mg:cssAttribute>
<mg:cssAttribute name="font-family">Consolas</mg:cssAttribute>
<mg:cssAttribute name="font-weight">normal</mg:cssAttribute>
<mg:cssAttribute name="font-style">normal</mg:cssAttribute>
<mg:cssAttribute name="font-size">9pt</mg:cssAttribute>
<mg:cssAttribute name="text-decoration">none</mg:cssAttribute>
</mg:class>
<mg:class name="RR">
<mg:cssAttribute name="color">#800000</mg:cssAttribute>
<mg:cssAttribute name="background-color">#F3E6D8</mg:cssAttribute>
<mg:cssAttribute name="font-family">Consolas</mg:cssAttribute>
<mg:cssAttribute name="font-weight">normal</mg:cssAttribute>
<mg:cssAttribute name="font-style">normal</mg:cssAttribute>
<mg:cssAttribute name="font-size">9pt</mg:cssAttribute>
<mg:cssAttribute name="text-decoration">none</mg:cssAttribute>
</mg:class>
<mg:class name="RI">
<mg:cssAttribute name="color">#800000</mg:cssAttribute>
<mg:cssAttribute name="background-color">#E2E7D3</mg:cssAttribute>
<mg:cssAttribute name="font-family">Consolas</mg:cssAttribute>
<mg:cssAttribute name="font-weight">normal</mg:cssAttribute>
<mg:cssAttribute name="font-style">normal</mg:cssAttribute>
<mg:cssAttribute name="font-size">9pt</mg:cssAttribute>
<mg:cssAttribute name="text-decoration">none</mg:cssAttribute>
</mg:class>
<mg:class name="RC">
<mg:cssAttribute name="color">#800000</mg:cssAttribute>
<mg:cssAttribute name="background-color">#E6D9DF</mg:cssAttribute>
<mg:cssAttribute name="font-family">Consolas</mg:cssAttribute>
<mg:cssAttribute name="font-weight">normal</mg:cssAttribute>
<mg:cssAttribute name="font-style">normal</mg:cssAttribute>
<mg:cssAttribute name="font-size">9pt</mg:cssAttribute>
<mg:cssAttribute name="text-decoration">none</mg:cssAttribute>
</mg:class>
<mg:class name="IU">
<mg:cssAttribute name="color">#400000</mg:cssAttribute>
<mg:cssAttribute name="background-color">#E8F3E7</mg:cssAttribute>
<mg:cssAttribute name="font-family">Consolas</mg:cssAttribute>
<mg:cssAttribute name="font-weight">normal</mg:cssAttribute>
<mg:cssAttribute name="font-style">normal</mg:cssAttribute>
<mg:cssAttribute name="font-size">9pt</mg:cssAttribute>
<mg:cssAttribute name="text-decoration">none</mg:cssAttribute>
</mg:class>
<mg:class name="IR">
<mg:cssAttribute name="color">#800000</mg:cssAttribute>
<mg:cssAttribute name="background-color">#E2E7D3</mg:cssAttribute>
<mg:cssAttribute name="font-family">Consolas</mg:cssAttribute>
<mg:cssAttribute name="font-weight">normal</mg:cssAttribute>
<mg:cssAttribute name="font-style">normal</mg:cssAttribute>
<mg:cssAttribute name="font-size">9pt</mg:cssAttribute>
<mg:cssAttribute name="text-decoration">none</mg:cssAttribute>
</mg:class>
<mg:class name="II">
<mg:cssAttribute name="color">#800000</mg:cssAttribute>
<mg:cssAttribute name="background-color">#D1E8CF</mg:cssAttribute>
<mg:cssAttribute name="font-family">Consolas</mg:cssAttribute>
<mg:cssAttribute name="font-weight">normal</mg:cssAttribute>
<mg:cssAttribute name="font-style">normal</mg:cssAttribute>
<mg:cssAttribute name="font-size">9pt</mg:cssAttribute>
<mg:cssAttribute name="text-decoration">none</mg:cssAttribute>
</mg:class>
<mg:class name="IC">
<mg:cssAttribute name="color">#800000</mg:cssAttribute>
<mg:cssAttribute name="background-color">#D5DADA</mg:cssAttribute>
<mg:cssAttribute name="font-family">Consolas</mg:cssAttribute>
<mg:cssAttribute name="font-weight">normal</mg:cssAttribute>
<mg:cssAttribute name="font-style">normal</mg:cssAttribute>
<mg:cssAttribute name="font-size">9pt</mg:cssAttribute>
<mg:cssAttribute name="text-decoration">none</mg:cssAttribute>
</mg:class>
<mg:class name="CU">
<mg:cssAttribute name="color">#400000</mg:cssAttribute>
<mg:cssAttribute name="background-color">#ECE6F2</mg:cssAttribute>
<mg:cssAttribute name="font-family">Consolas</mg:cssAttribute>
<mg:cssAttribute name="font-weight">normal</mg:cssAttribute>
<mg:cssAttribute name="font-style">normal</mg:cssAttribute>
<mg:cssAttribute name="font-size">9pt</mg:cssAttribute>
<mg:cssAttribute name="text-decoration">none</mg:cssAttribute>
</mg:class>
<mg:class name="CR">
<mg:cssAttribute name="color">#800000</mg:cssAttribute>
<mg:cssAttribute name="background-color">#E6D9DF</mg:cssAttribute>
<mg:cssAttribute name="font-family">Consolas</mg:cssAttribute>
<mg:cssAttribute name="font-weight">normal</mg:cssAttribute>
<mg:cssAttribute name="font-style">normal</mg:cssAttribute>
<mg:cssAttribute name="font-size">9pt</mg:cssAttribute>
<mg:cssAttribute name="text-decoration">none</mg:cssAttribute>
</mg:class>
<mg:class name="CI">
<mg:cssAttribute name="color">#800000</mg:cssAttribute>
<mg:cssAttribute name="background-color">#D5DADA</mg:cssAttribute>
<mg:cssAttribute name="font-family">Consolas</mg:cssAttribute>
<mg:cssAttribute name="font-weight">normal</mg:cssAttribute>
<mg:cssAttribute name="font-style">normal</mg:cssAttribute>
<mg:cssAttribute name="font-size">9pt</mg:cssAttribute>
<mg:cssAttribute name="text-decoration">none</mg:cssAttribute>
</mg:class>
<mg:class name="CC">
<mg:cssAttribute name="color">#800000</mg:cssAttribute>
<mg:cssAttribute name="background-color">#DACDE6</mg:cssAttribute>
<mg:cssAttribute name="font-family">Consolas</mg:cssAttribute>
<mg:cssAttribute name="font-weight">normal</mg:cssAttribute>
<mg:cssAttribute name="font-style">normal</mg:cssAttribute>
<mg:cssAttribute name="font-size">9pt</mg:cssAttribute>
<mg:cssAttribute name="text-decoration">none</mg:cssAttribute>
</mg:class>
		</mg:classes>
		<mg:classes file="3">
<mg:class name="U">
<mg:cssAttribute name="color">#000000</mg:cssAttribute>
<mg:cssAttribute name="background-color">#FFFFFF</mg:cssAttribute>
<mg:cssAttribute name="font-family">Consolas</mg:cssAttribute>
<mg:cssAttribute name="font-weight">normal</mg:cssAttribute>
<mg:cssAttribute name="font-style">normal</mg:cssAttribute>
<mg:cssAttribute name="font-size">9pt</mg:cssAttribute>
<mg:cssAttribute name="text-decoration">none</mg:cssAttribute>
</mg:class>
<mg:class name="R">
<mg:cssAttribute name="color">#800000</mg:cssAttribute>
<mg:cssAttribute name="background-color">#F3E6D8</mg:cssAttribute>
<mg:cssAttribute name="font-family">Consolas</mg:cssAttribute>
<mg:cssAttribute name="font-weight">normal</mg:cssAttribute>
<mg:cssAttribute name="font-style">normal</mg:cssAttribute>
<mg:cssAttribute name="font-size">9pt</mg:cssAttribute>
<mg:cssAttribute name="text-decoration">none</mg:cssAttribute>
</mg:class>
<mg:class name="I">
<mg:cssAttribute name="color">#800000</mg:cssAttribute>
<mg:cssAttribute name="background-color">#D1E8CF</mg:cssAttribute>
<mg:cssAttribute name="font-family">Consolas</mg:cssAttribute>
<mg:cssAttribute name="font-weight">normal</mg:cssAttribute>
<mg:cssAttribute name="font-style">normal</mg:cssAttribute>
<mg:cssAttribute name="font-size">9pt</mg:cssAttribute>
<mg:cssAttribute name="text-decoration">none</mg:cssAttribute>
</mg:class>
<mg:class name="C">
<mg:cssAttribute name="color">#800000</mg:cssAttribute>
<mg:cssAttribute name="background-color">#DACDE6</mg:cssAttribute>
<mg:cssAttribute name="font-family">Consolas</mg:cssAttribute>
<mg:cssAttribute name="font-weight">normal</mg:cssAttribute>
<mg:cssAttribute name="font-style">normal</mg:cssAttribute>
<mg:cssAttribute name="font-size">9pt</mg:cssAttribute>
<mg:cssAttribute name="text-decoration">none</mg:cssAttribute>
</mg:class>
		</mg:classes>
</mg:metaData>
<mg:rowData>
<mg:rowGroup>
<mg:row>
<mg:ln file="2" number="1" class="IU"><mg:sg class="IU">//<mg:lf/></mg:sg></mg:ln>
<mg:ln file="3" number="1" class="U"><mg:sg class="U">//<mg:lf/></mg:sg></mg:ln>
</mg:row>
<mg:row>
<mg:ln file="2" number="2" class="IU"><mg:sg class="IU">//<mg:s/><mg:s/>GTMDeb</mg:sg><mg:sg class="IU">ugSelector</mg:sg><mg:sg class="IU">Validation</mg:sg><mg:sg class="IU">.h<mg:lf/></mg:sg></mg:ln>
<mg:ln file="3" number="2" class="U"><mg:sg class="U">//<mg:s/><mg:s/>GTMDeb</mg:sg><mg:sg class="U">ugSelector</mg:sg><mg:sg class="U">Validation</mg:sg><mg:sg class="U">.h<mg:lf/></mg:sg></mg:ln>
</mg:row>
<mg:row>
<mg:ln file="2" number="3" class="IU"><mg:sg class="IU">//<mg:lf/></mg:sg></mg:ln>
<mg:ln file="3" number="3" class="U"><mg:sg class="U">//<mg:lf/></mg:sg></mg:ln>
</mg:row>
<mg:row>
<mg:ln file="2" number="4" class="IU"><mg:sg class="IU">//<mg:s/><mg:s/>This<mg:s/>f</mg:sg><mg:sg class="IU">ile<mg:s/>should</mg:sg><mg:sg class="IU"><mg:s/>only<mg:s/>be<mg:s/>i</mg:sg><mg:sg class="IU">ncluded<mg:s/>wi</mg:sg><mg:sg class="IU">thin<mg:s/>an<mg:s/>im</mg:sg><mg:sg class="IU">plimation<mg:s/></mg:sg><mg:sg class="IU">file.<mg:s/><mg:s/>In<mg:s/></mg:sg><mg:sg class="IU">any<mg:lf/></mg:sg></mg:ln>
<mg:ln file="3" number="4" class="U"><mg:sg class="U">//<mg:s/><mg:s/>This<mg:s/>f</mg:sg><mg:sg class="U">ile<mg:s/>should</mg:sg><mg:sg class="U"><mg:s/>only<mg:s/>be<mg:s/>i</mg:sg><mg:sg class="U">ncluded<mg:s/>wi</mg:sg><mg:sg class="U">thin<mg:s/>an<mg:s/>im</mg:sg><mg:sg class="U">plimation<mg:s/></mg:sg><mg:sg class="U">file.<mg:s/><mg:s/>In<mg:s/></mg:sg><mg:sg class="U">any<mg:lf/></mg:sg></mg:ln>
</mg:row>
<mg:row>
<mg:ln file="2" number="5" class="IU"><mg:sg class="IU">//<mg:s/><mg:s/>functi</mg:sg><mg:sg class="IU">on<mg:s/>that<mg:s/>ta</mg:sg><mg:sg class="IU">kes<mg:s/>an<mg:s/>obj</mg:sg><mg:sg class="IU">ect<mg:s/>and<mg:s/>se</mg:sg><mg:sg class="IU">lector<mg:s/>to<mg:s/></mg:sg><mg:sg class="IU">invoke,<mg:s/>yo</mg:sg><mg:sg class="IU">u<mg:s/>should<mg:s/>c</mg:sg><mg:sg class="IU">all:<mg:lf/></mg:sg></mg:ln>
<mg:ln file="3" number="5" class="U"><mg:sg class="U">//<mg:s/><mg:s/>functi</mg:sg><mg:sg class="U">on<mg:s/>that<mg:s/>ta</mg:sg><mg:sg class="U">kes<mg:s/>an<mg:s/>obj</mg:sg><mg:sg class="U">ect<mg:s/>and<mg:s/>se</mg:sg><mg:sg class="U">lector<mg:s/>to<mg:s/></mg:sg><mg:sg class="U">invoke,<mg:s/>yo</mg:sg><mg:sg class="U">u<mg:s/>should<mg:s/>c</mg:sg><mg:sg class="U">all:<mg:lf/></mg:sg></mg:ln>
</mg:row>
<mg:row>
<mg:ln file="2" number="6" class="IU"><mg:sg class="IU">//<mg:lf/></mg:sg></mg:ln>
<mg:ln file="3" number="6" class="U"><mg:sg class="U">//<mg:lf/></mg:sg></mg:ln>
</mg:row>
<mg:row>
<mg:ln file="2" number="7" class="IU"><mg:sg class="IU">//<mg:s/><mg:s/><mg:s/><mg:s/>GTMA</mg:sg><mg:sg class="IU">ssertSelec</mg:sg><mg:sg class="IU">torNilOrIm</mg:sg><mg:sg class="IU">plementedW</mg:sg><mg:sg class="IU">ithArgumen</mg:sg><mg:sg class="IU">ts(obj,<mg:s/>se</mg:sg><mg:sg class="IU">l,<mg:s/>@encode</mg:sg><mg:sg class="IU">(arg1type)</mg:sg><mg:sg class="IU">,<mg:s/>...,<mg:s/>NUL</mg:sg><mg:sg class="IU">L)<mg:lf/></mg:sg></mg:ln>
<mg:ln file="3" number="7" class="U"><mg:sg class="U">//<mg:s/><mg:s/><mg:s/><mg:s/>GTMA</mg:sg><mg:sg class="U">ssertSelec</mg:sg><mg:sg class="U">torNilOrIm</mg:sg><mg:sg class="U">plementedW</mg:sg><mg:sg class="U">ithArgumen</mg:sg><mg:sg class="U">ts(obj,<mg:s/>se</mg:sg><mg:sg class="U">l,<mg:s/>@encode</mg:sg><mg:sg class="U">(arg1type)</mg:sg><mg:sg class="U">,<mg:s/>...,<mg:s/>NUL</mg:sg><mg:sg class="U">L)<mg:lf/></mg:sg></mg:ln>
</mg:row>
<mg:row>
<mg:ln file="2" number="8" class="IU"><mg:sg class="IU">//<mg:s/><mg:s/>or<mg:lf/></mg:sg></mg:ln>
<mg:ln file="3" number="8" class="U"><mg:sg class="U">//<mg:s/><mg:s/>or<mg:lf/></mg:sg></mg:ln>
</mg:row>
<mg:row>
<mg:ln file="2" number="9" class="IU"><mg:sg class="IU">//<mg:s/><mg:s/><mg:s/><mg:s/>GTMA</mg:sg><mg:sg class="IU">ssertSelec</mg:sg><mg:sg class="IU">torNilOrIm</mg:sg><mg:sg class="IU">plementedW</mg:sg><mg:sg class="IU">ithReturnT</mg:sg><mg:sg class="IU">ypeAndArgu</mg:sg><mg:sg class="IU">ments(obj,</mg:sg><mg:sg class="IU"><mg:s/>sel,<mg:s/>@enc</mg:sg><mg:sg class="IU">ode(return</mg:sg><mg:sg class="IU">Type),<mg:s/>@en</mg:sg><mg:sg class="IU">code(arg1t</mg:sg><mg:sg class="IU">ype),<mg:s/>...,</mg:sg><mg:sg class="IU"><mg:s/>NULL)<mg:lf/></mg:sg></mg:ln>
<mg:ln file="3" number="9" class="U"><mg:sg class="U">//<mg:s/><mg:s/><mg:s/><mg:s/>GTMA</mg:sg><mg:sg class="U">ssertSelec</mg:sg><mg:sg class="U">torNilOrIm</mg:sg><mg:sg class="U">plementedW</mg:sg><mg:sg class="U">ithReturnT</mg:sg><mg:sg class="U">ypeAndArgu</mg:sg><mg:sg class="U">ments(obj,</mg:sg><mg:sg class="U"><mg:s/>sel,<mg:s/>@enc</mg:sg><mg:sg class="U">ode(return</mg:sg><mg:sg class="U">Type),<mg:s/>@en</mg:sg><mg:sg class="U">code(arg1t</mg:sg><mg:sg class="U">ype),<mg:s/>...,</mg:sg><mg:sg class="U"><mg:s/>NULL)<mg:lf/></mg:sg></mg:ln>
</mg:row>
<mg:row>
<mg:ln file="2" number="10" class="IU"><mg:sg class="IU">//<mg:lf/></mg:sg></mg:ln>
<mg:ln file="3" number="10" class="U"><mg:sg class="U">//<mg:lf/></mg:sg></mg:ln>
</mg:row>
<mg:row>
<mg:ln file="2" number="11" class="IU"><mg:sg class="IU">//<mg:s/><mg:s/>This<mg:s/>w</mg:sg><mg:sg class="IU">ill<mg:s/>then<mg:s/>v</mg:sg><mg:sg class="IU">alidate<mg:s/>th</mg:sg><mg:sg class="IU">at<mg:s/>the<mg:s/>sel</mg:sg><mg:sg class="IU">ector<mg:s/>is<mg:s/>d</mg:sg><mg:sg class="IU">efined<mg:s/>and</mg:sg><mg:sg class="IU"><mg:s/>using<mg:s/>the</mg:sg><mg:sg class="IU"><mg:s/>right<mg:lf/></mg:sg></mg:ln>
<mg:ln file="3" number="11" class="U"><mg:sg class="U">//<mg:s/><mg:s/>This<mg:s/>w</mg:sg><mg:sg class="U">ill<mg:s/>then<mg:s/>v</mg:sg><mg:sg class="U">alidate<mg:s/>th</mg:sg><mg:sg class="U">at<mg:s/>the<mg:s/>sel</mg:sg><mg:sg class="U">ector<mg:s/>is<mg:s/>d</mg:sg><mg:sg class="U">efined<mg:s/>and</mg:sg><mg:sg class="U"><mg:s/>using<mg:s/>the</mg:sg><mg:sg class="U"><mg:s/>right<mg:lf/></mg:sg></mg:ln>
</mg:row>
<mg:row>
<mg:ln file="2" number="12" class="IU"><mg:sg class="IU">//<mg:s/><mg:s/>type(s</mg:sg><mg:sg class="IU">),<mg:s/>this<mg:s/>ca</mg:sg><mg:sg class="IU">n<mg:s/>help<mg:s/>cat</mg:sg><mg:sg class="IU">ch<mg:s/>errors<mg:s/></mg:sg><mg:sg class="IU">much<mg:s/>earli</mg:sg><mg:sg class="IU">er<mg:s/>then<mg:s/>wa</mg:sg><mg:sg class="IU">iting<mg:s/>for<mg:s/></mg:sg><mg:sg class="IU">the<mg:lf/></mg:sg></mg:ln>
<mg:ln file="3" number="12" class="U"><mg:sg class="U">//<mg:s/><mg:s/>type(s</mg:sg><mg:sg class="U">),<mg:s/>this<mg:s/>ca</mg:sg><mg:sg class="U">n<mg:s/>help<mg:s/>cat</mg:sg><mg:sg class="U">ch<mg:s/>errors<mg:s/></mg:sg><mg:sg class="U">much<mg:s/>earli</mg:sg><mg:sg class="U">er<mg:s/>then<mg:s/>wa</mg:sg><mg:sg class="U">iting<mg:s/>for<mg:s/></mg:sg><mg:sg class="U">the<mg:lf/></mg:sg></mg:ln>
</mg:row>
<mg:row>
<mg:ln file="2" number="13" class="IU"><mg:sg class="IU">//<mg:s/><mg:s/>select</mg:sg><mg:sg class="IU">or<mg:s/>to<mg:s/>actu</mg:sg><mg:sg class="IU">ally<mg:s/>fire<mg:s/></mg:sg><mg:sg class="IU">(and<mg:s/>in<mg:s/>th</mg:sg><mg:sg class="IU">e<mg:s/>case<mg:s/>of<mg:s/></mg:sg><mg:sg class="IU">error<mg:s/>sele</mg:sg><mg:sg class="IU">ctors,<mg:s/>mig</mg:sg><mg:sg class="IU">ht<mg:s/>never<mg:lf/></mg:sg></mg:ln>
<mg:ln file="3" number="13" class="U"><mg:sg class="U">//<mg:s/><mg:s/>select</mg:sg><mg:sg class="U">or<mg:s/>to<mg:s/>actu</mg:sg><mg:sg class="U">ally<mg:s/>fire<mg:s/></mg:sg><mg:sg class="U">(and<mg:s/>in<mg:s/>th</mg:sg><mg:sg class="U">e<mg:s/>case<mg:s/>of<mg:s/></mg:sg><mg:sg class="U">error<mg:s/>sele</mg:sg><mg:sg class="U">ctors,<mg:s/>mig</mg:sg><mg:sg class="U">ht<mg:s/>never<mg:lf/></mg:sg></mg:ln>
</mg:row>
<mg:row>
<mg:ln file="2" number="14" class="IU"><mg:sg class="IU">//<mg:s/><mg:s/>really</mg:sg><mg:sg class="IU"><mg:s/>be<mg:s/>tested</mg:sg><mg:sg class="IU"><mg:s/>until<mg:s/>in<mg:s/></mg:sg><mg:sg class="IU">the<mg:s/>field)</mg:sg><mg:sg class="IU">.<mg:lf/></mg:sg></mg:ln>
<mg:ln file="3" number="14" class="U"><mg:sg class="U">//<mg:s/><mg:s/>really</mg:sg><mg:sg class="U"><mg:s/>be<mg:s/>tested</mg:sg><mg:sg class="U"><mg:s/>until<mg:s/>in<mg:s/></mg:sg><mg:sg class="U">the<mg:s/>field)</mg:sg><mg:sg class="U">.<mg:lf/></mg:sg></mg:ln>
</mg:row>
<mg:row>
<mg:ln file="2" number="15" class="IU"><mg:sg class="IU">//<mg:lf/></mg:sg></mg:ln>
<mg:ln file="3" number="15" class="U"><mg:sg class="U">//<mg:lf/></mg:sg></mg:ln>
</mg:row>
<mg:row>
<mg:ln file="2" number="16" class="IU"><mg:sg class="IU">//<mg:s/><mg:s/>Copyri</mg:sg><mg:sg class="IU">ght<mg:s/>2007-2</mg:sg><mg:sg class="IU">008<mg:s/>Google</mg:sg><mg:sg class="IU"><mg:s/>Inc.<mg:lf/></mg:sg></mg:ln>
<mg:ln file="3" number="16" class="U"><mg:sg class="U">//<mg:s/><mg:s/>Copyri</mg:sg><mg:sg class="U">ght<mg:s/>2007-2</mg:sg><mg:sg class="U">008<mg:s/>Google</mg:sg><mg:sg class="U"><mg:s/>Inc.<mg:lf/></mg:sg></mg:ln>
</mg:row>
<mg:row>
<mg:ln file="2" number="17" class="IU"><mg:sg class="IU">//<mg:lf/></mg:sg></mg:ln>
<mg:ln file="3" number="17" class="U"><mg:sg class="U">//<mg:lf/></mg:sg></mg:ln>
</mg:row>
<mg:row>
<mg:ln file="2" number="18" class="IU"><mg:sg class="IU">//<mg:s/><mg:s/>Licens</mg:sg><mg:sg class="IU">ed<mg:s/>under<mg:s/>t</mg:sg><mg:sg class="IU">he<mg:s/>Apache<mg:s/></mg:sg><mg:sg class="IU">License,<mg:s/>V</mg:sg><mg:sg class="IU">ersion<mg:s/>2.0</mg:sg><mg:sg class="IU"><mg:s/>(the<mg:s/>&quot;Lic</mg:sg><mg:sg class="IU">ense&quot;);<mg:s/>yo</mg:sg><mg:sg class="IU">u<mg:s/>may<mg:s/>not<mg:lf/></mg:sg></mg:ln>
<mg:ln file="3" number="18" class="U"><mg:sg class="U">//<mg:s/><mg:s/>Licens</mg:sg><mg:sg class="U">ed<mg:s/>under<mg:s/>t</mg:sg><mg:sg class="U">he<mg:s/>Apache<mg:s/></mg:sg><mg:sg class="U">License,<mg:s/>V</mg:sg><mg:sg class="U">ersion<mg:s/>2.0</mg:sg><mg:sg class="U"><mg:s/>(the<mg:s/>&quot;Lic</mg:sg><mg:sg class="U">ense&quot;);<mg:s/>yo</mg:sg><mg:sg class="U">u<mg:s/>may<mg:s/>not<mg:lf/></mg:sg></mg:ln>
</mg:row>
<mg:row>
<mg:ln file="2" number="19" class="IU"><mg:sg class="IU">//<mg:s/><mg:s/>use<mg:s/>th</mg:sg><mg:sg class="IU">is<mg:s/>file<mg:s/>ex</mg:sg><mg:sg class="IU">cept<mg:s/>in<mg:s/>co</mg:sg><mg:sg class="IU">mpliance<mg:s/>w</mg:sg><mg:sg class="IU">ith<mg:s/>the<mg:s/>Li</mg:sg><mg:sg class="IU">cense.<mg:s/><mg:s/>Yo</mg:sg><mg:sg class="IU">u<mg:s/>may<mg:s/>obta</mg:sg><mg:sg class="IU">in<mg:s/>a<mg:s/>copy<mg:lf/></mg:sg></mg:ln>
<mg:ln file="3" number="19" class="U"><mg:sg class="U">//<mg:s/><mg:s/>use<mg:s/>th</mg:sg><mg:sg class="U">is<mg:s/>file<mg:s/>ex</mg:sg><mg:sg class="U">cept<mg:s/>in<mg:s/>co</mg:sg><mg:sg class="U">mpliance<mg:s/>w</mg:sg><mg:sg class="U">ith<mg:s/>the<mg:s/>Li</mg:sg><mg:sg class="U">cense.<mg:s/><mg:s/>Yo</mg:sg><mg:sg class="U">u<mg:s/>may<mg:s/>obta</mg:sg><mg:sg class="U">in<mg:s/>a<mg:s/>copy<mg:lf/></mg:sg></mg:ln>
</mg:row>
<mg:row>
<mg:ln file="2" number="20" class="IU"><mg:sg class="IU">//<mg:s/><mg:s/>of<mg:s/>the</mg:sg><mg:sg class="IU"><mg:s/>License<mg:s/>a</mg:sg><mg:sg class="IU">t<mg:lf/></mg:sg></mg:ln>
<mg:ln file="3" number="20" class="U"><mg:sg class="U">//<mg:s/><mg:s/>of<mg:s/>the</mg:sg><mg:sg class="U"><mg:s/>License<mg:s/>a</mg:sg><mg:sg class="U">t<mg:lf/></mg:sg></mg:ln>
</mg:row>
<mg:row>
<mg:ln file="2" number="21" class="IU"><mg:sg class="IU">//<mg:lf/></mg:sg></mg:ln>
<mg:ln file="3" number="21" class="U"><mg:sg class="U">//<mg:lf/></mg:sg></mg:ln>
</mg:row>
<mg:row>
<mg:ln file="2" number="22" class="IU"><mg:sg class="IU">//<mg:s/><mg:s/>http:/</mg:sg><mg:sg class="IU">/www.apach</mg:sg><mg:sg class="IU">e.org/lice</mg:sg><mg:sg class="IU">nses/LICEN</mg:sg><mg:sg class="IU">SE-2.0<mg:lf/></mg:sg></mg:ln>
<mg:ln file="3" number="22" class="U"><mg:sg class="U">//<mg:s/><mg:s/>http:/</mg:sg><mg:sg class="U">/www.apach</mg:sg><mg:sg class="U">e.org/lice</mg:sg><mg:sg class="U">nses/LICEN</mg:sg><mg:sg class="U">SE-2.0<mg:lf/></mg:sg></mg:ln>
</mg:row>
<mg:row>
<mg:ln file="2" number="23" class="IU"><mg:sg class="IU">//<mg:lf/></mg:sg></mg:ln>
<mg:ln file="3" number="23" class="U"><mg:sg class="U">//<mg:lf/></mg:sg></mg:ln>
</mg:row>
<mg:row>
<mg:ln file="2" number="24" class="IU"><mg:sg class="IU">//<mg:s/><mg:s/>Unless</mg:sg><mg:sg class="IU"><mg:s/>required<mg:s/></mg:sg><mg:sg class="IU">by<mg:s/>applica</mg:sg><mg:sg class="IU">ble<mg:s/>law<mg:s/>or</mg:sg><mg:sg class="IU"><mg:s/>agreed<mg:s/>to</mg:sg><mg:sg class="IU"><mg:s/>in<mg:s/>writin</mg:sg><mg:sg class="IU">g,<mg:s/>softwar</mg:sg><mg:sg class="IU">e<mg:lf/></mg:sg></mg:ln>
<mg:ln file="3" number="24" class="U"><mg:sg class="U">//<mg:s/><mg:s/>Unless</mg:sg><mg:sg class="U"><mg:s/>required<mg:s/></mg:sg><mg:sg class="U">by<mg:s/>applica</mg:sg><mg:sg class="U">ble<mg:s/>law<mg:s/>or</mg:sg><mg:sg class="U"><mg:s/>agreed<mg:s/>to</mg:sg><mg:sg class="U"><mg:s/>in<mg:s/>writin</mg:sg><mg:sg class="U">g,<mg:s/>softwar</mg:sg><mg:sg class="U">e<mg:lf/></mg:sg></mg:ln>
</mg:row>
<mg:row>
<mg:ln file="2" number="25" class="IU"><mg:sg class="IU">//<mg:s/><mg:s/>distri</mg:sg><mg:sg class="IU">buted<mg:s/>unde</mg:sg><mg:sg class="IU">r<mg:s/>the<mg:s/>Lice</mg:sg><mg:sg class="IU">nse<mg:s/>is<mg:s/>dis</mg:sg><mg:sg class="IU">tributed<mg:s/>o</mg:sg><mg:sg class="IU">n<mg:s/>an<mg:s/>&quot;AS<mg:s/>I</mg:sg><mg:sg class="IU">S&quot;<mg:s/>BASIS,<mg:s/></mg:sg><mg:sg class="IU">WITHOUT<mg:lf/></mg:sg></mg:ln>
<mg:ln file="3" number="25" class="U"><mg:sg class="U">//<mg:s/><mg:s/>distri</mg:sg><mg:sg class="U">buted<mg:s/>unde</mg:sg><mg:sg class="U">r<mg:s/>the<mg:s/>Lice</mg:sg><mg:sg class="U">nse<mg:s/>is<mg:s/>dis</mg:sg><mg:sg class="U">tributed<mg:s/>o</mg:sg><mg:sg class="U">n<mg:s/>an<mg:s/>&quot;AS<mg:s/>I</mg:sg><mg:sg class="U">S&quot;<mg:s/>BASIS,<mg:s/></mg:sg><mg:sg class="U">WITHOUT<mg:lf/></mg:sg></mg:ln>
</mg:row>
<mg:row>
<mg:ln file="2" number="26" class="IU"><mg:sg class="IU">//<mg:s/><mg:s/>WARRAN</mg:sg><mg:sg class="IU">TIES<mg:s/>OR<mg:s/>CO</mg:sg><mg:sg class="IU">NDITIONS<mg:s/>O</mg:sg><mg:sg class="IU">F<mg:s/>ANY<mg:s/>KIND</mg:sg><mg:sg class="IU">,<mg:s/>either<mg:s/>e</mg:sg><mg:sg class="IU">xpress<mg:s/>or<mg:s/></mg:sg><mg:sg class="IU">implied.<mg:s/><mg:s/></mg:sg><mg:sg class="IU">See<mg:s/>the<mg:lf/></mg:sg></mg:ln>
<mg:ln file="3" number="26" class="U"><mg:sg class="U">//<mg:s/><mg:s/>WARRAN</mg:sg><mg:sg class="U">TIES<mg:s/>OR<mg:s/>CO</mg:sg><mg:sg class="U">NDITIONS<mg:s/>O</mg:sg><mg:sg class="U">F<mg:s/>ANY<mg:s/>KIND</mg:sg><mg:sg class="U">,<mg:s/>either<mg:s/>e</mg:sg><mg:sg class="U">xpress<mg:s/>or<mg:s/></mg:sg><mg:sg class="U">implied.<mg:s/><mg:s/></mg:sg><mg:sg class="U">See<mg:s/>the<mg:lf/></mg:sg></mg:ln>
</mg:row>
<mg:row>
<mg:ln file="2" number="27" class="IU"><mg:sg class="IU">//<mg:s/><mg:s/>Licens</mg:sg><mg:sg class="IU">e<mg:s/>for<mg:s/>the<mg:s/></mg:sg><mg:sg class="IU">specific<mg:s/>l</mg:sg><mg:sg class="IU">anguage<mg:s/>go</mg:sg><mg:sg class="IU">verning<mg:s/>pe</mg:sg><mg:sg class="IU">rmissions<mg:s/></mg:sg><mg:sg class="IU">and<mg:s/>limita</mg:sg><mg:sg class="IU">tions<mg:s/>unde</mg:sg><mg:sg class="IU">r<mg:lf/></mg:sg></mg:ln>
<mg:ln file="3" number="27" class="U"><mg:sg class="U">//<mg:s/><mg:s/>Licens</mg:sg><mg:sg class="U">e<mg:s/>for<mg:s/>the<mg:s/></mg:sg><mg:sg class="U">specific<mg:s/>l</mg:sg><mg:sg class="U">anguage<mg:s/>go</mg:sg><mg:sg class="U">verning<mg:s/>pe</mg:sg><mg:sg class="U">rmissions<mg:s/></mg:sg><mg:sg class="U">and<mg:s/>limita</mg:sg><mg:sg class="U">tions<mg:s/>unde</mg:sg><mg:sg class="U">r<mg:lf/></mg:sg></mg:ln>
</mg:row>
<mg:row>
<mg:ln file="2" number="28" class="IU"><mg:sg class="IU">//<mg:s/><mg:s/>the<mg:s/>Li</mg:sg><mg:sg class="IU">cense.<mg:lf/></mg:sg></mg:ln>
<mg:ln file="3" number="28" class="U"><mg:sg class="U">//<mg:s/><mg:s/>the<mg:s/>Li</mg:sg><mg:sg class="U">cense.<mg:lf/></mg:sg></mg:ln>
</mg:row>
<mg:row>
<mg:ln file="2" number="29" class="IU"><mg:sg class="IU">//<mg:lf/></mg:sg></mg:ln>
<mg:ln file="3" number="29" class="U"><mg:sg class="U">//<mg:lf/></mg:sg></mg:ln>
</mg:row>
<mg:row>
<mg:ln file="2" number="30" class="IU"><mg:sg class="IU"><mg:lf/></mg:sg></mg:ln>
<mg:ln file="3" number="30" class="U"><mg:sg class="U"><mg:lf/></mg:sg></mg:ln>
</mg:row>
<mg:row>
<mg:ln file="2" number="31" class="IU"><mg:sg class="IU">#if<mg:s/>DEBUG<mg:lf/></mg:sg></mg:ln>
<mg:ln file="3" number="31" class="U"><mg:sg class="U">#if<mg:s/>DEBUG<mg:lf/></mg:sg></mg:ln>
</mg:row>
<mg:row>
<mg:ln file="2" number="32" class="IU"><mg:sg class="IU"><mg:lf/></mg:sg></mg:ln>
<mg:ln file="3" number="32" class="U"><mg:sg class="U"><mg:lf/></mg:sg></mg:ln>
</mg:row>
<mg:row>
<mg:ln file="2" number="33" class="IU"><mg:sg class="IU">#import<mg:s/>&lt;s</mg:sg><mg:sg class="IU">tdarg.h&gt;<mg:lf/></mg:sg></mg:ln>
<mg:ln file="3" number="33" class="U"><mg:sg class="U">#import<mg:s/>&lt;s</mg:sg><mg:sg class="U">tdarg.h&gt;<mg:lf/></mg:sg></mg:ln>
</mg:row>
<mg:row>
<mg:ln file="2" number="34" class="IU"><mg:sg class="IU">#import<mg:s/>&quot;G</mg:sg><mg:sg class="IU">TMDefines.</mg:sg><mg:sg class="IU">h&quot;<mg:lf/></mg:sg></mg:ln>
<mg:ln file="3" number="34" class="U"><mg:sg class="U">#import<mg:s/>&quot;G</mg:sg><mg:sg class="U">TMDefines.</mg:sg><mg:sg class="U">h&quot;<mg:lf/></mg:sg></mg:ln>
</mg:row>
<mg:row>
<mg:ln file="2" number="35" class="IU"><mg:sg class="IU"><mg:lf/></mg:sg></mg:ln>
<mg:ln file="3" number="35" class="U"><mg:sg class="U"><mg:lf/></mg:sg></mg:ln>
</mg:row>
<mg:row>
<mg:ln file="2" number="36" class="IU"><mg:sg class="IU">static<mg:s/>voi</mg:sg><mg:sg class="IU">d<mg:s/>GTMAsser</mg:sg><mg:sg class="IU">tSelectorN</mg:sg><mg:sg class="IU">ilOrImplem</mg:sg><mg:sg class="IU">entedWithR</mg:sg><mg:sg class="IU">eturnTypeA</mg:sg><mg:sg class="IU">ndArgument</mg:sg><mg:sg class="IU">s(id<mg:s/>obj,<mg:s/></mg:sg><mg:sg class="IU">SEL<mg:s/>sel,<mg:s/>c</mg:sg><mg:sg class="IU">onst<mg:s/>char<mg:s/></mg:sg><mg:sg class="IU">*retType,<mg:s/></mg:sg><mg:sg class="IU">...)<mg:s/>{<mg:lf/></mg:sg></mg:ln>
<mg:ln file="3" number="36" class="U"><mg:sg class="U">static<mg:s/>voi</mg:sg><mg:sg class="U">d<mg:s/>GTMAsser</mg:sg><mg:sg class="U">tSelectorN</mg:sg><mg:sg class="U">ilOrImplem</mg:sg><mg:sg class="U">entedWithR</mg:sg><mg:sg class="U">eturnTypeA</mg:sg><mg:sg class="U">ndArgument</mg:sg><mg:sg class="U">s(id<mg:s/>obj,<mg:s/></mg:sg><mg:sg class="U">SEL<mg:s/>sel,<mg:s/>c</mg:sg><mg:sg class="U">onst<mg:s/>char<mg:s/></mg:sg><mg:sg class="U">*retType,<mg:s/></mg:sg><mg:sg class="U">...)<mg:s/>{<mg:lf/></mg:sg></mg:ln>
</mg:row>
<mg:row>
<mg:ln file="2" number="37" class="IU"><mg:sg class="IU"><mg:lf/></mg:sg></mg:ln>
<mg:ln file="3" number="37" class="U"><mg:sg class="U"><mg:lf/></mg:sg></mg:ln>
</mg:row>
<mg:row>
<mg:ln file="2" number="38" class="IU"><mg:sg class="IU"><mg:s/><mg:s/>//<mg:s/>verif</mg:sg><mg:sg class="IU">y<mg:s/>that<mg:s/>the</mg:sg><mg:sg class="IU"><mg:s/>object's<mg:s/></mg:sg><mg:sg class="IU">selector<mg:s/>i</mg:sg><mg:sg class="IU">s<mg:s/>implemen</mg:sg><mg:sg class="IU">ted<mg:s/>with<mg:s/>t</mg:sg><mg:sg class="IU">he<mg:s/>proper<mg:lf/></mg:sg></mg:ln>
<mg:ln file="3" number="38" class="U"><mg:sg class="U"><mg:s/><mg:s/>//<mg:s/>verif</mg:sg><mg:sg class="U">y<mg:s/>that<mg:s/>the</mg:sg><mg:sg class="U"><mg:s/>object's<mg:s/></mg:sg><mg:sg class="U">selector<mg:s/>i</mg:sg><mg:sg class="U">s<mg:s/>implemen</mg:sg><mg:sg class="U">ted<mg:s/>with<mg:s/>t</mg:sg><mg:sg class="U">he<mg:s/>proper<mg:lf/></mg:sg></mg:ln>
</mg:row>
<mg:row>
<mg:ln file="2" number="39" class="IU"><mg:sg class="IU"><mg:s/><mg:s/>//<mg:s/>numbe</mg:sg><mg:sg class="IU">r<mg:s/>and<mg:s/>type</mg:sg><mg:sg class="IU"><mg:s/>of<mg:s/>argume</mg:sg><mg:sg class="IU">nts<mg:lf/></mg:sg></mg:ln>
<mg:ln file="3" number="39" class="U"><mg:sg class="U"><mg:s/><mg:s/>//<mg:s/>numbe</mg:sg><mg:sg class="U">r<mg:s/>and<mg:s/>type</mg:sg><mg:sg class="U"><mg:s/>of<mg:s/>argume</mg:sg><mg:sg class="U">nts<mg:lf/></mg:sg></mg:ln>
</mg:row>
<mg:row>
<mg:ln file="2" number="40" class="IU"><mg:sg class="IU"><mg:s/><mg:s/>va_list<mg:s/></mg:sg><mg:sg class="IU">argList;<mg:lf/></mg:sg></mg:ln>
<mg:ln file="3" number="40" class="U"><mg:sg class="U"><mg:s/><mg:s/>va_list<mg:s/></mg:sg><mg:sg class="U">argList;<mg:lf/></mg:sg></mg:ln>
</mg:row>
<mg:row>
<mg:ln file="2" number="41" class="IU"><mg:sg class="IU"><mg:s/><mg:s/>va_start</mg:sg><mg:sg class="IU">(argList,<mg:s/></mg:sg><mg:sg class="IU">retType);<mg:lf/></mg:sg></mg:ln>
<mg:ln file="3" number="41" class="U"><mg:sg class="U"><mg:s/><mg:s/>va_start</mg:sg><mg:sg class="U">(argList,<mg:s/></mg:sg><mg:sg class="U">retType);<mg:lf/></mg:sg></mg:ln>
</mg:row>
<mg:row>
<mg:ln file="2" number="42" class="IU"><mg:sg class="IU"><mg:lf/></mg:sg></mg:ln>
<mg:ln file="3" number="42" class="U"><mg:sg class="U"><mg:lf/></mg:sg></mg:ln>
</mg:row>
<mg:row>
<mg:ln file="2" number="43" class="IU"><mg:sg class="IU"><mg:s/><mg:s/>if<mg:s/>(obj<mg:s/></mg:sg><mg:sg class="IU">&amp;&amp;<mg:s/>sel)<mg:s/>{<mg:lf/></mg:sg></mg:ln>
<mg:ln file="3" number="43" class="U"><mg:sg class="U"><mg:s/><mg:s/>if<mg:s/>(obj<mg:s/></mg:sg><mg:sg class="U">&amp;&amp;<mg:s/>sel)<mg:s/>{<mg:lf/></mg:sg></mg:ln>
</mg:row>
<mg:row>
<mg:ln file="2" number="44" class="IU"><mg:sg class="IU"><mg:s/><mg:s/><mg:s/><mg:s/>//<mg:s/>che</mg:sg><mg:sg class="IU">ck<mg:s/>that<mg:s/>th</mg:sg><mg:sg class="IU">e<mg:s/>selector</mg:sg><mg:sg class="IU"><mg:s/>is<mg:s/>implem</mg:sg><mg:sg class="IU">ented<mg:lf/></mg:sg></mg:ln>
<mg:ln file="3" number="44" class="U"><mg:sg class="U"><mg:s/><mg:s/><mg:s/><mg:s/>//<mg:s/>che</mg:sg><mg:sg class="U">ck<mg:s/>that<mg:s/>th</mg:sg><mg:sg class="U">e<mg:s/>selector</mg:sg><mg:sg class="U"><mg:s/>is<mg:s/>implem</mg:sg><mg:sg class="U">ented<mg:lf/></mg:sg></mg:ln>
</mg:row>
<mg:row>
<mg:ln file="2" number="45" class="IU"><mg:sg class="IU"><mg:s/><mg:s/><mg:s/><mg:s/>_GTMDe</mg:sg><mg:sg class="IU">vAssert([o</mg:sg><mg:sg class="IU">bj<mg:s/>respond</mg:sg><mg:sg class="IU">sToSelecto</mg:sg><mg:sg class="IU">r:sel],<mg:lf/></mg:sg></mg:ln>
<mg:ln file="3" number="45" class="U"><mg:sg class="U"><mg:s/><mg:s/><mg:s/><mg:s/>_GTMDe</mg:sg><mg:sg class="U">vAssert([o</mg:sg><mg:sg class="U">bj<mg:s/>respond</mg:sg><mg:sg class="U">sToSelecto</mg:sg><mg:sg class="U">r:sel],<mg:lf/></mg:sg></mg:ln>
</mg:row>
<mg:row>
<mg:ln file="2" number="46" class="IU"><mg:sg class="IU"><mg:s/><mg:s/><mg:s/><mg:s/><mg:s/><mg:s/><mg:s/><mg:s/><mg:s/><mg:s/></mg:sg><mg:sg class="IU"><mg:s/><mg:s/><mg:s/><mg:s/><mg:s/><mg:s/><mg:s/><mg:s/>@&quot;</mg:sg><mg:sg class="IU">\&quot;%@\&quot;<mg:s/>sel</mg:sg><mg:sg class="IU">ector<mg:s/>\&quot;%@</mg:sg><mg:sg class="IU">\&quot;<mg:s/>is<mg:s/>unim</mg:sg><mg:sg class="IU">plemented<mg:s/></mg:sg><mg:sg class="IU">or<mg:s/>misname</mg:sg><mg:sg class="IU">d&quot;,<mg:lf/></mg:sg></mg:ln>
<mg:ln file="3" number="46" class="U"><mg:sg class="U"><mg:s/><mg:s/><mg:s/><mg:s/><mg:s/><mg:s/><mg:s/><mg:s/><mg:s/><mg:s/></mg:sg><mg:sg class="U"><mg:s/><mg:s/><mg:s/><mg:s/><mg:s/><mg:s/><mg:s/><mg:s/>@&quot;</mg:sg><mg:sg class="U">\&quot;%@\&quot;<mg:s/>sel</mg:sg><mg:sg class="U">ector<mg:s/>\&quot;%@</mg:sg><mg:sg class="U">\&quot;<mg:s/>is<mg:s/>unim</mg:sg><mg:sg class="U">plemented<mg:s/></mg:sg><mg:sg class="U">or<mg:s/>misname</mg:sg><mg:sg class="U">d&quot;,<mg:lf/></mg:sg></mg:ln>
</mg:row>
<mg:row>
<mg:ln file="2" number="47" class="IU"><mg:sg class="IU"><mg:s/><mg:s/><mg:s/><mg:s/><mg:s/><mg:s/><mg:s/><mg:s/><mg:s/><mg:s/></mg:sg><mg:sg class="IU"><mg:s/><mg:s/><mg:s/><mg:s/><mg:s/><mg:s/><mg:s/><mg:s/>NS</mg:sg><mg:sg class="IU">StringFrom</mg:sg><mg:sg class="IU">Class([obj</mg:sg><mg:sg class="IU"><mg:s/>class]),<mg:lf/></mg:sg></mg:ln>
<mg:ln file="3" number="47" class="U"><mg:sg class="U"><mg:s/><mg:s/><mg:s/><mg:s/><mg:s/><mg:s/><mg:s/><mg:s/><mg:s/><mg:s/></mg:sg><mg:sg class="U"><mg:s/><mg:s/><mg:s/><mg:s/><mg:s/><mg:s/><mg:s/><mg:s/>NS</mg:sg><mg:sg class="U">StringFrom</mg:sg><mg:sg class="U">Class([obj</mg:sg><mg:sg class="U"><mg:s/>class]),<mg:lf/></mg:sg></mg:ln>
</mg:row>
<mg:row>
<mg:ln file="2" number="48" class="IU"><mg:sg class="IU"><mg:s/><mg:s/><mg:s/><mg:s/><mg:s/><mg:s/><mg:s/><mg:s/><mg:s/><mg:s/></mg:sg><mg:sg class="IU"><mg:s/><mg:s/><mg:s/><mg:s/><mg:s/><mg:s/><mg:s/><mg:s/>NS</mg:sg><mg:sg class="IU">StringFrom</mg:sg><mg:sg class="IU">Selector(s</mg:sg><mg:sg class="IU">el));<mg:lf/></mg:sg></mg:ln>
<mg:ln file="3" number="48" class="U"><mg:sg class="U"><mg:s/><mg:s/><mg:s/><mg:s/><mg:s/><mg:s/><mg:s/><mg:s/><mg:s/><mg:s/></mg:sg><mg:sg class="U"><mg:s/><mg:s/><mg:s/><mg:s/><mg:s/><mg:s/><mg:s/><mg:s/>NS</mg:sg><mg:sg class="U">StringFrom</mg:sg><mg:sg class="U">Selector(s</mg:sg><mg:sg class="U">el));<mg:lf/></mg:sg></mg:ln>
</mg:row>
<mg:row>
<mg:ln file="2" number="49" class="IU"><mg:sg class="IU"><mg:lf/></mg:sg></mg:ln>
<mg:ln file="3" number="49" class="U"><mg:sg class="U"><mg:lf/></mg:sg></mg:ln>
</mg:row>
<mg:row>
<mg:ln file="2" number="50" class="IU"><mg:sg class="IU"><mg:s/><mg:s/><mg:s/><mg:s/>const<mg:s/></mg:sg><mg:sg class="IU">char<mg:s/>*expe</mg:sg><mg:sg class="IU">ctedArgTyp</mg:sg><mg:sg class="IU">e;<mg:lf/></mg:sg></mg:ln>
<mg:ln file="3" number="50" class="U"><mg:sg class="U"><mg:s/><mg:s/><mg:s/><mg:s/>const<mg:s/></mg:sg><mg:sg class="U">char<mg:s/>*expe</mg:sg><mg:sg class="U">ctedArgTyp</mg:sg><mg:sg class="U">e;<mg:lf/></mg:sg></mg:ln>
</mg:row>
<mg:row>
<mg:ln file="2" number="51" class="IU"><mg:sg class="IU"><mg:s/><mg:s/><mg:s/><mg:s/>NSUInt</mg:sg><mg:sg class="IU">eger<mg:s/>argCo</mg:sg><mg:sg class="IU">unt<mg:s/>=<mg:s/>2;<mg:s/>/</mg:sg><mg:sg class="IU">/<mg:s/>skip<mg:s/>sel</mg:sg><mg:sg class="IU">f<mg:s/>and<mg:s/>_cmd</mg:sg><mg:sg class="IU"><mg:lf/></mg:sg></mg:ln>
<mg:ln file="3" number="51" class="U"><mg:sg class="U"><mg:s/><mg:s/><mg:s/><mg:s/>NSUInt</mg:sg><mg:sg class="U">eger<mg:s/>argCo</mg:sg><mg:sg class="U">unt<mg:s/>=<mg:s/>2;<mg:s/>/</mg:sg><mg:sg class="U">/<mg:s/>skip<mg:s/>sel</mg:sg><mg:sg class="U">f<mg:s/>and<mg:s/>_cmd</mg:sg><mg:sg class="U"><mg:lf/></mg:sg></mg:ln>
</mg:row>
<mg:row>
<mg:ln file="2" number="52" class="IU"><mg:sg class="IU"><mg:s/><mg:s/><mg:s/><mg:s/>NSMeth</mg:sg><mg:sg class="IU">odSignatur</mg:sg><mg:sg class="IU">e<mg:s/>*sig<mg:s/>=<mg:s/>[</mg:sg><mg:sg class="IU">obj<mg:s/>method</mg:sg><mg:sg class="IU">SignatureF</mg:sg><mg:sg class="IU">orSelector</mg:sg><mg:sg class="IU">:sel];<mg:lf/></mg:sg></mg:ln>
<mg:ln file="3" number="52" class="U"><mg:sg class="U"><mg:s/><mg:s/><mg:s/><mg:s/>NSMeth</mg:sg><mg:sg class="U">odSignatur</mg:sg><mg:sg class="U">e<mg:s/>*sig<mg:s/>=<mg:s/>[</mg:sg><mg:sg class="U">obj<mg:s/>method</mg:sg><mg:sg class="U">SignatureF</mg:sg><mg:sg class="U">orSelector</mg:sg><mg:sg class="U">:sel];<mg:lf/></mg:sg></mg:ln>
</mg:row>
<mg:row>
<mg:ln file="2" number="53" class="IU"><mg:sg class="IU"><mg:lf/></mg:sg></mg:ln>
<mg:ln file="3" number="53" class="U"><mg:sg class="U"><mg:lf/></mg:sg></mg:ln>
</mg:row>
<mg:row>
<mg:ln file="2" number="54" class="IU"><mg:sg class="IU"><mg:s/><mg:s/><mg:s/><mg:s/>//<mg:s/>che</mg:sg><mg:sg class="IU">ck<mg:s/>that<mg:s/>ea</mg:sg><mg:sg class="IU">ch<mg:s/>expecte</mg:sg><mg:sg class="IU">d<mg:s/>argument</mg:sg><mg:sg class="IU"><mg:s/>is<mg:s/>presen</mg:sg><mg:sg class="IU">t<mg:s/>and<mg:s/>of<mg:s/>t</mg:sg><mg:sg class="IU">he<mg:s/>correct</mg:sg><mg:sg class="IU"><mg:s/>type<mg:lf/></mg:sg></mg:ln>
<mg:ln file="3" number="54" class="U"><mg:sg class="U"><mg:s/><mg:s/><mg:s/><mg:s/>//<mg:s/>che</mg:sg><mg:sg class="U">ck<mg:s/>that<mg:s/>ea</mg:sg><mg:sg class="U">ch<mg:s/>expecte</mg:sg><mg:sg class="U">d<mg:s/>argument</mg:sg><mg:sg class="U"><mg:s/>is<mg:s/>presen</mg:sg><mg:sg class="U">t<mg:s/>and<mg:s/>of<mg:s/>t</mg:sg><mg:sg class="U">he<mg:s/>correct</mg:sg><mg:sg class="U"><mg:s/>type<mg:lf/></mg:sg></mg:ln>
</mg:row>
<mg:row>
<mg:ln file="2" number="55" class="IU"><mg:sg class="IU"><mg:s/><mg:s/><mg:s/><mg:s/>while<mg:s/></mg:sg><mg:sg class="IU">((expected</mg:sg><mg:sg class="IU">ArgType<mg:s/>=<mg:s/></mg:sg><mg:sg class="IU">va_arg(arg</mg:sg><mg:sg class="IU">List,<mg:s/>cons</mg:sg><mg:sg class="IU">t<mg:s/>char*))<mg:s/></mg:sg><mg:sg class="IU">!=<mg:s/>0)<mg:s/>{<mg:lf/></mg:sg></mg:ln>
<mg:ln file="3" number="55" class="U"><mg:sg class="U"><mg:s/><mg:s/><mg:s/><mg:s/>while<mg:s/></mg:sg><mg:sg class="U">((expected</mg:sg><mg:sg class="U">ArgType<mg:s/>=<mg:s/></mg:sg><mg:sg class="U">va_arg(arg</mg:sg><mg:sg class="U">List,<mg:s/>cons</mg:sg><mg:sg class="U">t<mg:s/>char*))<mg:s/></mg:sg><mg:sg class="U">!=<mg:s/>0)<mg:s/>{<mg:lf/></mg:sg></mg:ln>
</mg:row>
<mg:row>
<mg:ln file="2" number="56" class="IU"><mg:sg class="IU"><mg:lf/></mg:sg></mg:ln>
<mg:ln file="3" number="56" class="U"><mg:sg class="U"><mg:lf/></mg:sg></mg:ln>
</mg:row>
<mg:row>
<mg:ln file="2" number="57" class="IU"><mg:sg class="IU"><mg:s/><mg:s/><mg:s/><mg:s/><mg:s/><mg:s/>if<mg:s/>(</mg:sg><mg:sg class="IU">[sig<mg:s/>numbe</mg:sg><mg:sg class="IU">rOfArgumen</mg:sg><mg:sg class="IU">ts]<mg:s/>&gt;<mg:s/>argC</mg:sg><mg:sg class="IU">ount)<mg:s/>{<mg:lf/></mg:sg></mg:ln>
<mg:ln file="3" number="57" class="U"><mg:sg class="U"><mg:s/><mg:s/><mg:s/><mg:s/><mg:s/><mg:s/>if<mg:s/>(</mg:sg><mg:sg class="U">[sig<mg:s/>numbe</mg:sg><mg:sg class="U">rOfArgumen</mg:sg><mg:sg class="U">ts]<mg:s/>&gt;<mg:s/>argC</mg:sg><mg:sg class="U">ount)<mg:s/>{<mg:lf/></mg:sg></mg:ln>
</mg:row>
<mg:row>
<mg:ln file="2" number="58" class="IU"><mg:sg class="IU"><mg:s/><mg:s/><mg:s/><mg:s/><mg:s/><mg:s/><mg:s/><mg:s/>co</mg:sg><mg:sg class="IU">nst<mg:s/>char<mg:s/>*</mg:sg><mg:sg class="IU">foundArgTy</mg:sg><mg:sg class="IU">pe<mg:s/>=<mg:s/>[sig<mg:s/></mg:sg><mg:sg class="IU">getArgumen</mg:sg><mg:sg class="IU">tTypeAtInd</mg:sg><mg:sg class="IU">ex:argCoun</mg:sg><mg:sg class="IU">t];<mg:lf/></mg:sg></mg:ln>
<mg:ln file="3" number="58" class="U"><mg:sg class="U"><mg:s/><mg:s/><mg:s/><mg:s/><mg:s/><mg:s/><mg:s/><mg:s/>co</mg:sg><mg:sg class="U">nst<mg:s/>char<mg:s/>*</mg:sg><mg:sg class="U">foundArgTy</mg:sg><mg:sg class="U">pe<mg:s/>=<mg:s/>[sig<mg:s/></mg:sg><mg:sg class="U">getArgumen</mg:sg><mg:sg class="U">tTypeAtInd</mg:sg><mg:sg class="U">ex:argCoun</mg:sg><mg:sg class="U">t];<mg:lf/></mg:sg></mg:ln>
</mg:row>
<mg:row>
<mg:ln file="2" number="59" class="IU"><mg:sg class="IU"><mg:lf/></mg:sg></mg:ln>
<mg:ln file="3" number="59" class="U"><mg:sg class="U"><mg:lf/></mg:sg></mg:ln>
</mg:row>
<mg:row>
<mg:ln file="2" number="60" class="IU"><mg:sg class="IU"><mg:s/><mg:s/><mg:s/><mg:s/><mg:s/><mg:s/><mg:s/><mg:s/>_G</mg:sg><mg:sg class="IU">TMDevAsser</mg:sg><mg:sg class="IU">t(0<mg:s/>==<mg:s/>str</mg:sg><mg:sg class="IU">ncmp(found</mg:sg><mg:sg class="IU">ArgType,<mg:s/>e</mg:sg><mg:sg class="IU">xpectedArg</mg:sg><mg:sg class="IU">Type,<mg:s/>strl</mg:sg><mg:sg class="IU">en(expecte</mg:sg><mg:sg class="IU">dArgType))</mg:sg><mg:sg class="IU">,<mg:lf/></mg:sg></mg:ln>
<mg:ln file="3" number="60" class="U"><mg:sg class="U"><mg:s/><mg:s/><mg:s/><mg:s/><mg:s/><mg:s/><mg:s/><mg:s/>_G</mg:sg><mg:sg class="U">TMDevAsser</mg:sg><mg:sg class="U">t(0<mg:s/>==<mg:s/>str</mg:sg><mg:sg class="U">ncmp(found</mg:sg><mg:sg class="U">ArgType,<mg:s/>e</mg:sg><mg:sg class="U">xpectedArg</mg:sg><mg:sg class="U">Type,<mg:s/>strl</mg:sg><mg:sg class="U">en(expecte</mg:sg><mg:sg class="U">dArgType))</mg:sg><mg:sg class="U">,<mg:lf/></mg:sg></mg:ln>
</mg:row>
<mg:row>
<mg:ln file="2" number="61" class="IU"><mg:sg class="IU"><mg:s/><mg:s/><mg:s/><mg:s/><mg:s/><mg:s/><mg:s/><mg:s/><mg:s/><mg:s/></mg:sg><mg:sg class="IU"><mg:s/><mg:s/><mg:s/><mg:s/><mg:s/><mg:s/><mg:s/><mg:s/><mg:s/><mg:s/></mg:sg><mg:sg class="IU"><mg:s/><mg:s/>@&quot;\&quot;%@\&quot;</mg:sg><mg:sg class="IU"><mg:s/>selector<mg:s/></mg:sg><mg:sg class="IU">\&quot;%@\&quot;<mg:s/>arg</mg:sg><mg:sg class="IU">ument<mg:s/>%u<mg:s/>s</mg:sg><mg:sg class="IU">hould<mg:s/>be<mg:s/>t</mg:sg><mg:sg class="IU">ype<mg:s/>%s&quot;,<mg:lf/></mg:sg></mg:ln>
<mg:ln file="3" number="61" class="U"><mg:sg class="U"><mg:s/><mg:s/><mg:s/><mg:s/><mg:s/><mg:s/><mg:s/><mg:s/><mg:s/><mg:s/></mg:sg><mg:sg class="U"><mg:s/><mg:s/><mg:s/><mg:s/><mg:s/><mg:s/><mg:s/><mg:s/><mg:s/><mg:s/></mg:sg><mg:sg class="U"><mg:s/><mg:s/>@&quot;\&quot;%@\&quot;</mg:sg><mg:sg class="U"><mg:s/>selector<mg:s/></mg:sg><mg:sg class="U">\&quot;%@\&quot;<mg:s/>arg</mg:sg><mg:sg class="U">ument<mg:s/>%u<mg:s/>s</mg:sg><mg:sg class="U">hould<mg:s/>be<mg:s/>t</mg:sg><mg:sg class="U">ype<mg:s/>%s&quot;,<mg:lf/></mg:sg></mg:ln>
</mg:row>
<mg:row>
<mg:ln file="2" number="62" class="IU"><mg:sg class="IU"><mg:s/><mg:s/><mg:s/><mg:s/><mg:s/><mg:s/><mg:s/><mg:s/><mg:s/><mg:s/></mg:sg><mg:sg class="IU"><mg:s/><mg:s/><mg:s/><mg:s/><mg:s/><mg:s/><mg:s/><mg:s/><mg:s/><mg:s/></mg:sg><mg:sg class="IU"><mg:s/><mg:s/>NSString</mg:sg><mg:sg class="IU">FromClass(</mg:sg><mg:sg class="IU">[obj<mg:s/>class</mg:sg><mg:sg class="IU">]),<mg:lf/></mg:sg></mg:ln>
<mg:ln file="3" number="62" class="U"><mg:sg class="U"><mg:s/><mg:s/><mg:s/><mg:s/><mg:s/><mg:s/><mg:s/><mg:s/><mg:s/><mg:s/></mg:sg><mg:sg class="U"><mg:s/><mg:s/><mg:s/><mg:s/><mg:s/><mg:s/><mg:s/><mg:s/><mg:s/><mg:s/></mg:sg><mg:sg class="U"><mg:s/><mg:s/>NSString</mg:sg><mg:sg class="U">FromClass(</mg:sg><mg:sg class="U">[obj<mg:s/>class</mg:sg><mg:sg class="U">]),<mg:lf/></mg:sg></mg:ln>
</mg:row>
<mg:row>
<mg:ln file="2" number="63" class="IU"><mg:sg class="IU"><mg:s/><mg:s/><mg:s/><mg:s/><mg:s/><mg:s/><mg:s/><mg:s/><mg:s/><mg:s/></mg:sg><mg:sg class="IU"><mg:s/><mg:s/><mg:s/><mg:s/><mg:s/><mg:s/><mg:s/><mg:s/><mg:s/><mg:s/></mg:sg><mg:sg class="IU"><mg:s/><mg:s/>NSString</mg:sg><mg:sg class="IU">FromSelect</mg:sg><mg:sg class="IU">or(sel),<mg:lf/></mg:sg></mg:ln>
<mg:ln file="3" number="63" class="U"><mg:sg class="U"><mg:s/><mg:s/><mg:s/><mg:s/><mg:s/><mg:s/><mg:s/><mg:s/><mg:s/><mg:s/></mg:sg><mg:sg class="U"><mg:s/><mg:s/><mg:s/><mg:s/><mg:s/><mg:s/><mg:s/><mg:s/><mg:s/><mg:s/></mg:sg><mg:sg class="U"><mg:s/><mg:s/>NSString</mg:sg><mg:sg class="U">FromSelect</mg:sg><mg:sg class="U">or(sel),<mg:lf/></mg:sg></mg:ln>
</mg:row>
<mg:row>
<mg:ln file="2" number="64" class="IU"><mg:sg class="IU"><mg:s/><mg:s/><mg:s/><mg:s/><mg:s/><mg:s/><mg:s/><mg:s/><mg:s/><mg:s/></mg:sg><mg:sg class="IU"><mg:s/><mg:s/><mg:s/><mg:s/><mg:s/><mg:s/><mg:s/><mg:s/><mg:s/><mg:s/></mg:sg><mg:sg class="IU"><mg:s/><mg:s/>(uint32_</mg:sg><mg:sg class="IU">t)(argCoun</mg:sg><mg:sg class="IU">t<mg:s/>-<mg:s/>2),<mg:lf/></mg:sg></mg:ln>
<mg:ln file="3" number="64" class="U"><mg:sg class="U"><mg:s/><mg:s/><mg:s/><mg:s/><mg:s/><mg:s/><mg:s/><mg:s/><mg:s/><mg:s/></mg:sg><mg:sg class="U"><mg:s/><mg:s/><mg:s/><mg:s/><mg:s/><mg:s/><mg:s/><mg:s/><mg:s/><mg:s/></mg:sg><mg:sg class="U"><mg:s/><mg:s/>(uint32_</mg:sg><mg:sg class="U">t)(argCoun</mg:sg><mg:sg class="U">t<mg:s/>-<mg:s/>2),<mg:lf/></mg:sg></mg:ln>
</mg:row>
<mg:row>
<mg:ln file="2" number="65" class="IU"><mg:sg class="IU"><mg:s/><mg:s/><mg:s/><mg:s/><mg:s/><mg:s/><mg:s/><mg:s/><mg:s/><mg:s/></mg:sg><mg:sg class="IU"><mg:s/><mg:s/><mg:s/><mg:s/><mg:s/><mg:s/><mg:s/><mg:s/><mg:s/><mg:s/></mg:sg><mg:sg class="IU"><mg:s/><mg:s/>expected</mg:sg><mg:sg class="IU">ArgType);<mg:lf/></mg:sg></mg:ln>
<mg:ln file="3" number="65" class="U"><mg:sg class="U"><mg:s/><mg:s/><mg:s/><mg:s/><mg:s/><mg:s/><mg:s/><mg:s/><mg:s/><mg:s/></mg:sg><mg:sg class="U"><mg:s/><mg:s/><mg:s/><mg:s/><mg:s/><mg:s/><mg:s/><mg:s/><mg:s/><mg:s/></mg:sg><mg:sg class="U"><mg:s/><mg:s/>expected</mg:sg><mg:sg class="U">ArgType);<mg:lf/></mg:sg></mg:ln>
</mg:row>
<mg:row>
<mg:ln file="2" number="66" class="IU"><mg:sg class="IU"><mg:s/><mg:s/><mg:s/><mg:s/><mg:s/><mg:s/>}<mg:lf/></mg:sg></mg:ln>
<mg:ln file="3" number="66" class="U"><mg:sg class="U"><mg:s/><mg:s/><mg:s/><mg:s/><mg:s/><mg:s/>}<mg:lf/></mg:sg></mg:ln>
</mg:row>
<mg:row>
<mg:ln file="2" number="67" class="IU"><mg:sg class="IU"><mg:s/><mg:s/><mg:s/><mg:s/><mg:s/><mg:s/>argC</mg:sg><mg:sg class="IU">ount++;<mg:lf/></mg:sg></mg:ln>
<mg:ln file="3" number="67" class="U"><mg:sg class="U"><mg:s/><mg:s/><mg:s/><mg:s/><mg:s/><mg:s/>argC</mg:sg><mg:sg class="U">ount++;<mg:lf/></mg:sg></mg:ln>
</mg:row>
<mg:row>
<mg:ln file="2" number="68" class="IU"><mg:sg class="IU"><mg:s/><mg:s/><mg:s/><mg:s/>}<mg:lf/></mg:sg></mg:ln>
<mg:ln file="3" number="68" class="U"><mg:sg class="U"><mg:s/><mg:s/><mg:s/><mg:s/>}<mg:lf/></mg:sg></mg:ln>
</mg:row>
<mg:row>
<mg:ln file="2" number="69" class="IU"><mg:sg class="IU"><mg:lf/></mg:sg></mg:ln>
<mg:ln file="3" number="69" class="U"><mg:sg class="U"><mg:lf/></mg:sg></mg:ln>
</mg:row>
<mg:row>
<mg:ln file="2" number="70" class="IU"><mg:sg class="IU"><mg:s/><mg:s/><mg:s/><mg:s/>//<mg:s/>che</mg:sg><mg:sg class="IU">ck<mg:s/>that<mg:s/>th</mg:sg><mg:sg class="IU">e<mg:s/>proper<mg:s/>n</mg:sg><mg:sg class="IU">umber<mg:s/>of<mg:s/>a</mg:sg><mg:sg class="IU">rguments<mg:s/>a</mg:sg><mg:sg class="IU">re<mg:s/>present</mg:sg><mg:sg class="IU"><mg:s/>in<mg:s/>the<mg:s/>se</mg:sg><mg:sg class="IU">lector<mg:lf/></mg:sg></mg:ln>
<mg:ln file="3" number="70" class="U"><mg:sg class="U"><mg:s/><mg:s/><mg:s/><mg:s/>//<mg:s/>che</mg:sg><mg:sg class="U">ck<mg:s/>that<mg:s/>th</mg:sg><mg:sg class="U">e<mg:s/>proper<mg:s/>n</mg:sg><mg:sg class="U">umber<mg:s/>of<mg:s/>a</mg:sg><mg:sg class="U">rguments<mg:s/>a</mg:sg><mg:sg class="U">re<mg:s/>present</mg:sg><mg:sg class="U"><mg:s/>in<mg:s/>the<mg:s/>se</mg:sg><mg:sg class="U">lector<mg:lf/></mg:sg></mg:ln>
</mg:row>
<mg:row>
<mg:ln file="2" number="71" class="IU"><mg:sg class="IU"><mg:s/><mg:s/><mg:s/><mg:s/>_GTMDe</mg:sg><mg:sg class="IU">vAssert(ar</mg:sg><mg:sg class="IU">gCount<mg:s/>==<mg:s/></mg:sg><mg:sg class="IU">[sig<mg:s/>numbe</mg:sg><mg:sg class="IU">rOfArgumen</mg:sg><mg:sg class="IU">ts],<mg:lf/></mg:sg></mg:ln>
<mg:ln file="3" number="71" class="U"><mg:sg class="U"><mg:s/><mg:s/><mg:s/><mg:s/>_GTMDe</mg:sg><mg:sg class="U">vAssert(ar</mg:sg><mg:sg class="U">gCount<mg:s/>==<mg:s/></mg:sg><mg:sg class="U">[sig<mg:s/>numbe</mg:sg><mg:sg class="U">rOfArgumen</mg:sg><mg:sg class="U">ts],<mg:lf/></mg:sg></mg:ln>
</mg:row>
<mg:row>
<mg:ln file="2" number="72" class="IU"><mg:sg class="IU"><mg:s/><mg:s/><mg:s/><mg:s/><mg:s/><mg:s/><mg:s/><mg:s/><mg:s/><mg:s/></mg:sg><mg:sg class="IU"><mg:s/><mg:s/><mg:s/><mg:s/><mg:s/><mg:s/><mg:s/><mg:s/>@&quot;</mg:sg><mg:sg class="IU">\&quot;%@\&quot;<mg:s/>sel</mg:sg><mg:sg class="IU">ector<mg:s/>\&quot;%@</mg:sg><mg:sg class="IU">\&quot;<mg:s/>should<mg:s/></mg:sg><mg:sg class="IU">have<mg:s/>%u<mg:s/>ar</mg:sg><mg:sg class="IU">guments&quot;,<mg:lf/></mg:sg></mg:ln>
<mg:ln file="3" number="72" class="U"><mg:sg class="U"><mg:s/><mg:s/><mg:s/><mg:s/><mg:s/><mg:s/><mg:s/><mg:s/><mg:s/><mg:s/></mg:sg><mg:sg class="U"><mg:s/><mg:s/><mg:s/><mg:s/><mg:s/><mg:s/><mg:s/><mg:s/>@&quot;</mg:sg><mg:sg class="U">\&quot;%@\&quot;<mg:s/>sel</mg:sg><mg:sg class="U">ector<mg:s/>\&quot;%@</mg:sg><mg:sg class="U">\&quot;<mg:s/>should<mg:s/></mg:sg><mg:sg class="U">have<mg:s/>%u<mg:s/>ar</mg:sg><mg:sg class="U">guments&quot;,<mg:lf/></mg:sg></mg:ln>
</mg:row>
<mg:row>
<mg:ln file="2" number="73" class="IU"><mg:sg class="IU"><mg:s/><mg:s/><mg:s/><mg:s/><mg:s/><mg:s/><mg:s/><mg:s/><mg:s/><mg:s/></mg:sg><mg:sg class="IU"><mg:s/><mg:s/><mg:s/><mg:s/><mg:s/><mg:s/><mg:s/><mg:s/>NS</mg:sg><mg:sg class="IU">StringFrom</mg:sg><mg:sg class="IU">Class([obj</mg:sg><mg:sg class="IU"><mg:s/>class]),<mg:lf/></mg:sg></mg:ln>
<mg:ln file="3" number="73" class="U"><mg:sg class="U"><mg:s/><mg:s/><mg:s/><mg:s/><mg:s/><mg:s/><mg:s/><mg:s/><mg:s/><mg:s/></mg:sg><mg:sg class="U"><mg:s/><mg:s/><mg:s/><mg:s/><mg:s/><mg:s/><mg:s/><mg:s/>NS</mg:sg><mg:sg class="U">StringFrom</mg:sg><mg:sg class="U">Class([obj</mg:sg><mg:sg class="U"><mg:s/>class]),<mg:lf/></mg:sg></mg:ln>
</mg:row>
<mg:row>
<mg:ln file="2" number="74" class="IU"><mg:sg class="IU"><mg:s/><mg:s/><mg:s/><mg:s/><mg:s/><mg:s/><mg:s/><mg:s/><mg:s/><mg:s/></mg:sg><mg:sg class="IU"><mg:s/><mg:s/><mg:s/><mg:s/><mg:s/><mg:s/><mg:s/><mg:s/>NS</mg:sg><mg:sg class="IU">StringFrom</mg:sg><mg:sg class="IU">Selector(s</mg:sg><mg:sg class="IU">el),<mg:lf/></mg:sg></mg:ln>
<mg:ln file="3" number="74" class="U"><mg:sg class="U"><mg:s/><mg:s/><mg:s/><mg:s/><mg:s/><mg:s/><mg:s/><mg:s/><mg:s/><mg:s/></mg:sg><mg:sg class="U"><mg:s/><mg:s/><mg:s/><mg:s/><mg:s/><mg:s/><mg:s/><mg:s/>NS</mg:sg><mg:sg class="U">StringFrom</mg:sg><mg:sg class="U">Selector(s</mg:sg><mg:sg class="U">el),<mg:lf/></mg:sg></mg:ln>
</mg:row>
<mg:row>
<mg:ln file="2" number="75" class="IU"><mg:sg class="IU"><mg:s/><mg:s/><mg:s/><mg:s/><mg:s/><mg:s/><mg:s/><mg:s/><mg:s/><mg:s/></mg:sg><mg:sg class="IU"><mg:s/><mg:s/><mg:s/><mg:s/><mg:s/><mg:s/><mg:s/><mg:s/>(u</mg:sg><mg:sg class="IU">int32_t)(a</mg:sg><mg:sg class="IU">rgCount<mg:s/>-<mg:s/></mg:sg><mg:sg class="IU">2));<mg:lf/></mg:sg></mg:ln>
<mg:ln file="3" number="75" class="U"><mg:sg class="U"><mg:s/><mg:s/><mg:s/><mg:s/><mg:s/><mg:s/><mg:s/><mg:s/><mg:s/><mg:s/></mg:sg><mg:sg class="U"><mg:s/><mg:s/><mg:s/><mg:s/><mg:s/><mg:s/><mg:s/><mg:s/>(u</mg:sg><mg:sg class="U">int32_t)(a</mg:sg><mg:sg class="U">rgCount<mg:s/>-<mg:s/></mg:sg><mg:sg class="U">2));<mg:lf/></mg:sg></mg:ln>
</mg:row>
<mg:row>
<mg:ln file="2" number="76" class="IU"><mg:sg class="IU"><mg:lf/></mg:sg></mg:ln>
<mg:ln file="3" number="76" class="U"><mg:sg class="U"><mg:lf/></mg:sg></mg:ln>
</mg:row>
<mg:row>
<mg:ln file="2" number="77" class="IU"><mg:sg class="IU"><mg:s/><mg:s/><mg:s/><mg:s/>//<mg:s/>if<mg:s/></mg:sg><mg:sg class="IU">asked,<mg:s/>val</mg:sg><mg:sg class="IU">idate<mg:s/>the<mg:s/></mg:sg><mg:sg class="IU">return<mg:s/>typ</mg:sg><mg:sg class="IU">e<mg:lf/></mg:sg></mg:ln>
<mg:ln file="3" number="77" class="U"><mg:sg class="U"><mg:s/><mg:s/><mg:s/><mg:s/>//<mg:s/>if<mg:s/></mg:sg><mg:sg class="U">asked,<mg:s/>val</mg:sg><mg:sg class="U">idate<mg:s/>the<mg:s/></mg:sg><mg:sg class="U">return<mg:s/>typ</mg:sg><mg:sg class="U">e<mg:lf/></mg:sg></mg:ln>
</mg:row>
<mg:row>
<mg:ln file="2" number="78" class="IU"><mg:sg class="IU"><mg:s/><mg:s/><mg:s/><mg:s/>if<mg:s/>(re</mg:sg><mg:sg class="IU">tType<mg:s/>&amp;&amp;<mg:s/>(</mg:sg><mg:sg class="IU">strcmp(&quot;gt</mg:sg><mg:sg class="IU">m_skip_ret</mg:sg><mg:sg class="IU">urn_test&quot;,</mg:sg><mg:sg class="IU"><mg:s/>retType)<mg:s/></mg:sg><mg:sg class="IU">!=<mg:s/>0))<mg:s/>{<mg:lf/></mg:sg></mg:ln>
<mg:ln file="3" number="78" class="U"><mg:sg class="U"><mg:s/><mg:s/><mg:s/><mg:s/>if<mg:s/>(re</mg:sg><mg:sg class="U">tType<mg:s/>&amp;&amp;<mg:s/>(</mg:sg><mg:sg class="U">strcmp(&quot;gt</mg:sg><mg:sg class="U">m_skip_ret</mg:sg><mg:sg class="U">urn_test&quot;,</mg:sg><mg:sg class="U"><mg:s/>retType)<mg:s/></mg:sg><mg:sg class="U">!=<mg:s/>0))<mg:s/>{<mg:lf/></mg:sg></mg:ln>
</mg:row>
<mg:row>
<mg:ln file="2" number="79" class="IU"><mg:sg class="IU"><mg:s/><mg:s/><mg:s/><mg:s/><mg:s/><mg:s/>cons</mg:sg><mg:sg class="IU">t<mg:s/>char<mg:s/>*fo</mg:sg><mg:sg class="IU">undRetType</mg:sg><mg:sg class="IU"><mg:s/>=<mg:s/>[sig<mg:s/>me</mg:sg><mg:sg class="IU">thodReturn</mg:sg><mg:sg class="IU">Type];<mg:lf/></mg:sg></mg:ln>
<mg:ln file="3" number="79" class="U"><mg:sg class="U"><mg:s/><mg:s/><mg:s/><mg:s/><mg:s/><mg:s/>cons</mg:sg><mg:sg class="U">t<mg:s/>char<mg:s/>*fo</mg:sg><mg:sg class="U">undRetType</mg:sg><mg:sg class="U"><mg:s/>=<mg:s/>[sig<mg:s/>me</mg:sg><mg:sg class="U">thodReturn</mg:sg><mg:sg class="U">Type];<mg:lf/></mg:sg></mg:ln>
</mg:row>
<mg:row>
<mg:ln file="2" number="80" class="IU"><mg:sg class="IU"><mg:s/><mg:s/><mg:s/><mg:s/><mg:s/><mg:s/>_GTM</mg:sg><mg:sg class="IU">DevAssert(</mg:sg><mg:sg class="IU">0<mg:s/>==<mg:s/>strnc</mg:sg><mg:sg class="IU">mp(foundRe</mg:sg><mg:sg class="IU">tType,<mg:s/>ret</mg:sg><mg:sg class="IU">Type,<mg:s/>strl</mg:sg><mg:sg class="IU">en(retType</mg:sg><mg:sg class="IU">)),<mg:lf/></mg:sg></mg:ln>
<mg:ln file="3" number="80" class="U"><mg:sg class="U"><mg:s/><mg:s/><mg:s/><mg:s/><mg:s/><mg:s/>_GTM</mg:sg><mg:sg class="U">DevAssert(</mg:sg><mg:sg class="U">0<mg:s/>==<mg:s/>strnc</mg:sg><mg:sg class="U">mp(foundRe</mg:sg><mg:sg class="U">tType,<mg:s/>ret</mg:sg><mg:sg class="U">Type,<mg:s/>strl</mg:sg><mg:sg class="U">en(retType</mg:sg><mg:sg class="U">)),<mg:lf/></mg:sg></mg:ln>
</mg:row>
<mg:row>
<mg:ln file="2" number="81" class="IU"><mg:sg class="IU"><mg:s/><mg:s/><mg:s/><mg:s/><mg:s/><mg:s/><mg:s/><mg:s/><mg:s/><mg:s/></mg:sg><mg:sg class="IU"><mg:s/><mg:s/><mg:s/><mg:s/><mg:s/><mg:s/><mg:s/><mg:s/><mg:s/><mg:s/></mg:sg><mg:sg class="IU">@&quot;\&quot;%@\&quot;<mg:s/>s</mg:sg><mg:sg class="IU">elector<mg:s/>\&quot;</mg:sg><mg:sg class="IU">%@\&quot;<mg:s/>retur</mg:sg><mg:sg class="IU">n<mg:s/>type<mg:s/>sho</mg:sg><mg:sg class="IU">uld<mg:s/>be<mg:s/>typ</mg:sg><mg:sg class="IU">e<mg:s/>%s&quot;,<mg:lf/></mg:sg></mg:ln>
<mg:ln file="3" number="81" class="U"><mg:sg class="U"><mg:s/><mg:s/><mg:s/><mg:s/><mg:s/><mg:s/><mg:s/><mg:s/><mg:s/><mg:s/></mg:sg><mg:sg class="U"><mg:s/><mg:s/><mg:s/><mg:s/><mg:s/><mg:s/><mg:s/><mg:s/><mg:s/><mg:s/></mg:sg><mg:sg class="U">@&quot;\&quot;%@\&quot;<mg:s/>s</mg:sg><mg:sg class="U">elector<mg:s/>\&quot;</mg:sg><mg:sg class="U">%@\&quot;<mg:s/>retur</mg:sg><mg:sg class="U">n<mg:s/>type<mg:s/>sho</mg:sg><mg:sg class="U">uld<mg:s/>be<mg:s/>typ</mg:sg><mg:sg class="U">e<mg:s/>%s&quot;,<mg:lf/></mg:sg></mg:ln>
</mg:row>
<mg:row>
<mg:ln file="2" number="82" class="IU"><mg:sg class="IU"><mg:s/><mg:s/><mg:s/><mg:s/><mg:s/><mg:s/><mg:s/><mg:s/><mg:s/><mg:s/></mg:sg><mg:sg class="IU"><mg:s/><mg:s/><mg:s/><mg:s/><mg:s/><mg:s/><mg:s/><mg:s/><mg:s/><mg:s/></mg:sg><mg:sg class="IU">NSStringFr</mg:sg><mg:sg class="IU">omClass([o</mg:sg><mg:sg class="IU">bj<mg:s/>class])</mg:sg><mg:sg class="IU">,<mg:lf/></mg:sg></mg:ln>
<mg:ln file="3" number="82" class="U"><mg:sg class="U"><mg:s/><mg:s/><mg:s/><mg:s/><mg:s/><mg:s/><mg:s/><mg:s/><mg:s/><mg:s/></mg:sg><mg:sg class="U"><mg:s/><mg:s/><mg:s/><mg:s/><mg:s/><mg:s/><mg:s/><mg:s/><mg:s/><mg:s/></mg:sg><mg:sg class="U">NSStringFr</mg:sg><mg:sg class="U">omClass([o</mg:sg><mg:sg class="U">bj<mg:s/>class])</mg:sg><mg:sg class="U">,<mg:lf/></mg:sg></mg:ln>
</mg:row>
<mg:row>
<mg:ln file="2" number="83" class="IU"><mg:sg class="IU"><mg:s/><mg:s/><mg:s/><mg:s/><mg:s/><mg:s/><mg:s/><mg:s/><mg:s/><mg:s/></mg:sg><mg:sg class="IU"><mg:s/><mg:s/><mg:s/><mg:s/><mg:s/><mg:s/><mg:s/><mg:s/><mg:s/><mg:s/></mg:sg><mg:sg class="IU">NSStringFr</mg:sg><mg:sg class="IU">omSelector</mg:sg><mg:sg class="IU">(sel),<mg:lf/></mg:sg></mg:ln>
<mg:ln file="3" number="83" class="U"><mg:sg class="U"><mg:s/><mg:s/><mg:s/><mg:s/><mg:s/><mg:s/><mg:s/><mg:s/><mg:s/><mg:s/></mg:sg><mg:sg class="U"><mg:s/><mg:s/><mg:s/><mg:s/><mg:s/><mg:s/><mg:s/><mg:s/><mg:s/><mg:s/></mg:sg><mg:sg class="U">NSStringFr</mg:sg><mg:sg class="U">omSelector</mg:sg><mg:sg class="U">(sel),<mg:lf/></mg:sg></mg:ln>
</mg:row>
<mg:row>
<mg:ln file="2" number="84" class="IU"><mg:sg class="IU"><mg:s/><mg:s/><mg:s/><mg:s/><mg:s/><mg:s/><mg:s/><mg:s/><mg:s/><mg:s/></mg:sg><mg:sg class="IU"><mg:s/><mg:s/><mg:s/><mg:s/><mg:s/><mg:s/><mg:s/><mg:s/><mg:s/><mg:s/></mg:sg><mg:sg class="IU">retType);<mg:lf/></mg:sg></mg:ln>
<mg:ln file="3" number="84" class="U"><mg:sg class="U"><mg:s/><mg:s/><mg:s/><mg:s/><mg:s/><mg:s/><mg:s/><mg:s/><mg:s/><mg:s/></mg:sg><mg:sg class="U"><mg:s/><mg:s/><mg:s/><mg:s/><mg:s/><mg:s/><mg:s/><mg:s/><mg:s/><mg:s/></mg:sg><mg:sg class="U">retType);<mg:lf/></mg:sg></mg:ln>
</mg:row>
<mg:row>
<mg:ln file="2" number="85" class="IU"><mg:sg class="IU"><mg:s/><mg:s/><mg:s/><mg:s/>}<mg:lf/></mg:sg></mg:ln>
<mg:ln file="3" number="85" class="U"><mg:sg class="U"><mg:s/><mg:s/><mg:s/><mg:s/>}<mg:lf/></mg:sg></mg:ln>
</mg:row>
<mg:row>
<mg:ln file="2" number="86" class="IU"><mg:sg class="IU"><mg:s/><mg:s/>}<mg:lf/></mg:sg></mg:ln>
<mg:ln file="3" number="86" class="U"><mg:sg class="U"><mg:s/><mg:s/>}<mg:lf/></mg:sg></mg:ln>
</mg:row>
<mg:row>
<mg:ln file="2" number="87" class="IU"><mg:sg class="IU"><mg:lf/></mg:sg></mg:ln>
<mg:ln file="3" number="87" class="U"><mg:sg class="U"><mg:lf/></mg:sg></mg:ln>
</mg:row>
<mg:row>
<mg:ln file="2" number="88" class="IU"><mg:sg class="IU"><mg:s/><mg:s/>va_end(a</mg:sg><mg:sg class="IU">rgList);<mg:lf/></mg:sg></mg:ln>
<mg:ln file="3" number="88" class="U"><mg:sg class="U"><mg:s/><mg:s/>va_end(a</mg:sg><mg:sg class="U">rgList);<mg:lf/></mg:sg></mg:ln>
</mg:row>
<mg:row>
<mg:ln file="2" number="89" class="IU"><mg:sg class="IU">}<mg:lf/></mg:sg></mg:ln>
<mg:ln file="3" number="89" class="U"><mg:sg class="U">}<mg:lf/></mg:sg></mg:ln>
</mg:row>
<mg:row>
<mg:ln file="2" number="90" class="IU"><mg:sg class="IU"><mg:lf/></mg:sg></mg:ln>
<mg:ln file="3" number="90" class="U"><mg:sg class="U"><mg:lf/></mg:sg></mg:ln>
</mg:row>
<mg:row>
<mg:ln file="2" number="91" class="IU"><mg:sg class="IU">#define<mg:s/>GT</mg:sg><mg:sg class="IU">MAssertSel</mg:sg><mg:sg class="IU">ectorNilOr</mg:sg><mg:sg class="IU">Implemente</mg:sg><mg:sg class="IU">dWithArgum</mg:sg><mg:sg class="IU">ents(obj,<mg:s/></mg:sg><mg:sg class="IU">sel,<mg:s/>...)<mg:s/></mg:sg><mg:sg class="IU">\<mg:lf/></mg:sg></mg:ln>
<mg:ln file="3" number="91" class="U"><mg:sg class="U">#define<mg:s/>GT</mg:sg><mg:sg class="U">MAssertSel</mg:sg><mg:sg class="U">ectorNilOr</mg:sg><mg:sg class="U">Implemente</mg:sg><mg:sg class="U">dWithArgum</mg:sg><mg:sg class="U">ents(obj,<mg:s/></mg:sg><mg:sg class="U">sel,<mg:s/>...)<mg:s/></mg:sg><mg:sg class="U">\<mg:lf/></mg:sg></mg:ln>
</mg:row>
<mg:row>
<mg:ln file="2" number="92" class="IU"><mg:sg class="IU"><mg:s/><mg:s/>GTMAsser</mg:sg><mg:sg class="IU">tSelectorN</mg:sg><mg:sg class="IU">ilOrImplem</mg:sg><mg:sg class="IU">entedWithR</mg:sg><mg:sg class="IU">eturnTypeA</mg:sg><mg:sg class="IU">ndArgument</mg:sg><mg:sg class="IU">s((obj),<mg:s/>(</mg:sg><mg:sg class="IU">sel),<mg:s/>&quot;gtm</mg:sg><mg:sg class="IU">_skip_retu</mg:sg><mg:sg class="IU">rn_test&quot;,<mg:s/></mg:sg><mg:sg class="IU">__VA_ARGS_</mg:sg><mg:sg class="IU">_)<mg:lf/></mg:sg></mg:ln>
<mg:ln file="3" number="92" class="U"><mg:sg class="U"><mg:s/><mg:s/>GTMAsser</mg:sg><mg:sg class="U">tSelectorN</mg:sg><mg:sg class="U">ilOrImplem</mg:sg><mg:sg class="U">entedWithR</mg:sg><mg:sg class="U">eturnTypeA</mg:sg><mg:sg class="U">ndArgument</mg:sg><mg:sg class="U">s((obj),<mg:s/>(</mg:sg><mg:sg class="U">sel),<mg:s/>&quot;gtm</mg:sg><mg:sg class="U">_skip_retu</mg:sg><mg:sg class="U">rn_test&quot;,<mg:s/></mg:sg><mg:sg class="U">__VA_ARGS_</mg:sg><mg:sg class="U">_)<mg:lf/></mg:sg></mg:ln>
</mg:row>
<mg:row>
<mg:ln file="2" number="93" class="IU"><mg:sg class="IU"><mg:lf/></mg:sg></mg:ln>
<mg:ln file="3" number="93" class="U"><mg:sg class="U"><mg:lf/></mg:sg></mg:ln>
</mg:row>
<mg:row>
<mg:ln file="2" number="94" class="IU"><mg:sg class="IU">#else<mg:s/>//<mg:s/>D</mg:sg><mg:sg class="IU">EBUG<mg:lf/></mg:sg></mg:ln>
<mg:ln file="3" number="94" class="U"><mg:sg class="U">#else<mg:s/>//<mg:s/>D</mg:sg><mg:sg class="U">EBUG<mg:lf/></mg:sg></mg:ln>
</mg:row>
<mg:row>
<mg:ln file="2" number="95" class="IU"><mg:sg class="IU"><mg:lf/></mg:sg></mg:ln>
<mg:ln file="3" number="95" class="U"><mg:sg class="U"><mg:lf/></mg:sg></mg:ln>
</mg:row>
<mg:row>
<mg:ln file="2" number="96" class="IU"><mg:sg class="IU">//<mg:s/>make<mg:s/>it</mg:sg><mg:sg class="IU"><mg:s/>go<mg:s/>away<mg:s/>i</mg:sg><mg:sg class="IU">f<mg:s/>not<mg:s/>debu</mg:sg><mg:sg class="IU">g<mg:lf/></mg:sg></mg:ln>
<mg:ln file="3" number="96" class="U"><mg:sg class="U">//<mg:s/>make<mg:s/>it</mg:sg><mg:sg class="U"><mg:s/>go<mg:s/>away<mg:s/>i</mg:sg><mg:sg class="U">f<mg:s/>not<mg:s/>debu</mg:sg><mg:sg class="U">g<mg:lf/></mg:sg></mg:ln>
</mg:row>
<mg:row>
<mg:ln file="2" number="97" class="IU"><mg:sg class="IU">#define<mg:s/>GT</mg:sg><mg:sg class="IU">MAssertSel</mg:sg><mg:sg class="IU">ectorNilOr</mg:sg><mg:sg class="IU">Implemente</mg:sg><mg:sg class="IU">dWithRetur</mg:sg><mg:sg class="IU">nTypeAndAr</mg:sg><mg:sg class="IU">guments(ob</mg:sg><mg:sg class="IU">j,<mg:s/>sel,<mg:s/>re</mg:sg><mg:sg class="IU">tType,<mg:s/>...</mg:sg><mg:sg class="IU">)<mg:s/>do<mg:s/>{<mg:s/>}<mg:s/>w</mg:sg><mg:sg class="IU">hile<mg:s/>(0)<mg:lf/></mg:sg></mg:ln>
<mg:ln file="3" number="97" class="U"><mg:sg class="U">#define<mg:s/>GT</mg:sg><mg:sg class="U">MAssertSel</mg:sg><mg:sg class="U">ectorNilOr</mg:sg><mg:sg class="U">Implemente</mg:sg><mg:sg class="U">dWithRetur</mg:sg><mg:sg class="U">nTypeAndAr</mg:sg><mg:sg class="U">guments(ob</mg:sg><mg:sg class="U">j,<mg:s/>sel,<mg:s/>re</mg:sg><mg:sg class="U">tType,<mg:s/>...</mg:sg><mg:sg class="U">)<mg:s/>do<mg:s/>{<mg:s/>}<mg:s/>w</mg:sg><mg:sg class="U">hile<mg:s/>(0)<mg:lf/></mg:sg></mg:ln>
</mg:row>
<mg:row>
<mg:ln file="2" number="98" class="IU"><mg:sg class="IU">#define<mg:s/>GT</mg:sg><mg:sg class="IU">MAssertSel</mg:sg><mg:sg class="IU">ectorNilOr</mg:sg><mg:sg class="IU">Implemente</mg:sg><mg:sg class="IU">dWithArgum</mg:sg><mg:sg class="IU">ents(obj,<mg:s/></mg:sg><mg:sg class="IU">sel,<mg:s/>...)<mg:s/></mg:sg><mg:sg class="IU">do<mg:s/>{<mg:s/>}<mg:s/>whi</mg:sg><mg:sg class="IU">le<mg:s/>(0)<mg:lf/></mg:sg></mg:ln>
<mg:ln file="3" number="98" class="U"><mg:sg class="U">#define<mg:s/>GT</mg:sg><mg:sg class="U">MAssertSel</mg:sg><mg:sg class="U">ectorNilOr</mg:sg><mg:sg class="U">Implemente</mg:sg><mg:sg class="U">dWithArgum</mg:sg><mg:sg class="U">ents(obj,<mg:s/></mg:sg><mg:sg class="U">sel,<mg:s/>...)<mg:s/></mg:sg><mg:sg class="U">do<mg:s/>{<mg:s/>}<mg:s/>whi</mg:sg><mg:sg class="U">le<mg:s/>(0)<mg:lf/></mg:sg></mg:ln>
</mg:row>
<mg:row>
<mg:ln file="2" number="99" class="IU"><mg:sg class="IU"><mg:lf/></mg:sg></mg:ln>
<mg:ln file="3" number="99" class="U"><mg:sg class="U"><mg:lf/></mg:sg></mg:ln>
</mg:row>
<mg:row>
<mg:ln file="2" number="100" class="IU"><mg:sg class="IU">#endif<mg:s/>//<mg:s/></mg:sg><mg:sg class="IU">DEBUG<mg:lf/></mg:sg></mg:ln>
<mg:ln file="3" number="100" class="U"><mg:sg class="U">#endif<mg:s/>//<mg:s/></mg:sg><mg:sg class="U">DEBUG<mg:lf/></mg:sg></mg:ln>
</mg:row>
</mg:rowGroup>
</mg:rowData>
</mg:report>
