﻿<?xml version="1.0" encoding="UTF-8" ?>

<mg:report version="1.0" xmlns:mg="http://www.araxis.com/2002/Merge/Reporting" type="FileComparison">
<mg:metaData>
  <mg:title>Araxis Merge File Comparison Report</mg:title>
  <mg:id show="true">1012</mg:id>
  <mg:date>2019/4/19 20:25:39</mg:date>
<mg:options>
<mg:option name="clIgnoreDifferencesInWhitespaceAtTheStartOfLines">0</mg:option>
<mg:option name="clIgnoreDifferencesInWhitespaceAtTheEndOfLines">0</mg:option>
<mg:option name="clTreatConsecutiveWhitespaceAsASingleSpace">1</mg:option>
<mg:option name="clIgnoreAllDifferencesInWhitespace">0</mg:option>
<mg:option name="clWhitespaceSignificant">0</mg:option>
<mg:option name="clIgnoreCase">0</mg:option>
<mg:option name="clIgnoreLineEndings">1</mg:option>
<mg:option name="clHideCRLF">1</mg:option>
<mg:option name="clShowLineNums">1</mg:option>
<mg:option name="clShowOmittedLinesRow">0</mg:option>

<mg:regexps>
<mg:regexp enabled="false">
<mg:expression>^[ \t]*$</mg:expression>
<mg:description>Blank lines</mg:description>
</mg:regexp>
<mg:regexp enabled="false">
<mg:expression>[ \t]*//[^&quot;]*$</mg:expression>
<mg:description>C++ comments</mg:description>
</mg:regexp>
<mg:regexp enabled="false">
<mg:expression>^[ \t]*//.*\$(Date|Archive|Author|Header|JustDate|Modtime|Revision|Workfile):.*\$.*$</mg:expression>
<mg:description>SourceSafe comments</mg:description>
</mg:regexp>
<mg:regexp enabled="false">
<mg:expression>^[ \t]*//(:(Header|Source):|.*Generated.*Genitor).*\$</mg:expression>
<mg:description>Genitor comments</mg:description>
</mg:regexp>
<mg:regexp enabled="false">
<mg:expression>\$(Archive|Author|Date|Header|JustDate|Logfile|Modtime|Revision|Workfile):[^$]*\$</mg:expression>
<mg:description>SourceSafe keywords</mg:description>
</mg:regexp>
<mg:regexp enabled="false">
<mg:expression>^[ \t]*'.*$</mg:expression>
<mg:description>Visual Basic comments</mg:description>
</mg:regexp>
<mg:regexp enabled="false">
<mg:expression>\$(Author|Date|Header|Id|Locker|Name|RCSfile|Revision|Source|State):[^$]*\$</mg:expression>
<mg:description>CVS comments</mg:description>
</mg:regexp>
<mg:regexp enabled="false">
<mg:expression>\$(ACident|ACheader|AClog|ACpart|ACversion|Author|Date|Header|Line|Locker|Log|Revision|Smsfile|Smspath|Today|Vcfile|Vcpath|Workfile):?[^$]*\$</mg:expression>
<mg:description>AllChange keywords</mg:description>
</mg:regexp>
<mg:regexp enabled="false">
<mg:expression></mg:expression>
<mg:description></mg:description>
</mg:regexp>
<mg:regexp enabled="false">
<mg:expression></mg:expression>
<mg:description></mg:description>
</mg:regexp>
</mg:regexps>
</mg:options>
<mg:fileDetails file="1">
  <mg:name></mg:name>
  <mg:title></mg:title>
  <mg:location></mg:location>
  <mg:lastModified>Fri Apr 19 12:25:39 2019 UTC</mg:lastModified>
</mg:fileDetails>
<mg:fileDetails file="2">
  <mg:name>FIRCoreSwiftNameSupport.h</mg:name>
  <mg:title></mg:title>
  <mg:location>E:\MA75\tgc_main\Prototypes\Sky\Sky\iphoneos\Frameworks\FirebaseCore.framework\Headers</mg:location>
  <mg:lastModified>Thu Jan 17 03:38:32 2019 UTC</mg:lastModified>
</mg:fileDetails>
<mg:fileDetails file="3">
  <mg:name>FIRCoreSwiftNameSupport.h</mg:name>
  <mg:title></mg:title>
  <mg:location>E:\MA75\tgc_mainOld\Prototypes\Sky\Sky\iphoneos\Frameworks\FirebaseCore.framework\Headers</mg:location>
  <mg:lastModified>Fri Apr 19 11:19:54 2019 UTC</mg:lastModified>
</mg:fileDetails>
<mg:changeSummaries>
  <mg:changeSummary files="1,2">
	  <mg:changeCount type="unchanged" blocks1="0" blocks2="0" blocks="0" lines1="0" lines2="0" lines="0" />
	  <mg:changeCount type="removed" blocks1="0" blocks2="0" blocks="0" lines1="0" lines2="0" lines="0" />
	  <mg:changeCount type="inserted" blocks1="0" blocks2="1" blocks="1" lines1="0" lines2="29" lines="29" />
	  <mg:changeCount type="changed" blocks1="0" blocks2="0" blocks="0" lines1="0" lines2="0" lines="0" />
  </mg:changeSummary>
<mg:changeSummary files="2,3">
	  <mg:changeCount type="unchanged" blocks1="1" blocks2="1" blocks="1" lines1="29" lines2="29" lines="58" />
	  <mg:changeCount type="removed" blocks1="0" blocks2="0" blocks="0" lines1="0" lines2="0" lines="0" />
	  <mg:changeCount type="inserted" blocks1="0" blocks2="0" blocks="0" lines1="0" lines2="0" lines="0" />
	  <mg:changeCount type="changed" blocks1="0" blocks2="0" blocks="0" lines1="0" lines2="0" lines="0" />
  </mg:changeSummary>
<mg:changeSummary files="1,2,3"><mg:changeCount type="removed" blocks="1" lines="29"/><mg:changeCount type="inserted" blocks="0" lines="0"/><mg:changeCount type="changed" blocks="0" lines="0"/><mg:changeCount type="conflicts" count="0"/></mg:changeSummary></mg:changeSummaries>
		<mg:classes file="1">
<mg:class name="U">
<mg:cssAttribute name="color">#000000</mg:cssAttribute>
<mg:cssAttribute name="background-color">#FFFFFF</mg:cssAttribute>
<mg:cssAttribute name="font-family">Consolas</mg:cssAttribute>
<mg:cssAttribute name="font-weight">normal</mg:cssAttribute>
<mg:cssAttribute name="font-style">normal</mg:cssAttribute>
<mg:cssAttribute name="font-size">9pt</mg:cssAttribute>
<mg:cssAttribute name="text-decoration">none</mg:cssAttribute>
</mg:class>
<mg:class name="R">
<mg:cssAttribute name="color">#800000</mg:cssAttribute>
<mg:cssAttribute name="background-color">#F3E6D8</mg:cssAttribute>
<mg:cssAttribute name="font-family">Consolas</mg:cssAttribute>
<mg:cssAttribute name="font-weight">normal</mg:cssAttribute>
<mg:cssAttribute name="font-style">normal</mg:cssAttribute>
<mg:cssAttribute name="font-size">9pt</mg:cssAttribute>
<mg:cssAttribute name="text-decoration">none</mg:cssAttribute>
</mg:class>
<mg:class name="I">
<mg:cssAttribute name="color">#800000</mg:cssAttribute>
<mg:cssAttribute name="background-color">#D1E8CF</mg:cssAttribute>
<mg:cssAttribute name="font-family">Consolas</mg:cssAttribute>
<mg:cssAttribute name="font-weight">normal</mg:cssAttribute>
<mg:cssAttribute name="font-style">normal</mg:cssAttribute>
<mg:cssAttribute name="font-size">9pt</mg:cssAttribute>
<mg:cssAttribute name="text-decoration">none</mg:cssAttribute>
</mg:class>
<mg:class name="C">
<mg:cssAttribute name="color">#800000</mg:cssAttribute>
<mg:cssAttribute name="background-color">#DACDE6</mg:cssAttribute>
<mg:cssAttribute name="font-family">Consolas</mg:cssAttribute>
<mg:cssAttribute name="font-weight">normal</mg:cssAttribute>
<mg:cssAttribute name="font-style">normal</mg:cssAttribute>
<mg:cssAttribute name="font-size">9pt</mg:cssAttribute>
<mg:cssAttribute name="text-decoration">none</mg:cssAttribute>
</mg:class>
		</mg:classes>
		<mg:classes file="2">
<mg:class name="UU">
<mg:cssAttribute name="color">#000000</mg:cssAttribute>
<mg:cssAttribute name="background-color">#FFFFFF</mg:cssAttribute>
<mg:cssAttribute name="font-family">Consolas</mg:cssAttribute>
<mg:cssAttribute name="font-weight">normal</mg:cssAttribute>
<mg:cssAttribute name="font-style">normal</mg:cssAttribute>
<mg:cssAttribute name="font-size">9pt</mg:cssAttribute>
<mg:cssAttribute name="text-decoration">none</mg:cssAttribute>
</mg:class>
<mg:class name="UR">
<mg:cssAttribute name="color">#400000</mg:cssAttribute>
<mg:cssAttribute name="background-color">#F9F2EB</mg:cssAttribute>
<mg:cssAttribute name="font-family">Consolas</mg:cssAttribute>
<mg:cssAttribute name="font-weight">normal</mg:cssAttribute>
<mg:cssAttribute name="font-style">normal</mg:cssAttribute>
<mg:cssAttribute name="font-size">9pt</mg:cssAttribute>
<mg:cssAttribute name="text-decoration">none</mg:cssAttribute>
</mg:class>
<mg:class name="UI">
<mg:cssAttribute name="color">#400000</mg:cssAttribute>
<mg:cssAttribute name="background-color">#E8F3E7</mg:cssAttribute>
<mg:cssAttribute name="font-family">Consolas</mg:cssAttribute>
<mg:cssAttribute name="font-weight">normal</mg:cssAttribute>
<mg:cssAttribute name="font-style">normal</mg:cssAttribute>
<mg:cssAttribute name="font-size">9pt</mg:cssAttribute>
<mg:cssAttribute name="text-decoration">none</mg:cssAttribute>
</mg:class>
<mg:class name="UC">
<mg:cssAttribute name="color">#400000</mg:cssAttribute>
<mg:cssAttribute name="background-color">#ECE6F2</mg:cssAttribute>
<mg:cssAttribute name="font-family">Consolas</mg:cssAttribute>
<mg:cssAttribute name="font-weight">normal</mg:cssAttribute>
<mg:cssAttribute name="font-style">normal</mg:cssAttribute>
<mg:cssAttribute name="font-size">9pt</mg:cssAttribute>
<mg:cssAttribute name="text-decoration">none</mg:cssAttribute>
</mg:class>
<mg:class name="RU">
<mg:cssAttribute name="color">#400000</mg:cssAttribute>
<mg:cssAttribute name="background-color">#F9F2EB</mg:cssAttribute>
<mg:cssAttribute name="font-family">Consolas</mg:cssAttribute>
<mg:cssAttribute name="font-weight">normal</mg:cssAttribute>
<mg:cssAttribute name="font-style">normal</mg:cssAttribute>
<mg:cssAttribute name="font-size">9pt</mg:cssAttribute>
<mg:cssAttribute name="text-decoration">none</mg:cssAttribute>
</mg:class>
<mg:class name="RR">
<mg:cssAttribute name="color">#800000</mg:cssAttribute>
<mg:cssAttribute name="background-color">#F3E6D8</mg:cssAttribute>
<mg:cssAttribute name="font-family">Consolas</mg:cssAttribute>
<mg:cssAttribute name="font-weight">normal</mg:cssAttribute>
<mg:cssAttribute name="font-style">normal</mg:cssAttribute>
<mg:cssAttribute name="font-size">9pt</mg:cssAttribute>
<mg:cssAttribute name="text-decoration">none</mg:cssAttribute>
</mg:class>
<mg:class name="RI">
<mg:cssAttribute name="color">#800000</mg:cssAttribute>
<mg:cssAttribute name="background-color">#E2E7D3</mg:cssAttribute>
<mg:cssAttribute name="font-family">Consolas</mg:cssAttribute>
<mg:cssAttribute name="font-weight">normal</mg:cssAttribute>
<mg:cssAttribute name="font-style">normal</mg:cssAttribute>
<mg:cssAttribute name="font-size">9pt</mg:cssAttribute>
<mg:cssAttribute name="text-decoration">none</mg:cssAttribute>
</mg:class>
<mg:class name="RC">
<mg:cssAttribute name="color">#800000</mg:cssAttribute>
<mg:cssAttribute name="background-color">#E6D9DF</mg:cssAttribute>
<mg:cssAttribute name="font-family">Consolas</mg:cssAttribute>
<mg:cssAttribute name="font-weight">normal</mg:cssAttribute>
<mg:cssAttribute name="font-style">normal</mg:cssAttribute>
<mg:cssAttribute name="font-size">9pt</mg:cssAttribute>
<mg:cssAttribute name="text-decoration">none</mg:cssAttribute>
</mg:class>
<mg:class name="IU">
<mg:cssAttribute name="color">#400000</mg:cssAttribute>
<mg:cssAttribute name="background-color">#E8F3E7</mg:cssAttribute>
<mg:cssAttribute name="font-family">Consolas</mg:cssAttribute>
<mg:cssAttribute name="font-weight">normal</mg:cssAttribute>
<mg:cssAttribute name="font-style">normal</mg:cssAttribute>
<mg:cssAttribute name="font-size">9pt</mg:cssAttribute>
<mg:cssAttribute name="text-decoration">none</mg:cssAttribute>
</mg:class>
<mg:class name="IR">
<mg:cssAttribute name="color">#800000</mg:cssAttribute>
<mg:cssAttribute name="background-color">#E2E7D3</mg:cssAttribute>
<mg:cssAttribute name="font-family">Consolas</mg:cssAttribute>
<mg:cssAttribute name="font-weight">normal</mg:cssAttribute>
<mg:cssAttribute name="font-style">normal</mg:cssAttribute>
<mg:cssAttribute name="font-size">9pt</mg:cssAttribute>
<mg:cssAttribute name="text-decoration">none</mg:cssAttribute>
</mg:class>
<mg:class name="II">
<mg:cssAttribute name="color">#800000</mg:cssAttribute>
<mg:cssAttribute name="background-color">#D1E8CF</mg:cssAttribute>
<mg:cssAttribute name="font-family">Consolas</mg:cssAttribute>
<mg:cssAttribute name="font-weight">normal</mg:cssAttribute>
<mg:cssAttribute name="font-style">normal</mg:cssAttribute>
<mg:cssAttribute name="font-size">9pt</mg:cssAttribute>
<mg:cssAttribute name="text-decoration">none</mg:cssAttribute>
</mg:class>
<mg:class name="IC">
<mg:cssAttribute name="color">#800000</mg:cssAttribute>
<mg:cssAttribute name="background-color">#D5DADA</mg:cssAttribute>
<mg:cssAttribute name="font-family">Consolas</mg:cssAttribute>
<mg:cssAttribute name="font-weight">normal</mg:cssAttribute>
<mg:cssAttribute name="font-style">normal</mg:cssAttribute>
<mg:cssAttribute name="font-size">9pt</mg:cssAttribute>
<mg:cssAttribute name="text-decoration">none</mg:cssAttribute>
</mg:class>
<mg:class name="CU">
<mg:cssAttribute name="color">#400000</mg:cssAttribute>
<mg:cssAttribute name="background-color">#ECE6F2</mg:cssAttribute>
<mg:cssAttribute name="font-family">Consolas</mg:cssAttribute>
<mg:cssAttribute name="font-weight">normal</mg:cssAttribute>
<mg:cssAttribute name="font-style">normal</mg:cssAttribute>
<mg:cssAttribute name="font-size">9pt</mg:cssAttribute>
<mg:cssAttribute name="text-decoration">none</mg:cssAttribute>
</mg:class>
<mg:class name="CR">
<mg:cssAttribute name="color">#800000</mg:cssAttribute>
<mg:cssAttribute name="background-color">#E6D9DF</mg:cssAttribute>
<mg:cssAttribute name="font-family">Consolas</mg:cssAttribute>
<mg:cssAttribute name="font-weight">normal</mg:cssAttribute>
<mg:cssAttribute name="font-style">normal</mg:cssAttribute>
<mg:cssAttribute name="font-size">9pt</mg:cssAttribute>
<mg:cssAttribute name="text-decoration">none</mg:cssAttribute>
</mg:class>
<mg:class name="CI">
<mg:cssAttribute name="color">#800000</mg:cssAttribute>
<mg:cssAttribute name="background-color">#D5DADA</mg:cssAttribute>
<mg:cssAttribute name="font-family">Consolas</mg:cssAttribute>
<mg:cssAttribute name="font-weight">normal</mg:cssAttribute>
<mg:cssAttribute name="font-style">normal</mg:cssAttribute>
<mg:cssAttribute name="font-size">9pt</mg:cssAttribute>
<mg:cssAttribute name="text-decoration">none</mg:cssAttribute>
</mg:class>
<mg:class name="CC">
<mg:cssAttribute name="color">#800000</mg:cssAttribute>
<mg:cssAttribute name="background-color">#DACDE6</mg:cssAttribute>
<mg:cssAttribute name="font-family">Consolas</mg:cssAttribute>
<mg:cssAttribute name="font-weight">normal</mg:cssAttribute>
<mg:cssAttribute name="font-style">normal</mg:cssAttribute>
<mg:cssAttribute name="font-size">9pt</mg:cssAttribute>
<mg:cssAttribute name="text-decoration">none</mg:cssAttribute>
</mg:class>
		</mg:classes>
		<mg:classes file="3">
<mg:class name="U">
<mg:cssAttribute name="color">#000000</mg:cssAttribute>
<mg:cssAttribute name="background-color">#FFFFFF</mg:cssAttribute>
<mg:cssAttribute name="font-family">Consolas</mg:cssAttribute>
<mg:cssAttribute name="font-weight">normal</mg:cssAttribute>
<mg:cssAttribute name="font-style">normal</mg:cssAttribute>
<mg:cssAttribute name="font-size">9pt</mg:cssAttribute>
<mg:cssAttribute name="text-decoration">none</mg:cssAttribute>
</mg:class>
<mg:class name="R">
<mg:cssAttribute name="color">#800000</mg:cssAttribute>
<mg:cssAttribute name="background-color">#F3E6D8</mg:cssAttribute>
<mg:cssAttribute name="font-family">Consolas</mg:cssAttribute>
<mg:cssAttribute name="font-weight">normal</mg:cssAttribute>
<mg:cssAttribute name="font-style">normal</mg:cssAttribute>
<mg:cssAttribute name="font-size">9pt</mg:cssAttribute>
<mg:cssAttribute name="text-decoration">none</mg:cssAttribute>
</mg:class>
<mg:class name="I">
<mg:cssAttribute name="color">#800000</mg:cssAttribute>
<mg:cssAttribute name="background-color">#D1E8CF</mg:cssAttribute>
<mg:cssAttribute name="font-family">Consolas</mg:cssAttribute>
<mg:cssAttribute name="font-weight">normal</mg:cssAttribute>
<mg:cssAttribute name="font-style">normal</mg:cssAttribute>
<mg:cssAttribute name="font-size">9pt</mg:cssAttribute>
<mg:cssAttribute name="text-decoration">none</mg:cssAttribute>
</mg:class>
<mg:class name="C">
<mg:cssAttribute name="color">#800000</mg:cssAttribute>
<mg:cssAttribute name="background-color">#DACDE6</mg:cssAttribute>
<mg:cssAttribute name="font-family">Consolas</mg:cssAttribute>
<mg:cssAttribute name="font-weight">normal</mg:cssAttribute>
<mg:cssAttribute name="font-style">normal</mg:cssAttribute>
<mg:cssAttribute name="font-size">9pt</mg:cssAttribute>
<mg:cssAttribute name="text-decoration">none</mg:cssAttribute>
</mg:class>
		</mg:classes>
</mg:metaData>
<mg:rowData>
<mg:rowGroup>
<mg:row>
<mg:ln file="2" number="1" class="IU"><mg:sg class="IU">/*<mg:lf/></mg:sg></mg:ln>
<mg:ln file="3" number="1" class="U"><mg:sg class="U">/*<mg:lf/></mg:sg></mg:ln>
</mg:row>
<mg:row>
<mg:ln file="2" number="2" class="IU"><mg:sg class="IU"><mg:s/>*<mg:s/>Copyrig</mg:sg><mg:sg class="IU">ht<mg:s/>2017<mg:s/>Go</mg:sg><mg:sg class="IU">ogle<mg:lf/></mg:sg></mg:ln>
<mg:ln file="3" number="2" class="U"><mg:sg class="U"><mg:s/>*<mg:s/>Copyrig</mg:sg><mg:sg class="U">ht<mg:s/>2017<mg:s/>Go</mg:sg><mg:sg class="U">ogle<mg:lf/></mg:sg></mg:ln>
</mg:row>
<mg:row>
<mg:ln file="2" number="3" class="IU"><mg:sg class="IU"><mg:s/>*<mg:lf/></mg:sg></mg:ln>
<mg:ln file="3" number="3" class="U"><mg:sg class="U"><mg:s/>*<mg:lf/></mg:sg></mg:ln>
</mg:row>
<mg:row>
<mg:ln file="2" number="4" class="IU"><mg:sg class="IU"><mg:s/>*<mg:s/>License</mg:sg><mg:sg class="IU">d<mg:s/>under<mg:s/>th</mg:sg><mg:sg class="IU">e<mg:s/>Apache<mg:s/>L</mg:sg><mg:sg class="IU">icense,<mg:s/>Ve</mg:sg><mg:sg class="IU">rsion<mg:s/>2.0<mg:s/></mg:sg><mg:sg class="IU">(the<mg:s/>&quot;Lice</mg:sg><mg:sg class="IU">nse&quot;);<mg:lf/></mg:sg></mg:ln>
<mg:ln file="3" number="4" class="U"><mg:sg class="U"><mg:s/>*<mg:s/>License</mg:sg><mg:sg class="U">d<mg:s/>under<mg:s/>th</mg:sg><mg:sg class="U">e<mg:s/>Apache<mg:s/>L</mg:sg><mg:sg class="U">icense,<mg:s/>Ve</mg:sg><mg:sg class="U">rsion<mg:s/>2.0<mg:s/></mg:sg><mg:sg class="U">(the<mg:s/>&quot;Lice</mg:sg><mg:sg class="U">nse&quot;);<mg:lf/></mg:sg></mg:ln>
</mg:row>
<mg:row>
<mg:ln file="2" number="5" class="IU"><mg:sg class="IU"><mg:s/>*<mg:s/>you<mg:s/>may</mg:sg><mg:sg class="IU"><mg:s/>not<mg:s/>use<mg:s/>t</mg:sg><mg:sg class="IU">his<mg:s/>file<mg:s/>e</mg:sg><mg:sg class="IU">xcept<mg:s/>in<mg:s/>c</mg:sg><mg:sg class="IU">ompliance<mg:s/></mg:sg><mg:sg class="IU">with<mg:s/>the<mg:s/>L</mg:sg><mg:sg class="IU">icense.<mg:lf/></mg:sg></mg:ln>
<mg:ln file="3" number="5" class="U"><mg:sg class="U"><mg:s/>*<mg:s/>you<mg:s/>may</mg:sg><mg:sg class="U"><mg:s/>not<mg:s/>use<mg:s/>t</mg:sg><mg:sg class="U">his<mg:s/>file<mg:s/>e</mg:sg><mg:sg class="U">xcept<mg:s/>in<mg:s/>c</mg:sg><mg:sg class="U">ompliance<mg:s/></mg:sg><mg:sg class="U">with<mg:s/>the<mg:s/>L</mg:sg><mg:sg class="U">icense.<mg:lf/></mg:sg></mg:ln>
</mg:row>
<mg:row>
<mg:ln file="2" number="6" class="IU"><mg:sg class="IU"><mg:s/>*<mg:s/>You<mg:s/>may</mg:sg><mg:sg class="IU"><mg:s/>obtain<mg:s/>a<mg:s/></mg:sg><mg:sg class="IU">copy<mg:s/>of<mg:s/>th</mg:sg><mg:sg class="IU">e<mg:s/>License<mg:s/></mg:sg><mg:sg class="IU">at<mg:lf/></mg:sg></mg:ln>
<mg:ln file="3" number="6" class="U"><mg:sg class="U"><mg:s/>*<mg:s/>You<mg:s/>may</mg:sg><mg:sg class="U"><mg:s/>obtain<mg:s/>a<mg:s/></mg:sg><mg:sg class="U">copy<mg:s/>of<mg:s/>th</mg:sg><mg:sg class="U">e<mg:s/>License<mg:s/></mg:sg><mg:sg class="U">at<mg:lf/></mg:sg></mg:ln>
</mg:row>
<mg:row>
<mg:ln file="2" number="7" class="IU"><mg:sg class="IU"><mg:s/>*<mg:lf/></mg:sg></mg:ln>
<mg:ln file="3" number="7" class="U"><mg:sg class="U"><mg:s/>*<mg:lf/></mg:sg></mg:ln>
</mg:row>
<mg:row>
<mg:ln file="2" number="8" class="IU"><mg:sg class="IU"><mg:s/>*<mg:s/><mg:s/><mg:s/><mg:s/><mg:s/><mg:s/>ht</mg:sg><mg:sg class="IU">tp://www.a</mg:sg><mg:sg class="IU">pache.org/</mg:sg><mg:sg class="IU">licenses/L</mg:sg><mg:sg class="IU">ICENSE-2.0</mg:sg><mg:sg class="IU"><mg:lf/></mg:sg></mg:ln>
<mg:ln file="3" number="8" class="U"><mg:sg class="U"><mg:s/>*<mg:s/><mg:s/><mg:s/><mg:s/><mg:s/><mg:s/>ht</mg:sg><mg:sg class="U">tp://www.a</mg:sg><mg:sg class="U">pache.org/</mg:sg><mg:sg class="U">licenses/L</mg:sg><mg:sg class="U">ICENSE-2.0</mg:sg><mg:sg class="U"><mg:lf/></mg:sg></mg:ln>
</mg:row>
<mg:row>
<mg:ln file="2" number="9" class="IU"><mg:sg class="IU"><mg:s/>*<mg:lf/></mg:sg></mg:ln>
<mg:ln file="3" number="9" class="U"><mg:sg class="U"><mg:s/>*<mg:lf/></mg:sg></mg:ln>
</mg:row>
<mg:row>
<mg:ln file="2" number="10" class="IU"><mg:sg class="IU"><mg:s/>*<mg:s/>Unless<mg:s/></mg:sg><mg:sg class="IU">required<mg:s/>b</mg:sg><mg:sg class="IU">y<mg:s/>applicab</mg:sg><mg:sg class="IU">le<mg:s/>law<mg:s/>or<mg:s/></mg:sg><mg:sg class="IU">agreed<mg:s/>to<mg:s/></mg:sg><mg:sg class="IU">in<mg:s/>writing</mg:sg><mg:sg class="IU">,<mg:s/>software</mg:sg><mg:sg class="IU"><mg:lf/></mg:sg></mg:ln>
<mg:ln file="3" number="10" class="U"><mg:sg class="U"><mg:s/>*<mg:s/>Unless<mg:s/></mg:sg><mg:sg class="U">required<mg:s/>b</mg:sg><mg:sg class="U">y<mg:s/>applicab</mg:sg><mg:sg class="U">le<mg:s/>law<mg:s/>or<mg:s/></mg:sg><mg:sg class="U">agreed<mg:s/>to<mg:s/></mg:sg><mg:sg class="U">in<mg:s/>writing</mg:sg><mg:sg class="U">,<mg:s/>software</mg:sg><mg:sg class="U"><mg:lf/></mg:sg></mg:ln>
</mg:row>
<mg:row>
<mg:ln file="2" number="11" class="IU"><mg:sg class="IU"><mg:s/>*<mg:s/>distrib</mg:sg><mg:sg class="IU">uted<mg:s/>under</mg:sg><mg:sg class="IU"><mg:s/>the<mg:s/>Licen</mg:sg><mg:sg class="IU">se<mg:s/>is<mg:s/>dist</mg:sg><mg:sg class="IU">ributed<mg:s/>on</mg:sg><mg:sg class="IU"><mg:s/>an<mg:s/>&quot;AS<mg:s/>IS</mg:sg><mg:sg class="IU">&quot;<mg:s/>BASIS,<mg:lf/></mg:sg></mg:ln>
<mg:ln file="3" number="11" class="U"><mg:sg class="U"><mg:s/>*<mg:s/>distrib</mg:sg><mg:sg class="U">uted<mg:s/>under</mg:sg><mg:sg class="U"><mg:s/>the<mg:s/>Licen</mg:sg><mg:sg class="U">se<mg:s/>is<mg:s/>dist</mg:sg><mg:sg class="U">ributed<mg:s/>on</mg:sg><mg:sg class="U"><mg:s/>an<mg:s/>&quot;AS<mg:s/>IS</mg:sg><mg:sg class="U">&quot;<mg:s/>BASIS,<mg:lf/></mg:sg></mg:ln>
</mg:row>
<mg:row>
<mg:ln file="2" number="12" class="IU"><mg:sg class="IU"><mg:s/>*<mg:s/>WITHOUT</mg:sg><mg:sg class="IU"><mg:s/>WARRANTIE</mg:sg><mg:sg class="IU">S<mg:s/>OR<mg:s/>CONDI</mg:sg><mg:sg class="IU">TIONS<mg:s/>OF<mg:s/>A</mg:sg><mg:sg class="IU">NY<mg:s/>KIND,<mg:s/>e</mg:sg><mg:sg class="IU">ither<mg:s/>expr</mg:sg><mg:sg class="IU">ess<mg:s/>or<mg:s/>imp</mg:sg><mg:sg class="IU">lied.<mg:lf/></mg:sg></mg:ln>
<mg:ln file="3" number="12" class="U"><mg:sg class="U"><mg:s/>*<mg:s/>WITHOUT</mg:sg><mg:sg class="U"><mg:s/>WARRANTIE</mg:sg><mg:sg class="U">S<mg:s/>OR<mg:s/>CONDI</mg:sg><mg:sg class="U">TIONS<mg:s/>OF<mg:s/>A</mg:sg><mg:sg class="U">NY<mg:s/>KIND,<mg:s/>e</mg:sg><mg:sg class="U">ither<mg:s/>expr</mg:sg><mg:sg class="U">ess<mg:s/>or<mg:s/>imp</mg:sg><mg:sg class="U">lied.<mg:lf/></mg:sg></mg:ln>
</mg:row>
<mg:row>
<mg:ln file="2" number="13" class="IU"><mg:sg class="IU"><mg:s/>*<mg:s/>See<mg:s/>the</mg:sg><mg:sg class="IU"><mg:s/>License<mg:s/>f</mg:sg><mg:sg class="IU">or<mg:s/>the<mg:s/>spe</mg:sg><mg:sg class="IU">cific<mg:s/>lang</mg:sg><mg:sg class="IU">uage<mg:s/>gover</mg:sg><mg:sg class="IU">ning<mg:s/>permi</mg:sg><mg:sg class="IU">ssions<mg:s/>and</mg:sg><mg:sg class="IU"><mg:lf/></mg:sg></mg:ln>
<mg:ln file="3" number="13" class="U"><mg:sg class="U"><mg:s/>*<mg:s/>See<mg:s/>the</mg:sg><mg:sg class="U"><mg:s/>License<mg:s/>f</mg:sg><mg:sg class="U">or<mg:s/>the<mg:s/>spe</mg:sg><mg:sg class="U">cific<mg:s/>lang</mg:sg><mg:sg class="U">uage<mg:s/>gover</mg:sg><mg:sg class="U">ning<mg:s/>permi</mg:sg><mg:sg class="U">ssions<mg:s/>and</mg:sg><mg:sg class="U"><mg:lf/></mg:sg></mg:ln>
</mg:row>
<mg:row>
<mg:ln file="2" number="14" class="IU"><mg:sg class="IU"><mg:s/>*<mg:s/>limitat</mg:sg><mg:sg class="IU">ions<mg:s/>under</mg:sg><mg:sg class="IU"><mg:s/>the<mg:s/>Licen</mg:sg><mg:sg class="IU">se.<mg:lf/></mg:sg></mg:ln>
<mg:ln file="3" number="14" class="U"><mg:sg class="U"><mg:s/>*<mg:s/>limitat</mg:sg><mg:sg class="U">ions<mg:s/>under</mg:sg><mg:sg class="U"><mg:s/>the<mg:s/>Licen</mg:sg><mg:sg class="U">se.<mg:lf/></mg:sg></mg:ln>
</mg:row>
<mg:row>
<mg:ln file="2" number="15" class="IU"><mg:sg class="IU"><mg:s/>*/<mg:lf/></mg:sg></mg:ln>
<mg:ln file="3" number="15" class="U"><mg:sg class="U"><mg:s/>*/<mg:lf/></mg:sg></mg:ln>
</mg:row>
<mg:row>
<mg:ln file="2" number="16" class="IU"><mg:sg class="IU"><mg:lf/></mg:sg></mg:ln>
<mg:ln file="3" number="16" class="U"><mg:sg class="U"><mg:lf/></mg:sg></mg:ln>
</mg:row>
<mg:row>
<mg:ln file="2" number="17" class="IU"><mg:sg class="IU">#ifndef<mg:s/>FI</mg:sg><mg:sg class="IU">R_SWIFT_NA</mg:sg><mg:sg class="IU">ME<mg:lf/></mg:sg></mg:ln>
<mg:ln file="3" number="17" class="U"><mg:sg class="U">#ifndef<mg:s/>FI</mg:sg><mg:sg class="U">R_SWIFT_NA</mg:sg><mg:sg class="U">ME<mg:lf/></mg:sg></mg:ln>
</mg:row>
<mg:row>
<mg:ln file="2" number="18" class="IU"><mg:sg class="IU"><mg:lf/></mg:sg></mg:ln>
<mg:ln file="3" number="18" class="U"><mg:sg class="U"><mg:lf/></mg:sg></mg:ln>
</mg:row>
<mg:row>
<mg:ln file="2" number="19" class="IU"><mg:sg class="IU">#import<mg:s/>&lt;F</mg:sg><mg:sg class="IU">oundation/</mg:sg><mg:sg class="IU">Foundation</mg:sg><mg:sg class="IU">.h&gt;<mg:lf/></mg:sg></mg:ln>
<mg:ln file="3" number="19" class="U"><mg:sg class="U">#import<mg:s/>&lt;F</mg:sg><mg:sg class="U">oundation/</mg:sg><mg:sg class="U">Foundation</mg:sg><mg:sg class="U">.h&gt;<mg:lf/></mg:sg></mg:ln>
</mg:row>
<mg:row>
<mg:ln file="2" number="20" class="IU"><mg:sg class="IU"><mg:lf/></mg:sg></mg:ln>
<mg:ln file="3" number="20" class="U"><mg:sg class="U"><mg:lf/></mg:sg></mg:ln>
</mg:row>
<mg:row>
<mg:ln file="2" number="21" class="IU"><mg:sg class="IU">//<mg:s/>NS_SWIF</mg:sg><mg:sg class="IU">T_NAME<mg:s/>can</mg:sg><mg:sg class="IU"><mg:s/>only<mg:s/>tran</mg:sg><mg:sg class="IU">slate<mg:s/>fact</mg:sg><mg:sg class="IU">ory<mg:s/>method</mg:sg><mg:sg class="IU">s<mg:s/>before<mg:s/>t</mg:sg><mg:sg class="IU">he<mg:s/>iOS<mg:s/>9.3</mg:sg><mg:sg class="IU"><mg:s/>SDK.<mg:lf/></mg:sg></mg:ln>
<mg:ln file="3" number="21" class="U"><mg:sg class="U">//<mg:s/>NS_SWIF</mg:sg><mg:sg class="U">T_NAME<mg:s/>can</mg:sg><mg:sg class="U"><mg:s/>only<mg:s/>tran</mg:sg><mg:sg class="U">slate<mg:s/>fact</mg:sg><mg:sg class="U">ory<mg:s/>method</mg:sg><mg:sg class="U">s<mg:s/>before<mg:s/>t</mg:sg><mg:sg class="U">he<mg:s/>iOS<mg:s/>9.3</mg:sg><mg:sg class="U"><mg:s/>SDK.<mg:lf/></mg:sg></mg:ln>
</mg:row>
<mg:row>
<mg:ln file="2" number="22" class="IU"><mg:sg class="IU">//<mg:s/>Wrap<mg:s/>it</mg:sg><mg:sg class="IU"><mg:s/>in<mg:s/>our<mg:s/>ow</mg:sg><mg:sg class="IU">n<mg:s/>macro<mg:s/>if</mg:sg><mg:sg class="IU"><mg:s/>it's<mg:s/>a<mg:s/>no</mg:sg><mg:sg class="IU">n-compatib</mg:sg><mg:sg class="IU">le<mg:s/>SDK.<mg:lf/></mg:sg></mg:ln>
<mg:ln file="3" number="22" class="U"><mg:sg class="U">//<mg:s/>Wrap<mg:s/>it</mg:sg><mg:sg class="U"><mg:s/>in<mg:s/>our<mg:s/>ow</mg:sg><mg:sg class="U">n<mg:s/>macro<mg:s/>if</mg:sg><mg:sg class="U"><mg:s/>it's<mg:s/>a<mg:s/>no</mg:sg><mg:sg class="U">n-compatib</mg:sg><mg:sg class="U">le<mg:s/>SDK.<mg:lf/></mg:sg></mg:ln>
</mg:row>
<mg:row>
<mg:ln file="2" number="23" class="IU"><mg:sg class="IU">#ifdef<mg:s/>__I</mg:sg><mg:sg class="IU">PHONE_9_3<mg:lf/></mg:sg></mg:ln>
<mg:ln file="3" number="23" class="U"><mg:sg class="U">#ifdef<mg:s/>__I</mg:sg><mg:sg class="U">PHONE_9_3<mg:lf/></mg:sg></mg:ln>
</mg:row>
<mg:row>
<mg:ln file="2" number="24" class="IU"><mg:sg class="IU">#define<mg:s/>FI</mg:sg><mg:sg class="IU">R_SWIFT_NA</mg:sg><mg:sg class="IU">ME(X)<mg:s/>NS_S</mg:sg><mg:sg class="IU">WIFT_NAME(</mg:sg><mg:sg class="IU">X)<mg:lf/></mg:sg></mg:ln>
<mg:ln file="3" number="24" class="U"><mg:sg class="U">#define<mg:s/>FI</mg:sg><mg:sg class="U">R_SWIFT_NA</mg:sg><mg:sg class="U">ME(X)<mg:s/>NS_S</mg:sg><mg:sg class="U">WIFT_NAME(</mg:sg><mg:sg class="U">X)<mg:lf/></mg:sg></mg:ln>
</mg:row>
<mg:row>
<mg:ln file="2" number="25" class="IU"><mg:sg class="IU">#else<mg:lf/></mg:sg></mg:ln>
<mg:ln file="3" number="25" class="U"><mg:sg class="U">#else<mg:lf/></mg:sg></mg:ln>
</mg:row>
<mg:row>
<mg:ln file="2" number="26" class="IU"><mg:sg class="IU">#define<mg:s/>FI</mg:sg><mg:sg class="IU">R_SWIFT_NA</mg:sg><mg:sg class="IU">ME(X)<mg:s/><mg:s/>//<mg:s/></mg:sg><mg:sg class="IU">Intentiona</mg:sg><mg:sg class="IU">lly<mg:s/>blank.</mg:sg><mg:sg class="IU"><mg:lf/></mg:sg></mg:ln>
<mg:ln file="3" number="26" class="U"><mg:sg class="U">#define<mg:s/>FI</mg:sg><mg:sg class="U">R_SWIFT_NA</mg:sg><mg:sg class="U">ME(X)<mg:s/><mg:s/>//<mg:s/></mg:sg><mg:sg class="U">Intentiona</mg:sg><mg:sg class="U">lly<mg:s/>blank.</mg:sg><mg:sg class="U"><mg:lf/></mg:sg></mg:ln>
</mg:row>
<mg:row>
<mg:ln file="2" number="27" class="IU"><mg:sg class="IU">#endif<mg:s/><mg:s/><mg:s/><mg:s/></mg:sg><mg:sg class="IU"><mg:s/><mg:s/><mg:s/><mg:s/><mg:s/><mg:s/><mg:s/><mg:s/><mg:s/><mg:s/></mg:sg><mg:sg class="IU"><mg:s/><mg:s/><mg:s/><mg:s/><mg:s/><mg:s/><mg:s/>//<mg:s/></mg:sg><mg:sg class="IU">#ifdef<mg:s/>__I</mg:sg><mg:sg class="IU">PHONE_9_3<mg:lf/></mg:sg></mg:ln>
<mg:ln file="3" number="27" class="U"><mg:sg class="U">#endif<mg:s/><mg:s/><mg:s/><mg:s/></mg:sg><mg:sg class="U"><mg:s/><mg:s/><mg:s/><mg:s/><mg:s/><mg:s/><mg:s/><mg:s/><mg:s/><mg:s/></mg:sg><mg:sg class="U"><mg:s/><mg:s/><mg:s/><mg:s/><mg:s/><mg:s/><mg:s/>//<mg:s/></mg:sg><mg:sg class="U">#ifdef<mg:s/>__I</mg:sg><mg:sg class="U">PHONE_9_3<mg:lf/></mg:sg></mg:ln>
</mg:row>
<mg:row>
<mg:ln file="2" number="28" class="IU"><mg:sg class="IU"><mg:lf/></mg:sg></mg:ln>
<mg:ln file="3" number="28" class="U"><mg:sg class="U"><mg:lf/></mg:sg></mg:ln>
</mg:row>
<mg:row>
<mg:ln file="2" number="29" class="IU"><mg:sg class="IU">#endif<mg:s/><mg:s/>//</mg:sg><mg:sg class="IU"><mg:s/>FIR_SWIFT</mg:sg><mg:sg class="IU">_NAME<mg:lf/></mg:sg></mg:ln>
<mg:ln file="3" number="29" class="U"><mg:sg class="U">#endif<mg:s/><mg:s/>//</mg:sg><mg:sg class="U"><mg:s/>FIR_SWIFT</mg:sg><mg:sg class="U">_NAME<mg:lf/></mg:sg></mg:ln>
</mg:row>
</mg:rowGroup>
</mg:rowData>
</mg:report>
