﻿<?xml version="1.0" encoding="UTF-8" ?>

<mg:report version="1.0" xmlns:mg="http://www.araxis.com/2002/Merge/Reporting" type="FileComparison">
<mg:metaData>
  <mg:title>Araxis Merge File Comparison Report</mg:title>
  <mg:id show="true">1090</mg:id>
  <mg:date>2019/4/19 20:25:40</mg:date>
<mg:options>
<mg:option name="clIgnoreDifferencesInWhitespaceAtTheStartOfLines">0</mg:option>
<mg:option name="clIgnoreDifferencesInWhitespaceAtTheEndOfLines">0</mg:option>
<mg:option name="clTreatConsecutiveWhitespaceAsASingleSpace">1</mg:option>
<mg:option name="clIgnoreAllDifferencesInWhitespace">0</mg:option>
<mg:option name="clWhitespaceSignificant">0</mg:option>
<mg:option name="clIgnoreCase">0</mg:option>
<mg:option name="clIgnoreLineEndings">1</mg:option>
<mg:option name="clHideCRLF">1</mg:option>
<mg:option name="clShowLineNums">1</mg:option>
<mg:option name="clShowOmittedLinesRow">0</mg:option>

<mg:regexps>
<mg:regexp enabled="false">
<mg:expression>^[ \t]*$</mg:expression>
<mg:description>Blank lines</mg:description>
</mg:regexp>
<mg:regexp enabled="false">
<mg:expression>[ \t]*//[^&quot;]*$</mg:expression>
<mg:description>C++ comments</mg:description>
</mg:regexp>
<mg:regexp enabled="false">
<mg:expression>^[ \t]*//.*\$(Date|Archive|Author|Header|JustDate|Modtime|Revision|Workfile):.*\$.*$</mg:expression>
<mg:description>SourceSafe comments</mg:description>
</mg:regexp>
<mg:regexp enabled="false">
<mg:expression>^[ \t]*//(:(Header|Source):|.*Generated.*Genitor).*\$</mg:expression>
<mg:description>Genitor comments</mg:description>
</mg:regexp>
<mg:regexp enabled="false">
<mg:expression>\$(Archive|Author|Date|Header|JustDate|Logfile|Modtime|Revision|Workfile):[^$]*\$</mg:expression>
<mg:description>SourceSafe keywords</mg:description>
</mg:regexp>
<mg:regexp enabled="false">
<mg:expression>^[ \t]*'.*$</mg:expression>
<mg:description>Visual Basic comments</mg:description>
</mg:regexp>
<mg:regexp enabled="false">
<mg:expression>\$(Author|Date|Header|Id|Locker|Name|RCSfile|Revision|Source|State):[^$]*\$</mg:expression>
<mg:description>CVS comments</mg:description>
</mg:regexp>
<mg:regexp enabled="false">
<mg:expression>\$(ACident|ACheader|AClog|ACpart|ACversion|Author|Date|Header|Line|Locker|Log|Revision|Smsfile|Smspath|Today|Vcfile|Vcpath|Workfile):?[^$]*\$</mg:expression>
<mg:description>AllChange keywords</mg:description>
</mg:regexp>
<mg:regexp enabled="false">
<mg:expression></mg:expression>
<mg:description></mg:description>
</mg:regexp>
<mg:regexp enabled="false">
<mg:expression></mg:expression>
<mg:description></mg:description>
</mg:regexp>
</mg:regexps>
</mg:options>
<mg:fileDetails file="1">
  <mg:name>constProps.h</mg:name>
  <mg:title></mg:title>
  <mg:location>E:\MA75\Branch_20190409\Prototypes\Sky\Sky\iphoneos\Netease\GMBridge\NtVoice.framework\Headers</mg:location>
  <mg:lastModified>Fri Apr 19 11:02:04 2019 UTC</mg:lastModified>
</mg:fileDetails>
<mg:fileDetails file="2">
  <mg:name></mg:name>
  <mg:title></mg:title>
  <mg:location></mg:location>
  <mg:lastModified>Fri Apr 19 12:25:40 2019 UTC</mg:lastModified>
</mg:fileDetails>
<mg:fileDetails file="3">
  <mg:name></mg:name>
  <mg:title></mg:title>
  <mg:location></mg:location>
  <mg:lastModified>Fri Apr 19 12:25:40 2019 UTC</mg:lastModified>
</mg:fileDetails>
<mg:changeSummaries>
  <mg:changeSummary files="1,2">
	  <mg:changeCount type="unchanged" blocks1="0" blocks2="0" blocks="0" lines1="0" lines2="0" lines="0" />
	  <mg:changeCount type="removed" blocks1="1" blocks2="0" blocks="1" lines1="75" lines2="0" lines="75" />
	  <mg:changeCount type="inserted" blocks1="0" blocks2="0" blocks="0" lines1="0" lines2="0" lines="0" />
	  <mg:changeCount type="changed" blocks1="0" blocks2="0" blocks="0" lines1="0" lines2="0" lines="0" />
  </mg:changeSummary>
<mg:changeSummary files="2,3">
	  <mg:changeCount type="unchanged" blocks1="0" blocks2="0" blocks="0" lines1="0" lines2="0" lines="0" />
	  <mg:changeCount type="removed" blocks1="0" blocks2="0" blocks="0" lines1="0" lines2="0" lines="0" />
	  <mg:changeCount type="inserted" blocks1="0" blocks2="0" blocks="0" lines1="0" lines2="0" lines="0" />
	  <mg:changeCount type="changed" blocks1="0" blocks2="0" blocks="0" lines1="0" lines2="0" lines="0" />
  </mg:changeSummary>
<mg:changeSummary files="1,2,3"><mg:changeCount type="removed" blocks="0" lines="0"/><mg:changeCount type="inserted" blocks="1" lines="75"/><mg:changeCount type="changed" blocks="0" lines="0"/><mg:changeCount type="conflicts" count="0"/></mg:changeSummary></mg:changeSummaries>
		<mg:classes file="1">
<mg:class name="U">
<mg:cssAttribute name="color">#000000</mg:cssAttribute>
<mg:cssAttribute name="background-color">#FFFFFF</mg:cssAttribute>
<mg:cssAttribute name="font-family">Consolas</mg:cssAttribute>
<mg:cssAttribute name="font-weight">normal</mg:cssAttribute>
<mg:cssAttribute name="font-style">normal</mg:cssAttribute>
<mg:cssAttribute name="font-size">9pt</mg:cssAttribute>
<mg:cssAttribute name="text-decoration">none</mg:cssAttribute>
</mg:class>
<mg:class name="R">
<mg:cssAttribute name="color">#800000</mg:cssAttribute>
<mg:cssAttribute name="background-color">#F3E6D8</mg:cssAttribute>
<mg:cssAttribute name="font-family">Consolas</mg:cssAttribute>
<mg:cssAttribute name="font-weight">normal</mg:cssAttribute>
<mg:cssAttribute name="font-style">normal</mg:cssAttribute>
<mg:cssAttribute name="font-size">9pt</mg:cssAttribute>
<mg:cssAttribute name="text-decoration">none</mg:cssAttribute>
</mg:class>
<mg:class name="I">
<mg:cssAttribute name="color">#800000</mg:cssAttribute>
<mg:cssAttribute name="background-color">#D1E8CF</mg:cssAttribute>
<mg:cssAttribute name="font-family">Consolas</mg:cssAttribute>
<mg:cssAttribute name="font-weight">normal</mg:cssAttribute>
<mg:cssAttribute name="font-style">normal</mg:cssAttribute>
<mg:cssAttribute name="font-size">9pt</mg:cssAttribute>
<mg:cssAttribute name="text-decoration">none</mg:cssAttribute>
</mg:class>
<mg:class name="C">
<mg:cssAttribute name="color">#800000</mg:cssAttribute>
<mg:cssAttribute name="background-color">#DACDE6</mg:cssAttribute>
<mg:cssAttribute name="font-family">Consolas</mg:cssAttribute>
<mg:cssAttribute name="font-weight">normal</mg:cssAttribute>
<mg:cssAttribute name="font-style">normal</mg:cssAttribute>
<mg:cssAttribute name="font-size">9pt</mg:cssAttribute>
<mg:cssAttribute name="text-decoration">none</mg:cssAttribute>
</mg:class>
		</mg:classes>
		<mg:classes file="2">
<mg:class name="UU">
<mg:cssAttribute name="color">#000000</mg:cssAttribute>
<mg:cssAttribute name="background-color">#FFFFFF</mg:cssAttribute>
<mg:cssAttribute name="font-family">Consolas</mg:cssAttribute>
<mg:cssAttribute name="font-weight">normal</mg:cssAttribute>
<mg:cssAttribute name="font-style">normal</mg:cssAttribute>
<mg:cssAttribute name="font-size">9pt</mg:cssAttribute>
<mg:cssAttribute name="text-decoration">none</mg:cssAttribute>
</mg:class>
<mg:class name="UR">
<mg:cssAttribute name="color">#400000</mg:cssAttribute>
<mg:cssAttribute name="background-color">#F9F2EB</mg:cssAttribute>
<mg:cssAttribute name="font-family">Consolas</mg:cssAttribute>
<mg:cssAttribute name="font-weight">normal</mg:cssAttribute>
<mg:cssAttribute name="font-style">normal</mg:cssAttribute>
<mg:cssAttribute name="font-size">9pt</mg:cssAttribute>
<mg:cssAttribute name="text-decoration">none</mg:cssAttribute>
</mg:class>
<mg:class name="UI">
<mg:cssAttribute name="color">#400000</mg:cssAttribute>
<mg:cssAttribute name="background-color">#E8F3E7</mg:cssAttribute>
<mg:cssAttribute name="font-family">Consolas</mg:cssAttribute>
<mg:cssAttribute name="font-weight">normal</mg:cssAttribute>
<mg:cssAttribute name="font-style">normal</mg:cssAttribute>
<mg:cssAttribute name="font-size">9pt</mg:cssAttribute>
<mg:cssAttribute name="text-decoration">none</mg:cssAttribute>
</mg:class>
<mg:class name="UC">
<mg:cssAttribute name="color">#400000</mg:cssAttribute>
<mg:cssAttribute name="background-color">#ECE6F2</mg:cssAttribute>
<mg:cssAttribute name="font-family">Consolas</mg:cssAttribute>
<mg:cssAttribute name="font-weight">normal</mg:cssAttribute>
<mg:cssAttribute name="font-style">normal</mg:cssAttribute>
<mg:cssAttribute name="font-size">9pt</mg:cssAttribute>
<mg:cssAttribute name="text-decoration">none</mg:cssAttribute>
</mg:class>
<mg:class name="RU">
<mg:cssAttribute name="color">#400000</mg:cssAttribute>
<mg:cssAttribute name="background-color">#F9F2EB</mg:cssAttribute>
<mg:cssAttribute name="font-family">Consolas</mg:cssAttribute>
<mg:cssAttribute name="font-weight">normal</mg:cssAttribute>
<mg:cssAttribute name="font-style">normal</mg:cssAttribute>
<mg:cssAttribute name="font-size">9pt</mg:cssAttribute>
<mg:cssAttribute name="text-decoration">none</mg:cssAttribute>
</mg:class>
<mg:class name="RR">
<mg:cssAttribute name="color">#800000</mg:cssAttribute>
<mg:cssAttribute name="background-color">#F3E6D8</mg:cssAttribute>
<mg:cssAttribute name="font-family">Consolas</mg:cssAttribute>
<mg:cssAttribute name="font-weight">normal</mg:cssAttribute>
<mg:cssAttribute name="font-style">normal</mg:cssAttribute>
<mg:cssAttribute name="font-size">9pt</mg:cssAttribute>
<mg:cssAttribute name="text-decoration">none</mg:cssAttribute>
</mg:class>
<mg:class name="RI">
<mg:cssAttribute name="color">#800000</mg:cssAttribute>
<mg:cssAttribute name="background-color">#E2E7D3</mg:cssAttribute>
<mg:cssAttribute name="font-family">Consolas</mg:cssAttribute>
<mg:cssAttribute name="font-weight">normal</mg:cssAttribute>
<mg:cssAttribute name="font-style">normal</mg:cssAttribute>
<mg:cssAttribute name="font-size">9pt</mg:cssAttribute>
<mg:cssAttribute name="text-decoration">none</mg:cssAttribute>
</mg:class>
<mg:class name="RC">
<mg:cssAttribute name="color">#800000</mg:cssAttribute>
<mg:cssAttribute name="background-color">#E6D9DF</mg:cssAttribute>
<mg:cssAttribute name="font-family">Consolas</mg:cssAttribute>
<mg:cssAttribute name="font-weight">normal</mg:cssAttribute>
<mg:cssAttribute name="font-style">normal</mg:cssAttribute>
<mg:cssAttribute name="font-size">9pt</mg:cssAttribute>
<mg:cssAttribute name="text-decoration">none</mg:cssAttribute>
</mg:class>
<mg:class name="IU">
<mg:cssAttribute name="color">#400000</mg:cssAttribute>
<mg:cssAttribute name="background-color">#E8F3E7</mg:cssAttribute>
<mg:cssAttribute name="font-family">Consolas</mg:cssAttribute>
<mg:cssAttribute name="font-weight">normal</mg:cssAttribute>
<mg:cssAttribute name="font-style">normal</mg:cssAttribute>
<mg:cssAttribute name="font-size">9pt</mg:cssAttribute>
<mg:cssAttribute name="text-decoration">none</mg:cssAttribute>
</mg:class>
<mg:class name="IR">
<mg:cssAttribute name="color">#800000</mg:cssAttribute>
<mg:cssAttribute name="background-color">#E2E7D3</mg:cssAttribute>
<mg:cssAttribute name="font-family">Consolas</mg:cssAttribute>
<mg:cssAttribute name="font-weight">normal</mg:cssAttribute>
<mg:cssAttribute name="font-style">normal</mg:cssAttribute>
<mg:cssAttribute name="font-size">9pt</mg:cssAttribute>
<mg:cssAttribute name="text-decoration">none</mg:cssAttribute>
</mg:class>
<mg:class name="II">
<mg:cssAttribute name="color">#800000</mg:cssAttribute>
<mg:cssAttribute name="background-color">#D1E8CF</mg:cssAttribute>
<mg:cssAttribute name="font-family">Consolas</mg:cssAttribute>
<mg:cssAttribute name="font-weight">normal</mg:cssAttribute>
<mg:cssAttribute name="font-style">normal</mg:cssAttribute>
<mg:cssAttribute name="font-size">9pt</mg:cssAttribute>
<mg:cssAttribute name="text-decoration">none</mg:cssAttribute>
</mg:class>
<mg:class name="IC">
<mg:cssAttribute name="color">#800000</mg:cssAttribute>
<mg:cssAttribute name="background-color">#D5DADA</mg:cssAttribute>
<mg:cssAttribute name="font-family">Consolas</mg:cssAttribute>
<mg:cssAttribute name="font-weight">normal</mg:cssAttribute>
<mg:cssAttribute name="font-style">normal</mg:cssAttribute>
<mg:cssAttribute name="font-size">9pt</mg:cssAttribute>
<mg:cssAttribute name="text-decoration">none</mg:cssAttribute>
</mg:class>
<mg:class name="CU">
<mg:cssAttribute name="color">#400000</mg:cssAttribute>
<mg:cssAttribute name="background-color">#ECE6F2</mg:cssAttribute>
<mg:cssAttribute name="font-family">Consolas</mg:cssAttribute>
<mg:cssAttribute name="font-weight">normal</mg:cssAttribute>
<mg:cssAttribute name="font-style">normal</mg:cssAttribute>
<mg:cssAttribute name="font-size">9pt</mg:cssAttribute>
<mg:cssAttribute name="text-decoration">none</mg:cssAttribute>
</mg:class>
<mg:class name="CR">
<mg:cssAttribute name="color">#800000</mg:cssAttribute>
<mg:cssAttribute name="background-color">#E6D9DF</mg:cssAttribute>
<mg:cssAttribute name="font-family">Consolas</mg:cssAttribute>
<mg:cssAttribute name="font-weight">normal</mg:cssAttribute>
<mg:cssAttribute name="font-style">normal</mg:cssAttribute>
<mg:cssAttribute name="font-size">9pt</mg:cssAttribute>
<mg:cssAttribute name="text-decoration">none</mg:cssAttribute>
</mg:class>
<mg:class name="CI">
<mg:cssAttribute name="color">#800000</mg:cssAttribute>
<mg:cssAttribute name="background-color">#D5DADA</mg:cssAttribute>
<mg:cssAttribute name="font-family">Consolas</mg:cssAttribute>
<mg:cssAttribute name="font-weight">normal</mg:cssAttribute>
<mg:cssAttribute name="font-style">normal</mg:cssAttribute>
<mg:cssAttribute name="font-size">9pt</mg:cssAttribute>
<mg:cssAttribute name="text-decoration">none</mg:cssAttribute>
</mg:class>
<mg:class name="CC">
<mg:cssAttribute name="color">#800000</mg:cssAttribute>
<mg:cssAttribute name="background-color">#DACDE6</mg:cssAttribute>
<mg:cssAttribute name="font-family">Consolas</mg:cssAttribute>
<mg:cssAttribute name="font-weight">normal</mg:cssAttribute>
<mg:cssAttribute name="font-style">normal</mg:cssAttribute>
<mg:cssAttribute name="font-size">9pt</mg:cssAttribute>
<mg:cssAttribute name="text-decoration">none</mg:cssAttribute>
</mg:class>
		</mg:classes>
		<mg:classes file="3">
<mg:class name="U">
<mg:cssAttribute name="color">#000000</mg:cssAttribute>
<mg:cssAttribute name="background-color">#FFFFFF</mg:cssAttribute>
<mg:cssAttribute name="font-family">Consolas</mg:cssAttribute>
<mg:cssAttribute name="font-weight">normal</mg:cssAttribute>
<mg:cssAttribute name="font-style">normal</mg:cssAttribute>
<mg:cssAttribute name="font-size">9pt</mg:cssAttribute>
<mg:cssAttribute name="text-decoration">none</mg:cssAttribute>
</mg:class>
<mg:class name="R">
<mg:cssAttribute name="color">#800000</mg:cssAttribute>
<mg:cssAttribute name="background-color">#F3E6D8</mg:cssAttribute>
<mg:cssAttribute name="font-family">Consolas</mg:cssAttribute>
<mg:cssAttribute name="font-weight">normal</mg:cssAttribute>
<mg:cssAttribute name="font-style">normal</mg:cssAttribute>
<mg:cssAttribute name="font-size">9pt</mg:cssAttribute>
<mg:cssAttribute name="text-decoration">none</mg:cssAttribute>
</mg:class>
<mg:class name="I">
<mg:cssAttribute name="color">#800000</mg:cssAttribute>
<mg:cssAttribute name="background-color">#D1E8CF</mg:cssAttribute>
<mg:cssAttribute name="font-family">Consolas</mg:cssAttribute>
<mg:cssAttribute name="font-weight">normal</mg:cssAttribute>
<mg:cssAttribute name="font-style">normal</mg:cssAttribute>
<mg:cssAttribute name="font-size">9pt</mg:cssAttribute>
<mg:cssAttribute name="text-decoration">none</mg:cssAttribute>
</mg:class>
<mg:class name="C">
<mg:cssAttribute name="color">#800000</mg:cssAttribute>
<mg:cssAttribute name="background-color">#DACDE6</mg:cssAttribute>
<mg:cssAttribute name="font-family">Consolas</mg:cssAttribute>
<mg:cssAttribute name="font-weight">normal</mg:cssAttribute>
<mg:cssAttribute name="font-style">normal</mg:cssAttribute>
<mg:cssAttribute name="font-size">9pt</mg:cssAttribute>
<mg:cssAttribute name="text-decoration">none</mg:cssAttribute>
</mg:class>
		</mg:classes>
</mg:metaData>
<mg:rowData>
<mg:rowGroup>
<mg:row>
<mg:ln file="1" number="1" class="R"><mg:sg class="R">//<mg:lf/></mg:sg></mg:ln>
</mg:row>
<mg:row>
<mg:ln file="1" number="2" class="R"><mg:sg class="R">//<mg:s/><mg:s/>constP</mg:sg><mg:sg class="R">rops.h<mg:lf/></mg:sg></mg:ln>
</mg:row>
<mg:row>
<mg:ln file="1" number="3" class="R"><mg:sg class="R">//<mg:s/><mg:s/>NgVoic</mg:sg><mg:sg class="R">e<mg:lf/></mg:sg></mg:ln>
</mg:row>
<mg:row>
<mg:ln file="1" number="4" class="R"><mg:sg class="R">//<mg:lf/></mg:sg></mg:ln>
</mg:row>
<mg:row>
<mg:ln file="1" number="5" class="R"><mg:sg class="R">//<mg:s/><mg:s/>Create</mg:sg><mg:sg class="R">d<mg:s/>by<mg:s/>ZYN11</mg:sg><mg:sg class="R">76<mg:s/>on<mg:s/>16/2</mg:sg><mg:sg class="R">/19.<mg:lf/></mg:sg></mg:ln>
</mg:row>
<mg:row>
<mg:ln file="1" number="6" class="R"><mg:sg class="R">//<mg:s/><mg:s/>Copyri</mg:sg><mg:sg class="R">ght<mg:s/>©<mg:s/>2016</mg:sg><mg:sg class="R">年<mg:s/>NetEase.</mg:sg><mg:sg class="R"><mg:s/>All<mg:s/>right</mg:sg><mg:sg class="R">s<mg:s/>reserved</mg:sg><mg:sg class="R">.<mg:lf/></mg:sg></mg:ln>
</mg:row>
<mg:row>
<mg:ln file="1" number="7" class="R"><mg:sg class="R">//<mg:lf/></mg:sg></mg:ln>
</mg:row>
<mg:row>
<mg:ln file="1" number="8" class="R"><mg:sg class="R"><mg:lf/></mg:sg></mg:ln>
</mg:row>
<mg:row>
<mg:ln file="1" number="9" class="R"><mg:sg class="R">#ifndef<mg:s/>NT</mg:sg><mg:sg class="R">_VOICE_con</mg:sg><mg:sg class="R">stProps_h<mg:lf/></mg:sg></mg:ln>
</mg:row>
<mg:row>
<mg:ln file="1" number="10" class="R"><mg:sg class="R">#define<mg:s/>NT</mg:sg><mg:sg class="R">_VOICE_con</mg:sg><mg:sg class="R">stProps_h<mg:lf/></mg:sg></mg:ln>
</mg:row>
<mg:row>
<mg:ln file="1" number="11" class="R"><mg:sg class="R"><mg:lf/></mg:sg></mg:ln>
</mg:row>
<mg:row>
<mg:ln file="1" number="12" class="R"><mg:sg class="R">//#define<mg:s/></mg:sg><mg:sg class="R">NT_DEBUG_M</mg:sg><mg:sg class="R">ODE<mg:s/><mg:s/><mg:s/><mg:s/><mg:s/><mg:s/><mg:s/></mg:sg><mg:sg class="R">@&quot;DEBUG_MO</mg:sg><mg:sg class="R">DE&quot;<mg:lf/></mg:sg></mg:ln>
</mg:row>
<mg:row>
<mg:ln file="1" number="13" class="R"><mg:sg class="R">//#define<mg:s/></mg:sg><mg:sg class="R">NT_FILE_PA</mg:sg><mg:sg class="R">TH<mg:s/><mg:s/><mg:s/><mg:s/><mg:s/><mg:s/><mg:s/><mg:s/></mg:sg><mg:sg class="R">@&quot;LOCAL_PA</mg:sg><mg:sg class="R">TH&quot;<mg:lf/></mg:sg></mg:ln>
</mg:row>
<mg:row>
<mg:ln file="1" number="14" class="R"><mg:sg class="R">//#define<mg:s/></mg:sg><mg:sg class="R">NT_SERVER_</mg:sg><mg:sg class="R">HOST<mg:s/><mg:s/><mg:s/><mg:s/><mg:s/><mg:s/></mg:sg><mg:sg class="R">@&quot;SERVER_H</mg:sg><mg:sg class="R">OST&quot;<mg:lf/></mg:sg></mg:ln>
</mg:row>
<mg:row>
<mg:ln file="1" number="15" class="R"><mg:sg class="R">//#define<mg:s/></mg:sg><mg:sg class="R">NT_SERVER_</mg:sg><mg:sg class="R">PATH<mg:s/><mg:s/><mg:s/><mg:s/><mg:s/><mg:s/></mg:sg><mg:sg class="R">@&quot;SERVER_P</mg:sg><mg:sg class="R">ATH&quot;<mg:lf/></mg:sg></mg:ln>
</mg:row>
<mg:row>
<mg:ln file="1" number="16" class="R"><mg:sg class="R">//#define<mg:s/></mg:sg><mg:sg class="R">NT_SERVER_</mg:sg><mg:sg class="R">TOUSER<mg:s/><mg:s/><mg:s/><mg:s/></mg:sg><mg:sg class="R">@&quot;SERVER_T</mg:sg><mg:sg class="R">OUSER&quot;<mg:lf/></mg:sg></mg:ln>
</mg:row>
<mg:row>
<mg:ln file="1" number="17" class="R"><mg:sg class="R">//#define<mg:s/></mg:sg><mg:sg class="R">NT_MAX_DUR</mg:sg><mg:sg class="R">ATION<mg:s/><mg:s/><mg:s/><mg:s/><mg:s/></mg:sg><mg:sg class="R">@&quot;MAX_DURA</mg:sg><mg:sg class="R">TION&quot;<mg:lf/></mg:sg></mg:ln>
</mg:row>
<mg:row>
<mg:ln file="1" number="18" class="R"><mg:sg class="R">//#define<mg:s/></mg:sg><mg:sg class="R">NT_MIN_DUR</mg:sg><mg:sg class="R">ATION<mg:s/><mg:s/><mg:s/><mg:s/><mg:s/></mg:sg><mg:sg class="R">@&quot;MIN_DURA</mg:sg><mg:sg class="R">TION&quot;<mg:lf/></mg:sg></mg:ln>
</mg:row>
<mg:row>
<mg:ln file="1" number="19" class="R"><mg:sg class="R">//<mg:lf/></mg:sg></mg:ln>
</mg:row>
<mg:row>
<mg:ln file="1" number="20" class="R"><mg:sg class="R">////------</mg:sg><mg:sg class="R">----------</mg:sg><mg:sg class="R">----------</mg:sg><mg:sg class="R">---NOTIFIC</mg:sg><mg:sg class="R">ATIONS----</mg:sg><mg:sg class="R">----------</mg:sg><mg:sg class="R">---------<mg:lf/></mg:sg></mg:ln>
</mg:row>
<mg:row>
<mg:ln file="1" number="21" class="R"><mg:sg class="R">////录音完成（中</mg:sg><mg:sg class="R">途取消没有通知\x001F\x001F\x001D</mg:sg><mg:sg class="R">\x001D\x001C）<mg:lf/></mg:sg></mg:ln>
</mg:row>
<mg:row>
<mg:ln file="1" number="22" class="R"><mg:sg class="R">////失败user</mg:sg><mg:sg class="R">Info字段<mg:s/>:<mg:s/>_</mg:sg><mg:sg class="R">ERROR<mg:lf/></mg:sg></mg:ln>
</mg:row>
<mg:row>
<mg:ln file="1" number="23" class="R"><mg:sg class="R">////成功user</mg:sg><mg:sg class="R">Info字段<mg:s/>:<mg:s/>_</mg:sg><mg:sg class="R">DURATION<mg:lf/></mg:sg></mg:ln>
</mg:row>
<mg:row>
<mg:ln file="1" number="24" class="R"><mg:sg class="R">//#define<mg:s/></mg:sg><mg:sg class="R">NG_VOICE_N</mg:sg><mg:sg class="R">OTIFICATIO</mg:sg><mg:sg class="R">N_RECORD_F</mg:sg><mg:sg class="R">INISH<mg:s/>@&quot;NG</mg:sg><mg:sg class="R">_VOICE_NOT</mg:sg><mg:sg class="R">IFICATION_</mg:sg><mg:sg class="R">RECORD_COM</mg:sg><mg:sg class="R">PLETE&quot;<mg:lf/></mg:sg></mg:ln>
</mg:row>
<mg:row>
<mg:ln file="1" number="25" class="R"><mg:sg class="R">//<mg:lf/></mg:sg></mg:ln>
</mg:row>
<mg:row>
<mg:ln file="1" number="26" class="R"><mg:sg class="R">//<mg:lf/></mg:sg></mg:ln>
</mg:row>
<mg:row>
<mg:ln file="1" number="27" class="R"><mg:sg class="R">////播放完成（中</mg:sg><mg:sg class="R">途停止没有通知）<mg:lf/></mg:sg></mg:ln>
</mg:row>
<mg:row>
<mg:ln file="1" number="28" class="R"><mg:sg class="R">////失败user</mg:sg><mg:sg class="R">Info字段<mg:s/>:<mg:s/>_</mg:sg><mg:sg class="R">REEOR<mg:lf/></mg:sg></mg:ln>
</mg:row>
<mg:row>
<mg:ln file="1" number="29" class="R"><mg:sg class="R">////成功user</mg:sg><mg:sg class="R">Info字段<mg:s/>:<mg:s/>空</mg:sg><mg:sg class="R"><mg:lf/></mg:sg></mg:ln>
</mg:row>
<mg:row>
<mg:ln file="1" number="30" class="R"><mg:sg class="R">//#define<mg:s/></mg:sg><mg:sg class="R">NG_VOICE_N</mg:sg><mg:sg class="R">OTIFICATIO</mg:sg><mg:sg class="R">N_PLAYBACK</mg:sg><mg:sg class="R">_FINISH<mg:s/>@&quot;</mg:sg><mg:sg class="R">NG_VOICE_N</mg:sg><mg:sg class="R">OTIFICATIO</mg:sg><mg:sg class="R">N_PLAYBACK</mg:sg><mg:sg class="R">_FINISH&quot;<mg:lf/></mg:sg></mg:ln>
</mg:row>
<mg:row>
<mg:ln file="1" number="31" class="R"><mg:sg class="R">//<mg:lf/></mg:sg></mg:ln>
</mg:row>
<mg:row>
<mg:ln file="1" number="32" class="R"><mg:sg class="R">////上传完成<mg:lf/></mg:sg></mg:ln>
</mg:row>
<mg:row>
<mg:ln file="1" number="33" class="R"><mg:sg class="R">////失败user</mg:sg><mg:sg class="R">Info字段<mg:s/>:<mg:s/>_</mg:sg><mg:sg class="R">ERROR、_FIL</mg:sg><mg:sg class="R">ENAME<mg:lf/></mg:sg></mg:ln>
</mg:row>
<mg:row>
<mg:ln file="1" number="34" class="R"><mg:sg class="R">////成功user</mg:sg><mg:sg class="R">Info字段<mg:s/>:<mg:s/>_</mg:sg><mg:sg class="R">FILENAME、_</mg:sg><mg:sg class="R">KEY<mg:lf/></mg:sg></mg:ln>
</mg:row>
<mg:row>
<mg:ln file="1" number="35" class="R"><mg:sg class="R">//#define<mg:s/></mg:sg><mg:sg class="R">NG_VOICE_N</mg:sg><mg:sg class="R">OTIFICATIO</mg:sg><mg:sg class="R">N_UPLOAD_F</mg:sg><mg:sg class="R">INISH<mg:s/>@&quot;NG</mg:sg><mg:sg class="R">_VOICE_NOT</mg:sg><mg:sg class="R">IFICATION_</mg:sg><mg:sg class="R">UPLOAD_FIN</mg:sg><mg:sg class="R">ISH&quot;<mg:lf/></mg:sg></mg:ln>
</mg:row>
<mg:row>
<mg:ln file="1" number="36" class="R"><mg:sg class="R">//<mg:lf/></mg:sg></mg:ln>
</mg:row>
<mg:row>
<mg:ln file="1" number="37" class="R"><mg:sg class="R">////获取翻译完成</mg:sg><mg:sg class="R"><mg:lf/></mg:sg></mg:ln>
</mg:row>
<mg:row>
<mg:ln file="1" number="38" class="R"><mg:sg class="R">////失败user</mg:sg><mg:sg class="R">Info字段<mg:s/>:<mg:s/>_</mg:sg><mg:sg class="R">ERROR、_KEY</mg:sg><mg:sg class="R"><mg:lf/></mg:sg></mg:ln>
</mg:row>
<mg:row>
<mg:ln file="1" number="39" class="R"><mg:sg class="R">////成功user</mg:sg><mg:sg class="R">Info字段<mg:s/>:<mg:s/>_</mg:sg><mg:sg class="R">KEY、_TRANS</mg:sg><mg:sg class="R">LATE_TEXT<mg:lf/></mg:sg></mg:ln>
</mg:row>
<mg:row>
<mg:ln file="1" number="40" class="R"><mg:sg class="R">//#define<mg:s/></mg:sg><mg:sg class="R">NG_VOICE_N</mg:sg><mg:sg class="R">OTIFICATIO</mg:sg><mg:sg class="R">N_TRANSLAT</mg:sg><mg:sg class="R">E_FINISH<mg:s/>@</mg:sg><mg:sg class="R">&quot;NG_VOICE_</mg:sg><mg:sg class="R">NOTIFICATI</mg:sg><mg:sg class="R">ON_TRANSLA</mg:sg><mg:sg class="R">TE_FINISH&quot;</mg:sg><mg:sg class="R"><mg:lf/></mg:sg></mg:ln>
</mg:row>
<mg:row>
<mg:ln file="1" number="41" class="R"><mg:sg class="R">//<mg:lf/></mg:sg></mg:ln>
</mg:row>
<mg:row>
<mg:ln file="1" number="42" class="R"><mg:sg class="R">////下载完成<mg:lf/></mg:sg></mg:ln>
</mg:row>
<mg:row>
<mg:ln file="1" number="43" class="R"><mg:sg class="R">////失败user</mg:sg><mg:sg class="R">Info字段<mg:s/>:<mg:s/>_</mg:sg><mg:sg class="R">ERROR、<mg:s/>_KE</mg:sg><mg:sg class="R">Y、<mg:s/>_FILENA</mg:sg><mg:sg class="R">ME<mg:lf/></mg:sg></mg:ln>
</mg:row>
<mg:row>
<mg:ln file="1" number="44" class="R"><mg:sg class="R">////成功user</mg:sg><mg:sg class="R">Info字段<mg:s/>:<mg:s/>_</mg:sg><mg:sg class="R">KEY、<mg:s/>_FILE</mg:sg><mg:sg class="R">NAME<mg:lf/></mg:sg></mg:ln>
</mg:row>
<mg:row>
<mg:ln file="1" number="45" class="R"><mg:sg class="R">//#define<mg:s/></mg:sg><mg:sg class="R">NG_VOICE_N</mg:sg><mg:sg class="R">OTIFICATIO</mg:sg><mg:sg class="R">N_DOWNLOAD</mg:sg><mg:sg class="R">_FINISH<mg:s/>@&quot;</mg:sg><mg:sg class="R">NG_VOICE_N</mg:sg><mg:sg class="R">OTIFICATIO</mg:sg><mg:sg class="R">N_DOWNLOAD</mg:sg><mg:sg class="R">_FINISH&quot;<mg:lf/></mg:sg></mg:ln>
</mg:row>
<mg:row>
<mg:ln file="1" number="46" class="R"><mg:sg class="R">//<mg:lf/></mg:sg></mg:ln>
</mg:row>
<mg:row>
<mg:ln file="1" number="47" class="R"><mg:sg class="R">////------</mg:sg><mg:sg class="R">----------</mg:sg><mg:sg class="R">----------</mg:sg><mg:sg class="R">--USER_INF</mg:sg><mg:sg class="R">O---------</mg:sg><mg:sg class="R">----------</mg:sg><mg:sg class="R">---------<mg:lf/></mg:sg></mg:ln>
</mg:row>
<mg:row>
<mg:ln file="1" number="48" class="R"><mg:sg class="R">////出错，错误信</mg:sg><mg:sg class="R">息，值是字符串<mg:lf/></mg:sg></mg:ln>
</mg:row>
<mg:row>
<mg:ln file="1" number="49" class="R"><mg:sg class="R">//#define<mg:s/></mg:sg><mg:sg class="R">NG_VOICE_N</mg:sg><mg:sg class="R">OTIFICATIO</mg:sg><mg:sg class="R">N_INFO_ERR</mg:sg><mg:sg class="R">OR<mg:s/>@&quot;error</mg:sg><mg:sg class="R">&quot;<mg:lf/></mg:sg></mg:ln>
</mg:row>
<mg:row>
<mg:ln file="1" number="50" class="R"><mg:sg class="R">//<mg:lf/></mg:sg></mg:ln>
</mg:row>
<mg:row>
<mg:ln file="1" number="51" class="R"><mg:sg class="R">////语音key值</mg:sg><mg:sg class="R">，对应值是字符串<mg:lf/></mg:sg></mg:ln>
</mg:row>
<mg:row>
<mg:ln file="1" number="52" class="R"><mg:sg class="R">//#define<mg:s/></mg:sg><mg:sg class="R">NG_VOICE_N</mg:sg><mg:sg class="R">OTIFICATIO</mg:sg><mg:sg class="R">N_INFO_KEY</mg:sg><mg:sg class="R"><mg:s/>@&quot;key&quot;<mg:lf/></mg:sg></mg:ln>
</mg:row>
<mg:row>
<mg:ln file="1" number="53" class="R"><mg:sg class="R">//<mg:lf/></mg:sg></mg:ln>
</mg:row>
<mg:row>
<mg:ln file="1" number="54" class="R"><mg:sg class="R">////语音文件名<mg:lf/></mg:sg></mg:ln>
</mg:row>
<mg:row>
<mg:ln file="1" number="55" class="R"><mg:sg class="R">//#define<mg:s/></mg:sg><mg:sg class="R">NG_VOICE_N</mg:sg><mg:sg class="R">OTIFICATIO</mg:sg><mg:sg class="R">N_INFO_FIL</mg:sg><mg:sg class="R">ENAME<mg:s/>@&quot;fi</mg:sg><mg:sg class="R">le_name&quot;<mg:lf/></mg:sg></mg:ln>
</mg:row>
<mg:row>
<mg:ln file="1" number="56" class="R"><mg:sg class="R">//<mg:lf/></mg:sg></mg:ln>
</mg:row>
<mg:row>
<mg:ln file="1" number="57" class="R"><mg:sg class="R">////翻译结果<mg:lf/></mg:sg></mg:ln>
</mg:row>
<mg:row>
<mg:ln file="1" number="58" class="R"><mg:sg class="R">//#define<mg:s/></mg:sg><mg:sg class="R">NG_VOICE_N</mg:sg><mg:sg class="R">OTIFICATIO</mg:sg><mg:sg class="R">N_INFO_TRA</mg:sg><mg:sg class="R">NSLATE_TEX</mg:sg><mg:sg class="R">T<mg:s/>@&quot;transl</mg:sg><mg:sg class="R">ate_text&quot;<mg:lf/></mg:sg></mg:ln>
</mg:row>
<mg:row>
<mg:ln file="1" number="59" class="R"><mg:sg class="R">//<mg:lf/></mg:sg></mg:ln>
</mg:row>
<mg:row>
<mg:ln file="1" number="60" class="R"><mg:sg class="R">////录音时长，对</mg:sg><mg:sg class="R">应值是<mg:s/>NSNumb</mg:sg><mg:sg class="R">er（double）</mg:sg><mg:sg class="R"><mg:lf/></mg:sg></mg:ln>
</mg:row>
<mg:row>
<mg:ln file="1" number="61" class="R"><mg:sg class="R">//#define<mg:s/></mg:sg><mg:sg class="R">NG_VOICE_N</mg:sg><mg:sg class="R">OTIFICATIO</mg:sg><mg:sg class="R">N_INFO_DUR</mg:sg><mg:sg class="R">ATION<mg:s/>@&quot;du</mg:sg><mg:sg class="R">ration&quot;<mg:lf/></mg:sg></mg:ln>
</mg:row>
<mg:row>
<mg:ln file="1" number="62" class="R"><mg:sg class="R"><mg:lf/></mg:sg></mg:ln>
</mg:row>
<mg:row>
<mg:ln file="1" number="63" class="R"><mg:sg class="R">extern<mg:s/>NSS</mg:sg><mg:sg class="R">tring*<mg:s/>con</mg:sg><mg:sg class="R">st<mg:s/>NT_VOIC</mg:sg><mg:sg class="R">E_NUM_DEBU</mg:sg><mg:sg class="R">G;<mg:s/>//&quot;DEBU</mg:sg><mg:sg class="R">G&quot;;<mg:lf/></mg:sg></mg:ln>
</mg:row>
<mg:row>
<mg:ln file="1" number="64" class="R"><mg:sg class="R">extern<mg:s/>NSS</mg:sg><mg:sg class="R">tring*<mg:s/>con</mg:sg><mg:sg class="R">st<mg:s/>NT_VOIC</mg:sg><mg:sg class="R">E_NUM_MIN_</mg:sg><mg:sg class="R">RECORD_DUR</mg:sg><mg:sg class="R">ATION;<mg:s/>//&quot;</mg:sg><mg:sg class="R">MIN_DURATI</mg:sg><mg:sg class="R">ON&quot;;<mg:lf/></mg:sg></mg:ln>
</mg:row>
<mg:row>
<mg:ln file="1" number="65" class="R"><mg:sg class="R">extern<mg:s/>NSS</mg:sg><mg:sg class="R">tring*<mg:s/>con</mg:sg><mg:sg class="R">st<mg:s/>NT_VOIC</mg:sg><mg:sg class="R">E_NUM_MAX_</mg:sg><mg:sg class="R">RECORD_DUR</mg:sg><mg:sg class="R">ATION;<mg:s/>//&quot;</mg:sg><mg:sg class="R">MAX_DURATI</mg:sg><mg:sg class="R">ON&quot;;<mg:lf/></mg:sg></mg:ln>
</mg:row>
<mg:row>
<mg:ln file="1" number="66" class="R"><mg:sg class="R"><mg:lf/></mg:sg></mg:ln>
</mg:row>
<mg:row>
<mg:ln file="1" number="67" class="R"><mg:sg class="R">extern<mg:s/>NSS</mg:sg><mg:sg class="R">tring*<mg:s/>con</mg:sg><mg:sg class="R">st<mg:s/>NT_VOIC</mg:sg><mg:sg class="R">E_STR_LOCA</mg:sg><mg:sg class="R">L_PATH;<mg:s/>//</mg:sg><mg:sg class="R">&quot;LOCAL_PAT</mg:sg><mg:sg class="R">H&quot;;<mg:lf/></mg:sg></mg:ln>
</mg:row>
<mg:row>
<mg:ln file="1" number="68" class="R"><mg:sg class="R">extern<mg:s/>NSS</mg:sg><mg:sg class="R">tring*<mg:s/>con</mg:sg><mg:sg class="R">st<mg:s/>NT_VOIC</mg:sg><mg:sg class="R">E_STR_SERV</mg:sg><mg:sg class="R">ER_PATH;<mg:s/>/</mg:sg><mg:sg class="R">/&quot;SERVER_P</mg:sg><mg:sg class="R">ATH&quot;;<mg:lf/></mg:sg></mg:ln>
</mg:row>
<mg:row>
<mg:ln file="1" number="69" class="R"><mg:sg class="R">extern<mg:s/>NSS</mg:sg><mg:sg class="R">tring*<mg:s/>con</mg:sg><mg:sg class="R">st<mg:s/>NT_VOIC</mg:sg><mg:sg class="R">E_STR_SERV</mg:sg><mg:sg class="R">ER_TOUSER;</mg:sg><mg:sg class="R"><mg:s/>//&quot;SERVER</mg:sg><mg:sg class="R">_TOUSER&quot;;<mg:lf/></mg:sg></mg:ln>
</mg:row>
<mg:row>
<mg:ln file="1" number="70" class="R"><mg:sg class="R">extern<mg:s/>NSS</mg:sg><mg:sg class="R">tring*<mg:s/>con</mg:sg><mg:sg class="R">st<mg:s/>NT_VOIC</mg:sg><mg:sg class="R">E_STR_SERV</mg:sg><mg:sg class="R">ER_HOST;<mg:s/>/</mg:sg><mg:sg class="R">/&quot;SERVER_H</mg:sg><mg:sg class="R">OST&quot;;<mg:lf/></mg:sg></mg:ln>
</mg:row>
<mg:row>
<mg:ln file="1" number="71" class="R"><mg:sg class="R">extern<mg:s/>NSS</mg:sg><mg:sg class="R">tring*<mg:s/>con</mg:sg><mg:sg class="R">st<mg:s/>NT_VOIC</mg:sg><mg:sg class="R">E_STR_SERV</mg:sg><mg:sg class="R">ER_USER_AG</mg:sg><mg:sg class="R">ENT;<mg:s/>//&quot;US</mg:sg><mg:sg class="R">ER_AGENT&quot;;</mg:sg><mg:sg class="R"><mg:lf/></mg:sg></mg:ln>
</mg:row>
<mg:row>
<mg:ln file="1" number="72" class="R"><mg:sg class="R"><mg:lf/></mg:sg></mg:ln>
</mg:row>
<mg:row>
<mg:ln file="1" number="73" class="R"><mg:sg class="R">extern<mg:s/>NSS</mg:sg><mg:sg class="R">tring*<mg:s/>con</mg:sg><mg:sg class="R">st<mg:s/>NT_VOIC</mg:sg><mg:sg class="R">E_STR_ABSO</mg:sg><mg:sg class="R">LUTE_PATH;</mg:sg><mg:sg class="R"><mg:s/>//&quot;ABSOLU</mg:sg><mg:sg class="R">TE_PATH&quot;<mg:lf/></mg:sg></mg:ln>
</mg:row>
<mg:row>
<mg:ln file="1" number="74" class="R"><mg:sg class="R"><mg:lf/></mg:sg></mg:ln>
</mg:row>
<mg:row>
<mg:ln file="1" number="75" class="R"><mg:sg class="R">#endif<mg:s/>/*<mg:s/></mg:sg><mg:sg class="R">constProps</mg:sg><mg:sg class="R">_h<mg:s/>*/<mg:lf/></mg:sg></mg:ln>
</mg:row>
</mg:rowGroup>
</mg:rowData>
</mg:report>
