﻿<?xml version="1.0" encoding="UTF-8" ?>

<mg:report version="1.0" xmlns:mg="http://www.araxis.com/2002/Merge/Reporting" type="FileComparison">
<mg:metaData>
  <mg:title>Araxis Merge File Comparison Report</mg:title>
  <mg:id show="true">1160</mg:id>
  <mg:date>2019/4/19 20:25:42</mg:date>
<mg:options>
<mg:option name="clIgnoreDifferencesInWhitespaceAtTheStartOfLines">0</mg:option>
<mg:option name="clIgnoreDifferencesInWhitespaceAtTheEndOfLines">0</mg:option>
<mg:option name="clTreatConsecutiveWhitespaceAsASingleSpace">1</mg:option>
<mg:option name="clIgnoreAllDifferencesInWhitespace">0</mg:option>
<mg:option name="clWhitespaceSignificant">0</mg:option>
<mg:option name="clIgnoreCase">0</mg:option>
<mg:option name="clIgnoreLineEndings">1</mg:option>
<mg:option name="clHideCRLF">1</mg:option>
<mg:option name="clShowLineNums">1</mg:option>
<mg:option name="clShowOmittedLinesRow">0</mg:option>

<mg:regexps>
<mg:regexp enabled="false">
<mg:expression>^[ \t]*$</mg:expression>
<mg:description>Blank lines</mg:description>
</mg:regexp>
<mg:regexp enabled="false">
<mg:expression>[ \t]*//[^&quot;]*$</mg:expression>
<mg:description>C++ comments</mg:description>
</mg:regexp>
<mg:regexp enabled="false">
<mg:expression>^[ \t]*//.*\$(Date|Archive|Author|Header|JustDate|Modtime|Revision|Workfile):.*\$.*$</mg:expression>
<mg:description>SourceSafe comments</mg:description>
</mg:regexp>
<mg:regexp enabled="false">
<mg:expression>^[ \t]*//(:(Header|Source):|.*Generated.*Genitor).*\$</mg:expression>
<mg:description>Genitor comments</mg:description>
</mg:regexp>
<mg:regexp enabled="false">
<mg:expression>\$(Archive|Author|Date|Header|JustDate|Logfile|Modtime|Revision|Workfile):[^$]*\$</mg:expression>
<mg:description>SourceSafe keywords</mg:description>
</mg:regexp>
<mg:regexp enabled="false">
<mg:expression>^[ \t]*'.*$</mg:expression>
<mg:description>Visual Basic comments</mg:description>
</mg:regexp>
<mg:regexp enabled="false">
<mg:expression>\$(Author|Date|Header|Id|Locker|Name|RCSfile|Revision|Source|State):[^$]*\$</mg:expression>
<mg:description>CVS comments</mg:description>
</mg:regexp>
<mg:regexp enabled="false">
<mg:expression>\$(ACident|ACheader|AClog|ACpart|ACversion|Author|Date|Header|Line|Locker|Log|Revision|Smsfile|Smspath|Today|Vcfile|Vcpath|Workfile):?[^$]*\$</mg:expression>
<mg:description>AllChange keywords</mg:description>
</mg:regexp>
<mg:regexp enabled="false">
<mg:expression></mg:expression>
<mg:description></mg:description>
</mg:regexp>
<mg:regexp enabled="false">
<mg:expression></mg:expression>
<mg:description></mg:description>
</mg:regexp>
</mg:regexps>
</mg:options>
<mg:fileDetails file="1">
  <mg:name>Language.h</mg:name>
  <mg:title></mg:title>
  <mg:location>E:\MA75\Branch_20190409\Tools\Mac\LocalizationTool</mg:location>
  <mg:lastModified>Fri Apr 19 11:03:54 2019 UTC</mg:lastModified>
</mg:fileDetails>
<mg:fileDetails file="2">
  <mg:name>Language.h</mg:name>
  <mg:title></mg:title>
  <mg:location>E:\MA75\tgc_main\Tools\Mac\LocalizationTool</mg:location>
  <mg:lastModified>Thu Apr 11 09:36:39 2019 UTC</mg:lastModified>
</mg:fileDetails>
<mg:fileDetails file="3">
  <mg:name>Language.h</mg:name>
  <mg:title></mg:title>
  <mg:location>E:\MA75\tgc_mainOld\Tools\Mac\LocalizationTool</mg:location>
  <mg:lastModified>Fri Apr 19 11:53:34 2019 UTC</mg:lastModified>
</mg:fileDetails>
<mg:changeSummaries>
  <mg:changeSummary files="1,2">
	  <mg:changeCount type="unchanged" blocks1="3" blocks2="3" blocks="3" lines1="50" lines2="50" lines="100" />
	  <mg:changeCount type="removed" blocks1="0" blocks2="0" blocks="0" lines1="0" lines2="0" lines="0" />
	  <mg:changeCount type="inserted" blocks1="0" blocks2="1" blocks="1" lines1="0" lines2="1" lines="1" />
	  <mg:changeCount type="changed" blocks1="1" blocks2="1" blocks="1" lines1="1" lines2="1" lines="2" />
  </mg:changeSummary>
<mg:changeSummary files="2,3">
	  <mg:changeCount type="unchanged" blocks1="3" blocks2="3" blocks="3" lines1="50" lines2="50" lines="100" />
	  <mg:changeCount type="removed" blocks1="1" blocks2="0" blocks="1" lines1="1" lines2="0" lines="1" />
	  <mg:changeCount type="inserted" blocks1="0" blocks2="0" blocks="0" lines1="0" lines2="0" lines="0" />
	  <mg:changeCount type="changed" blocks1="1" blocks2="1" blocks="1" lines1="1" lines2="1" lines="2" />
  </mg:changeSummary>
<mg:changeSummary files="1,2,3"><mg:changeCount type="removed" blocks="1" lines="1"/><mg:changeCount type="inserted" blocks="0" lines="0"/><mg:changeCount type="changed" blocks="1" lines="2"/><mg:changeCount type="conflicts" count="0"/></mg:changeSummary></mg:changeSummaries>
		<mg:classes file="1">
<mg:class name="U">
<mg:cssAttribute name="color">#000000</mg:cssAttribute>
<mg:cssAttribute name="background-color">#FFFFFF</mg:cssAttribute>
<mg:cssAttribute name="font-family">Consolas</mg:cssAttribute>
<mg:cssAttribute name="font-weight">normal</mg:cssAttribute>
<mg:cssAttribute name="font-style">normal</mg:cssAttribute>
<mg:cssAttribute name="font-size">9pt</mg:cssAttribute>
<mg:cssAttribute name="text-decoration">none</mg:cssAttribute>
</mg:class>
<mg:class name="R">
<mg:cssAttribute name="color">#800000</mg:cssAttribute>
<mg:cssAttribute name="background-color">#F3E6D8</mg:cssAttribute>
<mg:cssAttribute name="font-family">Consolas</mg:cssAttribute>
<mg:cssAttribute name="font-weight">normal</mg:cssAttribute>
<mg:cssAttribute name="font-style">normal</mg:cssAttribute>
<mg:cssAttribute name="font-size">9pt</mg:cssAttribute>
<mg:cssAttribute name="text-decoration">none</mg:cssAttribute>
</mg:class>
<mg:class name="I">
<mg:cssAttribute name="color">#800000</mg:cssAttribute>
<mg:cssAttribute name="background-color">#D1E8CF</mg:cssAttribute>
<mg:cssAttribute name="font-family">Consolas</mg:cssAttribute>
<mg:cssAttribute name="font-weight">normal</mg:cssAttribute>
<mg:cssAttribute name="font-style">normal</mg:cssAttribute>
<mg:cssAttribute name="font-size">9pt</mg:cssAttribute>
<mg:cssAttribute name="text-decoration">none</mg:cssAttribute>
</mg:class>
<mg:class name="C">
<mg:cssAttribute name="color">#800000</mg:cssAttribute>
<mg:cssAttribute name="background-color">#DACDE6</mg:cssAttribute>
<mg:cssAttribute name="font-family">Consolas</mg:cssAttribute>
<mg:cssAttribute name="font-weight">normal</mg:cssAttribute>
<mg:cssAttribute name="font-style">normal</mg:cssAttribute>
<mg:cssAttribute name="font-size">9pt</mg:cssAttribute>
<mg:cssAttribute name="text-decoration">none</mg:cssAttribute>
</mg:class>
		</mg:classes>
		<mg:classes file="2">
<mg:class name="UU">
<mg:cssAttribute name="color">#000000</mg:cssAttribute>
<mg:cssAttribute name="background-color">#FFFFFF</mg:cssAttribute>
<mg:cssAttribute name="font-family">Consolas</mg:cssAttribute>
<mg:cssAttribute name="font-weight">normal</mg:cssAttribute>
<mg:cssAttribute name="font-style">normal</mg:cssAttribute>
<mg:cssAttribute name="font-size">9pt</mg:cssAttribute>
<mg:cssAttribute name="text-decoration">none</mg:cssAttribute>
</mg:class>
<mg:class name="UR">
<mg:cssAttribute name="color">#400000</mg:cssAttribute>
<mg:cssAttribute name="background-color">#F9F2EB</mg:cssAttribute>
<mg:cssAttribute name="font-family">Consolas</mg:cssAttribute>
<mg:cssAttribute name="font-weight">normal</mg:cssAttribute>
<mg:cssAttribute name="font-style">normal</mg:cssAttribute>
<mg:cssAttribute name="font-size">9pt</mg:cssAttribute>
<mg:cssAttribute name="text-decoration">none</mg:cssAttribute>
</mg:class>
<mg:class name="UI">
<mg:cssAttribute name="color">#400000</mg:cssAttribute>
<mg:cssAttribute name="background-color">#E8F3E7</mg:cssAttribute>
<mg:cssAttribute name="font-family">Consolas</mg:cssAttribute>
<mg:cssAttribute name="font-weight">normal</mg:cssAttribute>
<mg:cssAttribute name="font-style">normal</mg:cssAttribute>
<mg:cssAttribute name="font-size">9pt</mg:cssAttribute>
<mg:cssAttribute name="text-decoration">none</mg:cssAttribute>
</mg:class>
<mg:class name="UC">
<mg:cssAttribute name="color">#400000</mg:cssAttribute>
<mg:cssAttribute name="background-color">#ECE6F2</mg:cssAttribute>
<mg:cssAttribute name="font-family">Consolas</mg:cssAttribute>
<mg:cssAttribute name="font-weight">normal</mg:cssAttribute>
<mg:cssAttribute name="font-style">normal</mg:cssAttribute>
<mg:cssAttribute name="font-size">9pt</mg:cssAttribute>
<mg:cssAttribute name="text-decoration">none</mg:cssAttribute>
</mg:class>
<mg:class name="RU">
<mg:cssAttribute name="color">#400000</mg:cssAttribute>
<mg:cssAttribute name="background-color">#F9F2EB</mg:cssAttribute>
<mg:cssAttribute name="font-family">Consolas</mg:cssAttribute>
<mg:cssAttribute name="font-weight">normal</mg:cssAttribute>
<mg:cssAttribute name="font-style">normal</mg:cssAttribute>
<mg:cssAttribute name="font-size">9pt</mg:cssAttribute>
<mg:cssAttribute name="text-decoration">none</mg:cssAttribute>
</mg:class>
<mg:class name="RR">
<mg:cssAttribute name="color">#800000</mg:cssAttribute>
<mg:cssAttribute name="background-color">#F3E6D8</mg:cssAttribute>
<mg:cssAttribute name="font-family">Consolas</mg:cssAttribute>
<mg:cssAttribute name="font-weight">normal</mg:cssAttribute>
<mg:cssAttribute name="font-style">normal</mg:cssAttribute>
<mg:cssAttribute name="font-size">9pt</mg:cssAttribute>
<mg:cssAttribute name="text-decoration">none</mg:cssAttribute>
</mg:class>
<mg:class name="RI">
<mg:cssAttribute name="color">#800000</mg:cssAttribute>
<mg:cssAttribute name="background-color">#E2E7D3</mg:cssAttribute>
<mg:cssAttribute name="font-family">Consolas</mg:cssAttribute>
<mg:cssAttribute name="font-weight">normal</mg:cssAttribute>
<mg:cssAttribute name="font-style">normal</mg:cssAttribute>
<mg:cssAttribute name="font-size">9pt</mg:cssAttribute>
<mg:cssAttribute name="text-decoration">none</mg:cssAttribute>
</mg:class>
<mg:class name="RC">
<mg:cssAttribute name="color">#800000</mg:cssAttribute>
<mg:cssAttribute name="background-color">#E6D9DF</mg:cssAttribute>
<mg:cssAttribute name="font-family">Consolas</mg:cssAttribute>
<mg:cssAttribute name="font-weight">normal</mg:cssAttribute>
<mg:cssAttribute name="font-style">normal</mg:cssAttribute>
<mg:cssAttribute name="font-size">9pt</mg:cssAttribute>
<mg:cssAttribute name="text-decoration">none</mg:cssAttribute>
</mg:class>
<mg:class name="IU">
<mg:cssAttribute name="color">#400000</mg:cssAttribute>
<mg:cssAttribute name="background-color">#E8F3E7</mg:cssAttribute>
<mg:cssAttribute name="font-family">Consolas</mg:cssAttribute>
<mg:cssAttribute name="font-weight">normal</mg:cssAttribute>
<mg:cssAttribute name="font-style">normal</mg:cssAttribute>
<mg:cssAttribute name="font-size">9pt</mg:cssAttribute>
<mg:cssAttribute name="text-decoration">none</mg:cssAttribute>
</mg:class>
<mg:class name="IR">
<mg:cssAttribute name="color">#800000</mg:cssAttribute>
<mg:cssAttribute name="background-color">#E2E7D3</mg:cssAttribute>
<mg:cssAttribute name="font-family">Consolas</mg:cssAttribute>
<mg:cssAttribute name="font-weight">normal</mg:cssAttribute>
<mg:cssAttribute name="font-style">normal</mg:cssAttribute>
<mg:cssAttribute name="font-size">9pt</mg:cssAttribute>
<mg:cssAttribute name="text-decoration">none</mg:cssAttribute>
</mg:class>
<mg:class name="II">
<mg:cssAttribute name="color">#800000</mg:cssAttribute>
<mg:cssAttribute name="background-color">#D1E8CF</mg:cssAttribute>
<mg:cssAttribute name="font-family">Consolas</mg:cssAttribute>
<mg:cssAttribute name="font-weight">normal</mg:cssAttribute>
<mg:cssAttribute name="font-style">normal</mg:cssAttribute>
<mg:cssAttribute name="font-size">9pt</mg:cssAttribute>
<mg:cssAttribute name="text-decoration">none</mg:cssAttribute>
</mg:class>
<mg:class name="IC">
<mg:cssAttribute name="color">#800000</mg:cssAttribute>
<mg:cssAttribute name="background-color">#D5DADA</mg:cssAttribute>
<mg:cssAttribute name="font-family">Consolas</mg:cssAttribute>
<mg:cssAttribute name="font-weight">normal</mg:cssAttribute>
<mg:cssAttribute name="font-style">normal</mg:cssAttribute>
<mg:cssAttribute name="font-size">9pt</mg:cssAttribute>
<mg:cssAttribute name="text-decoration">none</mg:cssAttribute>
</mg:class>
<mg:class name="CU">
<mg:cssAttribute name="color">#400000</mg:cssAttribute>
<mg:cssAttribute name="background-color">#ECE6F2</mg:cssAttribute>
<mg:cssAttribute name="font-family">Consolas</mg:cssAttribute>
<mg:cssAttribute name="font-weight">normal</mg:cssAttribute>
<mg:cssAttribute name="font-style">normal</mg:cssAttribute>
<mg:cssAttribute name="font-size">9pt</mg:cssAttribute>
<mg:cssAttribute name="text-decoration">none</mg:cssAttribute>
</mg:class>
<mg:class name="CR">
<mg:cssAttribute name="color">#800000</mg:cssAttribute>
<mg:cssAttribute name="background-color">#E6D9DF</mg:cssAttribute>
<mg:cssAttribute name="font-family">Consolas</mg:cssAttribute>
<mg:cssAttribute name="font-weight">normal</mg:cssAttribute>
<mg:cssAttribute name="font-style">normal</mg:cssAttribute>
<mg:cssAttribute name="font-size">9pt</mg:cssAttribute>
<mg:cssAttribute name="text-decoration">none</mg:cssAttribute>
</mg:class>
<mg:class name="CI">
<mg:cssAttribute name="color">#800000</mg:cssAttribute>
<mg:cssAttribute name="background-color">#D5DADA</mg:cssAttribute>
<mg:cssAttribute name="font-family">Consolas</mg:cssAttribute>
<mg:cssAttribute name="font-weight">normal</mg:cssAttribute>
<mg:cssAttribute name="font-style">normal</mg:cssAttribute>
<mg:cssAttribute name="font-size">9pt</mg:cssAttribute>
<mg:cssAttribute name="text-decoration">none</mg:cssAttribute>
</mg:class>
<mg:class name="CC">
<mg:cssAttribute name="color">#800000</mg:cssAttribute>
<mg:cssAttribute name="background-color">#DACDE6</mg:cssAttribute>
<mg:cssAttribute name="font-family">Consolas</mg:cssAttribute>
<mg:cssAttribute name="font-weight">normal</mg:cssAttribute>
<mg:cssAttribute name="font-style">normal</mg:cssAttribute>
<mg:cssAttribute name="font-size">9pt</mg:cssAttribute>
<mg:cssAttribute name="text-decoration">none</mg:cssAttribute>
</mg:class>
		</mg:classes>
		<mg:classes file="3">
<mg:class name="U">
<mg:cssAttribute name="color">#000000</mg:cssAttribute>
<mg:cssAttribute name="background-color">#FFFFFF</mg:cssAttribute>
<mg:cssAttribute name="font-family">Consolas</mg:cssAttribute>
<mg:cssAttribute name="font-weight">normal</mg:cssAttribute>
<mg:cssAttribute name="font-style">normal</mg:cssAttribute>
<mg:cssAttribute name="font-size">9pt</mg:cssAttribute>
<mg:cssAttribute name="text-decoration">none</mg:cssAttribute>
</mg:class>
<mg:class name="R">
<mg:cssAttribute name="color">#800000</mg:cssAttribute>
<mg:cssAttribute name="background-color">#F3E6D8</mg:cssAttribute>
<mg:cssAttribute name="font-family">Consolas</mg:cssAttribute>
<mg:cssAttribute name="font-weight">normal</mg:cssAttribute>
<mg:cssAttribute name="font-style">normal</mg:cssAttribute>
<mg:cssAttribute name="font-size">9pt</mg:cssAttribute>
<mg:cssAttribute name="text-decoration">none</mg:cssAttribute>
</mg:class>
<mg:class name="I">
<mg:cssAttribute name="color">#800000</mg:cssAttribute>
<mg:cssAttribute name="background-color">#D1E8CF</mg:cssAttribute>
<mg:cssAttribute name="font-family">Consolas</mg:cssAttribute>
<mg:cssAttribute name="font-weight">normal</mg:cssAttribute>
<mg:cssAttribute name="font-style">normal</mg:cssAttribute>
<mg:cssAttribute name="font-size">9pt</mg:cssAttribute>
<mg:cssAttribute name="text-decoration">none</mg:cssAttribute>
</mg:class>
<mg:class name="C">
<mg:cssAttribute name="color">#800000</mg:cssAttribute>
<mg:cssAttribute name="background-color">#DACDE6</mg:cssAttribute>
<mg:cssAttribute name="font-family">Consolas</mg:cssAttribute>
<mg:cssAttribute name="font-weight">normal</mg:cssAttribute>
<mg:cssAttribute name="font-style">normal</mg:cssAttribute>
<mg:cssAttribute name="font-size">9pt</mg:cssAttribute>
<mg:cssAttribute name="text-decoration">none</mg:cssAttribute>
</mg:class>
		</mg:classes>
</mg:metaData>
<mg:rowData>
<mg:rowGroup>
<mg:row>
<mg:ln file="1" number="1" class="U"><mg:sg class="U">//<mg:lf/></mg:sg></mg:ln>
<mg:ln file="2" number="1" class="UU"><mg:sg class="UU">//<mg:lf/></mg:sg></mg:ln>
<mg:ln file="3" number="1" class="U"><mg:sg class="U">//<mg:lf/></mg:sg></mg:ln>
</mg:row>
<mg:row>
<mg:ln file="1" number="2" class="U"><mg:sg class="U">//<mg:s/><mg:s/>Langua</mg:sg><mg:sg class="U">ge.h<mg:lf/></mg:sg></mg:ln>
<mg:ln file="2" number="2" class="UU"><mg:sg class="UU">//<mg:s/><mg:s/>Langua</mg:sg><mg:sg class="UU">ge.h<mg:lf/></mg:sg></mg:ln>
<mg:ln file="3" number="2" class="U"><mg:sg class="U">//<mg:s/><mg:s/>Langua</mg:sg><mg:sg class="U">ge.h<mg:lf/></mg:sg></mg:ln>
</mg:row>
<mg:row>
<mg:ln file="1" number="3" class="U"><mg:sg class="U">//<mg:s/><mg:s/>Locali</mg:sg><mg:sg class="U">zationTool</mg:sg><mg:sg class="U"><mg:lf/></mg:sg></mg:ln>
<mg:ln file="2" number="3" class="UU"><mg:sg class="UU">//<mg:s/><mg:s/>Locali</mg:sg><mg:sg class="UU">zationTool</mg:sg><mg:sg class="UU"><mg:lf/></mg:sg></mg:ln>
<mg:ln file="3" number="3" class="U"><mg:sg class="U">//<mg:s/><mg:s/>Locali</mg:sg><mg:sg class="U">zationTool</mg:sg><mg:sg class="U"><mg:lf/></mg:sg></mg:ln>
</mg:row>
<mg:row>
<mg:ln file="1" number="4" class="U"><mg:sg class="U">//<mg:lf/></mg:sg></mg:ln>
<mg:ln file="2" number="4" class="UU"><mg:sg class="UU">//<mg:lf/></mg:sg></mg:ln>
<mg:ln file="3" number="4" class="U"><mg:sg class="U">//<mg:lf/></mg:sg></mg:ln>
</mg:row>
<mg:row>
<mg:ln file="1" number="5" class="U"><mg:sg class="U">//<mg:s/><mg:s/>Create</mg:sg><mg:sg class="U">d<mg:s/>by<mg:s/>Jeffr</mg:sg><mg:sg class="U">ey<mg:s/>Exterka</mg:sg><mg:sg class="U">te<mg:s/>on<mg:s/>3/9/</mg:sg><mg:sg class="U">18.<mg:lf/></mg:sg></mg:ln>
<mg:ln file="2" number="5" class="UU"><mg:sg class="UU">//<mg:s/><mg:s/>Create</mg:sg><mg:sg class="UU">d<mg:s/>by<mg:s/>Jeffr</mg:sg><mg:sg class="UU">ey<mg:s/>Exterka</mg:sg><mg:sg class="UU">te<mg:s/>on<mg:s/>3/9/</mg:sg><mg:sg class="UU">18.<mg:lf/></mg:sg></mg:ln>
<mg:ln file="3" number="5" class="U"><mg:sg class="U">//<mg:s/><mg:s/>Create</mg:sg><mg:sg class="U">d<mg:s/>by<mg:s/>Jeffr</mg:sg><mg:sg class="U">ey<mg:s/>Exterka</mg:sg><mg:sg class="U">te<mg:s/>on<mg:s/>3/9/</mg:sg><mg:sg class="U">18.<mg:lf/></mg:sg></mg:ln>
</mg:row>
<mg:row>
<mg:ln file="1" number="6" class="U"><mg:sg class="U">//<mg:s/><mg:s/>Copyri</mg:sg><mg:sg class="U">ght<mg:s/>©<mg:s/>2018</mg:sg><mg:sg class="U"><mg:s/>TGC.<mg:s/>All<mg:s/></mg:sg><mg:sg class="U">rights<mg:s/>res</mg:sg><mg:sg class="U">erved.<mg:lf/></mg:sg></mg:ln>
<mg:ln file="2" number="6" class="UU"><mg:sg class="UU">//<mg:s/><mg:s/>Copyri</mg:sg><mg:sg class="UU">ght<mg:s/>©<mg:s/>2018</mg:sg><mg:sg class="UU"><mg:s/>TGC.<mg:s/>All<mg:s/></mg:sg><mg:sg class="UU">rights<mg:s/>res</mg:sg><mg:sg class="UU">erved.<mg:lf/></mg:sg></mg:ln>
<mg:ln file="3" number="6" class="U"><mg:sg class="U">//<mg:s/><mg:s/>Copyri</mg:sg><mg:sg class="U">ght<mg:s/>©<mg:s/>2018</mg:sg><mg:sg class="U"><mg:s/>TGC.<mg:s/>All<mg:s/></mg:sg><mg:sg class="U">rights<mg:s/>res</mg:sg><mg:sg class="U">erved.<mg:lf/></mg:sg></mg:ln>
</mg:row>
<mg:row>
<mg:ln file="1" number="7" class="U"><mg:sg class="U">//<mg:lf/></mg:sg></mg:ln>
<mg:ln file="2" number="7" class="UU"><mg:sg class="UU">//<mg:lf/></mg:sg></mg:ln>
<mg:ln file="3" number="7" class="U"><mg:sg class="U">//<mg:lf/></mg:sg></mg:ln>
</mg:row>
<mg:row>
<mg:ln file="1" number="8" class="U"><mg:sg class="U"><mg:lf/></mg:sg></mg:ln>
<mg:ln file="2" number="8" class="UU"><mg:sg class="UU"><mg:lf/></mg:sg></mg:ln>
<mg:ln file="3" number="8" class="U"><mg:sg class="U"><mg:lf/></mg:sg></mg:ln>
</mg:row>
<mg:row>
<mg:ln file="1" number="9" class="U"><mg:sg class="U">#import<mg:s/>&lt;F</mg:sg><mg:sg class="U">oundation/</mg:sg><mg:sg class="U">Foundation</mg:sg><mg:sg class="U">.h&gt;<mg:lf/></mg:sg></mg:ln>
<mg:ln file="2" number="9" class="UU"><mg:sg class="UU">#import<mg:s/>&lt;F</mg:sg><mg:sg class="UU">oundation/</mg:sg><mg:sg class="UU">Foundation</mg:sg><mg:sg class="UU">.h&gt;<mg:lf/></mg:sg></mg:ln>
<mg:ln file="3" number="9" class="U"><mg:sg class="U">#import<mg:s/>&lt;F</mg:sg><mg:sg class="U">oundation/</mg:sg><mg:sg class="U">Foundation</mg:sg><mg:sg class="U">.h&gt;<mg:lf/></mg:sg></mg:ln>
</mg:row>
<mg:row>
<mg:ln file="1" number="10" class="U"><mg:sg class="U"><mg:lf/></mg:sg></mg:ln>
<mg:ln file="2" number="10" class="UU"><mg:sg class="UU"><mg:lf/></mg:sg></mg:ln>
<mg:ln file="3" number="10" class="U"><mg:sg class="U"><mg:lf/></mg:sg></mg:ln>
</mg:row>
<mg:row>
<mg:ln file="1" number="11" class="U"><mg:sg class="U">typedef<mg:s/>NS</mg:sg><mg:sg class="U">_ENUM(NSUI</mg:sg><mg:sg class="U">nteger,<mg:s/>Lo</mg:sg><mg:sg class="U">calizeStat</mg:sg><mg:sg class="U">e)<mg:s/>{<mg:lf/></mg:sg></mg:ln>
<mg:ln file="2" number="11" class="UU"><mg:sg class="UU">typedef<mg:s/>NS</mg:sg><mg:sg class="UU">_ENUM(NSUI</mg:sg><mg:sg class="UU">nteger,<mg:s/>Lo</mg:sg><mg:sg class="UU">calizeStat</mg:sg><mg:sg class="UU">e)<mg:s/>{<mg:lf/></mg:sg></mg:ln>
<mg:ln file="3" number="11" class="U"><mg:sg class="U">typedef<mg:s/>NS</mg:sg><mg:sg class="U">_ENUM(NSUI</mg:sg><mg:sg class="U">nteger,<mg:s/>Lo</mg:sg><mg:sg class="U">calizeStat</mg:sg><mg:sg class="U">e)<mg:s/>{<mg:lf/></mg:sg></mg:ln>
</mg:row>
<mg:row>
<mg:ln file="1" number="12" class="U"><mg:sg class="U"><mg:s/><mg:s/><mg:s/><mg:s/><mg:s/><mg:s/><mg:s/><mg:s/>kM</mg:sg><mg:sg class="U">issing,<mg:lf/></mg:sg></mg:ln>
<mg:ln file="2" number="12" class="UU"><mg:sg class="UU"><mg:s/><mg:s/><mg:s/><mg:s/><mg:s/><mg:s/><mg:s/><mg:s/>kM</mg:sg><mg:sg class="UU">issing,<mg:lf/></mg:sg></mg:ln>
<mg:ln file="3" number="12" class="U"><mg:sg class="U"><mg:s/><mg:s/><mg:s/><mg:s/><mg:s/><mg:s/><mg:s/><mg:s/>kM</mg:sg><mg:sg class="U">issing,<mg:lf/></mg:sg></mg:ln>
</mg:row>
<mg:row>
<mg:ln file="1" number="13" class="U"><mg:sg class="U"><mg:s/><mg:s/><mg:s/><mg:s/><mg:s/><mg:s/><mg:s/><mg:s/>kB</mg:sg><mg:sg class="U">locked,<mg:lf/></mg:sg></mg:ln>
<mg:ln file="2" number="13" class="UU"><mg:sg class="UU"><mg:s/><mg:s/><mg:s/><mg:s/><mg:s/><mg:s/><mg:s/><mg:s/>kB</mg:sg><mg:sg class="UU">locked,<mg:lf/></mg:sg></mg:ln>
<mg:ln file="3" number="13" class="U"><mg:sg class="U"><mg:s/><mg:s/><mg:s/><mg:s/><mg:s/><mg:s/><mg:s/><mg:s/>kB</mg:sg><mg:sg class="U">locked,<mg:lf/></mg:sg></mg:ln>
</mg:row>
<mg:row>
<mg:ln file="1" number="14" class="U"><mg:sg class="U"><mg:s/><mg:s/><mg:s/><mg:s/><mg:s/><mg:s/><mg:s/><mg:s/>kP</mg:sg><mg:sg class="U">endingRevi</mg:sg><mg:sg class="U">ew,<mg:lf/></mg:sg></mg:ln>
<mg:ln file="2" number="14" class="UU"><mg:sg class="UU"><mg:s/><mg:s/><mg:s/><mg:s/><mg:s/><mg:s/><mg:s/><mg:s/>kP</mg:sg><mg:sg class="UU">endingRevi</mg:sg><mg:sg class="UU">ew,<mg:lf/></mg:sg></mg:ln>
<mg:ln file="3" number="14" class="U"><mg:sg class="U"><mg:s/><mg:s/><mg:s/><mg:s/><mg:s/><mg:s/><mg:s/><mg:s/>kP</mg:sg><mg:sg class="U">endingRevi</mg:sg><mg:sg class="U">ew,<mg:lf/></mg:sg></mg:ln>
</mg:row>
<mg:row>
<mg:ln file="1" number="15" class="U"><mg:sg class="U"><mg:s/><mg:s/><mg:s/><mg:s/><mg:s/><mg:s/><mg:s/><mg:s/>kP</mg:sg><mg:sg class="U">resent<mg:lf/></mg:sg></mg:ln>
<mg:ln file="2" number="15" class="UU"><mg:sg class="UU"><mg:s/><mg:s/><mg:s/><mg:s/><mg:s/><mg:s/><mg:s/><mg:s/>kP</mg:sg><mg:sg class="UU">resent<mg:lf/></mg:sg></mg:ln>
<mg:ln file="3" number="15" class="U"><mg:sg class="U"><mg:s/><mg:s/><mg:s/><mg:s/><mg:s/><mg:s/><mg:s/><mg:s/>kP</mg:sg><mg:sg class="U">resent<mg:lf/></mg:sg></mg:ln>
</mg:row>
<mg:row>
<mg:ln file="1" number="16" class="U"><mg:sg class="U">};<mg:lf/></mg:sg></mg:ln>
<mg:ln file="2" number="16" class="UU"><mg:sg class="UU">};<mg:lf/></mg:sg></mg:ln>
<mg:ln file="3" number="16" class="U"><mg:sg class="U">};<mg:lf/></mg:sg></mg:ln>
</mg:row>
<mg:row>
<mg:ln file="1" number="17" class="U"><mg:sg class="U"><mg:lf/></mg:sg></mg:ln>
<mg:ln file="2" number="17" class="UU"><mg:sg class="UU"><mg:lf/></mg:sg></mg:ln>
<mg:ln file="3" number="17" class="U"><mg:sg class="U"><mg:lf/></mg:sg></mg:ln>
</mg:row>
<mg:row>
<mg:ln file="1" number="18" class="U"><mg:sg class="U">@class<mg:s/>Loc</mg:sg><mg:sg class="U">alizedStri</mg:sg><mg:sg class="U">ng;<mg:lf/></mg:sg></mg:ln>
<mg:ln file="2" number="18" class="UU"><mg:sg class="UU">@class<mg:s/>Loc</mg:sg><mg:sg class="UU">alizedStri</mg:sg><mg:sg class="UU">ng;<mg:lf/></mg:sg></mg:ln>
<mg:ln file="3" number="18" class="U"><mg:sg class="U">@class<mg:s/>Loc</mg:sg><mg:sg class="U">alizedStri</mg:sg><mg:sg class="U">ng;<mg:lf/></mg:sg></mg:ln>
</mg:row>
<mg:row>
<mg:ln file="1" number="19" class="U"><mg:sg class="U"><mg:lf/></mg:sg></mg:ln>
<mg:ln file="2" number="19" class="UU"><mg:sg class="UU"><mg:lf/></mg:sg></mg:ln>
<mg:ln file="3" number="19" class="U"><mg:sg class="U"><mg:lf/></mg:sg></mg:ln>
</mg:row>
<mg:row>
<mg:ln file="1" number="20" class="U"><mg:sg class="U">@interface</mg:sg><mg:sg class="U"><mg:s/>Language<mg:s/></mg:sg><mg:sg class="U">:<mg:s/>NSObject</mg:sg><mg:sg class="U"><mg:lf/></mg:sg></mg:ln>
<mg:ln file="2" number="20" class="UU"><mg:sg class="UU">@interface</mg:sg><mg:sg class="UU"><mg:s/>Language<mg:s/></mg:sg><mg:sg class="UU">:<mg:s/>NSObject</mg:sg><mg:sg class="UU"><mg:lf/></mg:sg></mg:ln>
<mg:ln file="3" number="20" class="U"><mg:sg class="U">@interface</mg:sg><mg:sg class="U"><mg:s/>Language<mg:s/></mg:sg><mg:sg class="U">:<mg:s/>NSObject</mg:sg><mg:sg class="U"><mg:lf/></mg:sg></mg:ln>
</mg:row>
<mg:row>
<mg:ln file="1" number="21" class="U"><mg:sg class="U"><mg:lf/></mg:sg></mg:ln>
<mg:ln file="2" number="21" class="UU"><mg:sg class="UU"><mg:lf/></mg:sg></mg:ln>
<mg:ln file="3" number="21" class="U"><mg:sg class="U"><mg:lf/></mg:sg></mg:ln>
</mg:row>
<mg:row>
<mg:ln file="1" number="22" class="U"><mg:sg class="U">//<mg:s/>Propert</mg:sg><mg:sg class="U">ies<mg:lf/></mg:sg></mg:ln>
<mg:ln file="2" number="22" class="UU"><mg:sg class="UU">//<mg:s/>Propert</mg:sg><mg:sg class="UU">ies<mg:lf/></mg:sg></mg:ln>
<mg:ln file="3" number="22" class="U"><mg:sg class="U">//<mg:s/>Propert</mg:sg><mg:sg class="U">ies<mg:lf/></mg:sg></mg:ln>
</mg:row>
<mg:row>
<mg:ln file="1" number="23" class="U"><mg:sg class="U">@property<mg:s/></mg:sg><mg:sg class="U">(readonly)</mg:sg><mg:sg class="U"><mg:s/>NSString*</mg:sg><mg:sg class="U"><mg:s/>code;<mg:lf/></mg:sg></mg:ln>
<mg:ln file="2" number="23" class="UU"><mg:sg class="UU">@property<mg:s/></mg:sg><mg:sg class="UU">(readonly)</mg:sg><mg:sg class="UU"><mg:s/>NSString*</mg:sg><mg:sg class="UU"><mg:s/>code;<mg:lf/></mg:sg></mg:ln>
<mg:ln file="3" number="23" class="U"><mg:sg class="U">@property<mg:s/></mg:sg><mg:sg class="U">(readonly)</mg:sg><mg:sg class="U"><mg:s/>NSString*</mg:sg><mg:sg class="U"><mg:s/>code;<mg:lf/></mg:sg></mg:ln>
</mg:row>
<mg:row>
<mg:ln file="1" number="24" class="U"><mg:sg class="U">@property<mg:s/></mg:sg><mg:sg class="U">(readonly)</mg:sg><mg:sg class="U"><mg:s/>NSString*</mg:sg><mg:sg class="U"><mg:s/>name;<mg:lf/></mg:sg></mg:ln>
<mg:ln file="2" number="24" class="UU"><mg:sg class="UU">@property<mg:s/></mg:sg><mg:sg class="UU">(readonly)</mg:sg><mg:sg class="UU"><mg:s/>NSString*</mg:sg><mg:sg class="UU"><mg:s/>name;<mg:lf/></mg:sg></mg:ln>
<mg:ln file="3" number="24" class="U"><mg:sg class="U">@property<mg:s/></mg:sg><mg:sg class="U">(readonly)</mg:sg><mg:sg class="U"><mg:s/>NSString*</mg:sg><mg:sg class="U"><mg:s/>name;<mg:lf/></mg:sg></mg:ln>
</mg:row>
<mg:row>
<mg:ln file="1" number="25" class="U"><mg:sg class="U">@property<mg:s/></mg:sg><mg:sg class="U">(readonly)</mg:sg><mg:sg class="U"><mg:s/>NSString*</mg:sg><mg:sg class="U"><mg:s/>filename;</mg:sg><mg:sg class="U"><mg:lf/></mg:sg></mg:ln>
<mg:ln file="2" number="25" class="UU"><mg:sg class="UU">@property<mg:s/></mg:sg><mg:sg class="UU">(readonly)</mg:sg><mg:sg class="UU"><mg:s/>NSString*</mg:sg><mg:sg class="UU"><mg:s/>filename;</mg:sg><mg:sg class="UU"><mg:lf/></mg:sg></mg:ln>
<mg:ln file="3" number="25" class="U"><mg:sg class="U">@property<mg:s/></mg:sg><mg:sg class="U">(readonly)</mg:sg><mg:sg class="U"><mg:s/>NSString*</mg:sg><mg:sg class="U"><mg:s/>filename;</mg:sg><mg:sg class="U"><mg:lf/></mg:sg></mg:ln>
</mg:row>
<mg:row>
<mg:ln file="1" number="26" class="U"><mg:sg class="U">@property<mg:s/></mg:sg><mg:sg class="U">(readonly)</mg:sg><mg:sg class="U"><mg:s/>NSLocale*</mg:sg><mg:sg class="U"><mg:s/>locale;<mg:lf/></mg:sg></mg:ln>
<mg:ln file="2" number="26" class="UU"><mg:sg class="UU">@property<mg:s/></mg:sg><mg:sg class="UU">(readonly)</mg:sg><mg:sg class="UU"><mg:s/>NSLocale*</mg:sg><mg:sg class="UU"><mg:s/>locale;<mg:lf/></mg:sg></mg:ln>
<mg:ln file="3" number="26" class="U"><mg:sg class="U">@property<mg:s/></mg:sg><mg:sg class="U">(readonly)</mg:sg><mg:sg class="U"><mg:s/>NSLocale*</mg:sg><mg:sg class="U"><mg:s/>locale;<mg:lf/></mg:sg></mg:ln>
</mg:row>
<mg:row>
<mg:ln file="1" number="27" class="U"><mg:sg class="U">@property<mg:s/></mg:sg><mg:sg class="U">(readonly)</mg:sg><mg:sg class="U"><mg:s/>NSString*</mg:sg><mg:sg class="U"><mg:s/>localized</mg:sg><mg:sg class="U">Name;<mg:lf/></mg:sg></mg:ln>
<mg:ln file="2" number="27" class="UU"><mg:sg class="UU">@property<mg:s/></mg:sg><mg:sg class="UU">(readonly)</mg:sg><mg:sg class="UU"><mg:s/>NSString*</mg:sg><mg:sg class="UU"><mg:s/>localized</mg:sg><mg:sg class="UU">Name;<mg:lf/></mg:sg></mg:ln>
<mg:ln file="3" number="27" class="U"><mg:sg class="U">@property<mg:s/></mg:sg><mg:sg class="U">(readonly)</mg:sg><mg:sg class="U"><mg:s/>NSString*</mg:sg><mg:sg class="U"><mg:s/>localized</mg:sg><mg:sg class="U">Name;<mg:lf/></mg:sg></mg:ln>
</mg:row>
<mg:row>
<mg:ln file="1" number="28" class="U"><mg:sg class="U">@property<mg:s/></mg:sg><mg:sg class="U">(readonly)</mg:sg><mg:sg class="U"><mg:s/>NSUIntege</mg:sg><mg:sg class="U">r<mg:s/>index;<mg:lf/></mg:sg></mg:ln>
<mg:ln file="2" number="28" class="UU"><mg:sg class="UU">@property<mg:s/></mg:sg><mg:sg class="UU">(readonly)</mg:sg><mg:sg class="UU"><mg:s/>NSUIntege</mg:sg><mg:sg class="UU">r<mg:s/>index;<mg:lf/></mg:sg></mg:ln>
<mg:ln file="3" number="28" class="U"><mg:sg class="U">@property<mg:s/></mg:sg><mg:sg class="U">(readonly)</mg:sg><mg:sg class="U"><mg:s/>NSUIntege</mg:sg><mg:sg class="U">r<mg:s/>index;<mg:lf/></mg:sg></mg:ln>
</mg:row>
<mg:row>
<mg:ln file="1" number="29" class="U"><mg:sg class="U">@property<mg:s/></mg:sg><mg:sg class="U">(readonly)</mg:sg><mg:sg class="U"><mg:s/>NSDiction</mg:sg><mg:sg class="U">ary&lt;NSStri</mg:sg><mg:sg class="U">ng*,<mg:s/>Local</mg:sg><mg:sg class="U">izedString</mg:sg><mg:sg class="U">*&gt;*<mg:s/>locali</mg:sg><mg:sg class="U">zedStrings</mg:sg><mg:sg class="U">;<mg:lf/></mg:sg></mg:ln>
<mg:ln file="2" number="29" class="UU"><mg:sg class="UU">@property<mg:s/></mg:sg><mg:sg class="UU">(readonly)</mg:sg><mg:sg class="UU"><mg:s/>NSDiction</mg:sg><mg:sg class="UU">ary&lt;NSStri</mg:sg><mg:sg class="UU">ng*,<mg:s/>Local</mg:sg><mg:sg class="UU">izedString</mg:sg><mg:sg class="UU">*&gt;*<mg:s/>locali</mg:sg><mg:sg class="UU">zedStrings</mg:sg><mg:sg class="UU">;<mg:lf/></mg:sg></mg:ln>
<mg:ln file="3" number="29" class="U"><mg:sg class="U">@property<mg:s/></mg:sg><mg:sg class="U">(readonly)</mg:sg><mg:sg class="U"><mg:s/>NSDiction</mg:sg><mg:sg class="U">ary&lt;NSStri</mg:sg><mg:sg class="U">ng*,<mg:s/>Local</mg:sg><mg:sg class="U">izedString</mg:sg><mg:sg class="U">*&gt;*<mg:s/>locali</mg:sg><mg:sg class="U">zedStrings</mg:sg><mg:sg class="U">;<mg:lf/></mg:sg></mg:ln>
</mg:row>
<mg:row>
<mg:ln file="1" number="30" class="U"><mg:sg class="U"><mg:lf/></mg:sg></mg:ln>
<mg:ln file="2" number="30" class="UU"><mg:sg class="UU"><mg:lf/></mg:sg></mg:ln>
<mg:ln file="3" number="30" class="U"><mg:sg class="U"><mg:lf/></mg:sg></mg:ln>
</mg:row>
<mg:row>
<mg:ln file="1" number="31" class="U"><mg:sg class="U">//<mg:s/>State<mg:lf/></mg:sg></mg:ln>
<mg:ln file="2" number="31" class="UU"><mg:sg class="UU">//<mg:s/>State<mg:lf/></mg:sg></mg:ln>
<mg:ln file="3" number="31" class="U"><mg:sg class="U">//<mg:s/>State<mg:lf/></mg:sg></mg:ln>
</mg:row>
<mg:row>
<mg:ln file="1" number="32" class="U"><mg:sg class="U">@property<mg:s/></mg:sg><mg:sg class="U">(readonly)</mg:sg><mg:sg class="U"><mg:s/>NSNumber*</mg:sg><mg:sg class="U"><mg:s/>state;<mg:lf/></mg:sg></mg:ln>
<mg:ln file="2" number="32" class="UU"><mg:sg class="UU">@property<mg:s/></mg:sg><mg:sg class="UU">(readonly)</mg:sg><mg:sg class="UU"><mg:s/>NSNumber*</mg:sg><mg:sg class="UU"><mg:s/>state;<mg:lf/></mg:sg></mg:ln>
<mg:ln file="3" number="32" class="U"><mg:sg class="U">@property<mg:s/></mg:sg><mg:sg class="U">(readonly)</mg:sg><mg:sg class="U"><mg:s/>NSNumber*</mg:sg><mg:sg class="U"><mg:s/>state;<mg:lf/></mg:sg></mg:ln>
</mg:row>
<mg:row>
<mg:ln file="1" number="33" class="U"><mg:sg class="U">@property<mg:s/></mg:sg><mg:sg class="U">(readonly)</mg:sg><mg:sg class="U"><mg:s/>NSNumber*</mg:sg><mg:sg class="U"><mg:s/>presentCo</mg:sg><mg:sg class="U">unt;<mg:lf/></mg:sg></mg:ln>
<mg:ln file="2" number="33" class="UU"><mg:sg class="UU">@property<mg:s/></mg:sg><mg:sg class="UU">(readonly)</mg:sg><mg:sg class="UU"><mg:s/>NSNumber*</mg:sg><mg:sg class="UU"><mg:s/>presentCo</mg:sg><mg:sg class="UU">unt;<mg:lf/></mg:sg></mg:ln>
<mg:ln file="3" number="33" class="U"><mg:sg class="U">@property<mg:s/></mg:sg><mg:sg class="U">(readonly)</mg:sg><mg:sg class="U"><mg:s/>NSNumber*</mg:sg><mg:sg class="U"><mg:s/>presentCo</mg:sg><mg:sg class="U">unt;<mg:lf/></mg:sg></mg:ln>
</mg:row>
<mg:row>
<mg:ln file="1" number="34" class="U"><mg:sg class="U">@property<mg:s/></mg:sg><mg:sg class="U">(readonly)</mg:sg><mg:sg class="U"><mg:s/>NSNumber*</mg:sg><mg:sg class="U"><mg:s/>blockedCo</mg:sg><mg:sg class="U">unt;<mg:lf/></mg:sg></mg:ln>
<mg:ln file="2" number="34" class="UU"><mg:sg class="UU">@property<mg:s/></mg:sg><mg:sg class="UU">(readonly)</mg:sg><mg:sg class="UU"><mg:s/>NSNumber*</mg:sg><mg:sg class="UU"><mg:s/>blockedCo</mg:sg><mg:sg class="UU">unt;<mg:lf/></mg:sg></mg:ln>
<mg:ln file="3" number="34" class="U"><mg:sg class="U">@property<mg:s/></mg:sg><mg:sg class="U">(readonly)</mg:sg><mg:sg class="U"><mg:s/>NSNumber*</mg:sg><mg:sg class="U"><mg:s/>blockedCo</mg:sg><mg:sg class="U">unt;<mg:lf/></mg:sg></mg:ln>
</mg:row>
<mg:row>
<mg:ln file="1" number="35" class="U"><mg:sg class="U">@property<mg:s/></mg:sg><mg:sg class="U">(readonly)</mg:sg><mg:sg class="U"><mg:s/>NSNumber*</mg:sg><mg:sg class="U"><mg:s/>pendingCo</mg:sg><mg:sg class="U">unt;<mg:lf/></mg:sg></mg:ln>
<mg:ln file="2" number="35" class="UU"><mg:sg class="UU">@property<mg:s/></mg:sg><mg:sg class="UU">(readonly)</mg:sg><mg:sg class="UU"><mg:s/>NSNumber*</mg:sg><mg:sg class="UU"><mg:s/>pendingCo</mg:sg><mg:sg class="UU">unt;<mg:lf/></mg:sg></mg:ln>
<mg:ln file="3" number="35" class="U"><mg:sg class="U">@property<mg:s/></mg:sg><mg:sg class="U">(readonly)</mg:sg><mg:sg class="U"><mg:s/>NSNumber*</mg:sg><mg:sg class="U"><mg:s/>pendingCo</mg:sg><mg:sg class="U">unt;<mg:lf/></mg:sg></mg:ln>
</mg:row>
<mg:row>
<mg:ln file="1" number="36" class="U"><mg:sg class="U">@property<mg:s/></mg:sg><mg:sg class="U">(readonly)</mg:sg><mg:sg class="U"><mg:s/>NSNumber*</mg:sg><mg:sg class="U"><mg:s/>missingCo</mg:sg><mg:sg class="U">unt;<mg:lf/></mg:sg></mg:ln>
<mg:ln file="2" number="36" class="UU"><mg:sg class="UU">@property<mg:s/></mg:sg><mg:sg class="UU">(readonly)</mg:sg><mg:sg class="UU"><mg:s/>NSNumber*</mg:sg><mg:sg class="UU"><mg:s/>missingCo</mg:sg><mg:sg class="UU">unt;<mg:lf/></mg:sg></mg:ln>
<mg:ln file="3" number="36" class="U"><mg:sg class="U">@property<mg:s/></mg:sg><mg:sg class="U">(readonly)</mg:sg><mg:sg class="U"><mg:s/>NSNumber*</mg:sg><mg:sg class="U"><mg:s/>missingCo</mg:sg><mg:sg class="U">unt;<mg:lf/></mg:sg></mg:ln>
</mg:row>
<mg:row>
<mg:ln file="1" number="37" class="U"><mg:sg class="U">@property<mg:s/></mg:sg><mg:sg class="U">(readonly)</mg:sg><mg:sg class="U"><mg:s/>NSNumber*</mg:sg><mg:sg class="U"><mg:s/>changedCo</mg:sg><mg:sg class="U">unt;<mg:lf/></mg:sg></mg:ln>
<mg:ln file="2" number="37" class="UU"><mg:sg class="UU">@property<mg:s/></mg:sg><mg:sg class="UU">(readonly)</mg:sg><mg:sg class="UU"><mg:s/>NSNumber*</mg:sg><mg:sg class="UU"><mg:s/>changedCo</mg:sg><mg:sg class="UU">unt;<mg:lf/></mg:sg></mg:ln>
<mg:ln file="3" number="37" class="U"><mg:sg class="U">@property<mg:s/></mg:sg><mg:sg class="U">(readonly)</mg:sg><mg:sg class="U"><mg:s/>NSNumber*</mg:sg><mg:sg class="U"><mg:s/>changedCo</mg:sg><mg:sg class="U">unt;<mg:lf/></mg:sg></mg:ln>
</mg:row>
</mg:rowGroup>
<mg:rowGroup>
<mg:row>
<mg:ln file="2" number="38" class="II"><mg:sg class="II">@property<mg:s/></mg:sg><mg:sg class="II">(readwrite</mg:sg><mg:sg class="II">)<mg:s/>NSNumber</mg:sg><mg:sg class="II">*<mg:s/>locked;<mg:lf/></mg:sg></mg:ln>
</mg:row>
</mg:rowGroup>
<mg:rowGroup>
<mg:row>
<mg:ln file="1" number="38" class="U"><mg:sg class="U"><mg:lf/></mg:sg></mg:ln>
<mg:ln file="2" number="39" class="UU"><mg:sg class="UU"><mg:lf/></mg:sg></mg:ln>
<mg:ln file="3" number="38" class="U"><mg:sg class="U"><mg:lf/></mg:sg></mg:ln>
</mg:row>
<mg:row>
<mg:ln file="1" number="39" class="U"><mg:sg class="U">@property<mg:s/></mg:sg><mg:sg class="U">(readwrite</mg:sg><mg:sg class="U">)<mg:s/>NSNumber</mg:sg><mg:sg class="U">*<mg:s/>filterOu</mg:sg><mg:sg class="U">t;<mg:lf/></mg:sg></mg:ln>
<mg:ln file="2" number="40" class="UU"><mg:sg class="UU">@property<mg:s/></mg:sg><mg:sg class="UU">(readwrite</mg:sg><mg:sg class="UU">)<mg:s/>NSNumber</mg:sg><mg:sg class="UU">*<mg:s/>filterOu</mg:sg><mg:sg class="UU">t;<mg:lf/></mg:sg></mg:ln>
<mg:ln file="3" number="39" class="U"><mg:sg class="U">@property<mg:s/></mg:sg><mg:sg class="U">(readwrite</mg:sg><mg:sg class="U">)<mg:s/>NSNumber</mg:sg><mg:sg class="U">*<mg:s/>filterOu</mg:sg><mg:sg class="U">t;<mg:lf/></mg:sg></mg:ln>
</mg:row>
<mg:row>
<mg:ln file="1" number="40" class="U"><mg:sg class="U"><mg:lf/></mg:sg></mg:ln>
<mg:ln file="2" number="41" class="UU"><mg:sg class="UU"><mg:lf/></mg:sg></mg:ln>
<mg:ln file="3" number="40" class="U"><mg:sg class="U"><mg:lf/></mg:sg></mg:ln>
</mg:row>
<mg:row>
<mg:ln file="1" number="41" class="U"><mg:sg class="U">//<mg:s/>For<mg:s/>NST</mg:sg><mg:sg class="U">reeViewCon</mg:sg><mg:sg class="U">trollers<mg:lf/></mg:sg></mg:ln>
<mg:ln file="2" number="42" class="UU"><mg:sg class="UU">//<mg:s/>For<mg:s/>NST</mg:sg><mg:sg class="UU">reeViewCon</mg:sg><mg:sg class="UU">trollers<mg:lf/></mg:sg></mg:ln>
<mg:ln file="3" number="41" class="U"><mg:sg class="U">//<mg:s/>For<mg:s/>NST</mg:sg><mg:sg class="U">reeViewCon</mg:sg><mg:sg class="U">trollers<mg:lf/></mg:sg></mg:ln>
</mg:row>
<mg:row>
<mg:ln file="1" number="42" class="U"><mg:sg class="U">@property<mg:s/></mg:sg><mg:sg class="U">(readonly)</mg:sg><mg:sg class="U"><mg:s/>BOOL<mg:s/>isLe</mg:sg><mg:sg class="U">af;<mg:lf/></mg:sg></mg:ln>
<mg:ln file="2" number="43" class="UU"><mg:sg class="UU">@property<mg:s/></mg:sg><mg:sg class="UU">(readonly)</mg:sg><mg:sg class="UU"><mg:s/>BOOL<mg:s/>isLe</mg:sg><mg:sg class="UU">af;<mg:lf/></mg:sg></mg:ln>
<mg:ln file="3" number="42" class="U"><mg:sg class="U">@property<mg:s/></mg:sg><mg:sg class="U">(readonly)</mg:sg><mg:sg class="U"><mg:s/>BOOL<mg:s/>isLe</mg:sg><mg:sg class="U">af;<mg:lf/></mg:sg></mg:ln>
</mg:row>
<mg:row>
<mg:ln file="1" number="43" class="U"><mg:sg class="U"><mg:lf/></mg:sg></mg:ln>
<mg:ln file="2" number="44" class="UU"><mg:sg class="UU"><mg:lf/></mg:sg></mg:ln>
<mg:ln file="3" number="43" class="U"><mg:sg class="U"><mg:lf/></mg:sg></mg:ln>
</mg:row>
</mg:rowGroup>
<mg:rowGroup>
<mg:row>
<mg:ln file="1" number="44" class="C"><mg:sg class="U">-<mg:s/>(id)init</mg:sg><mg:sg class="U">WithCode:(</mg:sg><mg:sg class="U">NSString*)</mg:sg><mg:sg class="U">code<mg:s/>name:</mg:sg><mg:sg class="U">(NSString*</mg:sg><mg:sg class="U">)name<mg:s/>file</mg:sg><mg:sg class="U">name:(NSSt</mg:sg><mg:sg class="U">ring*)file</mg:sg><mg:sg class="U">name<mg:s/>loc</mg:sg><mg:sg class="I"></mg:sg><mg:sg class="U">ale:(NSLoc</mg:sg><mg:sg class="U">ale*)local</mg:sg><mg:sg class="U">e<mg:s/>localize</mg:sg><mg:sg class="U">dName:(NSS</mg:sg><mg:sg class="U">tring*)loc</mg:sg><mg:sg class="U">alizedName</mg:sg><mg:sg class="U"><mg:s/>index:(NS</mg:sg><mg:sg class="U">UInteger)i</mg:sg><mg:sg class="U">ndex;</mg:sg><mg:sg class="U"><mg:lf/></mg:sg></mg:ln>
<mg:ln file="2" number="45" class="CC"><mg:sg class="UU">-<mg:s/>(id)init</mg:sg><mg:sg class="UU">WithCode:(</mg:sg><mg:sg class="UU">NSString*)</mg:sg><mg:sg class="UU">code<mg:s/>name:</mg:sg><mg:sg class="UU">(NSString*</mg:sg><mg:sg class="UU">)name<mg:s/>file</mg:sg><mg:sg class="UU">name:(NSSt</mg:sg><mg:sg class="UU">ring*)file</mg:sg><mg:sg class="UU">name<mg:s/>loc</mg:sg><mg:sg class="II">ked:(NSNum</mg:sg><mg:sg class="II">ber*)locke</mg:sg><mg:sg class="II">d<mg:s/>loc</mg:sg><mg:sg class="UU">ale:(NSLoc</mg:sg><mg:sg class="UU">ale*)local</mg:sg><mg:sg class="UU">e<mg:s/>localize</mg:sg><mg:sg class="UU">dName:(NSS</mg:sg><mg:sg class="UU">tring*)loc</mg:sg><mg:sg class="UU">alizedName</mg:sg><mg:sg class="UU"><mg:s/>index:(NS</mg:sg><mg:sg class="UU">UInteger)i</mg:sg><mg:sg class="UU">ndex;</mg:sg><mg:sg class="UU"><mg:lf/></mg:sg></mg:ln>
<mg:ln file="3" number="44" class="C"><mg:sg class="U">-<mg:s/>(id)init</mg:sg><mg:sg class="U">WithCode:(</mg:sg><mg:sg class="U">NSString*)</mg:sg><mg:sg class="U">code<mg:s/>name:</mg:sg><mg:sg class="U">(NSString*</mg:sg><mg:sg class="U">)name<mg:s/>file</mg:sg><mg:sg class="U">name:(NSSt</mg:sg><mg:sg class="U">ring*)file</mg:sg><mg:sg class="U">name<mg:s/>loc</mg:sg><mg:sg class="I"></mg:sg><mg:sg class="U">ale:(NSLoc</mg:sg><mg:sg class="U">ale*)local</mg:sg><mg:sg class="U">e<mg:s/>localize</mg:sg><mg:sg class="U">dName:(NSS</mg:sg><mg:sg class="U">tring*)loc</mg:sg><mg:sg class="U">alizedName</mg:sg><mg:sg class="U"><mg:s/>index:(NS</mg:sg><mg:sg class="U">UInteger)i</mg:sg><mg:sg class="U">ndex;</mg:sg><mg:sg class="U"><mg:lf/></mg:sg></mg:ln>
</mg:row>
</mg:rowGroup>
<mg:rowGroup>
<mg:row>
<mg:ln file="1" number="45" class="U"><mg:sg class="U"><mg:lf/></mg:sg></mg:ln>
<mg:ln file="2" number="46" class="UU"><mg:sg class="UU"><mg:lf/></mg:sg></mg:ln>
<mg:ln file="3" number="45" class="U"><mg:sg class="U"><mg:lf/></mg:sg></mg:ln>
</mg:row>
<mg:row>
<mg:ln file="1" number="46" class="U"><mg:sg class="U">-<mg:s/>(void)ad</mg:sg><mg:sg class="U">dLocalized</mg:sg><mg:sg class="U">String:(Lo</mg:sg><mg:sg class="U">calizedStr</mg:sg><mg:sg class="U">ing*)local</mg:sg><mg:sg class="U">izedString</mg:sg><mg:sg class="U"><mg:s/>forKey:(N</mg:sg><mg:sg class="U">SString*)k</mg:sg><mg:sg class="U">ey;<mg:lf/></mg:sg></mg:ln>
<mg:ln file="2" number="47" class="UU"><mg:sg class="UU">-<mg:s/>(void)ad</mg:sg><mg:sg class="UU">dLocalized</mg:sg><mg:sg class="UU">String:(Lo</mg:sg><mg:sg class="UU">calizedStr</mg:sg><mg:sg class="UU">ing*)local</mg:sg><mg:sg class="UU">izedString</mg:sg><mg:sg class="UU"><mg:s/>forKey:(N</mg:sg><mg:sg class="UU">SString*)k</mg:sg><mg:sg class="UU">ey;<mg:lf/></mg:sg></mg:ln>
<mg:ln file="3" number="46" class="U"><mg:sg class="U">-<mg:s/>(void)ad</mg:sg><mg:sg class="U">dLocalized</mg:sg><mg:sg class="U">String:(Lo</mg:sg><mg:sg class="U">calizedStr</mg:sg><mg:sg class="U">ing*)local</mg:sg><mg:sg class="U">izedString</mg:sg><mg:sg class="U"><mg:s/>forKey:(N</mg:sg><mg:sg class="U">SString*)k</mg:sg><mg:sg class="U">ey;<mg:lf/></mg:sg></mg:ln>
</mg:row>
<mg:row>
<mg:ln file="1" number="47" class="U"><mg:sg class="U">-<mg:s/>(void)re</mg:sg><mg:sg class="U">moveLocali</mg:sg><mg:sg class="U">zedString:</mg:sg><mg:sg class="U">(Localized</mg:sg><mg:sg class="U">String*)lo</mg:sg><mg:sg class="U">calizedStr</mg:sg><mg:sg class="U">ing<mg:s/>forKey</mg:sg><mg:sg class="U">:(NSString</mg:sg><mg:sg class="U">*)key;<mg:lf/></mg:sg></mg:ln>
<mg:ln file="2" number="48" class="UU"><mg:sg class="UU">-<mg:s/>(void)re</mg:sg><mg:sg class="UU">moveLocali</mg:sg><mg:sg class="UU">zedString:</mg:sg><mg:sg class="UU">(Localized</mg:sg><mg:sg class="UU">String*)lo</mg:sg><mg:sg class="UU">calizedStr</mg:sg><mg:sg class="UU">ing<mg:s/>forKey</mg:sg><mg:sg class="UU">:(NSString</mg:sg><mg:sg class="UU">*)key;<mg:lf/></mg:sg></mg:ln>
<mg:ln file="3" number="47" class="U"><mg:sg class="U">-<mg:s/>(void)re</mg:sg><mg:sg class="U">moveLocali</mg:sg><mg:sg class="U">zedString:</mg:sg><mg:sg class="U">(Localized</mg:sg><mg:sg class="U">String*)lo</mg:sg><mg:sg class="U">calizedStr</mg:sg><mg:sg class="U">ing<mg:s/>forKey</mg:sg><mg:sg class="U">:(NSString</mg:sg><mg:sg class="U">*)key;<mg:lf/></mg:sg></mg:ln>
</mg:row>
<mg:row>
<mg:ln file="1" number="48" class="U"><mg:sg class="U"><mg:lf/></mg:sg></mg:ln>
<mg:ln file="2" number="49" class="UU"><mg:sg class="UU"><mg:lf/></mg:sg></mg:ln>
<mg:ln file="3" number="48" class="U"><mg:sg class="U"><mg:lf/></mg:sg></mg:ln>
</mg:row>
<mg:row>
<mg:ln file="1" number="49" class="U"><mg:sg class="U">-<mg:s/>(void)ch</mg:sg><mg:sg class="U">angesWereS</mg:sg><mg:sg class="U">aved;<mg:lf/></mg:sg></mg:ln>
<mg:ln file="2" number="50" class="UU"><mg:sg class="UU">-<mg:s/>(void)ch</mg:sg><mg:sg class="UU">angesWereS</mg:sg><mg:sg class="UU">aved;<mg:lf/></mg:sg></mg:ln>
<mg:ln file="3" number="49" class="U"><mg:sg class="U">-<mg:s/>(void)ch</mg:sg><mg:sg class="U">angesWereS</mg:sg><mg:sg class="U">aved;<mg:lf/></mg:sg></mg:ln>
</mg:row>
<mg:row>
<mg:ln file="1" number="50" class="U"><mg:sg class="U"><mg:lf/></mg:sg></mg:ln>
<mg:ln file="2" number="51" class="UU"><mg:sg class="UU"><mg:lf/></mg:sg></mg:ln>
<mg:ln file="3" number="50" class="U"><mg:sg class="U"><mg:lf/></mg:sg></mg:ln>
</mg:row>
<mg:row>
<mg:ln file="1" number="51" class="U"><mg:sg class="U">@end<mg:lf/></mg:sg></mg:ln>
<mg:ln file="2" number="52" class="UU"><mg:sg class="UU">@end<mg:lf/></mg:sg></mg:ln>
<mg:ln file="3" number="51" class="U"><mg:sg class="U">@end<mg:lf/></mg:sg></mg:ln>
</mg:row>
</mg:rowGroup>
</mg:rowData>
</mg:report>
